Application,ProcessID,SwapChainAddress,Runtime,SyncInterval,PresentFlags,AllowsTearing,PresentMode,Dropped,TimeInSeconds,msInPresentAPI,msBetweenPresents,msUntilRenderComplete,msUntilDisplayed,msBetweenDisplayChange
GTAIV.exe,1234,0x0,DXGI,0,0,0,Hardware: Legacy Flip,0,0.017826,0.5,17.826,1.0,1.5,17.826
GTAIV.exe,1234,0x0,DXGI,0,0,0,Hardware: Legacy Flip,0,0.034245,0.5,16.419,1.0,1.5,16.419
GTAIV.exe,1234,0x0,DXGI,0,0,0,Hardware: Legacy Flip,0,0.053328,0.5,19.083,1.0,1.5,19.083
GTAIV.exe,1234,0x0,DXGI,0,0,0,Hardware: Legacy Flip,0,0.070109,0.5,16.781,1.0,1.5,16.781
GTAIV.exe,1234,0x0,DXGI,0,0,0,Hardware: Legacy Flip,0,0.088124,0.5,18.015,1.0,1.5,18.015
GTAIV.exe,1234,0x0,DXGI,0,0,0,Hardware: Legacy Flip,0,0.104250,0.5,16.125,1.0,1.5,16.125
GTAIV.exe,1234,0x0,DXGI,0,0,0,Hardware: Legacy Flip,0,0.120698,0.5,16.449,1.0,1.5,16.449
GTAIV.exe,1234,0x0,DXGI,0,0,0,Hardware: Legacy Flip,0,0.136959,0.5,16.261,1.0,1.5,16.261
GTAIV.exe,1234,0x0,DXGI,0,0,0,Hardware: Legacy Flip,0,0.153710,0.5,16.750,1.0,1.5,16.750
GTAIV.exe,1234,0x0,DXGI,0,0,0,Hardware: Legacy Flip,0,0.169572,0.5,15.862,1.0,1.5,15.862
GTAIV.exe,1234,0x0,DXGI,0,0,0,Hardware: Legacy Flip,0,0.188142,0.5,18.570,1.0,1.5,18.570
GTAIV.exe,1234,0x0,DXGI,0,0,0,Hardware: Legacy Flip,0,0.205182,0.5,17.040,1.0,1.5,17.040
GTAIV.exe,1234,0x0,DXGI,0,0,0,Hardware: Legacy Flip,0,0.220976,0.5,15.794,1.0,1.5,15.794
GTAIV.exe,1234,0x0,DXGI,0,0,0,Hardware: Legacy Flip,0,0.238908,0.5,17.932,1.0,1.5,17.932
GTAIV.exe,1234,0x0,DXGI,0,0,0,Hardware: Legacy Flip,0,0.255109,0.5,16.201,1.0,1.5,16.201
GTAIV.exe,1234,0x0,DXGI,0,0,0,Hardware: Legacy Flip,0,0.271361,0.5,16.252,1.0,1.5,16.252
GTAIV.exe,1234,0x0,DXGI,0,0,0,Hardware: Legacy Flip,0,0.288249,0.5,16.888,1.0,1.5,16.888
GTAIV.exe,1234,0x0,DXGI,0,0,0,Hardware: Legacy Flip,0,0.305410,0.5,17.162,1.0,1.5,17.162
GTAIV.exe,1234,0x0,DXGI,0,0,0,Hardware: Legacy Flip,0,0.323342,0.5,17.932,1.0,1.5,17.932
GTAIV.exe,1234,0x0,DXGI,0,0,0,Hardware: Legacy Flip,0,0.340125,0.5,16.783,1.0,1.5,16.783
GTAIV.exe,1234,0x0,DXGI,0,0,0,Hardware: Legacy Flip,0,0.357184,0.5,17.059,1.0,1.5,17.059
GTAIV.exe,1234,0x0,DXGI,0,0,0,Hardware: Legacy Flip,0,0.373763,0.5,16.579,1.0,1.5,16.579
GTAIV.exe,1234,0x0,DXGI,0,0,0,Hardware: Legacy Flip,0,0.389238,0.5,15.476,1.0,1.5,15.476
GTAIV.exe,1234,0x0,DXGI,0,0,0,Hardware: Legacy Flip,0,0.405590,0.5,16.352,1.0,1.5,16.352
GTAIV.exe,1234,0x0,DXGI,0,0,0,Hardware: Legacy Flip,0,0.421876,0.5,16.285,1.0,1.5,16.285
GTAIV.exe,1234,0x0,DXGI,0,0,0,Hardware: Legacy Flip,0,0.438260,0.5,16.384,1.0,1.5,16.384
GTAIV.exe,1234,0x0,DXGI,0,0,0,Hardware: Legacy Flip,0,0.454160,0.5,15.900,1.0,1.5,15.900
GTAIV.exe,1234,0x0,DXGI,0,0,0,Hardware: Legacy Flip,0,0.470411,0.5,16.251,1.0,1.5,16.251
GTAIV.exe,1234,0x0,DXGI,0,0,0,Hardware: Legacy Flip,0,0.485594,0.5,15.183,1.0,1.5,15.183
GTAIV.exe,1234,0x0,DXGI,0,0,0,Hardware: Legacy Flip,0,0.501711,0.5,16.117,1.0,1.5,16.117
GTAIV.exe,1234,0x0,DXGI,0,0,0,Hardware: Legacy Flip,0,0.517355,0.5,15.643,1.0,1.5,15.643
GTAIV.exe,1234,0x0,DXGI,0,0,0,Hardware: Legacy Flip,0,0.534144,0.5,16.789,1.0,1.5,16.789
GTAIV.exe,1234,0x0,DXGI,0,0,0,Hardware: Legacy Flip,0,0.550824,0.5,16.680,1.0,1.5,16.680
GTAIV.exe,1234,0x0,DXGI,0,0,0,Hardware: Legacy Flip,0,0.570052,0.5,19.228,1.0,1.5,19.228
GTAIV.exe,1234,0x0,DXGI,0,0,0,Hardware: Legacy Flip,0,0.585424,0.5,15.372,1.0,1.5,15.372
GTAIV.exe,1234,0x0,DXGI,0,0,0,Hardware: Legacy Flip,0,0.602481,0.5,17.057,1.0,1.5,17.057
GTAIV.exe,1234,0x0,DXGI,0,0,0,Hardware: Legacy Flip,0,0.620449,0.5,17.967,1.0,1.5,17.967
GTAIV.exe,1234,0x0,DXGI,0,0,0,Hardware: Legacy Flip,0,0.637274,0.5,16.825,1.0,1.5,16.825
GTAIV.exe,1234,0x0,DXGI,0,0,0,Hardware: Legacy Flip,0,0.654553,0.5,17.279,1.0,1.5,17.279
GTAIV.exe,1234,0x0,DXGI,0,0,0,Hardware: Legacy Flip,0,0.671242,0.5,16.689,1.0,1.5,16.689
GTAIV.exe,1234,0x0,DXGI,0,0,0,Hardware: Legacy Flip,0,0.686853,0.5,15.611,1.0,1.5,15.611
GTAIV.exe,1234,0x0,DXGI,0,0,0,Hardware: Legacy Flip,0,0.703702,0.5,16.849,1.0,1.5,16.849
GTAIV.exe,1234,0x0,DXGI,0,0,0,Hardware: Legacy Flip,0,0.721748,0.5,18.047,1.0,1.5,18.047
GTAIV.exe,1234,0x0,DXGI,0,0,0,Hardware: Legacy Flip,0,0.738904,0.5,17.155,1.0,1.5,17.155
GTAIV.exe,1234,0x0,DXGI,0,0,0,Hardware: Legacy Flip,0,0.756293,0.5,17.389,1.0,1.5,17.389
GTAIV.exe,1234,0x0,DXGI,0,0,0,Hardware: Legacy Flip,0,0.774164,0.5,17.871,1.0,1.5,17.871
GTAIV.exe,1234,0x0,DXGI,0,0,0,Hardware: Legacy Flip,0,0.792427,0.5,18.263,1.0,1.5,18.263
GTAIV.exe,1234,0x0,DXGI,0,0,0,Hardware: Legacy Flip,0,0.811132,0.5,18.705,1.0,1.5,18.705
GTAIV.exe,1234,0x0,DXGI,0,0,0,Hardware: Legacy Flip,0,0.828161,0.5,17.029,1.0,1.5,17.029
GTAIV.exe,1234,0x0,DXGI,0,0,0,Hardware: Legacy Flip,0,0.842093,0.5,13.932,1.0,1.5,13.932
GTAIV.exe,1234,0x0,DXGI,0,0,0,Hardware: Legacy Flip,0,0.859352,0.5,17.260,1.0,1.5,17.260
GTAIV.exe,1234,0x0,DXGI,0,0,0,Hardware: Legacy Flip,0,0.876747,0.5,17.395,1.0,1.5,17.395
GTAIV.exe,1234,0x0,DXGI,0,0,0,Hardware: Legacy Flip,0,0.894272,0.5,17.525,1.0,1.5,17.525
GTAIV.exe,1234,0x0,DXGI,0,0,0,Hardware: Legacy Flip,0,0.911157,0.5,16.885,1.0,1.5,16.885
GTAIV.exe,1234,0x0,DXGI,0,0,0,Hardware: Legacy Flip,0,0.928063,0.5,16.906,1.0,1.5,16.906
GTAIV.exe,1234,0x0,DXGI,0,0,0,Hardware: Legacy Flip,0,0.944085,0.5,16.022,1.0,1.5,16.022
GTAIV.exe,1234,0x0,DXGI,0,0,0,Hardware: Legacy Flip,0,0.962296,0.5,18.211,1.0,1.5,18.211
GTAIV.exe,1234,0x0,DXGI,0,0,0,Hardware: Legacy Flip,0,0.981222,0.5,18.926,1.0,1.5,18.926
GTAIV.exe,1234,0x0,DXGI,0,0,0,Hardware: Legacy Flip,0,0.999065,0.5,17.843,1.0,1.5,17.843
GTAIV.exe,1234,0x0,DXGI,0,0,0,Hardware: Legacy Flip,0,1.017452,0.5,18.387,1.0,1.5,18.387
GTAIV.exe,1234,0x0,DXGI,0,0,0,Hardware: Legacy Flip,0,1.035170,0.5,17.717,1.0,1.5,17.717
GTAIV.exe,1234,0x0,DXGI,0,0,0,Hardware: Legacy Flip,0,1.052113,0.5,16.944,1.0,1.5,16.944
GTAIV.exe,1234,0x0,DXGI,0,0,0,Hardware: Legacy Flip,0,1.068191,0.5,16.078,1.0,1.5,16.078
GTAIV.exe,1234,0x0,DXGI,0,0,0,Hardware: Legacy Flip,0,1.085673,0.5,17.482,1.0,1.5,17.482
GTAIV.exe,1234,0x0,DXGI,0,0,0,Hardware: Legacy Flip,0,1.102847,0.5,17.174,1.0,1.5,17.174
GTAIV.exe,1234,0x0,DXGI,0,0,0,Hardware: Legacy Flip,0,1.118370,0.5,15.524,1.0,1.5,15.524
GTAIV.exe,1234,0x0,DXGI,0,0,0,Hardware: Legacy Flip,0,1.135292,0.5,16.921,1.0,1.5,16.921
GTAIV.exe,1234,0x0,DXGI,0,0,0,Hardware: Legacy Flip,0,1.150744,0.5,15.452,1.0,1.5,15.452
GTAIV.exe,1234,0x0,DXGI,0,0,0,Hardware: Legacy Flip,0,1.168343,0.5,17.600,1.0,1.5,17.600
GTAIV.exe,1234,0x0,DXGI,0,0,0,Hardware: Legacy Flip,0,1.182938,0.5,14.595,1.0,1.5,14.595
GTAIV.exe,1234,0x0,DXGI,0,0,0,Hardware: Legacy Flip,0,1.197824,0.5,14.886,1.0,1.5,14.886
GTAIV.exe,1234,0x0,DXGI,0,0,0,Hardware: Legacy Flip,0,1.215201,0.5,17.377,1.0,1.5,17.377
GTAIV.exe,1234,0x0,DXGI,0,0,0,Hardware: Legacy Flip,0,1.232232,0.5,17.031,1.0,1.5,17.031
GTAIV.exe,1234,0x0,DXGI,0,0,0,Hardware: Legacy Flip,0,1.248053,0.5,15.821,1.0,1.5,15.821
GTAIV.exe,1234,0x0,DXGI,0,0,0,Hardware: Legacy Flip,0,1.265222,0.5,17.169,1.0,1.5,17.169
GTAIV.exe,1234,0x0,DXGI,0,0,0,Hardware: Legacy Flip,0,1.282383,0.5,17.162,1.0,1.5,17.162
GTAIV.exe,1234,0x0,DXGI,0,0,0,Hardware: Legacy Flip,0,1.298539,0.5,16.156,1.0,1.5,16.156
GTAIV.exe,1234,0x0,DXGI,0,0,0,Hardware: Legacy Flip,0,1.315423,0.5,16.884,1.0,1.5,16.884
GTAIV.exe,1234,0x0,DXGI,0,0,0,Hardware: Legacy Flip,0,1.330057,0.5,14.634,1.0,1.5,14.634
GTAIV.exe,1234,0x0,DXGI,0,0,0,Hardware: Legacy Flip,0,1.346338,0.5,16.282,1.0,1.5,16.282
GTAIV.exe,1234,0x0,DXGI,0,0,0,Hardware: Legacy Flip,0,1.360984,0.5,14.646,1.0,1.5,14.646
GTAIV.exe,1234,0x0,DXGI,0,0,0,Hardware: Legacy Flip,0,1.377839,0.5,16.855,1.0,1.5,16.855
GTAIV.exe,1234,0x0,DXGI,0,0,0,Hardware: Legacy Flip,0,1.393632,0.5,15.793,1.0,1.5,15.793
GTAIV.exe,1234,0x0,DXGI,0,0,0,Hardware: Legacy Flip,0,1.408989,0.5,15.357,1.0,1.5,15.357
GTAIV.exe,1234,0x0,DXGI,0,0,0,Hardware: Legacy Flip,0,1.424690,0.5,15.701,1.0,1.5,15.701
GTAIV.exe,1234,0x0,DXGI,0,0,0,Hardware: Legacy Flip,0,1.442771,0.5,18.082,1.0,1.5,18.082
GTAIV.exe,1234,0x0,DXGI,0,0,0,Hardware: Legacy Flip,0,1.459674,0.5,16.903,1.0,1.5,16.903
GTAIV.exe,1234,0x0,DXGI,0,0,0,Hardware: Legacy Flip,0,1.475743,0.5,16.068,1.0,1.5,16.068
GTAIV.exe,1234,0x0,DXGI,0,0,0,Hardware: Legacy Flip,0,1.493139,0.5,17.396,1.0,1.5,17.396
GTAIV.exe,1234,0x0,DXGI,0,0,0,Hardware: Legacy Flip,0,1.509330,0.5,16.190,1.0,1.5,16.190
GTAIV.exe,1234,0x0,DXGI,0,0,0,Hardware: Legacy Flip,0,1.527183,0.5,17.853,1.0,1.5,17.853
GTAIV.exe,1234,0x0,DXGI,0,0,0,Hardware: Legacy Flip,0,1.545591,0.5,18.409,1.0,1.5,18.409
GTAIV.exe,1234,0x0,DXGI,0,0,0,Hardware: Legacy Flip,0,1.561894,0.5,16.302,1.0,1.5,16.302
GTAIV.exe,1234,0x0,DXGI,0,0,0,Hardware: Legacy Flip,0,1.576641,0.5,14.747,1.0,1.5,14.747
GTAIV.exe,1234,0x0,DXGI,0,0,0,Hardware: Legacy Flip,0,1.592909,0.5,16.269,1.0,1.5,16.269
GTAIV.exe,1234,0x0,DXGI,0,0,0,Hardware: Legacy Flip,0,1.609714,0.5,16.805,1.0,1.5,16.805
GTAIV.exe,1234,0x0,DXGI,0,0,0,Hardware: Legacy Flip,0,1.626109,0.5,16.394,1.0,1.5,16.394
GTAIV.exe,1234,0x0,DXGI,0,0,0,Hardware: Legacy Flip,0,1.642986,0.5,16.877,1.0,1.5,16.877
GTAIV.exe,1234,0x0,DXGI,0,0,0,Hardware: Legacy Flip,0,1.659584,0.5,16.598,1.0,1.5,16.598
GTAIV.exe,1234,0x0,DXGI,0,0,0,Hardware: Legacy Flip,0,1.676549,0.5,16.965,1.0,1.5,16.965
GTAIV.exe,1234,0x0,DXGI,0,0,0,Hardware: Legacy Flip,0,1.692745,0.5,16.196,1.0,1.5,16.196
GTAIV.exe,1234,0x0,DXGI,0,0,0,Hardware: Legacy Flip,0,1.709391,0.5,16.647,1.0,1.5,16.647
GTAIV.exe,1234,0x0,DXGI,0,0,0,Hardware: Legacy Flip,0,1.727614,0.5,18.222,1.0,1.5,18.222
GTAIV.exe,1234,0x0,DXGI,0,0,0,Hardware: Legacy Flip,0,1.743582,0.5,15.968,1.0,1.5,15.968
GTAIV.exe,1234,0x0,DXGI,0,0,0,Hardware: Legacy Flip,0,1.759166,0.5,15.584,1.0,1.5,15.584
GTAIV.exe,1234,0x0,DXGI,0,0,0,Hardware: Legacy Flip,0,1.778251,0.5,19.085,1.0,1.5,19.085
GTAIV.exe,1234,0x0,DXGI,0,0,0,Hardware: Legacy Flip,0,1.795694,0.5,17.443,1.0,1.5,17.443
GTAIV.exe,1234,0x0,DXGI,0,0,0,Hardware: Legacy Flip,0,1.812704,0.5,17.010,1.0,1.5,17.010
GTAIV.exe,1234,0x0,DXGI,0,0,0,Hardware: Legacy Flip,0,1.830410,0.5,17.706,1.0,1.5,17.706
GTAIV.exe,1234,0x0,DXGI,0,0,0,Hardware: Legacy Flip,0,1.847590,0.5,17.180,1.0,1.5,17.180
GTAIV.exe,1234,0x0,DXGI,0,0,0,Hardware: Legacy Flip,0,1.864586,0.5,16.996,1.0,1.5,16.996
GTAIV.exe,1234,0x0,DXGI,0,0,0,Hardware: Legacy Flip,0,1.882308,0.5,17.722,1.0,1.5,17.722
GTAIV.exe,1234,0x0,DXGI,0,0,0,Hardware: Legacy Flip,0,1.898332,0.5,16.023,1.0,1.5,16.023
GTAIV.exe,1234,0x0,DXGI,0,0,0,Hardware: Legacy Flip,0,1.912792,0.5,14.460,1.0,1.5,14.460
GTAIV.exe,1234,0x0,DXGI,0,0,0,Hardware: Legacy Flip,0,1.927426,0.5,14.634,1.0,1.5,14.634
GTAIV.exe,1234,0x0,DXGI,0,0,0,Hardware: Legacy Flip,0,1.944086,0.5,16.660,1.0,1.5,16.660
GTAIV.exe,1234,0x0,DXGI,0,0,0,Hardware: Legacy Flip,0,1.959352,0.5,15.266,1.0,1.5,15.266
GTAIV.exe,1234,0x0,DXGI,0,0,0,Hardware: Legacy Flip,0,1.977685,0.5,18.332,1.0,1.5,18.332
GTAIV.exe,1234,0x0,DXGI,0,0,0,Hardware: Legacy Flip,0,1.992647,0.5,14.962,1.0,1.5,14.962
GTAIV.exe,1234,0x0,DXGI,0,0,0,Hardware: Legacy Flip,0,2.009152,0.5,16.505,1.0,1.5,16.505
GTAIV.exe,1234,0x0,DXGI,0,0,0,Hardware: Legacy Flip,0,2.026483,0.5,17.331,1.0,1.5,17.331
GTAIV.exe,1234,0x0,DXGI,0,0,0,Hardware: Legacy Flip,0,2.044447,0.5,17.964,1.0,1.5,17.964
GTAIV.exe,1234,0x0,DXGI,0,0,0,Hardware: Legacy Flip,0,2.060470,0.5,16.023,1.0,1.5,16.023
GTAIV.exe,1234,0x0,DXGI,0,0,0,Hardware: Legacy Flip,0,2.079045,0.5,18.575,1.0,1.5,18.575
GTAIV.exe,1234,0x0,DXGI,0,0,0,Hardware: Legacy Flip,0,2.094447,0.5,15.402,1.0,1.5,15.402
GTAIV.exe,1234,0x0,DXGI,0,0,0,Hardware: Legacy Flip,0,2.110837,0.5,16.390,1.0,1.5,16.390
GTAIV.exe,1234,0x0,DXGI,0,0,0,Hardware: Legacy Flip,0,2.127706,0.5,16.869,1.0,1.5,16.869
GTAIV.exe,1234,0x0,DXGI,0,0,0,Hardware: Legacy Flip,0,2.143000,0.5,15.293,1.0,1.5,15.293
GTAIV.exe,1234,0x0,DXGI,0,0,0,Hardware: Legacy Flip,0,2.159373,0.5,16.374,1.0,1.5,16.374
GTAIV.exe,1234,0x0,DXGI,0,0,0,Hardware: Legacy Flip,0,2.176544,0.5,17.171,1.0,1.5,17.171
GTAIV.exe,1234,0x0,DXGI,0,0,0,Hardware: Legacy Flip,0,2.191433,0.5,14.889,1.0,1.5,14.889
GTAIV.exe,1234,0x0,DXGI,0,0,0,Hardware: Legacy Flip,0,2.206334,0.5,14.900,1.0,1.5,14.900
GTAIV.exe,1234,0x0,DXGI,0,0,0,Hardware: Legacy Flip,0,2.223229,0.5,16.896,1.0,1.5,16.896
GTAIV.exe,1234,0x0,DXGI,0,0,0,Hardware: Legacy Flip,0,2.239546,0.5,16.317,1.0,1.5,16.317
GTAIV.exe,1234,0x0,DXGI,0,0,0,Hardware: Legacy Flip,0,2.256184,0.5,16.637,1.0,1.5,16.637
GTAIV.exe,1234,0x0,DXGI,0,0,0,Hardware: Legacy Flip,0,2.272908,0.5,16.724,1.0,1.5,16.724
GTAIV.exe,1234,0x0,DXGI,0,0,0,Hardware: Legacy Flip,0,2.288859,0.5,15.952,1.0,1.5,15.952
GTAIV.exe,1234,0x0,DXGI,0,0,0,Hardware: Legacy Flip,0,2.304130,0.5,15.270,1.0,1.5,15.270
GTAIV.exe,1234,0x0,DXGI,0,0,0,Hardware: Legacy Flip,0,2.320827,0.5,16.698,1.0,1.5,16.698
GTAIV.exe,1234,0x0,DXGI,0,0,0,Hardware: Legacy Flip,0,2.336872,0.5,16.044,1.0,1.5,16.044
GTAIV.exe,1234,0x0,DXGI,0,0,0,Hardware: Legacy Flip,0,2.353779,0.5,16.908,1.0,1.5,16.908
GTAIV.exe,1234,0x0,DXGI,0,0,0,Hardware: Legacy Flip,0,2.371592,0.5,17.813,1.0,1.5,17.813
GTAIV.exe,1234,0x0,DXGI,0,0,0,Hardware: Legacy Flip,0,2.388196,0.5,16.604,1.0,1.5,16.604
GTAIV.exe,1234,0x0,DXGI,0,0,0,Hardware: Legacy Flip,0,2.404116,0.5,15.920,1.0,1.5,15.920
GTAIV.exe,1234,0x0,DXGI,0,0,0,Hardware: Legacy Flip,0,2.421259,0.5,17.143,1.0,1.5,17.143
GTAIV.exe,1234,0x0,DXGI,0,0,0,Hardware: Legacy Flip,0,2.436959,0.5,15.700,1.0,1.5,15.700
GTAIV.exe,1234,0x0,DXGI,0,0,0,Hardware: Legacy Flip,0,2.455590,0.5,18.632,1.0,1.5,18.632
GTAIV.exe,1234,0x0,DXGI,0,0,0,Hardware: Legacy Flip,0,2.470274,0.5,14.684,1.0,1.5,14.684
GTAIV.exe,1234,0x0,DXGI,0,0,0,Hardware: Legacy Flip,0,2.484531,0.5,14.256,1.0,1.5,14.256
GTAIV.exe,1234,0x0,DXGI,0,0,0,Hardware: Legacy Flip,0,2.500619,0.5,16.088,1.0,1.5,16.088
GTAIV.exe,1234,0x0,DXGI,0,0,0,Hardware: Legacy Flip,0,2.515810,0.5,15.191,1.0,1.5,15.191
GTAIV.exe,1234,0x0,DXGI,0,0,0,Hardware: Legacy Flip,0,2.533263,0.5,17.454,1.0,1.5,17.454
GTAIV.exe,1234,0x0,DXGI,0,0,0,Hardware: Legacy Flip,0,2.551132,0.5,17.869,1.0,1.5,17.869
GTAIV.exe,1234,0x0,DXGI,0,0,0,Hardware: Legacy Flip,0,2.566075,0.5,14.943,1.0,1.5,14.943
GTAIV.exe,1234,0x0,DXGI,0,0,0,Hardware: Legacy Flip,0,2.583454,0.5,17.380,1.0,1.5,17.380
GTAIV.exe,1234,0x0,DXGI,0,0,0,Hardware: Legacy Flip,0,2.600592,0.5,17.137,1.0,1.5,17.137
GTAIV.exe,1234,0x0,DXGI,0,0,0,Hardware: Legacy Flip,0,2.615422,0.5,14.830,1.0,1.5,14.830
GTAIV.exe,1234,0x0,DXGI,0,0,0,Hardware: Legacy Flip,0,2.633250,0.5,17.828,1.0,1.5,17.828
GTAIV.exe,1234,0x0,DXGI,0,0,0,Hardware: Legacy Flip,0,2.649826,0.5,16.576,1.0,1.5,16.576
GTAIV.exe,1234,0x0,DXGI,0,0,0,Hardware: Legacy Flip,0,2.667026,0.5,17.200,1.0,1.5,17.200
GTAIV.exe,1234,0x0,DXGI,0,0,0,Hardware: Legacy Flip,0,2.683152,0.5,16.126,1.0,1.5,16.126
GTAIV.exe,1234,0x0,DXGI,0,0,0,Hardware: Legacy Flip,0,2.700357,0.5,17.205,1.0,1.5,17.205
GTAIV.exe,1234,0x0,DXGI,0,0,0,Hardware: Legacy Flip,0,2.716715,0.5,16.358,1.0,1.5,16.358
GTAIV.exe,1234,0x0,DXGI,0,0,0,Hardware: Legacy Flip,0,2.731951,0.5,15.236,1.0,1.5,15.236
GTAIV.exe,1234,0x0,DXGI,0,0,0,Hardware: Legacy Flip,0,2.750750,0.5,18.799,1.0,1.5,18.799
GTAIV.exe,1234,0x0,DXGI,0,0,0,Hardware: Legacy Flip,0,2.768146,0.5,17.397,1.0,1.5,17.397
GTAIV.exe,1234,0x0,DXGI,0,0,0,Hardware: Legacy Flip,0,2.783039,0.5,14.893,1.0,1.5,14.893
GTAIV.exe,1234,0x0,DXGI,0,0,0,Hardware: Legacy Flip,0,2.800401,0.5,17.362,1.0,1.5,17.362
GTAIV.exe,1234,0x0,DXGI,0,0,0,Hardware: Legacy Flip,0,2.817546,0.5,17.145,1.0,1.5,17.145
GTAIV.exe,1234,0x0,DXGI,0,0,0,Hardware: Legacy Flip,0,2.835026,0.5,17.480,1.0,1.5,17.480
GTAIV.exe,1234,0x0,DXGI,0,0,0,Hardware: Legacy Flip,0,2.852681,0.5,17.654,1.0,1.5,17.654
GTAIV.exe,1234,0x0,DXGI,0,0,0,Hardware: Legacy Flip,0,2.869838,0.5,17.157,1.0,1.5,17.157
GTAIV.exe,1234,0x0,DXGI,0,0,0,Hardware: Legacy Flip,0,2.885001,0.5,15.163,1.0,1.5,15.163
GTAIV.exe,1234,0x0,DXGI,0,0,0,Hardware: Legacy Flip,0,2.902388,0.5,17.387,1.0,1.5,17.387
GTAIV.exe,1234,0x0,DXGI,0,0,0,Hardware: Legacy Flip,0,2.917951,0.5,15.563,1.0,1.5,15.563
GTAIV.exe,1234,0x0,DXGI,0,0,0,Hardware: Legacy Flip,0,2.934760,0.5,16.809,1.0,1.5,16.809
GTAIV.exe,1234,0x0,DXGI,0,0,0,Hardware: Legacy Flip,0,2.950541,0.5,15.781,1.0,1.5,15.781
GTAIV.exe,1234,0x0,DXGI,0,0,0,Hardware: Legacy Flip,0,2.967331,0.5,16.790,1.0,1.5,16.790
GTAIV.exe,1234,0x0,DXGI,0,0,0,Hardware: Legacy Flip,0,2.982981,0.5,15.650,1.0,1.5,15.650
GTAIV.exe,1234,0x0,DXGI,0,0,0,Hardware: Legacy Flip,0,3.000737,0.5,17.756,1.0,1.5,17.756
GTAIV.exe,1234,0x0,DXGI,0,0,0,Hardware: Legacy Flip,0,3.017766,0.5,17.029,1.0,1.5,17.029
GTAIV.exe,1234,0x0,DXGI,0,0,0,Hardware: Legacy Flip,0,3.035713,0.5,17.947,1.0,1.5,17.947
GTAIV.exe,1234,0x0,DXGI,0,0,0,Hardware: Legacy Flip,0,3.053479,0.5,17.766,1.0,1.5,17.766
GTAIV.exe,1234,0x0,DXGI,0,0,0,Hardware: Legacy Flip,0,3.069626,0.5,16.146,1.0,1.5,16.146
GTAIV.exe,1234,0x0,DXGI,0,0,0,Hardware: Legacy Flip,0,3.085499,0.5,15.873,1.0,1.5,15.873
GTAIV.exe,1234,0x0,DXGI,0,0,0,Hardware: Legacy Flip,0,3.100759,0.5,15.259,1.0,1.5,15.259
GTAIV.exe,1234,0x0,DXGI,0,0,0,Hardware: Legacy Flip,0,3.117986,0.5,17.227,1.0,1.5,17.227
GTAIV.exe,1234,0x0,DXGI,0,0,0,Hardware: Legacy Flip,0,3.132975,0.5,14.989,1.0,1.5,14.989
GTAIV.exe,1234,0x0,DXGI,0,0,0,Hardware: Legacy Flip,0,3.149368,0.5,16.393,1.0,1.5,16.393
GTAIV.exe,1234,0x0,DXGI,0,0,0,Hardware: Legacy Flip,0,3.165599,0.5,16.231,1.0,1.5,16.231
GTAIV.exe,1234,0x0,DXGI,0,0,0,Hardware: Legacy Flip,0,3.180957,0.5,15.358,1.0,1.5,15.358
GTAIV.exe,1234,0x0,DXGI,0,0,0,Hardware: Legacy Flip,0,3.199077,0.5,18.120,1.0,1.5,18.120
GTAIV.exe,1234,0x0,DXGI,0,0,0,Hardware: Legacy Flip,0,3.271298,0.5,72.221,1.0,1.5,72.221
GTAIV.exe,1234,0x0,DXGI,0,0,0,Hardware: Legacy Flip,0,3.288206,0.5,16.907,1.0,1.5,16.907
GTAIV.exe,1234,0x0,DXGI,0,0,0,Hardware: Legacy Flip,0,3.306086,0.5,17.880,1.0,1.5,17.880
GTAIV.exe,1234,0x0,DXGI,0,0,0,Hardware: Legacy Flip,0,3.321932,0.5,15.846,1.0,1.5,15.846
GTAIV.exe,1234,0x0,DXGI,0,0,0,Hardware: Legacy Flip,0,3.340425,0.5,18.494,1.0,1.5,18.494
GTAIV.exe,1234,0x0,DXGI,0,0,0,Hardware: Legacy Flip,0,3.356863,0.5,16.438,1.0,1.5,16.438
GTAIV.exe,1234,0x0,DXGI,0,0,0,Hardware: Legacy Flip,0,3.374456,0.5,17.593,1.0,1.5,17.593
GTAIV.exe,1234,0x0,DXGI,0,0,0,Hardware: Legacy Flip,0,3.391097,0.5,16.642,1.0,1.5,16.642
GTAIV.exe,1234,0x0,DXGI,0,0,0,Hardware: Legacy Flip,0,3.407379,0.5,16.281,1.0,1.5,16.281
GTAIV.exe,1234,0x0,DXGI,0,0,0,Hardware: Legacy Flip,0,3.423138,0.5,15.760,1.0,1.5,15.760
GTAIV.exe,1234,0x0,DXGI,0,0,0,Hardware: Legacy Flip,0,3.440670,0.5,17.532,1.0,1.5,17.532
GTAIV.exe,1234,0x0,DXGI,0,0,0,Hardware: Legacy Flip,0,3.457031,0.5,16.361,1.0,1.5,16.361
GTAIV.exe,1234,0x0,DXGI,0,0,0,Hardware: Legacy Flip,0,3.474387,0.5,17.356,1.0,1.5,17.356
GTAIV.exe,1234,0x0,DXGI,0,0,0,Hardware: Legacy Flip,0,3.492951,0.5,18.564,1.0,1.5,18.564
GTAIV.exe,1234,0x0,DXGI,0,0,0,Hardware: Legacy Flip,0,3.509371,0.5,16.420,1.0,1.5,16.420
GTAIV.exe,1234,0x0,DXGI,0,0,0,Hardware: Legacy Flip,0,3.527374,0.5,18.004,1.0,1.5,18.004
GTAIV.exe,1234,0x0,DXGI,0,0,0,Hardware: Legacy Flip,0,3.543238,0.5,15.864,1.0,1.5,15.864
GTAIV.exe,1234,0x0,DXGI,0,0,0,Hardware: Legacy Flip,0,3.559305,0.5,16.066,1.0,1.5,16.066
GTAIV.exe,1234,0x0,DXGI,0,0,0,Hardware: Legacy Flip,0,3.575483,0.5,16.178,1.0,1.5,16.178
GTAIV.exe,1234,0x0,DXGI,0,0,0,Hardware: Legacy Flip,0,3.592985,0.5,17.502,1.0,1.5,17.502
GTAIV.exe,1234,0x0,DXGI,0,0,0,Hardware: Legacy Flip,0,3.609448,0.5,16.463,1.0,1.5,16.463
GTAIV.exe,1234,0x0,DXGI,0,0,0,Hardware: Legacy Flip,0,3.627961,0.5,18.513,1.0,1.5,18.513
GTAIV.exe,1234,0x0,DXGI,0,0,0,Hardware: Legacy Flip,0,3.643453,0.5,15.492,1.0,1.5,15.492
GTAIV.exe,1234,0x0,DXGI,0,0,0,Hardware: Legacy Flip,0,3.659382,0.5,15.929,1.0,1.5,15.929
GTAIV.exe,1234,0x0,DXGI,0,0,0,Hardware: Legacy Flip,0,3.676430,0.5,17.048,1.0,1.5,17.048
GTAIV.exe,1234,0x0,DXGI,0,0,0,Hardware: Legacy Flip,0,3.692339,0.5,15.909,1.0,1.5,15.909
GTAIV.exe,1234,0x0,DXGI,0,0,0,Hardware: Legacy Flip,0,3.709178,0.5,16.839,1.0,1.5,16.839
GTAIV.exe,1234,0x0,DXGI,0,0,0,Hardware: Legacy Flip,0,3.726044,0.5,16.867,1.0,1.5,16.867
GTAIV.exe,1234,0x0,DXGI,0,0,0,Hardware: Legacy Flip,0,3.745983,0.5,19.938,1.0,1.5,19.938
GTAIV.exe,1234,0x0,DXGI,0,0,0,Hardware: Legacy Flip,0,3.763431,0.5,17.449,1.0,1.5,17.449
GTAIV.exe,1234,0x0,DXGI,0,0,0,Hardware: Legacy Flip,0,3.781706,0.5,18.275,1.0,1.5,18.275
GTAIV.exe,1234,0x0,DXGI,0,0,0,Hardware: Legacy Flip,0,3.798106,0.5,16.400,1.0,1.5,16.400
GTAIV.exe,1234,0x0,DXGI,0,0,0,Hardware: Legacy Flip,0,3.816095,0.5,17.989,1.0,1.5,17.989
GTAIV.exe,1234,0x0,DXGI,0,0,0,Hardware: Legacy Flip,0,3.832684,0.5,16.589,1.0,1.5,16.589
GTAIV.exe,1234,0x0,DXGI,0,0,0,Hardware: Legacy Flip,0,3.848137,0.5,15.453,1.0,1.5,15.453
GTAIV.exe,1234,0x0,DXGI,0,0,0,Hardware: Legacy Flip,0,3.865333,0.5,17.196,1.0,1.5,17.196
GTAIV.exe,1234,0x0,DXGI,0,0,0,Hardware: Legacy Flip,0,3.883685,0.5,18.352,1.0,1.5,18.352
GTAIV.exe,1234,0x0,DXGI,0,0,0,Hardware: Legacy Flip,0,3.901132,0.5,17.447,1.0,1.5,17.447
GTAIV.exe,1234,0x0,DXGI,0,0,0,Hardware: Legacy Flip,0,3.917220,0.5,16.088,1.0,1.5,16.088
GTAIV.exe,1234,0x0,DXGI,0,0,0,Hardware: Legacy Flip,0,3.935488,0.5,18.268,1.0,1.5,18.268
GTAIV.exe,1234,0x0,DXGI,0,0,0,Hardware: Legacy Flip,0,3.952808,0.5,17.319,1.0,1.5,17.319
GTAIV.exe,1234,0x0,DXGI,0,0,0,Hardware: Legacy Flip,0,3.969057,0.5,16.250,1.0,1.5,16.250
GTAIV.exe,1234,0x0,DXGI,0,0,0,Hardware: Legacy Flip,0,3.984124,0.5,15.067,1.0,1.5,15.067
GTAIV.exe,1234,0x0,DXGI,0,0,0,Hardware: Legacy Flip,0,4.000746,0.5,16.623,1.0,1.5,16.623
GTAIV.exe,1234,0x0,DXGI,0,0,0,Hardware: Legacy Flip,0,4.018036,0.5,17.290,1.0,1.5,17.290
GTAIV.exe,1234,0x0,DXGI,0,0,0,Hardware: Legacy Flip,0,4.033156,0.5,15.121,1.0,1.5,15.121
GTAIV.exe,1234,0x0,DXGI,0,0,0,Hardware: Legacy Flip,0,4.049132,0.5,15.975,1.0,1.5,15.975
GTAIV.exe,1234,0x0,DXGI,0,0,0,Hardware: Legacy Flip,0,4.067036,0.5,17.904,1.0,1.5,17.904
GTAIV.exe,1234,0x0,DXGI,0,0,0,Hardware: Legacy Flip,0,4.084379,0.5,17.343,1.0,1.5,17.343
GTAIV.exe,1234,0x0,DXGI,0,0,0,Hardware: Legacy Flip,0,4.102149,0.5,17.770,1.0,1.5,17.770
GTAIV.exe,1234,0x0,DXGI,0,0,0,Hardware: Legacy Flip,0,4.121321,0.5,19.172,1.0,1.5,19.172
GTAIV.exe,1234,0x0,DXGI,0,0,0,Hardware: Legacy Flip,0,4.136996,0.5,15.676,1.0,1.5,15.676
GTAIV.exe,1234,0x0,DXGI,0,0,0,Hardware: Legacy Flip,0,4.154528,0.5,17.532,1.0,1.5,17.532
GTAIV.exe,1234,0x0,DXGI,0,0,0,Hardware: Legacy Flip,0,4.172239,0.5,17.711,1.0,1.5,17.711
GTAIV.exe,1234,0x0,DXGI,0,0,0,Hardware: Legacy Flip,0,4.188456,0.5,16.217,1.0,1.5,16.217
GTAIV.exe,1234,0x0,DXGI,0,0,0,Hardware: Legacy Flip,0,4.204700,0.5,16.245,1.0,1.5,16.245
GTAIV.exe,1234,0x0,DXGI,0,0,0,Hardware: Legacy Flip,0,4.222147,0.5,17.446,1.0,1.5,17.446
GTAIV.exe,1234,0x0,DXGI,0,0,0,Hardware: Legacy Flip,0,4.238554,0.5,16.408,1.0,1.5,16.408
GTAIV.exe,1234,0x0,DXGI,0,0,0,Hardware: Legacy Flip,0,4.255892,0.5,17.337,1.0,1.5,17.337
GTAIV.exe,1234,0x0,DXGI,0,0,0,Hardware: Legacy Flip,0,4.273680,0.5,17.789,1.0,1.5,17.789
GTAIV.exe,1234,0x0,DXGI,0,0,0,Hardware: Legacy Flip,0,4.288453,0.5,14.772,1.0,1.5,14.772
GTAIV.exe,1234,0x0,DXGI,0,0,0,Hardware: Legacy Flip,0,4.305060,0.5,16.607,1.0,1.5,16.607
GTAIV.exe,1234,0x0,DXGI,0,0,0,Hardware: Legacy Flip,0,4.322317,0.5,17.257,1.0,1.5,17.257
GTAIV.exe,1234,0x0,DXGI,0,0,0,Hardware: Legacy Flip,0,4.338204,0.5,15.887,1.0,1.5,15.887
GTAIV.exe,1234,0x0,DXGI,0,0,0,Hardware: Legacy Flip,0,4.354504,0.5,16.300,1.0,1.5,16.300
GTAIV.exe,1234,0x0,DXGI,0,0,0,Hardware: Legacy Flip,0,4.369806,0.5,15.302,1.0,1.5,15.302
GTAIV.exe,1234,0x0,DXGI,0,0,0,Hardware: Legacy Flip,0,4.385021,0.5,15.215,1.0,1.5,15.215
GTAIV.exe,1234,0x0,DXGI,0,0,0,Hardware: Legacy Flip,0,4.401363,0.5,16.341,1.0,1.5,16.341
GTAIV.exe,1234,0x0,DXGI,0,0,0,Hardware: Legacy Flip,0,4.417029,0.5,15.666,1.0,1.5,15.666
GTAIV.exe,1234,0x0,DXGI,0,0,0,Hardware: Legacy Flip,0,4.434046,0.5,17.018,1.0,1.5,17.018
GTAIV.exe,1234,0x0,DXGI,0,0,0,Hardware: Legacy Flip,0,4.452400,0.5,18.354,1.0,1.5,18.354
GTAIV.exe,1234,0x0,DXGI,0,0,0,Hardware: Legacy Flip,0,4.468269,0.5,15.869,1.0,1.5,15.869
GTAIV.exe,1234,0x0,DXGI,0,0,0,Hardware: Legacy Flip,0,4.483906,0.5,15.636,1.0,1.5,15.636
GTAIV.exe,1234,0x0,DXGI,0,0,0,Hardware: Legacy Flip,0,4.498523,0.5,14.617,1.0,1.5,14.617
GTAIV.exe,1234,0x0,DXGI,0,0,0,Hardware: Legacy Flip,0,4.514855,0.5,16.332,1.0,1.5,16.332
GTAIV.exe,1234,0x0,DXGI,0,0,0,Hardware: Legacy Flip,0,4.531265,0.5,16.410,1.0,1.5,16.410
GTAIV.exe,1234,0x0,DXGI,0,0,0,Hardware: Legacy Flip,0,4.548206,0.5,16.941,1.0,1.5,16.941
GTAIV.exe,1234,0x0,DXGI,0,0,0,Hardware: Legacy Flip,0,4.566836,0.5,18.630,1.0,1.5,18.630
GTAIV.exe,1234,0x0,DXGI,0,0,0,Hardware: Legacy Flip,0,4.582022,0.5,15.186,1.0,1.5,15.186
GTAIV.exe,1234,0x0,DXGI,0,0,0,Hardware: Legacy Flip,0,4.600833,0.5,18.811,1.0,1.5,18.811
GTAIV.exe,1234,0x0,DXGI,0,0,0,Hardware: Legacy Flip,0,4.617098,0.5,16.265,1.0,1.5,16.265
GTAIV.exe,1234,0x0,DXGI,0,0,0,Hardware: Legacy Flip,0,4.632767,0.5,15.669,1.0,1.5,15.669
GTAIV.exe,1234,0x0,DXGI,0,0,0,Hardware: Legacy Flip,0,4.649073,0.5,16.306,1.0,1.5,16.306
GTAIV.exe,1234,0x0,DXGI,0,0,0,Hardware: Legacy Flip,0,4.665756,0.5,16.683,1.0,1.5,16.683
GTAIV.exe,1234,0x0,DXGI,0,0,0,Hardware: Legacy Flip,0,4.681997,0.5,16.241,1.0,1.5,16.241
GTAIV.exe,1234,0x0,DXGI,0,0,0,Hardware: Legacy Flip,0,4.698808,0.5,16.811,1.0,1.5,16.811
GTAIV.exe,1234,0x0,DXGI,0,0,0,Hardware: Legacy Flip,0,4.714796,0.5,15.988,1.0,1.5,15.988
GTAIV.exe,1234,0x0,DXGI,0,0,0,Hardware: Legacy Flip,0,4.733902,0.5,19.106,1.0,1.5,19.106
GTAIV.exe,1234,0x0,DXGI,0,0,0,Hardware: Legacy Flip,0,4.751558,0.5,17.656,1.0,1.5,17.656
GTAIV.exe,1234,0x0,DXGI,0,0,0,Hardware: Legacy Flip,0,4.769550,0.5,17.991,1.0,1.5,17.991
GTAIV.exe,1234,0x0,DXGI,0,0,0,Hardware: Legacy Flip,0,4.785230,0.5,15.680,1.0,1.5,15.680
GTAIV.exe,1234,0x0,DXGI,0,0,0,Hardware: Legacy Flip,0,4.800524,0.5,15.294,1.0,1.5,15.294
GTAIV.exe,1234,0x0,DXGI,0,0,0,Hardware: Legacy Flip,0,4.817797,0.5,17.273,1.0,1.5,17.273
GTAIV.exe,1234,0x0,DXGI,0,0,0,Hardware: Legacy Flip,0,4.832350,0.5,14.554,1.0,1.5,14.554
GTAIV.exe,1234,0x0,DXGI,0,0,0,Hardware: Legacy Flip,0,4.848359,0.5,16.009,1.0,1.5,16.009
GTAIV.exe,1234,0x0,DXGI,0,0,0,Hardware: Legacy Flip,0,4.865856,0.5,17.498,1.0,1.5,17.498
GTAIV.exe,1234,0x0,DXGI,0,0,0,Hardware: Legacy Flip,0,4.883245,0.5,17.388,1.0,1.5,17.388
GTAIV.exe,1234,0x0,DXGI,0,0,0,Hardware: Legacy Flip,0,4.901307,0.5,18.062,1.0,1.5,18.062
GTAIV.exe,1234,0x0,DXGI,0,0,0,Hardware: Legacy Flip,0,4.918144,0.5,16.838,1.0,1.5,16.838
GTAIV.exe,1234,0x0,DXGI,0,0,0,Hardware: Legacy Flip,0,4.935518,0.5,17.374,1.0,1.5,17.374
GTAIV.exe,1234,0x0,DXGI,0,0,0,Hardware: Legacy Flip,0,4.953713,0.5,18.195,1.0,1.5,18.195
GTAIV.exe,1234,0x0,DXGI,0,0,0,Hardware: Legacy Flip,0,4.970284,0.5,16.571,1.0,1.5,16.571
GTAIV.exe,1234,0x0,DXGI,0,0,0,Hardware: Legacy Flip,0,4.986794,0.5,16.509,1.0,1.5,16.509
GTAIV.exe,1234,0x0,DXGI,0,0,0,Hardware: Legacy Flip,0,5.002171,0.5,15.378,1.0,1.5,15.378
GTAIV.exe,1234,0x0,DXGI,0,0,0,Hardware: Legacy Flip,0,5.020463,0.5,18.292,1.0,1.5,18.292
GTAIV.exe,1234,0x0,DXGI,0,0,0,Hardware: Legacy Flip,0,5.038916,0.5,18.453,1.0,1.5,18.453
GTAIV.exe,1234,0x0,DXGI,0,0,0,Hardware: Legacy Flip,0,5.055379,0.5,16.463,1.0,1.5,16.463
GTAIV.exe,1234,0x0,DXGI,0,0,0,Hardware: Legacy Flip,0,5.071760,0.5,16.381,1.0,1.5,16.381
GTAIV.exe,1234,0x0,DXGI,0,0,0,Hardware: Legacy Flip,0,5.089487,0.5,17.726,1.0,1.5,17.726
GTAIV.exe,1234,0x0,DXGI,0,0,0,Hardware: Legacy Flip,0,5.105518,0.5,16.031,1.0,1.5,16.031
GTAIV.exe,1234,0x0,DXGI,0,0,0,Hardware: Legacy Flip,0,5.121317,0.5,15.800,1.0,1.5,15.800
GTAIV.exe,1234,0x0,DXGI,0,0,0,Hardware: Legacy Flip,0,5.137373,0.5,16.055,1.0,1.5,16.055
GTAIV.exe,1234,0x0,DXGI,0,0,0,Hardware: Legacy Flip,0,5.152519,0.5,15.146,1.0,1.5,15.146
GTAIV.exe,1234,0x0,DXGI,0,0,0,Hardware: Legacy Flip,0,5.170340,0.5,17.821,1.0,1.5,17.821
GTAIV.exe,1234,0x0,DXGI,0,0,0,Hardware: Legacy Flip,0,5.187021,0.5,16.681,1.0,1.5,16.681
GTAIV.exe,1234,0x0,DXGI,0,0,0,Hardware: Legacy Flip,0,5.203833,0.5,16.812,1.0,1.5,16.812
GTAIV.exe,1234,0x0,DXGI,0,0,0,Hardware: Legacy Flip,0,5.219271,0.5,15.438,1.0,1.5,15.438
GTAIV.exe,1234,0x0,DXGI,0,0,0,Hardware: Legacy Flip,0,5.238890,0.5,19.619,1.0,1.5,19.619
GTAIV.exe,1234,0x0,DXGI,0,0,0,Hardware: Legacy Flip,0,5.256639,0.5,17.749,1.0,1.5,17.749
GTAIV.exe,1234,0x0,DXGI,0,0,0,Hardware: Legacy Flip,0,5.274328,0.5,17.689,1.0,1.5,17.689
GTAIV.exe,1234,0x0,DXGI,0,0,0,Hardware: Legacy Flip,0,5.291894,0.5,17.566,1.0,1.5,17.566
GTAIV.exe,1234,0x0,DXGI,0,0,0,Hardware: Legacy Flip,0,5.307542,0.5,15.647,1.0,1.5,15.647
GTAIV.exe,1234,0x0,DXGI,0,0,0,Hardware: Legacy Flip,0,5.323072,0.5,15.530,1.0,1.5,15.530
GTAIV.exe,1234,0x0,DXGI,0,0,0,Hardware: Legacy Flip,0,5.338982,0.5,15.909,1.0,1.5,15.909
GTAIV.exe,1234,0x0,DXGI,0,0,0,Hardware: Legacy Flip,0,5.355190,0.5,16.209,1.0,1.5,16.209
GTAIV.exe,1234,0x0,DXGI,0,0,0,Hardware: Legacy Flip,0,5.372796,0.5,17.605,1.0,1.5,17.605
GTAIV.exe,1234,0x0,DXGI,0,0,0,Hardware: Legacy Flip,0,5.391017,0.5,18.221,1.0,1.5,18.221
GTAIV.exe,1234,0x0,DXGI,0,0,0,Hardware: Legacy Flip,0,5.406911,0.5,15.894,1.0,1.5,15.894
GTAIV.exe,1234,0x0,DXGI,0,0,0,Hardware: Legacy Flip,0,5.422819,0.5,15.908,1.0,1.5,15.908
GTAIV.exe,1234,0x0,DXGI,0,0,0,Hardware: Legacy Flip,0,5.438536,0.5,15.717,1.0,1.5,15.717
GTAIV.exe,1234,0x0,DXGI,0,0,0,Hardware: Legacy Flip,0,5.457111,0.5,18.575,1.0,1.5,18.575
GTAIV.exe,1234,0x0,DXGI,0,0,0,Hardware: Legacy Flip,0,5.472583,0.5,15.472,1.0,1.5,15.472
GTAIV.exe,1234,0x0,DXGI,0,0,0,Hardware: Legacy Flip,0,5.490598,0.5,18.015,1.0,1.5,18.015
GTAIV.exe,1234,0x0,DXGI,0,0,0,Hardware: Legacy Flip,0,5.506982,0.5,16.384,1.0,1.5,16.384
GTAIV.exe,1234,0x0,DXGI,0,0,0,Hardware: Legacy Flip,0,5.523047,0.5,16.064,1.0,1.5,16.064
GTAIV.exe,1234,0x0,DXGI,0,0,0,Hardware: Legacy Flip,0,5.540103,0.5,17.057,1.0,1.5,17.057
GTAIV.exe,1234,0x0,DXGI,0,0,0,Hardware: Legacy Flip,0,5.556446,0.5,16.343,1.0,1.5,16.343
GTAIV.exe,1234,0x0,DXGI,0,0,0,Hardware: Legacy Flip,0,5.575301,0.5,18.855,1.0,1.5,18.855
GTAIV.exe,1234,0x0,DXGI,0,0,0,Hardware: Legacy Flip,0,5.593185,0.5,17.884,1.0,1.5,17.884
GTAIV.exe,1234,0x0,DXGI,0,0,0,Hardware: Legacy Flip,0,5.612214,0.5,19.029,1.0,1.5,19.029
GTAIV.exe,1234,0x0,DXGI,0,0,0,Hardware: Legacy Flip,0,5.627055,0.5,14.841,1.0,1.5,14.841
GTAIV.exe,1234,0x0,DXGI,0,0,0,Hardware: Legacy Flip,0,5.642621,0.5,15.566,1.0,1.5,15.566
GTAIV.exe,1234,0x0,DXGI,0,0,0,Hardware: Legacy Flip,0,5.657476,0.5,14.855,1.0,1.5,14.855
GTAIV.exe,1234,0x0,DXGI,0,0,0,Hardware: Legacy Flip,0,5.673796,0.5,16.320,1.0,1.5,16.320
GTAIV.exe,1234,0x0,DXGI,0,0,0,Hardware: Legacy Flip,0,5.688701,0.5,14.905,1.0,1.5,14.905
GTAIV.exe,1234,0x0,DXGI,0,0,0,Hardware: Legacy Flip,0,5.704292,0.5,15.591,1.0,1.5,15.591
GTAIV.exe,1234,0x0,DXGI,0,0,0,Hardware: Legacy Flip,0,5.719200,0.5,14.908,1.0,1.5,14.908
GTAIV.exe,1234,0x0,DXGI,0,0,0,Hardware: Legacy Flip,0,5.735708,0.5,16.508,1.0,1.5,16.508
GTAIV.exe,1234,0x0,DXGI,0,0,0,Hardware: Legacy Flip,0,5.752725,0.5,17.017,1.0,1.5,17.017
GTAIV.exe,1234,0x0,DXGI,0,0,0,Hardware: Legacy Flip,0,5.768389,0.5,15.663,1.0,1.5,15.663
GTAIV.exe,1234,0x0,DXGI,0,0,0,Hardware: Legacy Flip,0,5.786374,0.5,17.985,1.0,1.5,17.985
GTAIV.exe,1234,0x0,DXGI,0,0,0,Hardware: Legacy Flip,0,5.804031,0.5,17.658,1.0,1.5,17.658
GTAIV.exe,1234,0x0,DXGI,0,0,0,Hardware: Legacy Flip,0,5.821926,0.5,17.895,1.0,1.5,17.895
GTAIV.exe,1234,0x0,DXGI,0,0,0,Hardware: Legacy Flip,0,5.836908,0.5,14.982,1.0,1.5,14.982
GTAIV.exe,1234,0x0,DXGI,0,0,0,Hardware: Legacy Flip,0,5.854920,0.5,18.012,1.0,1.5,18.012
GTAIV.exe,1234,0x0,DXGI,0,0,0,Hardware: Legacy Flip,0,5.872967,0.5,18.047,1.0,1.5,18.047
GTAIV.exe,1234,0x0,DXGI,0,0,0,Hardware: Legacy Flip,0,5.888254,0.5,15.287,1.0,1.5,15.287
GTAIV.exe,1234,0x0,DXGI,0,0,0,Hardware: Legacy Flip,0,5.905024,0.5,16.770,1.0,1.5,16.770
GTAIV.exe,1234,0x0,DXGI,0,0,0,Hardware: Legacy Flip,0,5.922965,0.5,17.941,1.0,1.5,17.941
GTAIV.exe,1234,0x0,DXGI,0,0,0,Hardware: Legacy Flip,0,5.941021,0.5,18.056,1.0,1.5,18.056
GTAIV.exe,1234,0x0,DXGI,0,0,0,Hardware: Legacy Flip,0,5.957805,0.5,16.785,1.0,1.5,16.785
GTAIV.exe,1234,0x0,DXGI,0,0,0,Hardware: Legacy Flip,0,5.976171,0.5,18.366,1.0,1.5,18.366
GTAIV.exe,1234,0x0,DXGI,0,0,0,Hardware: Legacy Flip,0,5.991431,0.5,15.259,1.0,1.5,15.259
GTAIV.exe,1234,0x0,DXGI,0,0,0,Hardware: Legacy Flip,0,6.010466,0.5,19.036,1.0,1.5,19.036
GTAIV.exe,1234,0x0,DXGI,0,0,0,Hardware: Legacy Flip,0,6.026886,0.5,16.420,1.0,1.5,16.420
GTAIV.exe,1234,0x0,DXGI,0,0,0,Hardware: Legacy Flip,0,6.042553,0.5,15.667,1.0,1.5,15.667
GTAIV.exe,1234,0x0,DXGI,0,0,0,Hardware: Legacy Flip,0,6.058541,0.5,15.988,1.0,1.5,15.988
GTAIV.exe,1234,0x0,DXGI,0,0,0,Hardware: Legacy Flip,0,6.074996,0.5,16.455,1.0,1.5,16.455
GTAIV.exe,1234,0x0,DXGI,0,0,0,Hardware: Legacy Flip,0,6.089155,0.5,14.159,1.0,1.5,14.159
GTAIV.exe,1234,0x0,DXGI,0,0,0,Hardware: Legacy Flip,0,6.106253,0.5,17.097,1.0,1.5,17.097
GTAIV.exe,1234,0x0,DXGI,0,0,0,Hardware: Legacy Flip,0,6.123790,0.5,17.537,1.0,1.5,17.537
GTAIV.exe,1234,0x0,DXGI,0,0,0,Hardware: Legacy Flip,0,6.140040,0.5,16.250,1.0,1.5,16.250
GTAIV.exe,1234,0x0,DXGI,0,0,0,Hardware: Legacy Flip,0,6.155455,0.5,15.414,1.0,1.5,15.414
GTAIV.exe,1234,0x0,DXGI,0,0,0,Hardware: Legacy Flip,0,6.172603,0.5,17.148,1.0,1.5,17.148
GTAIV.exe,1234,0x0,DXGI,0,0,0,Hardware: Legacy Flip,0,6.186046,0.5,13.443,1.0,1.5,13.443
GTAIV.exe,1234,0x0,DXGI,0,0,0,Hardware: Legacy Flip,0,6.201903,0.5,15.857,1.0,1.5,15.857
GTAIV.exe,1234,0x0,DXGI,0,0,0,Hardware: Legacy Flip,0,6.219195,0.5,17.293,1.0,1.5,17.293
GTAIV.exe,1234,0x0,DXGI,0,0,0,Hardware: Legacy Flip,0,6.236237,0.5,17.042,1.0,1.5,17.042
GTAIV.exe,1234,0x0,DXGI,0,0,0,Hardware: Legacy Flip,0,6.252128,0.5,15.891,1.0,1.5,15.891
GTAIV.exe,1234,0x0,DXGI,0,0,0,Hardware: Legacy Flip,0,6.268171,0.5,16.043,1.0,1.5,16.043
GTAIV.exe,1234,0x0,DXGI,0,0,0,Hardware: Legacy Flip,0,6.283619,0.5,15.448,1.0,1.5,15.448
GTAIV.exe,1234,0x0,DXGI,0,0,0,Hardware: Legacy Flip,0,6.301463,0.5,17.844,1.0,1.5,17.844
GTAIV.exe,1234,0x0,DXGI,0,0,0,Hardware: Legacy Flip,0,6.318213,0.5,16.750,1.0,1.5,16.750
GTAIV.exe,1234,0x0,DXGI,0,0,0,Hardware: Legacy Flip,0,6.335135,0.5,16.922,1.0,1.5,16.922
GTAIV.exe,1234,0x0,DXGI,0,0,0,Hardware: Legacy Flip,0,6.352744,0.5,17.609,1.0,1.5,17.609
GTAIV.exe,1234,0x0,DXGI,0,0,0,Hardware: Legacy Flip,0,6.369236,0.5,16.492,1.0,1.5,16.492
GTAIV.exe,1234,0x0,DXGI,0,0,0,Hardware: Legacy Flip,0,6.386205,0.5,16.968,1.0,1.5,16.968
GTAIV.exe,1234,0x0,DXGI,0,0,0,Hardware: Legacy Flip,0,6.403090,0.5,16.885,1.0,1.5,16.885
GTAIV.exe,1234,0x0,DXGI,0,0,0,Hardware: Legacy Flip,0,6.419262,0.5,16.172,1.0,1.5,16.172
GTAIV.exe,1234,0x0,DXGI,0,0,0,Hardware: Legacy Flip,0,6.434884,0.5,15.622,1.0,1.5,15.622
GTAIV.exe,1234,0x0,DXGI,0,0,0,Hardware: Legacy Flip,0,6.449906,0.5,15.022,1.0,1.5,15.022
GTAIV.exe,1234,0x0,DXGI,0,0,0,Hardware: Legacy Flip,0,6.469166,0.5,19.260,1.0,1.5,19.260
GTAIV.exe,1234,0x0,DXGI,0,0,0,Hardware: Legacy Flip,0,6.487408,0.5,18.241,1.0,1.5,18.241
GTAIV.exe,1234,0x0,DXGI,0,0,0,Hardware: Legacy Flip,0,6.503328,0.5,15.921,1.0,1.5,15.921
GTAIV.exe,1234,0x0,DXGI,0,0,0,Hardware: Legacy Flip,0,6.520538,0.5,17.209,1.0,1.5,17.209
GTAIV.exe,1234,0x0,DXGI,0,0,0,Hardware: Legacy Flip,0,6.536823,0.5,16.285,1.0,1.5,16.285
GTAIV.exe,1234,0x0,DXGI,0,0,0,Hardware: Legacy Flip,0,6.553634,0.5,16.811,1.0,1.5,16.811
GTAIV.exe,1234,0x0,DXGI,0,0,0,Hardware: Legacy Flip,0,6.570276,0.5,16.641,1.0,1.5,16.641
GTAIV.exe,1234,0x0,DXGI,0,0,0,Hardware: Legacy Flip,0,6.584904,0.5,14.628,1.0,1.5,14.628
GTAIV.exe,1234,0x0,DXGI,0,0,0,Hardware: Legacy Flip,0,6.600156,0.5,15.251,1.0,1.5,15.251
GTAIV.exe,1234,0x0,DXGI,0,0,0,Hardware: Legacy Flip,0,6.618270,0.5,18.115,1.0,1.5,18.115
GTAIV.exe,1234,0x0,DXGI,0,0,0,Hardware: Legacy Flip,0,6.634016,0.5,15.746,1.0,1.5,15.746
GTAIV.exe,1234,0x0,DXGI,0,0,0,Hardware: Legacy Flip,0,6.652031,0.5,18.015,1.0,1.5,18.015
GTAIV.exe,1234,0x0,DXGI,0,0,0,Hardware: Legacy Flip,0,6.668022,0.5,15.991,1.0,1.5,15.991
GTAIV.exe,1234,0x0,DXGI,0,0,0,Hardware: Legacy Flip,0,6.686067,0.5,18.045,1.0,1.5,18.045
GTAIV.exe,1234,0x0,DXGI,0,0,0,Hardware: Legacy Flip,0,6.704792,0.5,18.725,1.0,1.5,18.725
GTAIV.exe,1234,0x0,DXGI,0,0,0,Hardware: Legacy Flip,0,6.721873,0.5,17.081,1.0,1.5,17.081
GTAIV.exe,1234,0x0,DXGI,0,0,0,Hardware: Legacy Flip,0,6.739674,0.5,17.802,1.0,1.5,17.802
GTAIV.exe,1234,0x0,DXGI,0,0,0,Hardware: Legacy Flip,0,6.755119,0.5,15.445,1.0,1.5,15.445
GTAIV.exe,1234,0x0,DXGI,0,0,0,Hardware: Legacy Flip,0,6.772225,0.5,17.106,1.0,1.5,17.106
GTAIV.exe,1234,0x0,DXGI,0,0,0,Hardware: Legacy Flip,0,6.788442,0.5,16.217,1.0,1.5,16.217
GTAIV.exe,1234,0x0,DXGI,0,0,0,Hardware: Legacy Flip,0,6.805854,0.5,17.412,1.0,1.5,17.412
GTAIV.exe,1234,0x0,DXGI,0,0,0,Hardware: Legacy Flip,0,6.823361,0.5,17.507,1.0,1.5,17.507
GTAIV.exe,1234,0x0,DXGI,0,0,0,Hardware: Legacy Flip,0,6.839323,0.5,15.962,1.0,1.5,15.962
GTAIV.exe,1234,0x0,DXGI,0,0,0,Hardware: Legacy Flip,0,6.855484,0.5,16.161,1.0,1.5,16.161
GTAIV.exe,1234,0x0,DXGI,0,0,0,Hardware: Legacy Flip,0,6.870971,0.5,15.487,1.0,1.5,15.487
GTAIV.exe,1234,0x0,DXGI,0,0,0,Hardware: Legacy Flip,0,6.887651,0.5,16.680,1.0,1.5,16.680
GTAIV.exe,1234,0x0,DXGI,0,0,0,Hardware: Legacy Flip,0,6.905221,0.5,17.570,1.0,1.5,17.570
GTAIV.exe,1234,0x0,DXGI,0,0,0,Hardware: Legacy Flip,0,6.924227,0.5,19.006,1.0,1.5,19.006
GTAIV.exe,1234,0x0,DXGI,0,0,0,Hardware: Legacy Flip,0,6.940450,0.5,16.223,1.0,1.5,16.223
GTAIV.exe,1234,0x0,DXGI,0,0,0,Hardware: Legacy Flip,0,6.957556,0.5,17.106,1.0,1.5,17.106
GTAIV.exe,1234,0x0,DXGI,0,0,0,Hardware: Legacy Flip,0,6.974892,0.5,17.336,1.0,1.5,17.336
GTAIV.exe,1234,0x0,DXGI,0,0,0,Hardware: Legacy Flip,0,6.993958,0.5,19.066,1.0,1.5,19.066
GTAIV.exe,1234,0x0,DXGI,0,0,0,Hardware: Legacy Flip,0,7.009992,0.5,16.034,1.0,1.5,16.034
GTAIV.exe,1234,0x0,DXGI,0,0,0,Hardware: Legacy Flip,0,7.025822,0.5,15.830,1.0,1.5,15.830
GTAIV.exe,1234,0x0,DXGI,0,0,0,Hardware: Legacy Flip,0,7.043583,0.5,17.762,1.0,1.5,17.762
GTAIV.exe,1234,0x0,DXGI,0,0,0,Hardware: Legacy Flip,0,7.059171,0.5,15.587,1.0,1.5,15.587
GTAIV.exe,1234,0x0,DXGI,0,0,0,Hardware: Legacy Flip,0,7.076345,0.5,17.174,1.0,1.5,17.174
GTAIV.exe,1234,0x0,DXGI,0,0,0,Hardware: Legacy Flip,0,7.091190,0.5,14.846,1.0,1.5,14.846
GTAIV.exe,1234,0x0,DXGI,0,0,0,Hardware: Legacy Flip,0,7.107267,0.5,16.077,1.0,1.5,16.077
GTAIV.exe,1234,0x0,DXGI,0,0,0,Hardware: Legacy Flip,0,7.123587,0.5,16.320,1.0,1.5,16.320
GTAIV.exe,1234,0x0,DXGI,0,0,0,Hardware: Legacy Flip,0,7.138539,0.5,14.953,1.0,1.5,14.953
GTAIV.exe,1234,0x0,DXGI,0,0,0,Hardware: Legacy Flip,0,7.155949,0.5,17.410,1.0,1.5,17.410
GTAIV.exe,1234,0x0,DXGI,0,0,0,Hardware: Legacy Flip,0,7.172970,0.5,17.021,1.0,1.5,17.021
GTAIV.exe,1234,0x0,DXGI,0,0,0,Hardware: Legacy Flip,0,7.188583,0.5,15.613,1.0,1.5,15.613
GTAIV.exe,1234,0x0,DXGI,0,0,0,Hardware: Legacy Flip,0,7.203866,0.5,15.282,1.0,1.5,15.282
GTAIV.exe,1234,0x0,DXGI,0,0,0,Hardware: Legacy Flip,0,7.218627,0.5,14.762,1.0,1.5,14.762
GTAIV.exe,1234,0x0,DXGI,0,0,0,Hardware: Legacy Flip,0,7.235469,0.5,16.841,1.0,1.5,16.841
GTAIV.exe,1234,0x0,DXGI,0,0,0,Hardware: Legacy Flip,0,7.253762,0.5,18.294,1.0,1.5,18.294
GTAIV.exe,1234,0x0,DXGI,0,0,0,Hardware: Legacy Flip,0,7.269975,0.5,16.212,1.0,1.5,16.212
GTAIV.exe,1234,0x0,DXGI,0,0,0,Hardware: Legacy Flip,0,7.287126,0.5,17.151,1.0,1.5,17.151
GTAIV.exe,1234,0x0,DXGI,0,0,0,Hardware: Legacy Flip,0,7.302942,0.5,15.816,1.0,1.5,15.816
GTAIV.exe,1234,0x0,DXGI,0,0,0,Hardware: Legacy Flip,0,7.320155,0.5,17.214,1.0,1.5,17.214
GTAIV.exe,1234,0x0,DXGI,0,0,0,Hardware: Legacy Flip,0,7.335610,0.5,15.455,1.0,1.5,15.455
GTAIV.exe,1234,0x0,DXGI,0,0,0,Hardware: Legacy Flip,0,7.352847,0.5,17.237,1.0,1.5,17.237
GTAIV.exe,1234,0x0,DXGI,0,0,0,Hardware: Legacy Flip,0,7.367949,0.5,15.102,1.0,1.5,15.102
GTAIV.exe,1234,0x0,DXGI,0,0,0,Hardware: Legacy Flip,0,7.384002,0.5,16.053,1.0,1.5,16.053
GTAIV.exe,1234,0x0,DXGI,0,0,0,Hardware: Legacy Flip,0,7.402452,0.5,18.450,1.0,1.5,18.450
GTAIV.exe,1234,0x0,DXGI,0,0,0,Hardware: Legacy Flip,0,7.419517,0.5,17.065,1.0,1.5,17.065
GTAIV.exe,1234,0x0,DXGI,0,0,0,Hardware: Legacy Flip,0,7.434949,0.5,15.432,1.0,1.5,15.432
GTAIV.exe,1234,0x0,DXGI,0,0,0,Hardware: Legacy Flip,0,7.452282,0.5,17.332,1.0,1.5,17.332
GTAIV.exe,1234,0x0,DXGI,0,0,0,Hardware: Legacy Flip,0,7.469783,0.5,17.501,1.0,1.5,17.501
GTAIV.exe,1234,0x0,DXGI,0,0,0,Hardware: Legacy Flip,0,7.486714,0.5,16.931,1.0,1.5,16.931
GTAIV.exe,1234,0x0,DXGI,0,0,0,Hardware: Legacy Flip,0,7.503916,0.5,17.202,1.0,1.5,17.202
GTAIV.exe,1234,0x0,DXGI,0,0,0,Hardware: Legacy Flip,0,7.520178,0.5,16.263,1.0,1.5,16.263
GTAIV.exe,1234,0x0,DXGI,0,0,0,Hardware: Legacy Flip,0,7.538053,0.5,17.875,1.0,1.5,17.875
GTAIV.exe,1234,0x0,DXGI,0,0,0,Hardware: Legacy Flip,0,7.555191,0.5,17.138,1.0,1.5,17.138
GTAIV.exe,1234,0x0,DXGI,0,0,0,Hardware: Legacy Flip,0,7.570443,0.5,15.252,1.0,1.5,15.252
GTAIV.exe,1234,0x0,DXGI,0,0,0,Hardware: Legacy Flip,0,7.586848,0.5,16.405,1.0,1.5,16.405
GTAIV.exe,1234,0x0,DXGI,0,0,0,Hardware: Legacy Flip,0,7.605954,0.5,19.106,1.0,1.5,19.106
GTAIV.exe,1234,0x0,DXGI,0,0,0,Hardware: Legacy Flip,0,7.624691,0.5,18.737,1.0,1.5,18.737
GTAIV.exe,1234,0x0,DXGI,0,0,0,Hardware: Legacy Flip,0,7.640675,0.5,15.983,1.0,1.5,15.983
GTAIV.exe,1234,0x0,DXGI,0,0,0,Hardware: Legacy Flip,0,7.655146,0.5,14.471,1.0,1.5,14.471
GTAIV.exe,1234,0x0,DXGI,0,0,0,Hardware: Legacy Flip,0,7.672203,0.5,17.057,1.0,1.5,17.057
GTAIV.exe,1234,0x0,DXGI,0,0,0,Hardware: Legacy Flip,0,7.689835,0.5,17.632,1.0,1.5,17.632
GTAIV.exe,1234,0x0,DXGI,0,0,0,Hardware: Legacy Flip,0,7.708195,0.5,18.360,1.0,1.5,18.360
GTAIV.exe,1234,0x0,DXGI,0,0,0,Hardware: Legacy Flip,0,7.724965,0.5,16.770,1.0,1.5,16.770
GTAIV.exe,1234,0x0,DXGI,0,0,0,Hardware: Legacy Flip,0,7.742459,0.5,17.494,1.0,1.5,17.494
GTAIV.exe,1234,0x0,DXGI,0,0,0,Hardware: Legacy Flip,0,7.761003,0.5,18.544,1.0,1.5,18.544
GTAIV.exe,1234,0x0,DXGI,0,0,0,Hardware: Legacy Flip,0,7.778507,0.5,17.505,1.0,1.5,17.505
GTAIV.exe,1234,0x0,DXGI,0,0,0,Hardware: Legacy Flip,0,7.796007,0.5,17.499,1.0,1.5,17.499
GTAIV.exe,1234,0x0,DXGI,0,0,0,Hardware: Legacy Flip,0,7.810775,0.5,14.769,1.0,1.5,14.769
GTAIV.exe,1234,0x0,DXGI,0,0,0,Hardware: Legacy Flip,0,7.826872,0.5,16.096,1.0,1.5,16.096
GTAIV.exe,1234,0x0,DXGI,0,0,0,Hardware: Legacy Flip,0,7.843307,0.5,16.435,1.0,1.5,16.435
GTAIV.exe,1234,0x0,DXGI,0,0,0,Hardware: Legacy Flip,0,7.859367,0.5,16.060,1.0,1.5,16.060
GTAIV.exe,1234,0x0,DXGI,0,0,0,Hardware: Legacy Flip,0,7.876510,0.5,17.143,1.0,1.5,17.143
GTAIV.exe,1234,0x0,DXGI,0,0,0,Hardware: Legacy Flip,0,7.892602,0.5,16.092,1.0,1.5,16.092
GTAIV.exe,1234,0x0,DXGI,0,0,0,Hardware: Legacy Flip,0,7.909040,0.5,16.437,1.0,1.5,16.437
GTAIV.exe,1234,0x0,DXGI,0,0,0,Hardware: Legacy Flip,0,7.926123,0.5,17.084,1.0,1.5,17.084
GTAIV.exe,1234,0x0,DXGI,0,0,0,Hardware: Legacy Flip,0,7.944506,0.5,18.383,1.0,1.5,18.383
GTAIV.exe,1234,0x0,DXGI,0,0,0,Hardware: Legacy Flip,0,7.959949,0.5,15.443,1.0,1.5,15.443
GTAIV.exe,1234,0x0,DXGI,0,0,0,Hardware: Legacy Flip,0,7.975494,0.5,15.545,1.0,1.5,15.545
GTAIV.exe,1234,0x0,DXGI,0,0,0,Hardware: Legacy Flip,0,7.991154,0.5,15.659,1.0,1.5,15.659
GTAIV.exe,1234,0x0,DXGI,0,0,0,Hardware: Legacy Flip,0,8.007703,0.5,16.549,1.0,1.5,16.549
GTAIV.exe,1234,0x0,DXGI,0,0,0,Hardware: Legacy Flip,0,8.024652,0.5,16.949,1.0,1.5,16.949
GTAIV.exe,1234,0x0,DXGI,0,0,0,Hardware: Legacy Flip,0,8.042049,0.5,17.397,1.0,1.5,17.397
GTAIV.exe,1234,0x0,DXGI,0,0,0,Hardware: Legacy Flip,0,8.058519,0.5,16.471,1.0,1.5,16.471
GTAIV.exe,1234,0x0,DXGI,0,0,0,Hardware: Legacy Flip,0,8.075118,0.5,16.598,1.0,1.5,16.598
GTAIV.exe,1234,0x0,DXGI,0,0,0,Hardware: Legacy Flip,0,8.091011,0.5,15.893,1.0,1.5,15.893
GTAIV.exe,1234,0x0,DXGI,0,0,0,Hardware: Legacy Flip,0,8.108575,0.5,17.565,1.0,1.5,17.565
GTAIV.exe,1234,0x0,DXGI,0,0,0,Hardware: Legacy Flip,0,8.125174,0.5,16.599,1.0,1.5,16.599
GTAIV.exe,1234,0x0,DXGI,0,0,0,Hardware: Legacy Flip,0,8.141692,0.5,16.517,1.0,1.5,16.517
GTAIV.exe,1234,0x0,DXGI,0,0,0,Hardware: Legacy Flip,0,8.157341,0.5,15.650,1.0,1.5,15.650
GTAIV.exe,1234,0x0,DXGI,0,0,0,Hardware: Legacy Flip,0,8.174548,0.5,17.206,1.0,1.5,17.206
GTAIV.exe,1234,0x0,DXGI,0,0,0,Hardware: Legacy Flip,0,8.192704,0.5,18.157,1.0,1.5,18.157
GTAIV.exe,1234,0x0,DXGI,0,0,0,Hardware: Legacy Flip,0,8.208814,0.5,16.110,1.0,1.5,16.110
GTAIV.exe,1234,0x0,DXGI,0,0,0,Hardware: Legacy Flip,0,8.223642,0.5,14.829,1.0,1.5,14.829
GTAIV.exe,1234,0x0,DXGI,0,0,0,Hardware: Legacy Flip,0,8.240094,0.5,16.452,1.0,1.5,16.452
GTAIV.exe,1234,0x0,DXGI,0,0,0,Hardware: Legacy Flip,0,8.257021,0.5,16.927,1.0,1.5,16.927
GTAIV.exe,1234,0x0,DXGI,0,0,0,Hardware: Legacy Flip,0,8.271790,0.5,14.769,1.0,1.5,14.769
GTAIV.exe,1234,0x0,DXGI,0,0,0,Hardware: Legacy Flip,0,8.287592,0.5,15.801,1.0,1.5,15.801
GTAIV.exe,1234,0x0,DXGI,0,0,0,Hardware: Legacy Flip,0,8.303893,0.5,16.301,1.0,1.5,16.301
GTAIV.exe,1234,0x0,DXGI,0,0,0,Hardware: Legacy Flip,0,8.320372,0.5,16.480,1.0,1.5,16.480
GTAIV.exe,1234,0x0,DXGI,0,0,0,Hardware: Legacy Flip,0,8.336919,0.5,16.547,1.0,1.5,16.547
GTAIV.exe,1234,0x0,DXGI,0,0,0,Hardware: Legacy Flip,0,8.353405,0.5,16.486,1.0,1.5,16.486
GTAIV.exe,1234,0x0,DXGI,0,0,0,Hardware: Legacy Flip,0,8.369537,0.5,16.132,1.0,1.5,16.132
GTAIV.exe,1234,0x0,DXGI,0,0,0,Hardware: Legacy Flip,0,8.387610,0.5,18.073,1.0,1.5,18.073
GTAIV.exe,1234,0x0,DXGI,0,0,0,Hardware: Legacy Flip,0,8.404004,0.5,16.394,1.0,1.5,16.394
GTAIV.exe,1234,0x0,DXGI,0,0,0,Hardware: Legacy Flip,0,8.420735,0.5,16.731,1.0,1.5,16.731
GTAIV.exe,1234,0x0,DXGI,0,0,0,Hardware: Legacy Flip,0,8.436300,0.5,15.565,1.0,1.5,15.565
GTAIV.exe,1234,0x0,DXGI,0,0,0,Hardware: Legacy Flip,0,8.453262,0.5,16.962,1.0,1.5,16.962
GTAIV.exe,1234,0x0,DXGI,0,0,0,Hardware: Legacy Flip,0,8.471059,0.5,17.798,1.0,1.5,17.798
GTAIV.exe,1234,0x0,DXGI,0,0,0,Hardware: Legacy Flip,0,8.488593,0.5,17.534,1.0,1.5,17.534
GTAIV.exe,1234,0x0,DXGI,0,0,0,Hardware: Legacy Flip,0,8.505992,0.5,17.398,1.0,1.5,17.398
GTAIV.exe,1234,0x0,DXGI,0,0,0,Hardware: Legacy Flip,0,8.523596,0.5,17.604,1.0,1.5,17.604
GTAIV.exe,1234,0x0,DXGI,0,0,0,Hardware: Legacy Flip,0,8.539081,0.5,15.485,1.0,1.5,15.485
GTAIV.exe,1234,0x0,DXGI,0,0,0,Hardware: Legacy Flip,0,8.557246,0.5,18.165,1.0,1.5,18.165
GTAIV.exe,1234,0x0,DXGI,0,0,0,Hardware: Legacy Flip,0,8.572994,0.5,15.749,1.0,1.5,15.749
GTAIV.exe,1234,0x0,DXGI,0,0,0,Hardware: Legacy Flip,0,8.590080,0.5,17.086,1.0,1.5,17.086
GTAIV.exe,1234,0x0,DXGI,0,0,0,Hardware: Legacy Flip,0,8.604970,0.5,14.890,1.0,1.5,14.890
GTAIV.exe,1234,0x0,DXGI,0,0,0,Hardware: Legacy Flip,0,8.621687,0.5,16.718,1.0,1.5,16.718
GTAIV.exe,1234,0x0,DXGI,0,0,0,Hardware: Legacy Flip,0,8.638748,0.5,17.061,1.0,1.5,17.061
GTAIV.exe,1234,0x0,DXGI,0,0,0,Hardware: Legacy Flip,0,8.654997,0.5,16.249,1.0,1.5,16.249
GTAIV.exe,1234,0x0,DXGI,0,0,0,Hardware: Legacy Flip,0,8.672057,0.5,17.059,1.0,1.5,17.059
GTAIV.exe,1234,0x0,DXGI,0,0,0,Hardware: Legacy Flip,0,8.688602,0.5,16.546,1.0,1.5,16.546
GTAIV.exe,1234,0x0,DXGI,0,0,0,Hardware: Legacy Flip,0,8.705032,0.5,16.430,1.0,1.5,16.430
GTAIV.exe,1234,0x0,DXGI,0,0,0,Hardware: Legacy Flip,0,8.719727,0.5,14.694,1.0,1.5,14.694
GTAIV.exe,1234,0x0,DXGI,0,0,0,Hardware: Legacy Flip,0,8.736289,0.5,16.562,1.0,1.5,16.562
GTAIV.exe,1234,0x0,DXGI,0,0,0,Hardware: Legacy Flip,0,8.752929,0.5,16.641,1.0,1.5,16.641
GTAIV.exe,1234,0x0,DXGI,0,0,0,Hardware: Legacy Flip,0,8.769390,0.5,16.461,1.0,1.5,16.461
GTAIV.exe,1234,0x0,DXGI,0,0,0,Hardware: Legacy Flip,0,8.908615,0.5,139.225,1.0,1.5,139.225
GTAIV.exe,1234,0x0,DXGI,0,0,0,Hardware: Legacy Flip,0,8.926028,0.5,17.413,1.0,1.5,17.413
GTAIV.exe,1234,0x0,DXGI,0,0,0,Hardware: Legacy Flip,0,8.944504,0.5,18.476,1.0,1.5,18.476
GTAIV.exe,1234,0x0,DXGI,0,0,0,Hardware: Legacy Flip,0,8.961521,0.5,17.017,1.0,1.5,17.017
GTAIV.exe,1234,0x0,DXGI,0,0,0,Hardware: Legacy Flip,0,8.978779,0.5,17.258,1.0,1.5,17.258
GTAIV.exe,1234,0x0,DXGI,0,0,0,Hardware: Legacy Flip,0,8.994911,0.5,16.133,1.0,1.5,16.133
GTAIV.exe,1234,0x0,DXGI,0,0,0,Hardware: Legacy Flip,0,9.010544,0.5,15.633,1.0,1.5,15.633
GTAIV.exe,1234,0x0,DXGI,0,0,0,Hardware: Legacy Flip,0,9.026207,0.5,15.663,1.0,1.5,15.663
GTAIV.exe,1234,0x0,DXGI,0,0,0,Hardware: Legacy Flip,0,9.043516,0.5,17.309,1.0,1.5,17.309
GTAIV.exe,1234,0x0,DXGI,0,0,0,Hardware: Legacy Flip,0,9.059671,0.5,16.155,1.0,1.5,16.155
GTAIV.exe,1234,0x0,DXGI,0,0,0,Hardware: Legacy Flip,0,9.075506,0.5,15.835,1.0,1.5,15.835
GTAIV.exe,1234,0x0,DXGI,0,0,0,Hardware: Legacy Flip,0,9.092392,0.5,16.886,1.0,1.5,16.886
GTAIV.exe,1234,0x0,DXGI,0,0,0,Hardware: Legacy Flip,0,9.107488,0.5,15.095,1.0,1.5,15.095
GTAIV.exe,1234,0x0,DXGI,0,0,0,Hardware: Legacy Flip,0,9.125051,0.5,17.564,1.0,1.5,17.564
GTAIV.exe,1234,0x0,DXGI,0,0,0,Hardware: Legacy Flip,0,9.141567,0.5,16.516,1.0,1.5,16.516
GTAIV.exe,1234,0x0,DXGI,0,0,0,Hardware: Legacy Flip,0,9.158213,0.5,16.645,1.0,1.5,16.645
GTAIV.exe,1234,0x0,DXGI,0,0,0,Hardware: Legacy Flip,0,9.174460,0.5,16.247,1.0,1.5,16.247
GTAIV.exe,1234,0x0,DXGI,0,0,0,Hardware: Legacy Flip,0,9.192674,0.5,18.214,1.0,1.5,18.214
GTAIV.exe,1234,0x0,DXGI,0,0,0,Hardware: Legacy Flip,0,9.210760,0.5,18.086,1.0,1.5,18.086
GTAIV.exe,1234,0x0,DXGI,0,0,0,Hardware: Legacy Flip,0,9.227011,0.5,16.251,1.0,1.5,16.251
GTAIV.exe,1234,0x0,DXGI,0,0,0,Hardware: Legacy Flip,0,9.245136,0.5,18.125,1.0,1.5,18.125
GTAIV.exe,1234,0x0,DXGI,0,0,0,Hardware: Legacy Flip,0,9.260913,0.5,15.777,1.0,1.5,15.777
GTAIV.exe,1234,0x0,DXGI,0,0,0,Hardware: Legacy Flip,0,9.276689,0.5,15.776,1.0,1.5,15.776
GTAIV.exe,1234,0x0,DXGI,0,0,0,Hardware: Legacy Flip,0,9.292088,0.5,15.399,1.0,1.5,15.399
GTAIV.exe,1234,0x0,DXGI,0,0,0,Hardware: Legacy Flip,0,9.306810,0.5,14.721,1.0,1.5,14.721
GTAIV.exe,1234,0x0,DXGI,0,0,0,Hardware: Legacy Flip,0,9.321946,0.5,15.136,1.0,1.5,15.136
GTAIV.exe,1234,0x0,DXGI,0,0,0,Hardware: Legacy Flip,0,9.337566,0.5,15.620,1.0,1.5,15.620
GTAIV.exe,1234,0x0,DXGI,0,0,0,Hardware: Legacy Flip,0,9.354768,0.5,17.202,1.0,1.5,17.202
GTAIV.exe,1234,0x0,DXGI,0,0,0,Hardware: Legacy Flip,0,9.370954,0.5,16.187,1.0,1.5,16.187
GTAIV.exe,1234,0x0,DXGI,0,0,0,Hardware: Legacy Flip,0,9.388387,0.5,17.433,1.0,1.5,17.433
GTAIV.exe,1234,0x0,DXGI,0,0,0,Hardware: Legacy Flip,0,9.406968,0.5,18.581,1.0,1.5,18.581
GTAIV.exe,1234,0x0,DXGI,0,0,0,Hardware: Legacy Flip,0,9.424919,0.5,17.951,1.0,1.5,17.951
GTAIV.exe,1234,0x0,DXGI,0,0,0,Hardware: Legacy Flip,0,9.442480,0.5,17.562,1.0,1.5,17.562
GTAIV.exe,1234,0x0,DXGI,0,0,0,Hardware: Legacy Flip,0,9.457596,0.5,15.116,1.0,1.5,15.116
GTAIV.exe,1234,0x0,DXGI,0,0,0,Hardware: Legacy Flip,0,9.473363,0.5,15.767,1.0,1.5,15.767
GTAIV.exe,1234,0x0,DXGI,0,0,0,Hardware: Legacy Flip,0,9.489607,0.5,16.244,1.0,1.5,16.244
GTAIV.exe,1234,0x0,DXGI,0,0,0,Hardware: Legacy Flip,0,9.504803,0.5,15.197,1.0,1.5,15.197
GTAIV.exe,1234,0x0,DXGI,0,0,0,Hardware: Legacy Flip,0,9.521214,0.5,16.410,1.0,1.5,16.410
GTAIV.exe,1234,0x0,DXGI,0,0,0,Hardware: Legacy Flip,0,9.537267,0.5,16.053,1.0,1.5,16.053
GTAIV.exe,1234,0x0,DXGI,0,0,0,Hardware: Legacy Flip,0,9.552988,0.5,15.721,1.0,1.5,15.721
GTAIV.exe,1234,0x0,DXGI,0,0,0,Hardware: Legacy Flip,0,9.569002,0.5,16.014,1.0,1.5,16.014
GTAIV.exe,1234,0x0,DXGI,0,0,0,Hardware: Legacy Flip,0,9.585917,0.5,16.915,1.0,1.5,16.915
GTAIV.exe,1234,0x0,DXGI,0,0,0,Hardware: Legacy Flip,0,9.604437,0.5,18.521,1.0,1.5,18.521
GTAIV.exe,1234,0x0,DXGI,0,0,0,Hardware: Legacy Flip,0,9.622573,0.5,18.136,1.0,1.5,18.136
GTAIV.exe,1234,0x0,DXGI,0,0,0,Hardware: Legacy Flip,0,9.638525,0.5,15.952,1.0,1.5,15.952
GTAIV.exe,1234,0x0,DXGI,0,0,0,Hardware: Legacy Flip,0,9.656469,0.5,17.944,1.0,1.5,17.944
GTAIV.exe,1234,0x0,DXGI,0,0,0,Hardware: Legacy Flip,0,9.673840,0.5,17.371,1.0,1.5,17.371
GTAIV.exe,1234,0x0,DXGI,0,0,0,Hardware: Legacy Flip,0,9.690389,0.5,16.549,1.0,1.5,16.549
GTAIV.exe,1234,0x0,DXGI,0,0,0,Hardware: Legacy Flip,0,9.705957,0.5,15.568,1.0,1.5,15.568
GTAIV.exe,1234,0x0,DXGI,0,0,0,Hardware: Legacy Flip,0,9.722501,0.5,16.544,1.0,1.5,16.544
GTAIV.exe,1234,0x0,DXGI,0,0,0,Hardware: Legacy Flip,0,9.738622,0.5,16.120,1.0,1.5,16.120
GTAIV.exe,1234,0x0,DXGI,0,0,0,Hardware: Legacy Flip,0,9.756489,0.5,17.868,1.0,1.5,17.868
GTAIV.exe,1234,0x0,DXGI,0,0,0,Hardware: Legacy Flip,0,9.771428,0.5,14.939,1.0,1.5,14.939
GTAIV.exe,1234,0x0,DXGI,0,0,0,Hardware: Legacy Flip,0,9.786071,0.5,14.642,1.0,1.5,14.642
GTAIV.exe,1234,0x0,DXGI,0,0,0,Hardware: Legacy Flip,0,9.802117,0.5,16.046,1.0,1.5,16.046
GTAIV.exe,1234,0x0,DXGI,0,0,0,Hardware: Legacy Flip,0,9.818018,0.5,15.901,1.0,1.5,15.901
GTAIV.exe,1234,0x0,DXGI,0,0,0,Hardware: Legacy Flip,0,9.834458,0.5,16.440,1.0,1.5,16.440
GTAIV.exe,1234,0x0,DXGI,0,0,0,Hardware: Legacy Flip,0,9.849624,0.5,15.166,1.0,1.5,15.166
GTAIV.exe,1234,0x0,DXGI,0,0,0,Hardware: Legacy Flip,0,9.866122,0.5,16.498,1.0,1.5,16.498
GTAIV.exe,1234,0x0,DXGI,0,0,0,Hardware: Legacy Flip,0,9.885006,0.5,18.884,1.0,1.5,18.884
GTAIV.exe,1234,0x0,DXGI,0,0,0,Hardware: Legacy Flip,0,9.903825,0.5,18.819,1.0,1.5,18.819
GTAIV.exe,1234,0x0,DXGI,0,0,0,Hardware: Legacy Flip,0,9.921611,0.5,17.786,1.0,1.5,17.786
GTAIV.exe,1234,0x0,DXGI,0,0,0,Hardware: Legacy Flip,0,9.936837,0.5,15.227,1.0,1.5,15.227
GTAIV.exe,1234,0x0,DXGI,0,0,0,Hardware: Legacy Flip,0,9.953965,0.5,17.128,1.0,1.5,17.128
GTAIV.exe,1234,0x0,DXGI,0,0,0,Hardware: Legacy Flip,0,9.970931,0.5,16.965,1.0,1.5,16.965
GTAIV.exe,1234,0x0,DXGI,0,0,0,Hardware: Legacy Flip,0,9.987617,0.5,16.686,1.0,1.5,16.686
GTAIV.exe,1234,0x0,DXGI,0,0,0,Hardware: Legacy Flip,0,10.003879,0.5,16.262,1.0,1.5,16.262
GTAIV.exe,1234,0x0,DXGI,0,0,0,Hardware: Legacy Flip,0,10.020210,0.5,16.331,1.0,1.5,16.331
GTAIV.exe,1234,0x0,DXGI,0,0,0,Hardware: Legacy Flip,0,10.035999,0.5,15.789,1.0,1.5,15.789
GTAIV.exe,1234,0x0,DXGI,0,0,0,Hardware: Legacy Flip,0,10.051199,0.5,15.200,1.0,1.5,15.200
GTAIV.exe,1234,0x0,DXGI,0,0,0,Hardware: Legacy Flip,0,10.068485,0.5,17.285,1.0,1.5,17.285
GTAIV.exe,1234,0x0,DXGI,0,0,0,Hardware: Legacy Flip,0,10.086447,0.5,17.962,1.0,1.5,17.962
GTAIV.exe,1234,0x0,DXGI,0,0,0,Hardware: Legacy Flip,0,10.102895,0.5,16.448,1.0,1.5,16.448
GTAIV.exe,1234,0x0,DXGI,0,0,0,Hardware: Legacy Flip,0,10.121623,0.5,18.728,1.0,1.5,18.728
GTAIV.exe,1234,0x0,DXGI,0,0,0,Hardware: Legacy Flip,0,10.138344,0.5,16.721,1.0,1.5,16.721
GTAIV.exe,1234,0x0,DXGI,0,0,0,Hardware: Legacy Flip,0,10.152973,0.5,14.629,1.0,1.5,14.629
GTAIV.exe,1234,0x0,DXGI,0,0,0,Hardware: Legacy Flip,0,10.168680,0.5,15.707,1.0,1.5,15.707
GTAIV.exe,1234,0x0,DXGI,0,0,0,Hardware: Legacy Flip,0,10.187752,0.5,19.073,1.0,1.5,19.073
GTAIV.exe,1234,0x0,DXGI,0,0,0,Hardware: Legacy Flip,0,10.205824,0.5,18.072,1.0,1.5,18.072
GTAIV.exe,1234,0x0,DXGI,0,0,0,Hardware: Legacy Flip,0,10.222780,0.5,16.956,1.0,1.5,16.956
GTAIV.exe,1234,0x0,DXGI,0,0,0,Hardware: Legacy Flip,0,10.238729,0.5,15.949,1.0,1.5,15.949
GTAIV.exe,1234,0x0,DXGI,0,0,0,Hardware: Legacy Flip,0,10.256569,0.5,17.840,1.0,1.5,17.840
GTAIV.exe,1234,0x0,DXGI,0,0,0,Hardware: Legacy Flip,0,10.273202,0.5,16.634,1.0,1.5,16.634
GTAIV.exe,1234,0x0,DXGI,0,0,0,Hardware: Legacy Flip,0,10.289398,0.5,16.196,1.0,1.5,16.196
GTAIV.exe,1234,0x0,DXGI,0,0,0,Hardware: Legacy Flip,0,10.306397,0.5,16.999,1.0,1.5,16.999
GTAIV.exe,1234,0x0,DXGI,0,0,0,Hardware: Legacy Flip,0,10.320508,0.5,14.111,1.0,1.5,14.111
GTAIV.exe,1234,0x0,DXGI,0,0,0,Hardware: Legacy Flip,0,10.337208,0.5,16.700,1.0,1.5,16.700
GTAIV.exe,1234,0x0,DXGI,0,0,0,Hardware: Legacy Flip,0,10.353674,0.5,16.467,1.0,1.5,16.467
GTAIV.exe,1234,0x0,DXGI,0,0,0,Hardware: Legacy Flip,0,10.372167,0.5,18.492,1.0,1.5,18.492
GTAIV.exe,1234,0x0,DXGI,0,0,0,Hardware: Legacy Flip,0,10.389900,0.5,17.733,1.0,1.5,17.733
GTAIV.exe,1234,0x0,DXGI,0,0,0,Hardware: Legacy Flip,0,10.405619,0.5,15.719,1.0,1.5,15.719
GTAIV.exe,1234,0x0,DXGI,0,0,0,Hardware: Legacy Flip,0,10.421928,0.5,16.308,1.0,1.5,16.308
GTAIV.exe,1234,0x0,DXGI,0,0,0,Hardware: Legacy Flip,0,10.437739,0.5,15.812,1.0,1.5,15.812
GTAIV.exe,1234,0x0,DXGI,0,0,0,Hardware: Legacy Flip,0,10.452571,0.5,14.832,1.0,1.5,14.832
GTAIV.exe,1234,0x0,DXGI,0,0,0,Hardware: Legacy Flip,0,10.469076,0.5,16.505,1.0,1.5,16.505
GTAIV.exe,1234,0x0,DXGI,0,0,0,Hardware: Legacy Flip,0,10.485609,0.5,16.533,1.0,1.5,16.533
GTAIV.exe,1234,0x0,DXGI,0,0,0,Hardware: Legacy Flip,0,10.501534,0.5,15.925,1.0,1.5,15.925
GTAIV.exe,1234,0x0,DXGI,0,0,0,Hardware: Legacy Flip,0,10.518413,0.5,16.879,1.0,1.5,16.879
GTAIV.exe,1234,0x0,DXGI,0,0,0,Hardware: Legacy Flip,0,10.534504,0.5,16.091,1.0,1.5,16.091
GTAIV.exe,1234,0x0,DXGI,0,0,0,Hardware: Legacy Flip,0,10.551979,0.5,17.476,1.0,1.5,17.476
GTAIV.exe,1234,0x0,DXGI,0,0,0,Hardware: Legacy Flip,0,10.567351,0.5,15.372,1.0,1.5,15.372
GTAIV.exe,1234,0x0,DXGI,0,0,0,Hardware: Legacy Flip,0,10.585113,0.5,17.762,1.0,1.5,17.762
GTAIV.exe,1234,0x0,DXGI,0,0,0,Hardware: Legacy Flip,0,10.602358,0.5,17.245,1.0,1.5,17.245
GTAIV.exe,1234,0x0,DXGI,0,0,0,Hardware: Legacy Flip,0,10.619139,0.5,16.782,1.0,1.5,16.782
GTAIV.exe,1234,0x0,DXGI,0,0,0,Hardware: Legacy Flip,0,10.634662,0.5,15.523,1.0,1.5,15.523
GTAIV.exe,1234,0x0,DXGI,0,0,0,Hardware: Legacy Flip,0,10.652741,0.5,18.079,1.0,1.5,18.079
GTAIV.exe,1234,0x0,DXGI,0,0,0,Hardware: Legacy Flip,0,10.670120,0.5,17.378,1.0,1.5,17.378
GTAIV.exe,1234,0x0,DXGI,0,0,0,Hardware: Legacy Flip,0,10.687279,0.5,17.160,1.0,1.5,17.160
GTAIV.exe,1234,0x0,DXGI,0,0,0,Hardware: Legacy Flip,0,10.704776,0.5,17.497,1.0,1.5,17.497
GTAIV.exe,1234,0x0,DXGI,0,0,0,Hardware: Legacy Flip,0,10.722725,0.5,17.949,1.0,1.5,17.949
GTAIV.exe,1234,0x0,DXGI,0,0,0,Hardware: Legacy Flip,0,10.738199,0.5,15.474,1.0,1.5,15.474
GTAIV.exe,1234,0x0,DXGI,0,0,0,Hardware: Legacy Flip,0,10.754391,0.5,16.192,1.0,1.5,16.192
GTAIV.exe,1234,0x0,DXGI,0,0,0,Hardware: Legacy Flip,0,10.772746,0.5,18.355,1.0,1.5,18.355
GTAIV.exe,1234,0x0,DXGI,0,0,0,Hardware: Legacy Flip,0,10.790371,0.5,17.625,1.0,1.5,17.625
GTAIV.exe,1234,0x0,DXGI,0,0,0,Hardware: Legacy Flip,0,10.807048,0.5,16.677,1.0,1.5,16.677
GTAIV.exe,1234,0x0,DXGI,0,0,0,Hardware: Legacy Flip,0,10.822067,0.5,15.019,1.0,1.5,15.019
GTAIV.exe,1234,0x0,DXGI,0,0,0,Hardware: Legacy Flip,0,10.839342,0.5,17.275,1.0,1.5,17.275
GTAIV.exe,1234,0x0,DXGI,0,0,0,Hardware: Legacy Flip,0,10.855034,0.5,15.692,1.0,1.5,15.692
GTAIV.exe,1234,0x0,DXGI,0,0,0,Hardware: Legacy Flip,0,10.871156,0.5,16.122,1.0,1.5,16.122
GTAIV.exe,1234,0x0,DXGI,0,0,0,Hardware: Legacy Flip,0,10.889084,0.5,17.928,1.0,1.5,17.928
GTAIV.exe,1234,0x0,DXGI,0,0,0,Hardware: Legacy Flip,0,10.904731,0.5,15.647,1.0,1.5,15.647
GTAIV.exe,1234,0x0,DXGI,0,0,0,Hardware: Legacy Flip,0,10.920384,0.5,15.653,1.0,1.5,15.653
GTAIV.exe,1234,0x0,DXGI,0,0,0,Hardware: Legacy Flip,0,10.936877,0.5,16.493,1.0,1.5,16.493
GTAIV.exe,1234,0x0,DXGI,0,0,0,Hardware: Legacy Flip,0,10.952892,0.5,16.015,1.0,1.5,16.015
GTAIV.exe,1234,0x0,DXGI,0,0,0,Hardware: Legacy Flip,0,10.968379,0.5,15.487,1.0,1.5,15.487
GTAIV.exe,1234,0x0,DXGI,0,0,0,Hardware: Legacy Flip,0,10.985578,0.5,17.199,1.0,1.5,17.199
GTAIV.exe,1234,0x0,DXGI,0,0,0,Hardware: Legacy Flip,0,11.003074,0.5,17.495,1.0,1.5,17.495
GTAIV.exe,1234,0x0,DXGI,0,0,0,Hardware: Legacy Flip,0,11.020738,0.5,17.664,1.0,1.5,17.664
GTAIV.exe,1234,0x0,DXGI,0,0,0,Hardware: Legacy Flip,0,11.035980,0.5,15.243,1.0,1.5,15.243
GTAIV.exe,1234,0x0,DXGI,0,0,0,Hardware: Legacy Flip,0,11.052863,0.5,16.882,1.0,1.5,16.882
GTAIV.exe,1234,0x0,DXGI,0,0,0,Hardware: Legacy Flip,0,11.069229,0.5,16.366,1.0,1.5,16.366
GTAIV.exe,1234,0x0,DXGI,0,0,0,Hardware: Legacy Flip,0,11.086728,0.5,17.500,1.0,1.5,17.500
GTAIV.exe,1234,0x0,DXGI,0,0,0,Hardware: Legacy Flip,0,11.103759,0.5,17.031,1.0,1.5,17.031
GTAIV.exe,1234,0x0,DXGI,0,0,0,Hardware: Legacy Flip,0,11.120882,0.5,17.123,1.0,1.5,17.123
GTAIV.exe,1234,0x0,DXGI,0,0,0,Hardware: Legacy Flip,0,11.139170,0.5,18.288,1.0,1.5,18.288
GTAIV.exe,1234,0x0,DXGI,0,0,0,Hardware: Legacy Flip,0,11.155769,0.5,16.599,1.0,1.5,16.599
GTAIV.exe,1234,0x0,DXGI,0,0,0,Hardware: Legacy Flip,0,11.173291,0.5,17.522,1.0,1.5,17.522
GTAIV.exe,1234,0x0,DXGI,0,0,0,Hardware: Legacy Flip,0,11.189917,0.5,16.626,1.0,1.5,16.626
GTAIV.exe,1234,0x0,DXGI,0,0,0,Hardware: Legacy Flip,0,11.206237,0.5,16.320,1.0,1.5,16.320
GTAIV.exe,1234,0x0,DXGI,0,0,0,Hardware: Legacy Flip,0,11.223756,0.5,17.519,1.0,1.5,17.519
GTAIV.exe,1234,0x0,DXGI,0,0,0,Hardware: Legacy Flip,0,11.241298,0.5,17.542,1.0,1.5,17.542
GTAIV.exe,1234,0x0,DXGI,0,0,0,Hardware: Legacy Flip,0,11.259252,0.5,17.954,1.0,1.5,17.954
GTAIV.exe,1234,0x0,DXGI,0,0,0,Hardware: Legacy Flip,0,11.277101,0.5,17.849,1.0,1.5,17.849
GTAIV.exe,1234,0x0,DXGI,0,0,0,Hardware: Legacy Flip,0,11.293499,0.5,16.398,1.0,1.5,16.398
GTAIV.exe,1234,0x0,DXGI,0,0,0,Hardware: Legacy Flip,0,11.310090,0.5,16.591,1.0,1.5,16.591
GTAIV.exe,1234,0x0,DXGI,0,0,0,Hardware: Legacy Flip,0,11.327809,0.5,17.719,1.0,1.5,17.719
GTAIV.exe,1234,0x0,DXGI,0,0,0,Hardware: Legacy Flip,0,11.345443,0.5,17.634,1.0,1.5,17.634
GTAIV.exe,1234,0x0,DXGI,0,0,0,Hardware: Legacy Flip,0,11.362423,0.5,16.980,1.0,1.5,16.980
GTAIV.exe,1234,0x0,DXGI,0,0,0,Hardware: Legacy Flip,0,11.379496,0.5,17.073,1.0,1.5,17.073
GTAIV.exe,1234,0x0,DXGI,0,0,0,Hardware: Legacy Flip,0,11.394495,0.5,14.999,1.0,1.5,14.999
GTAIV.exe,1234,0x0,DXGI,0,0,0,Hardware: Legacy Flip,0,11.411466,0.5,16.970,1.0,1.5,16.970
GTAIV.exe,1234,0x0,DXGI,0,0,0,Hardware: Legacy Flip,0,11.428149,0.5,16.683,1.0,1.5,16.683
GTAIV.exe,1234,0x0,DXGI,0,0,0,Hardware: Legacy Flip,0,11.444277,0.5,16.128,1.0,1.5,16.128
GTAIV.exe,1234,0x0,DXGI,0,0,0,Hardware: Legacy Flip,0,11.460476,0.5,16.199,1.0,1.5,16.199
GTAIV.exe,1234,0x0,DXGI,0,0,0,Hardware: Legacy Flip,0,11.478491,0.5,18.015,1.0,1.5,18.015
GTAIV.exe,1234,0x0,DXGI,0,0,0,Hardware: Legacy Flip,0,11.492514,0.5,14.023,1.0,1.5,14.023
GTAIV.exe,1234,0x0,DXGI,0,0,0,Hardware: Legacy Flip,0,11.508228,0.5,15.714,1.0,1.5,15.714
GTAIV.exe,1234,0x0,DXGI,0,0,0,Hardware: Legacy Flip,0,11.523544,0.5,15.317,1.0,1.5,15.317
GTAIV.exe,1234,0x0,DXGI,0,0,0,Hardware: Legacy Flip,0,11.540521,0.5,16.977,1.0,1.5,16.977
GTAIV.exe,1234,0x0,DXGI,0,0,0,Hardware: Legacy Flip,0,11.556280,0.5,15.759,1.0,1.5,15.759
GTAIV.exe,1234,0x0,DXGI,0,0,0,Hardware: Legacy Flip,0,11.575091,0.5,18.811,1.0,1.5,18.811
GTAIV.exe,1234,0x0,DXGI,0,0,0,Hardware: Legacy Flip,0,11.590670,0.5,15.579,1.0,1.5,15.579
GTAIV.exe,1234,0x0,DXGI,0,0,0,Hardware: Legacy Flip,0,11.605112,0.5,14.442,1.0,1.5,14.442
GTAIV.exe,1234,0x0,DXGI,0,0,0,Hardware: Legacy Flip,0,11.623082,0.5,17.970,1.0,1.5,17.970
GTAIV.exe,1234,0x0,DXGI,0,0,0,Hardware: Legacy Flip,0,11.638495,0.5,15.413,1.0,1.5,15.413
GTAIV.exe,1234,0x0,DXGI,0,0,0,Hardware: Legacy Flip,0,11.655607,0.5,17.113,1.0,1.5,17.113
GTAIV.exe,1234,0x0,DXGI,0,0,0,Hardware: Legacy Flip,0,11.673774,0.5,18.167,1.0,1.5,18.167
GTAIV.exe,1234,0x0,DXGI,0,0,0,Hardware: Legacy Flip,0,11.690032,0.5,16.258,1.0,1.5,16.258
GTAIV.exe,1234,0x0,DXGI,0,0,0,Hardware: Legacy Flip,0,11.706332,0.5,16.300,1.0,1.5,16.300
GTAIV.exe,1234,0x0,DXGI,0,0,0,Hardware: Legacy Flip,0,11.723623,0.5,17.291,1.0,1.5,17.291
GTAIV.exe,1234,0x0,DXGI,0,0,0,Hardware: Legacy Flip,0,11.741198,0.5,17.574,1.0,1.5,17.574
GTAIV.exe,1234,0x0,DXGI,0,0,0,Hardware: Legacy Flip,0,11.757559,0.5,16.362,1.0,1.5,16.362
GTAIV.exe,1234,0x0,DXGI,0,0,0,Hardware: Legacy Flip,0,11.773367,0.5,15.807,1.0,1.5,15.807
GTAIV.exe,1234,0x0,DXGI,0,0,0,Hardware: Legacy Flip,0,11.790633,0.5,17.267,1.0,1.5,17.267
GTAIV.exe,1234,0x0,DXGI,0,0,0,Hardware: Legacy Flip,0,11.806321,0.5,15.688,1.0,1.5,15.688
GTAIV.exe,1234,0x0,DXGI,0,0,0,Hardware: Legacy Flip,0,11.823471,0.5,17.149,1.0,1.5,17.149
GTAIV.exe,1234,0x0,DXGI,0,0,0,Hardware: Legacy Flip,0,11.841676,0.5,18.205,1.0,1.5,18.205
GTAIV.exe,1234,0x0,DXGI,0,0,0,Hardware: Legacy Flip,0,11.857751,0.5,16.075,1.0,1.5,16.075
GTAIV.exe,1234,0x0,DXGI,0,0,0,Hardware: Legacy Flip,0,11.874306,0.5,16.555,1.0,1.5,16.555
GTAIV.exe,1234,0x0,DXGI,0,0,0,Hardware: Legacy Flip,0,11.893523,0.5,19.217,1.0,1.5,19.217
GTAIV.exe,1234,0x0,DXGI,0,0,0,Hardware: Legacy Flip,0,11.909245,0.5,15.722,1.0,1.5,15.722
GTAIV.exe,1234,0x0,DXGI,0,0,0,Hardware: Legacy Flip,0,11.925155,0.5,15.909,1.0,1.5,15.909
GTAIV.exe,1234,0x0,DXGI,0,0,0,Hardware: Legacy Flip,0,11.940992,0.5,15.838,1.0,1.5,15.838
GTAIV.exe,1234,0x0,DXGI,0,0,0,Hardware: Legacy Flip,0,11.958675,0.5,17.682,1.0,1.5,17.682
GTAIV.exe,1234,0x0,DXGI,0,0,0,Hardware: Legacy Flip,0,11.975986,0.5,17.311,1.0,1.5,17.311
GTAIV.exe,1234,0x0,DXGI,0,0,0,Hardware: Legacy Flip,0,11.992381,0.5,16.395,1.0,1.5,16.395
GTAIV.exe,1234,0x0,DXGI,0,0,0,Hardware: Legacy Flip,0,12.008181,0.5,15.800,1.0,1.5,15.800
GTAIV.exe,1234,0x0,DXGI,0,0,0,Hardware: Legacy Flip,0,12.025692,0.5,17.511,1.0,1.5,17.511
GTAIV.exe,1234,0x0,DXGI,0,0,0,Hardware: Legacy Flip,0,12.044175,0.5,18.483,1.0,1.5,18.483
GTAIV.exe,1234,0x0,DXGI,0,0,0,Hardware: Legacy Flip,0,12.059819,0.5,15.644,1.0,1.5,15.644
GTAIV.exe,1234,0x0,DXGI,0,0,0,Hardware: Legacy Flip,0,12.076594,0.5,16.775,1.0,1.5,16.775
GTAIV.exe,1234,0x0,DXGI,0,0,0,Hardware: Legacy Flip,0,12.092684,0.5,16.090,1.0,1.5,16.090
GTAIV.exe,1234,0x0,DXGI,0,0,0,Hardware: Legacy Flip,0,12.107573,0.5,14.889,1.0,1.5,14.889
GTAIV.exe,1234,0x0,DXGI,0,0,0,Hardware: Legacy Flip,0,12.126005,0.5,18.432,1.0,1.5,18.432
GTAIV.exe,1234,0x0,DXGI,0,0,0,Hardware: Legacy Flip,0,12.141393,0.5,15.388,1.0,1.5,15.388
GTAIV.exe,1234,0x0,DXGI,0,0,0,Hardware: Legacy Flip,0,12.158859,0.5,17.466,1.0,1.5,17.466
GTAIV.exe,1234,0x0,DXGI,0,0,0,Hardware: Legacy Flip,0,12.175501,0.5,16.642,1.0,1.5,16.642
GTAIV.exe,1234,0x0,DXGI,0,0,0,Hardware: Legacy Flip,0,12.193145,0.5,17.644,1.0,1.5,17.644
GTAIV.exe,1234,0x0,DXGI,0,0,0,Hardware: Legacy Flip,0,12.208920,0.5,15.775,1.0,1.5,15.775
GTAIV.exe,1234,0x0,DXGI,0,0,0,Hardware: Legacy Flip,0,12.225927,0.5,17.007,1.0,1.5,17.007
GTAIV.exe,1234,0x0,DXGI,0,0,0,Hardware: Legacy Flip,0,12.241789,0.5,15.862,1.0,1.5,15.862
GTAIV.exe,1234,0x0,DXGI,0,0,0,Hardware: Legacy Flip,0,12.257141,0.5,15.352,1.0,1.5,15.352
GTAIV.exe,1234,0x0,DXGI,0,0,0,Hardware: Legacy Flip,0,12.274458,0.5,17.318,1.0,1.5,17.318
GTAIV.exe,1234,0x0,DXGI,0,0,0,Hardware: Legacy Flip,0,12.289494,0.5,15.036,1.0,1.5,15.036
GTAIV.exe,1234,0x0,DXGI,0,0,0,Hardware: Legacy Flip,0,12.343524,0.5,54.030,1.0,1.5,54.030
GTAIV.exe,1234,0x0,DXGI,0,0,0,Hardware: Legacy Flip,0,12.359938,0.5,16.414,1.0,1.5,16.414
GTAIV.exe,1234,0x0,DXGI,0,0,0,Hardware: Legacy Flip,0,12.374840,0.5,14.902,1.0,1.5,14.902
GTAIV.exe,1234,0x0,DXGI,0,0,0,Hardware: Legacy Flip,0,12.392086,0.5,17.246,1.0,1.5,17.246
GTAIV.exe,1234,0x0,DXGI,0,0,0,Hardware: Legacy Flip,0,12.408125,0.5,16.039,1.0,1.5,16.039
GTAIV.exe,1234,0x0,DXGI,0,0,0,Hardware: Legacy Flip,0,12.424993,0.5,16.868,1.0,1.5,16.868
GTAIV.exe,1234,0x0,DXGI,0,0,0,Hardware: Legacy Flip,0,12.440432,0.5,15.439,1.0,1.5,15.439
GTAIV.exe,1234,0x0,DXGI,0,0,0,Hardware: Legacy Flip,0,12.457449,0.5,17.018,1.0,1.5,17.018
GTAIV.exe,1234,0x0,DXGI,0,0,0,Hardware: Legacy Flip,0,12.473038,0.5,15.589,1.0,1.5,15.589
GTAIV.exe,1234,0x0,DXGI,0,0,0,Hardware: Legacy Flip,0,12.487874,0.5,14.836,1.0,1.5,14.836
GTAIV.exe,1234,0x0,DXGI,0,0,0,Hardware: Legacy Flip,0,12.505410,0.5,17.536,1.0,1.5,17.536
GTAIV.exe,1234,0x0,DXGI,0,0,0,Hardware: Legacy Flip,0,12.522408,0.5,16.998,1.0,1.5,16.998
GTAIV.exe,1234,0x0,DXGI,0,0,0,Hardware: Legacy Flip,0,12.539214,0.5,16.806,1.0,1.5,16.806
GTAIV.exe,1234,0x0,DXGI,0,0,0,Hardware: Legacy Flip,0,12.556451,0.5,17.237,1.0,1.5,17.237
GTAIV.exe,1234,0x0,DXGI,0,0,0,Hardware: Legacy Flip,0,12.574456,0.5,18.005,1.0,1.5,18.005
GTAIV.exe,1234,0x0,DXGI,0,0,0,Hardware: Legacy Flip,0,12.590571,0.5,16.115,1.0,1.5,16.115
GTAIV.exe,1234,0x0,DXGI,0,0,0,Hardware: Legacy Flip,0,12.608361,0.5,17.790,1.0,1.5,17.790
GTAIV.exe,1234,0x0,DXGI,0,0,0,Hardware: Legacy Flip,0,12.627830,0.5,19.469,1.0,1.5,19.469
GTAIV.exe,1234,0x0,DXGI,0,0,0,Hardware: Legacy Flip,0,12.645225,0.5,17.395,1.0,1.5,17.395
GTAIV.exe,1234,0x0,DXGI,0,0,0,Hardware: Legacy Flip,0,12.661118,0.5,15.893,1.0,1.5,15.893
GTAIV.exe,1234,0x0,DXGI,0,0,0,Hardware: Legacy Flip,0,12.677411,0.5,16.294,1.0,1.5,16.294
GTAIV.exe,1234,0x0,DXGI,0,0,0,Hardware: Legacy Flip,0,12.695477,0.5,18.065,1.0,1.5,18.065
GTAIV.exe,1234,0x0,DXGI,0,0,0,Hardware: Legacy Flip,0,12.711004,0.5,15.527,1.0,1.5,15.527
GTAIV.exe,1234,0x0,DXGI,0,0,0,Hardware: Legacy Flip,0,12.728158,0.5,17.153,1.0,1.5,17.153
GTAIV.exe,1234,0x0,DXGI,0,0,0,Hardware: Legacy Flip,0,12.746177,0.5,18.019,1.0,1.5,18.019
GTAIV.exe,1234,0x0,DXGI,0,0,0,Hardware: Legacy Flip,0,12.762347,0.5,16.171,1.0,1.5,16.171
GTAIV.exe,1234,0x0,DXGI,0,0,0,Hardware: Legacy Flip,0,12.779291,0.5,16.944,1.0,1.5,16.944
GTAIV.exe,1234,0x0,DXGI,0,0,0,Hardware: Legacy Flip,0,12.793182,0.5,13.891,1.0,1.5,13.891
GTAIV.exe,1234,0x0,DXGI,0,0,0,Hardware: Legacy Flip,0,12.812815,0.5,19.632,1.0,1.5,19.632
GTAIV.exe,1234,0x0,DXGI,0,0,0,Hardware: Legacy Flip,0,12.831524,0.5,18.709,1.0,1.5,18.709
GTAIV.exe,1234,0x0,DXGI,0,0,0,Hardware: Legacy Flip,0,12.850332,0.5,18.809,1.0,1.5,18.809
GTAIV.exe,1234,0x0,DXGI,0,0,0,Hardware: Legacy Flip,0,12.866628,0.5,16.296,1.0,1.5,16.296
GTAIV.exe,1234,0x0,DXGI,0,0,0,Hardware: Legacy Flip,0,12.883759,0.5,17.132,1.0,1.5,17.132
GTAIV.exe,1234,0x0,DXGI,0,0,0,Hardware: Legacy Flip,0,12.900835,0.5,17.076,1.0,1.5,17.076
GTAIV.exe,1234,0x0,DXGI,0,0,0,Hardware: Legacy Flip,0,12.918354,0.5,17.519,1.0,1.5,17.519
GTAIV.exe,1234,0x0,DXGI,0,0,0,Hardware: Legacy Flip,0,12.935924,0.5,17.570,1.0,1.5,17.570
GTAIV.exe,1234,0x0,DXGI,0,0,0,Hardware: Legacy Flip,0,12.954094,0.5,18.171,1.0,1.5,18.171
GTAIV.exe,1234,0x0,DXGI,0,0,0,Hardware: Legacy Flip,0,12.969082,0.5,14.987,1.0,1.5,14.987
GTAIV.exe,1234,0x0,DXGI,0,0,0,Hardware: Legacy Flip,0,12.987644,0.5,18.562,1.0,1.5,18.562
GTAIV.exe,1234,0x0,DXGI,0,0,0,Hardware: Legacy Flip,0,13.004563,0.5,16.919,1.0,1.5,16.919
GTAIV.exe,1234,0x0,DXGI,0,0,0,Hardware: Legacy Flip,0,13.021490,0.5,16.927,1.0,1.5,16.927
GTAIV.exe,1234,0x0,DXGI,0,0,0,Hardware: Legacy Flip,0,13.039074,0.5,17.585,1.0,1.5,17.585
GTAIV.exe,1234,0x0,DXGI,0,0,0,Hardware: Legacy Flip,0,13.055645,0.5,16.571,1.0,1.5,16.571
GTAIV.exe,1234,0x0,DXGI,0,0,0,Hardware: Legacy Flip,0,13.074706,0.5,19.061,1.0,1.5,19.061
GTAIV.exe,1234,0x0,DXGI,0,0,0,Hardware: Legacy Flip,0,13.088625,0.5,13.919,1.0,1.5,13.919
GTAIV.exe,1234,0x0,DXGI,0,0,0,Hardware: Legacy Flip,0,13.106718,0.5,18.093,1.0,1.5,18.093
GTAIV.exe,1234,0x0,DXGI,0,0,0,Hardware: Legacy Flip,0,13.123098,0.5,16.379,1.0,1.5,16.379
GTAIV.exe,1234,0x0,DXGI,0,0,0,Hardware: Legacy Flip,0,13.140762,0.5,17.665,1.0,1.5,17.665
GTAIV.exe,1234,0x0,DXGI,0,0,0,Hardware: Legacy Flip,0,13.157546,0.5,16.784,1.0,1.5,16.784
GTAIV.exe,1234,0x0,DXGI,0,0,0,Hardware: Legacy Flip,0,13.175160,0.5,17.614,1.0,1.5,17.614
GTAIV.exe,1234,0x0,DXGI,0,0,0,Hardware: Legacy Flip,0,13.192086,0.5,16.926,1.0,1.5,16.926
GTAIV.exe,1234,0x0,DXGI,0,0,0,Hardware: Legacy Flip,0,13.209646,0.5,17.560,1.0,1.5,17.560
GTAIV.exe,1234,0x0,DXGI,0,0,0,Hardware: Legacy Flip,0,13.226244,0.5,16.598,1.0,1.5,16.598
GTAIV.exe,1234,0x0,DXGI,0,0,0,Hardware: Legacy Flip,0,13.241564,0.5,15.319,1.0,1.5,15.319
GTAIV.exe,1234,0x0,DXGI,0,0,0,Hardware: Legacy Flip,0,13.259567,0.5,18.004,1.0,1.5,18.004
GTAIV.exe,1234,0x0,DXGI,0,0,0,Hardware: Legacy Flip,0,13.276102,0.5,16.535,1.0,1.5,16.535
GTAIV.exe,1234,0x0,DXGI,0,0,0,Hardware: Legacy Flip,0,13.292676,0.5,16.574,1.0,1.5,16.574
GTAIV.exe,1234,0x0,DXGI,0,0,0,Hardware: Legacy Flip,0,13.308501,0.5,15.824,1.0,1.5,15.824
GTAIV.exe,1234,0x0,DXGI,0,0,0,Hardware: Legacy Flip,0,13.326776,0.5,18.275,1.0,1.5,18.275
GTAIV.exe,1234,0x0,DXGI,0,0,0,Hardware: Legacy Flip,0,13.342989,0.5,16.213,1.0,1.5,16.213
GTAIV.exe,1234,0x0,DXGI,0,0,0,Hardware: Legacy Flip,0,13.360254,0.5,17.264,1.0,1.5,17.264
GTAIV.exe,1234,0x0,DXGI,0,0,0,Hardware: Legacy Flip,0,13.378303,0.5,18.050,1.0,1.5,18.050
GTAIV.exe,1234,0x0,DXGI,0,0,0,Hardware: Legacy Flip,0,13.395947,0.5,17.644,1.0,1.5,17.644
GTAIV.exe,1234,0x0,DXGI,0,0,0,Hardware: Legacy Flip,0,13.412861,0.5,16.914,1.0,1.5,16.914
GTAIV.exe,1234,0x0,DXGI,0,0,0,Hardware: Legacy Flip,0,13.428021,0.5,15.160,1.0,1.5,15.160
GTAIV.exe,1234,0x0,DXGI,0,0,0,Hardware: Legacy Flip,0,13.444563,0.5,16.542,1.0,1.5,16.542
GTAIV.exe,1234,0x0,DXGI,0,0,0,Hardware: Legacy Flip,0,13.460689,0.5,16.126,1.0,1.5,16.126
GTAIV.exe,1234,0x0,DXGI,0,0,0,Hardware: Legacy Flip,0,13.477514,0.5,16.825,1.0,1.5,16.825
GTAIV.exe,1234,0x0,DXGI,0,0,0,Hardware: Legacy Flip,0,13.495594,0.5,18.080,1.0,1.5,18.080
GTAIV.exe,1234,0x0,DXGI,0,0,0,Hardware: Legacy Flip,0,13.513050,0.5,17.456,1.0,1.5,17.456
GTAIV.exe,1234,0x0,DXGI,0,0,0,Hardware: Legacy Flip,0,13.528837,0.5,15.787,1.0,1.5,15.787
GTAIV.exe,1234,0x0,DXGI,0,0,0,Hardware: Legacy Flip,0,13.544504,0.5,15.666,1.0,1.5,15.666
GTAIV.exe,1234,0x0,DXGI,0,0,0,Hardware: Legacy Flip,0,13.561936,0.5,17.433,1.0,1.5,17.433
GTAIV.exe,1234,0x0,DXGI,0,0,0,Hardware: Legacy Flip,0,13.579203,0.5,17.266,1.0,1.5,17.266
GTAIV.exe,1234,0x0,DXGI,0,0,0,Hardware: Legacy Flip,0,13.596643,0.5,17.440,1.0,1.5,17.440
GTAIV.exe,1234,0x0,DXGI,0,0,0,Hardware: Legacy Flip,0,13.612911,0.5,16.268,1.0,1.5,16.268
GTAIV.exe,1234,0x0,DXGI,0,0,0,Hardware: Legacy Flip,0,13.630630,0.5,17.719,1.0,1.5,17.719
GTAIV.exe,1234,0x0,DXGI,0,0,0,Hardware: Legacy Flip,0,13.647109,0.5,16.479,1.0,1.5,16.479
GTAIV.exe,1234,0x0,DXGI,0,0,0,Hardware: Legacy Flip,0,13.663560,0.5,16.451,1.0,1.5,16.451
GTAIV.exe,1234,0x0,DXGI,0,0,0,Hardware: Legacy Flip,0,13.680371,0.5,16.810,1.0,1.5,16.810
GTAIV.exe,1234,0x0,DXGI,0,0,0,Hardware: Legacy Flip,0,13.697316,0.5,16.945,1.0,1.5,16.945
GTAIV.exe,1234,0x0,DXGI,0,0,0,Hardware: Legacy Flip,0,13.715546,0.5,18.231,1.0,1.5,18.231
GTAIV.exe,1234,0x0,DXGI,0,0,0,Hardware: Legacy Flip,0,13.730442,0.5,14.895,1.0,1.5,14.895
GTAIV.exe,1234,0x0,DXGI,0,0,0,Hardware: Legacy Flip,0,13.746353,0.5,15.911,1.0,1.5,15.911
GTAIV.exe,1234,0x0,DXGI,0,0,0,Hardware: Legacy Flip,0,13.763386,0.5,17.033,1.0,1.5,17.033
GTAIV.exe,1234,0x0,DXGI,0,0,0,Hardware: Legacy Flip,0,13.780207,0.5,16.821,1.0,1.5,16.821
GTAIV.exe,1234,0x0,DXGI,0,0,0,Hardware: Legacy Flip,0,13.795658,0.5,15.451,1.0,1.5,15.451
GTAIV.exe,1234,0x0,DXGI,0,0,0,Hardware: Legacy Flip,0,13.813581,0.5,17.923,1.0,1.5,17.923
GTAIV.exe,1234,0x0,DXGI,0,0,0,Hardware: Legacy Flip,0,13.828660,0.5,15.078,1.0,1.5,15.078
GTAIV.exe,1234,0x0,DXGI,0,0,0,Hardware: Legacy Flip,0,13.845433,0.5,16.773,1.0,1.5,16.773
GTAIV.exe,1234,0x0,DXGI,0,0,0,Hardware: Legacy Flip,0,13.864146,0.5,18.713,1.0,1.5,18.713
GTAIV.exe,1234,0x0,DXGI,0,0,0,Hardware: Legacy Flip,0,13.880816,0.5,16.670,1.0,1.5,16.670
GTAIV.exe,1234,0x0,DXGI,0,0,0,Hardware: Legacy Flip,0,13.896277,0.5,15.462,1.0,1.5,15.462
GTAIV.exe,1234,0x0,DXGI,0,0,0,Hardware: Legacy Flip,0,13.911823,0.5,15.545,1.0,1.5,15.545
GTAIV.exe,1234,0x0,DXGI,0,0,0,Hardware: Legacy Flip,0,13.929803,0.5,17.981,1.0,1.5,17.981
GTAIV.exe,1234,0x0,DXGI,0,0,0,Hardware: Legacy Flip,0,13.944972,0.5,15.169,1.0,1.5,15.169
GTAIV.exe,1234,0x0,DXGI,0,0,0,Hardware: Legacy Flip,0,13.962284,0.5,17.312,1.0,1.5,17.312
GTAIV.exe,1234,0x0,DXGI,0,0,0,Hardware: Legacy Flip,0,13.979560,0.5,17.276,1.0,1.5,17.276
GTAIV.exe,1234,0x0,DXGI,0,0,0,Hardware: Legacy Flip,0,13.993730,0.5,14.170,1.0,1.5,14.170
GTAIV.exe,1234,0x0,DXGI,0,0,0,Hardware: Legacy Flip,0,14.009491,0.5,15.761,1.0,1.5,15.761
GTAIV.exe,1234,0x0,DXGI,0,0,0,Hardware: Legacy Flip,0,14.026128,0.5,16.637,1.0,1.5,16.637
GTAIV.exe,1234,0x0,DXGI,0,0,0,Hardware: Legacy Flip,0,14.043720,0.5,17.592,1.0,1.5,17.592
GTAIV.exe,1234,0x0,DXGI,0,0,0,Hardware: Legacy Flip,0,14.060484,0.5,16.764,1.0,1.5,16.764
GTAIV.exe,1234,0x0,DXGI,0,0,0,Hardware: Legacy Flip,0,14.076766,0.5,16.282,1.0,1.5,16.282
GTAIV.exe,1234,0x0,DXGI,0,0,0,Hardware: Legacy Flip,0,14.093402,0.5,16.636,1.0,1.5,16.636
GTAIV.exe,1234,0x0,DXGI,0,0,0,Hardware: Legacy Flip,0,14.109157,0.5,15.755,1.0,1.5,15.755
GTAIV.exe,1234,0x0,DXGI,0,0,0,Hardware: Legacy Flip,0,14.125345,0.5,16.188,1.0,1.5,16.188
GTAIV.exe,1234,0x0,DXGI,0,0,0,Hardware: Legacy Flip,0,14.141126,0.5,15.782,1.0,1.5,15.782
GTAIV.exe,1234,0x0,DXGI,0,0,0,Hardware: Legacy Flip,0,14.156243,0.5,15.117,1.0,1.5,15.117
GTAIV.exe,1234,0x0,DXGI,0,0,0,Hardware: Legacy Flip,0,14.173154,0.5,16.910,1.0,1.5,16.910
GTAIV.exe,1234,0x0,DXGI,0,0,0,Hardware: Legacy Flip,0,14.190931,0.5,17.778,1.0,1.5,17.778
GTAIV.exe,1234,0x0,DXGI,0,0,0,Hardware: Legacy Flip,0,14.207864,0.5,16.933,1.0,1.5,16.933
GTAIV.exe,1234,0x0,DXGI,0,0,0,Hardware: Legacy Flip,0,14.225895,0.5,18.031,1.0,1.5,18.031
GTAIV.exe,1234,0x0,DXGI,0,0,0,Hardware: Legacy Flip,0,14.241357,0.5,15.462,1.0,1.5,15.462
GTAIV.exe,1234,0x0,DXGI,0,0,0,Hardware: Legacy Flip,0,14.258445,0.5,17.088,1.0,1.5,17.088
GTAIV.exe,1234,0x0,DXGI,0,0,0,Hardware: Legacy Flip,0,14.276830,0.5,18.385,1.0,1.5,18.385
GTAIV.exe,1234,0x0,DXGI,0,0,0,Hardware: Legacy Flip,0,14.293535,0.5,16.705,1.0,1.5,16.705
GTAIV.exe,1234,0x0,DXGI,0,0,0,Hardware: Legacy Flip,0,14.310033,0.5,16.498,1.0,1.5,16.498
GTAIV.exe,1234,0x0,DXGI,0,0,0,Hardware: Legacy Flip,0,14.327792,0.5,17.759,1.0,1.5,17.759
GTAIV.exe,1234,0x0,DXGI,0,0,0,Hardware: Legacy Flip,0,14.343661,0.5,15.869,1.0,1.5,15.869
GTAIV.exe,1234,0x0,DXGI,0,0,0,Hardware: Legacy Flip,0,14.359543,0.5,15.882,1.0,1.5,15.882
GTAIV.exe,1234,0x0,DXGI,0,0,0,Hardware: Legacy Flip,0,14.375253,0.5,15.710,1.0,1.5,15.710
GTAIV.exe,1234,0x0,DXGI,0,0,0,Hardware: Legacy Flip,0,14.391668,0.5,16.415,1.0,1.5,16.415
GTAIV.exe,1234,0x0,DXGI,0,0,0,Hardware: Legacy Flip,0,14.410106,0.5,18.438,1.0,1.5,18.438
GTAIV.exe,1234,0x0,DXGI,0,0,0,Hardware: Legacy Flip,0,14.428232,0.5,18.126,1.0,1.5,18.126
GTAIV.exe,1234,0x0,DXGI,0,0,0,Hardware: Legacy Flip,0,14.444899,0.5,16.666,1.0,1.5,16.666
GTAIV.exe,1234,0x0,DXGI,0,0,0,Hardware: Legacy Flip,0,14.462975,0.5,18.077,1.0,1.5,18.077
GTAIV.exe,1234,0x0,DXGI,0,0,0,Hardware: Legacy Flip,0,14.480142,0.5,17.166,1.0,1.5,17.166
GTAIV.exe,1234,0x0,DXGI,0,0,0,Hardware: Legacy Flip,0,14.494426,0.5,14.284,1.0,1.5,14.284
GTAIV.exe,1234,0x0,DXGI,0,0,0,Hardware: Legacy Flip,0,14.512361,0.5,17.935,1.0,1.5,17.935
GTAIV.exe,1234,0x0,DXGI,0,0,0,Hardware: Legacy Flip,0,14.525899,0.5,13.538,1.0,1.5,13.538
GTAIV.exe,1234,0x0,DXGI,0,0,0,Hardware: Legacy Flip,0,14.543646,0.5,17.747,1.0,1.5,17.747
GTAIV.exe,1234,0x0,DXGI,0,0,0,Hardware: Legacy Flip,0,14.560564,0.5,16.918,1.0,1.5,16.918
GTAIV.exe,1234,0x0,DXGI,0,0,0,Hardware: Legacy Flip,0,14.577051,0.5,16.487,1.0,1.5,16.487
GTAIV.exe,1234,0x0,DXGI,0,0,0,Hardware: Legacy Flip,0,14.593120,0.5,16.069,1.0,1.5,16.069
GTAIV.exe,1234,0x0,DXGI,0,0,0,Hardware: Legacy Flip,0,14.609170,0.5,16.050,1.0,1.5,16.050
GTAIV.exe,1234,0x0,DXGI,0,0,0,Hardware: Legacy Flip,0,14.626213,0.5,17.042,1.0,1.5,17.042
GTAIV.exe,1234,0x0,DXGI,0,0,0,Hardware: Legacy Flip,0,14.644333,0.5,18.121,1.0,1.5,18.121
GTAIV.exe,1234,0x0,DXGI,0,0,0,Hardware: Legacy Flip,0,14.662674,0.5,18.341,1.0,1.5,18.341
GTAIV.exe,1234,0x0,DXGI,0,0,0,Hardware: Legacy Flip,0,14.678270,0.5,15.595,1.0,1.5,15.595
GTAIV.exe,1234,0x0,DXGI,0,0,0,Hardware: Legacy Flip,0,14.696504,0.5,18.235,1.0,1.5,18.235
GTAIV.exe,1234,0x0,DXGI,0,0,0,Hardware: Legacy Flip,0,14.713428,0.5,16.924,1.0,1.5,16.924
GTAIV.exe,1234,0x0,DXGI,0,0,0,Hardware: Legacy Flip,0,14.729985,0.5,16.557,1.0,1.5,16.557
GTAIV.exe,1234,0x0,DXGI,0,0,0,Hardware: Legacy Flip,0,14.745658,0.5,15.673,1.0,1.5,15.673
GTAIV.exe,1234,0x0,DXGI,0,0,0,Hardware: Legacy Flip,0,14.765033,0.5,19.375,1.0,1.5,19.375
GTAIV.exe,1234,0x0,DXGI,0,0,0,Hardware: Legacy Flip,0,14.780334,0.5,15.301,1.0,1.5,15.301
GTAIV.exe,1234,0x0,DXGI,0,0,0,Hardware: Legacy Flip,0,14.797479,0.5,17.145,1.0,1.5,17.145
GTAIV.exe,1234,0x0,DXGI,0,0,0,Hardware: Legacy Flip,0,14.814411,0.5,16.932,1.0,1.5,16.932
GTAIV.exe,1234,0x0,DXGI,0,0,0,Hardware: Legacy Flip,0,14.830811,0.5,16.400,1.0,1.5,16.400
GTAIV.exe,1234,0x0,DXGI,0,0,0,Hardware: Legacy Flip,0,14.847561,0.5,16.749,1.0,1.5,16.749
GTAIV.exe,1234,0x0,DXGI,0,0,0,Hardware: Legacy Flip,0,14.863319,0.5,15.758,1.0,1.5,15.758
GTAIV.exe,1234,0x0,DXGI,0,0,0,Hardware: Legacy Flip,0,14.880618,0.5,17.299,1.0,1.5,17.299
GTAIV.exe,1234,0x0,DXGI,0,0,0,Hardware: Legacy Flip,0,14.898088,0.5,17.471,1.0,1.5,17.471
GTAIV.exe,1234,0x0,DXGI,0,0,0,Hardware: Legacy Flip,0,14.913100,0.5,15.012,1.0,1.5,15.012
GTAIV.exe,1234,0x0,DXGI,0,0,0,Hardware: Legacy Flip,0,14.929608,0.5,16.508,1.0,1.5,16.508
GTAIV.exe,1234,0x0,DXGI,0,0,0,Hardware: Legacy Flip,0,14.944662,0.5,15.054,1.0,1.5,15.054
GTAIV.exe,1234,0x0,DXGI,0,0,0,Hardware: Legacy Flip,0,14.961767,0.5,17.105,1.0,1.5,17.105
GTAIV.exe,1234,0x0,DXGI,0,0,0,Hardware: Legacy Flip,0,14.977537,0.5,15.770,1.0,1.5,15.770
GTAIV.exe,1234,0x0,DXGI,0,0,0,Hardware: Legacy Flip,0,14.995264,0.5,17.727,1.0,1.5,17.727
GTAIV.exe,1234,0x0,DXGI,0,0,0,Hardware: Legacy Flip,0,15.012362,0.5,17.098,1.0,1.5,17.098
GTAIV.exe,1234,0x0,DXGI,0,0,0,Hardware: Legacy Flip,0,15.027664,0.5,15.302,1.0,1.5,15.302
GTAIV.exe,1234,0x0,DXGI,0,0,0,Hardware: Legacy Flip,0,15.045205,0.5,17.541,1.0,1.5,17.541
GTAIV.exe,1234,0x0,DXGI,0,0,0,Hardware: Legacy Flip,0,15.059138,0.5,13.932,1.0,1.5,13.932
GTAIV.exe,1234,0x0,DXGI,0,0,0,Hardware: Legacy Flip,0,15.076796,0.5,17.659,1.0,1.5,17.659
GTAIV.exe,1234,0x0,DXGI,0,0,0,Hardware: Legacy Flip,0,15.092843,0.5,16.047,1.0,1.5,16.047
GTAIV.exe,1234,0x0,DXGI,0,0,0,Hardware: Legacy Flip,0,15.108349,0.5,15.506,1.0,1.5,15.506
GTAIV.exe,1234,0x0,DXGI,0,0,0,Hardware: Legacy Flip,0,15.124164,0.5,15.816,1.0,1.5,15.816
GTAIV.exe,1234,0x0,DXGI,0,0,0,Hardware: Legacy Flip,0,15.141822,0.5,17.658,1.0,1.5,17.658
GTAIV.exe,1234,0x0,DXGI,0,0,0,Hardware: Legacy Flip,0,15.159855,0.5,18.033,1.0,1.5,18.033
GTAIV.exe,1234,0x0,DXGI,0,0,0,Hardware: Legacy Flip,0,15.176080,0.5,16.225,1.0,1.5,16.225
GTAIV.exe,1234,0x0,DXGI,0,0,0,Hardware: Legacy Flip,0,15.191438,0.5,15.358,1.0,1.5,15.358
GTAIV.exe,1234,0x0,DXGI,0,0,0,Hardware: Legacy Flip,0,15.210599,0.5,19.161,1.0,1.5,19.161
GTAIV.exe,1234,0x0,DXGI,0,0,0,Hardware: Legacy Flip,0,15.226102,0.5,15.503,1.0,1.5,15.503
GTAIV.exe,1234,0x0,DXGI,0,0,0,Hardware: Legacy Flip,0,15.242255,0.5,16.153,1.0,1.5,16.153
GTAIV.exe,1234,0x0,DXGI,0,0,0,Hardware: Legacy Flip,0,15.259479,0.5,17.224,1.0,1.5,17.224
GTAIV.exe,1234,0x0,DXGI,0,0,0,Hardware: Legacy Flip,0,15.275478,0.5,15.999,1.0,1.5,15.999
GTAIV.exe,1234,0x0,DXGI,0,0,0,Hardware: Legacy Flip,0,15.291360,0.5,15.882,1.0,1.5,15.882
GTAIV.exe,1234,0x0,DXGI,0,0,0,Hardware: Legacy Flip,0,15.308982,0.5,17.621,1.0,1.5,17.621
GTAIV.exe,1234,0x0,DXGI,0,0,0,Hardware: Legacy Flip,0,15.326254,0.5,17.272,1.0,1.5,17.272
GTAIV.exe,1234,0x0,DXGI,0,0,0,Hardware: Legacy Flip,0,15.342811,0.5,16.557,1.0,1.5,16.557
GTAIV.exe,1234,0x0,DXGI,0,0,0,Hardware: Legacy Flip,0,15.361626,0.5,18.815,1.0,1.5,18.815
GTAIV.exe,1234,0x0,DXGI,0,0,0,Hardware: Legacy Flip,0,15.377741,0.5,16.115,1.0,1.5,16.115
GTAIV.exe,1234,0x0,DXGI,0,0,0,Hardware: Legacy Flip,0,15.394080,0.5,16.339,1.0,1.5,16.339
GTAIV.exe,1234,0x0,DXGI,0,0,0,Hardware: Legacy Flip,0,15.412885,0.5,18.805,1.0,1.5,18.805
GTAIV.exe,1234,0x0,DXGI,0,0,0,Hardware: Legacy Flip,0,15.431468,0.5,18.583,1.0,1.5,18.583
GTAIV.exe,1234,0x0,DXGI,0,0,0,Hardware: Legacy Flip,0,15.446891,0.5,15.423,1.0,1.5,15.423
GTAIV.exe,1234,0x0,DXGI,0,0,0,Hardware: Legacy Flip,0,15.462167,0.5,15.276,1.0,1.5,15.276
GTAIV.exe,1234,0x0,DXGI,0,0,0,Hardware: Legacy Flip,0,15.479234,0.5,17.067,1.0,1.5,17.067
GTAIV.exe,1234,0x0,DXGI,0,0,0,Hardware: Legacy Flip,0,15.495845,0.5,16.611,1.0,1.5,16.611
GTAIV.exe,1234,0x0,DXGI,0,0,0,Hardware: Legacy Flip,0,15.512984,0.5,17.139,1.0,1.5,17.139
GTAIV.exe,1234,0x0,DXGI,0,0,0,Hardware: Legacy Flip,0,15.527807,0.5,14.823,1.0,1.5,14.823
GTAIV.exe,1234,0x0,DXGI,0,0,0,Hardware: Legacy Flip,0,15.543482,0.5,15.675,1.0,1.5,15.675
GTAIV.exe,1234,0x0,DXGI,0,0,0,Hardware: Legacy Flip,0,15.559187,0.5,15.705,1.0,1.5,15.705
GTAIV.exe,1234,0x0,DXGI,0,0,0,Hardware: Legacy Flip,0,15.575985,0.5,16.798,1.0,1.5,16.798
GTAIV.exe,1234,0x0,DXGI,0,0,0,Hardware: Legacy Flip,0,15.592153,0.5,16.168,1.0,1.5,16.168
GTAIV.exe,1234,0x0,DXGI,0,0,0,Hardware: Legacy Flip,0,15.608722,0.5,16.569,1.0,1.5,16.569
GTAIV.exe,1234,0x0,DXGI,0,0,0,Hardware: Legacy Flip,0,15.624585,0.5,15.863,1.0,1.5,15.863
GTAIV.exe,1234,0x0,DXGI,0,0,0,Hardware: Legacy Flip,0,15.641048,0.5,16.463,1.0,1.5,16.463
GTAIV.exe,1234,0x0,DXGI,0,0,0,Hardware: Legacy Flip,0,15.657842,0.5,16.793,1.0,1.5,16.793
GTAIV.exe,1234,0x0,DXGI,0,0,0,Hardware: Legacy Flip,0,15.674986,0.5,17.144,1.0,1.5,17.144
GTAIV.exe,1234,0x0,DXGI,0,0,0,Hardware: Legacy Flip,0,15.692354,0.5,17.368,1.0,1.5,17.368
GTAIV.exe,1234,0x0,DXGI,0,0,0,Hardware: Legacy Flip,0,15.707269,0.5,14.915,1.0,1.5,14.915
GTAIV.exe,1234,0x0,DXGI,0,0,0,Hardware: Legacy Flip,0,15.723494,0.5,16.224,1.0,1.5,16.224
GTAIV.exe,1234,0x0,DXGI,0,0,0,Hardware: Legacy Flip,0,15.738045,0.5,14.551,1.0,1.5,14.551
GTAIV.exe,1234,0x0,DXGI,0,0,0,Hardware: Legacy Flip,0,15.755284,0.5,17.239,1.0,1.5,17.239
GTAIV.exe,1234,0x0,DXGI,0,0,0,Hardware: Legacy Flip,0,15.770334,0.5,15.050,1.0,1.5,15.050
GTAIV.exe,1234,0x0,DXGI,0,0,0,Hardware: Legacy Flip,0,15.787686,0.5,17.352,1.0,1.5,17.352
GTAIV.exe,1234,0x0,DXGI,0,0,0,Hardware: Legacy Flip,0,15.806324,0.5,18.638,1.0,1.5,18.638
GTAIV.exe,1234,0x0,DXGI,0,0,0,Hardware: Legacy Flip,0,15.825253,0.5,18.928,1.0,1.5,18.928
GTAIV.exe,1234,0x0,DXGI,0,0,0,Hardware: Legacy Flip,0,15.841737,0.5,16.484,1.0,1.5,16.484
GTAIV.exe,1234,0x0,DXGI,0,0,0,Hardware: Legacy Flip,0,15.858541,0.5,16.804,1.0,1.5,16.804
GTAIV.exe,1234,0x0,DXGI,0,0,0,Hardware: Legacy Flip,0,15.873619,0.5,15.078,1.0,1.5,15.078
GTAIV.exe,1234,0x0,DXGI,0,0,0,Hardware: Legacy Flip,0,15.889768,0.5,16.149,1.0,1.5,16.149
GTAIV.exe,1234,0x0,DXGI,0,0,0,Hardware: Legacy Flip,0,15.907158,0.5,17.390,1.0,1.5,17.390
GTAIV.exe,1234,0x0,DXGI,0,0,0,Hardware: Legacy Flip,0,15.922235,0.5,15.076,1.0,1.5,15.076
GTAIV.exe,1234,0x0,DXGI,0,0,0,Hardware: Legacy Flip,0,15.938762,0.5,16.527,1.0,1.5,16.527
GTAIV.exe,1234,0x0,DXGI,0,0,0,Hardware: Legacy Flip,0,15.956621,0.5,17.859,1.0,1.5,17.859
GTAIV.exe,1234,0x0,DXGI,0,0,0,Hardware: Legacy Flip,0,15.973600,0.5,16.979,1.0,1.5,16.979
GTAIV.exe,1234,0x0,DXGI,0,0,0,Hardware: Legacy Flip,0,15.990516,0.5,16.916,1.0,1.5,16.916
GTAIV.exe,1234,0x0,DXGI,0,0,0,Hardware: Legacy Flip,0,16.007249,0.5,16.733,1.0,1.5,16.733
GTAIV.exe,1234,0x0,DXGI,0,0,0,Hardware: Legacy Flip,0,16.025704,0.5,18.456,1.0,1.5,18.456
GTAIV.exe,1234,0x0,DXGI,0,0,0,Hardware: Legacy Flip,0,16.043875,0.5,18.170,1.0,1.5,18.170
GTAIV.exe,1234,0x0,DXGI,0,0,0,Hardware: Legacy Flip,0,16.061111,0.5,17.236,1.0,1.5,17.236
GTAIV.exe,1234,0x0,DXGI,0,0,0,Hardware: Legacy Flip,0,16.078982,0.5,17.872,1.0,1.5,17.872
GTAIV.exe,1234,0x0,DXGI,0,0,0,Hardware: Legacy Flip,0,16.094309,0.5,15.326,1.0,1.5,15.326
GTAIV.exe,1234,0x0,DXGI,0,0,0,Hardware: Legacy Flip,0,16.111615,0.5,17.307,1.0,1.5,17.307
GTAIV.exe,1234,0x0,DXGI,0,0,0,Hardware: Legacy Flip,0,16.128551,0.5,16.936,1.0,1.5,16.936
GTAIV.exe,1234,0x0,DXGI,0,0,0,Hardware: Legacy Flip,0,16.144628,0.5,16.076,1.0,1.5,16.076
GTAIV.exe,1234,0x0,DXGI,0,0,0,Hardware: Legacy Flip,0,16.160875,0.5,16.248,1.0,1.5,16.248
GTAIV.exe,1234,0x0,DXGI,0,0,0,Hardware: Legacy Flip,0,16.177561,0.5,16.686,1.0,1.5,16.686
GTAIV.exe,1234,0x0,DXGI,0,0,0,Hardware: Legacy Flip,0,16.194662,0.5,17.100,1.0,1.5,17.100
GTAIV.exe,1234,0x0,DXGI,0,0,0,Hardware: Legacy Flip,0,16.211253,0.5,16.591,1.0,1.5,16.591
GTAIV.exe,1234,0x0,DXGI,0,0,0,Hardware: Legacy Flip,0,16.228325,0.5,17.073,1.0,1.5,17.073
GTAIV.exe,1234,0x0,DXGI,0,0,0,Hardware: Legacy Flip,0,16.246136,0.5,17.811,1.0,1.5,17.811
GTAIV.exe,1234,0x0,DXGI,0,0,0,Hardware: Legacy Flip,0,16.262279,0.5,16.143,1.0,1.5,16.143
GTAIV.exe,1234,0x0,DXGI,0,0,0,Hardware: Legacy Flip,0,16.279076,0.5,16.797,1.0,1.5,16.797
GTAIV.exe,1234,0x0,DXGI,0,0,0,Hardware: Legacy Flip,0,16.295208,0.5,16.131,1.0,1.5,16.131
GTAIV.exe,1234,0x0,DXGI,0,0,0,Hardware: Legacy Flip,0,16.310918,0.5,15.711,1.0,1.5,15.711
GTAIV.exe,1234,0x0,DXGI,0,0,0,Hardware: Legacy Flip,0,16.328374,0.5,17.456,1.0,1.5,17.456
GTAIV.exe,1234,0x0,DXGI,0,0,0,Hardware: Legacy Flip,0,16.344620,0.5,16.246,1.0,1.5,16.246
GTAIV.exe,1234,0x0,DXGI,0,0,0,Hardware: Legacy Flip,0,16.363793,0.5,19.174,1.0,1.5,19.174
GTAIV.exe,1234,0x0,DXGI,0,0,0,Hardware: Legacy Flip,0,16.381704,0.5,17.911,1.0,1.5,17.911
GTAIV.exe,1234,0x0,DXGI,0,0,0,Hardware: Legacy Flip,0,16.399679,0.5,17.975,1.0,1.5,17.975
GTAIV.exe,1234,0x0,DXGI,0,0,0,Hardware: Legacy Flip,0,16.416634,0.5,16.954,1.0,1.5,16.954
GTAIV.exe,1234,0x0,DXGI,0,0,0,Hardware: Legacy Flip,0,16.432501,0.5,15.867,1.0,1.5,15.867
GTAIV.exe,1234,0x0,DXGI,0,0,0,Hardware: Legacy Flip,0,16.451264,0.5,18.764,1.0,1.5,18.764
GTAIV.exe,1234,0x0,DXGI,0,0,0,Hardware: Legacy Flip,0,16.468423,0.5,17.158,1.0,1.5,17.158
GTAIV.exe,1234,0x0,DXGI,0,0,0,Hardware: Legacy Flip,0,16.485784,0.5,17.361,1.0,1.5,17.361
GTAIV.exe,1234,0x0,DXGI,0,0,0,Hardware: Legacy Flip,0,16.501948,0.5,16.164,1.0,1.5,16.164
GTAIV.exe,1234,0x0,DXGI,0,0,0,Hardware: Legacy Flip,0,16.517358,0.5,15.410,1.0,1.5,15.410
GTAIV.exe,1234,0x0,DXGI,0,0,0,Hardware: Legacy Flip,0,16.533654,0.5,16.296,1.0,1.5,16.296
GTAIV.exe,1234,0x0,DXGI,0,0,0,Hardware: Legacy Flip,0,16.551051,0.5,17.397,1.0,1.5,17.397
GTAIV.exe,1234,0x0,DXGI,0,0,0,Hardware: Legacy Flip,0,16.566444,0.5,15.393,1.0,1.5,15.393
GTAIV.exe,1234,0x0,DXGI,0,0,0,Hardware: Legacy Flip,0,16.583559,0.5,17.115,1.0,1.5,17.115
GTAIV.exe,1234,0x0,DXGI,0,0,0,Hardware: Legacy Flip,0,16.601243,0.5,17.684,1.0,1.5,17.684
GTAIV.exe,1234,0x0,DXGI,0,0,0,Hardware: Legacy Flip,0,16.617467,0.5,16.223,1.0,1.5,16.223
GTAIV.exe,1234,0x0,DXGI,0,0,0,Hardware: Legacy Flip,0,16.635923,0.5,18.457,1.0,1.5,18.457
GTAIV.exe,1234,0x0,DXGI,0,0,0,Hardware: Legacy Flip,0,16.654231,0.5,18.308,1.0,1.5,18.308
GTAIV.exe,1234,0x0,DXGI,0,0,0,Hardware: Legacy Flip,0,16.671544,0.5,17.313,1.0,1.5,17.313
GTAIV.exe,1234,0x0,DXGI,0,0,0,Hardware: Legacy Flip,0,16.686609,0.5,15.065,1.0,1.5,15.065
GTAIV.exe,1234,0x0,DXGI,0,0,0,Hardware: Legacy Flip,0,16.704617,0.5,18.009,1.0,1.5,18.009
GTAIV.exe,1234,0x0,DXGI,0,0,0,Hardware: Legacy Flip,0,16.721824,0.5,17.206,1.0,1.5,17.206
GTAIV.exe,1234,0x0,DXGI,0,0,0,Hardware: Legacy Flip,0,16.737863,0.5,16.039,1.0,1.5,16.039
GTAIV.exe,1234,0x0,DXGI,0,0,0,Hardware: Legacy Flip,0,16.755066,0.5,17.203,1.0,1.5,17.203
GTAIV.exe,1234,0x0,DXGI,0,0,0,Hardware: Legacy Flip,0,16.773208,0.5,18.141,1.0,1.5,18.141
GTAIV.exe,1234,0x0,DXGI,0,0,0,Hardware: Legacy Flip,0,16.788779,0.5,15.571,1.0,1.5,15.571
GTAIV.exe,1234,0x0,DXGI,0,0,0,Hardware: Legacy Flip,0,16.805705,0.5,16.926,1.0,1.5,16.926
GTAIV.exe,1234,0x0,DXGI,0,0,0,Hardware: Legacy Flip,0,16.821706,0.5,16.002,1.0,1.5,16.002
GTAIV.exe,1234,0x0,DXGI,0,0,0,Hardware: Legacy Flip,0,16.840073,0.5,18.366,1.0,1.5,18.366
GTAIV.exe,1234,0x0,DXGI,0,0,0,Hardware: Legacy Flip,0,16.858666,0.5,18.594,1.0,1.5,18.594
GTAIV.exe,1234,0x0,DXGI,0,0,0,Hardware: Legacy Flip,0,16.875267,0.5,16.601,1.0,1.5,16.601
GTAIV.exe,1234,0x0,DXGI,0,0,0,Hardware: Legacy Flip,0,16.891761,0.5,16.494,1.0,1.5,16.494
GTAIV.exe,1234,0x0,DXGI,0,0,0,Hardware: Legacy Flip,0,16.908001,0.5,16.240,1.0,1.5,16.240
GTAIV.exe,1234,0x0,DXGI,0,0,0,Hardware: Legacy Flip,0,16.925936,0.5,17.934,1.0,1.5,17.934
GTAIV.exe,1234,0x0,DXGI,0,0,0,Hardware: Legacy Flip,0,16.943578,0.5,17.643,1.0,1.5,17.643
GTAIV.exe,1234,0x0,DXGI,0,0,0,Hardware: Legacy Flip,0,16.961285,0.5,17.706,1.0,1.5,17.706
GTAIV.exe,1234,0x0,DXGI,0,0,0,Hardware: Legacy Flip,0,16.977680,0.5,16.396,1.0,1.5,16.396
GTAIV.exe,1234,0x0,DXGI,0,0,0,Hardware: Legacy Flip,0,16.995266,0.5,17.585,1.0,1.5,17.585
GTAIV.exe,1234,0x0,DXGI,0,0,0,Hardware: Legacy Flip,0,17.011162,0.5,15.896,1.0,1.5,15.896
GTAIV.exe,1234,0x0,DXGI,0,0,0,Hardware: Legacy Flip,0,17.028081,0.5,16.919,1.0,1.5,16.919
GTAIV.exe,1234,0x0,DXGI,0,0,0,Hardware: Legacy Flip,0,17.044841,0.5,16.760,1.0,1.5,16.760
GTAIV.exe,1234,0x0,DXGI,0,0,0,Hardware: Legacy Flip,0,17.060130,0.5,15.289,1.0,1.5,15.289
GTAIV.exe,1234,0x0,DXGI,0,0,0,Hardware: Legacy Flip,0,17.076255,0.5,16.125,1.0,1.5,16.125
GTAIV.exe,1234,0x0,DXGI,0,0,0,Hardware: Legacy Flip,0,17.093155,0.5,16.899,1.0,1.5,16.899
GTAIV.exe,1234,0x0,DXGI,0,0,0,Hardware: Legacy Flip,0,17.109572,0.5,16.418,1.0,1.5,16.418
GTAIV.exe,1234,0x0,DXGI,0,0,0,Hardware: Legacy Flip,0,17.126786,0.5,17.213,1.0,1.5,17.213
GTAIV.exe,1234,0x0,DXGI,0,0,0,Hardware: Legacy Flip,0,17.143788,0.5,17.002,1.0,1.5,17.002
GTAIV.exe,1234,0x0,DXGI,0,0,0,Hardware: Legacy Flip,0,17.159527,0.5,15.739,1.0,1.5,15.739
GTAIV.exe,1234,0x0,DXGI,0,0,0,Hardware: Legacy Flip,0,17.176540,0.5,17.013,1.0,1.5,17.013
GTAIV.exe,1234,0x0,DXGI,0,0,0,Hardware: Legacy Flip,0,17.193876,0.5,17.336,1.0,1.5,17.336
GTAIV.exe,1234,0x0,DXGI,0,0,0,Hardware: Legacy Flip,0,17.210479,0.5,16.603,1.0,1.5,16.603
GTAIV.exe,1234,0x0,DXGI,0,0,0,Hardware: Legacy Flip,0,17.228185,0.5,17.705,1.0,1.5,17.705
GTAIV.exe,1234,0x0,DXGI,0,0,0,Hardware: Legacy Flip,0,17.245387,0.5,17.202,1.0,1.5,17.202
GTAIV.exe,1234,0x0,DXGI,0,0,0,Hardware: Legacy Flip,0,17.260581,0.5,15.194,1.0,1.5,15.194
GTAIV.exe,1234,0x0,DXGI,0,0,0,Hardware: Legacy Flip,0,17.276590,0.5,16.009,1.0,1.5,16.009
GTAIV.exe,1234,0x0,DXGI,0,0,0,Hardware: Legacy Flip,0,17.296249,0.5,19.659,1.0,1.5,19.659
GTAIV.exe,1234,0x0,DXGI,0,0,0,Hardware: Legacy Flip,0,17.312475,0.5,16.226,1.0,1.5,16.226
GTAIV.exe,1234,0x0,DXGI,0,0,0,Hardware: Legacy Flip,0,17.329046,0.5,16.571,1.0,1.5,16.571
GTAIV.exe,1234,0x0,DXGI,0,0,0,Hardware: Legacy Flip,0,17.344836,0.5,15.790,1.0,1.5,15.790
GTAIV.exe,1234,0x0,DXGI,0,0,0,Hardware: Legacy Flip,0,17.362179,0.5,17.343,1.0,1.5,17.343
GTAIV.exe,1234,0x0,DXGI,0,0,0,Hardware: Legacy Flip,0,17.379172,0.5,16.993,1.0,1.5,16.993
GTAIV.exe,1234,0x0,DXGI,0,0,0,Hardware: Legacy Flip,0,17.397918,0.5,18.746,1.0,1.5,18.746
GTAIV.exe,1234,0x0,DXGI,0,0,0,Hardware: Legacy Flip,0,17.414051,0.5,16.133,1.0,1.5,16.133
GTAIV.exe,1234,0x0,DXGI,0,0,0,Hardware: Legacy Flip,0,17.431373,0.5,17.322,1.0,1.5,17.322
GTAIV.exe,1234,0x0,DXGI,0,0,0,Hardware: Legacy Flip,0,17.448431,0.5,17.058,1.0,1.5,17.058
GTAIV.exe,1234,0x0,DXGI,0,0,0,Hardware: Legacy Flip,0,17.465548,0.5,17.117,1.0,1.5,17.117
GTAIV.exe,1234,0x0,DXGI,0,0,0,Hardware: Legacy Flip,0,17.484343,0.5,18.795,1.0,1.5,18.795
GTAIV.exe,1234,0x0,DXGI,0,0,0,Hardware: Legacy Flip,0,17.500540,0.5,16.198,1.0,1.5,16.198
GTAIV.exe,1234,0x0,DXGI,0,0,0,Hardware: Legacy Flip,0,17.516073,0.5,15.533,1.0,1.5,15.533
GTAIV.exe,1234,0x0,DXGI,0,0,0,Hardware: Legacy Flip,0,17.533054,0.5,16.981,1.0,1.5,16.981
GTAIV.exe,1234,0x0,DXGI,0,0,0,Hardware: Legacy Flip,0,17.548861,0.5,15.806,1.0,1.5,15.806
GTAIV.exe,1234,0x0,DXGI,0,0,0,Hardware: Legacy Flip,0,17.566208,0.5,17.348,1.0,1.5,17.348
GTAIV.exe,1234,0x0,DXGI,0,0,0,Hardware: Legacy Flip,0,17.583729,0.5,17.521,1.0,1.5,17.521
GTAIV.exe,1234,0x0,DXGI,0,0,0,Hardware: Legacy Flip,0,17.600796,0.5,17.067,1.0,1.5,17.067
GTAIV.exe,1234,0x0,DXGI,0,0,0,Hardware: Legacy Flip,0,17.617169,0.5,16.373,1.0,1.5,16.373
GTAIV.exe,1234,0x0,DXGI,0,0,0,Hardware: Legacy Flip,0,17.633613,0.5,16.444,1.0,1.5,16.444
GTAIV.exe,1234,0x0,DXGI,0,0,0,Hardware: Legacy Flip,0,17.651912,0.5,18.299,1.0,1.5,18.299
GTAIV.exe,1234,0x0,DXGI,0,0,0,Hardware: Legacy Flip,0,17.669064,0.5,17.153,1.0,1.5,17.153
GTAIV.exe,1234,0x0,DXGI,0,0,0,Hardware: Legacy Flip,0,17.687323,0.5,18.259,1.0,1.5,18.259
GTAIV.exe,1234,0x0,DXGI,0,0,0,Hardware: Legacy Flip,0,17.704715,0.5,17.392,1.0,1.5,17.392
GTAIV.exe,1234,0x0,DXGI,0,0,0,Hardware: Legacy Flip,0,17.721469,0.5,16.754,1.0,1.5,16.754
GTAIV.exe,1234,0x0,DXGI,0,0,0,Hardware: Legacy Flip,0,17.738837,0.5,17.368,1.0,1.5,17.368
GTAIV.exe,1234,0x0,DXGI,0,0,0,Hardware: Legacy Flip,0,17.755359,0.5,16.522,1.0,1.5,16.522
GTAIV.exe,1234,0x0,DXGI,0,0,0,Hardware: Legacy Flip,0,17.771611,0.5,16.252,1.0,1.5,16.252
GTAIV.exe,1234,0x0,DXGI,0,0,0,Hardware: Legacy Flip,0,17.788293,0.5,16.682,1.0,1.5,16.682
GTAIV.exe,1234,0x0,DXGI,0,0,0,Hardware: Legacy Flip,0,17.803118,0.5,14.826,1.0,1.5,14.826
GTAIV.exe,1234,0x0,DXGI,0,0,0,Hardware: Legacy Flip,0,17.818875,0.5,15.756,1.0,1.5,15.756
GTAIV.exe,1234,0x0,DXGI,0,0,0,Hardware: Legacy Flip,0,17.835015,0.5,16.140,1.0,1.5,16.140
GTAIV.exe,1234,0x0,DXGI,0,0,0,Hardware: Legacy Flip,0,17.852443,0.5,17.428,1.0,1.5,17.428
GTAIV.exe,1234,0x0,DXGI,0,0,0,Hardware: Legacy Flip,0,17.870032,0.5,17.589,1.0,1.5,17.589
GTAIV.exe,1234,0x0,DXGI,0,0,0,Hardware: Legacy Flip,0,17.888228,0.5,18.196,1.0,1.5,18.196
GTAIV.exe,1234,0x0,DXGI,0,0,0,Hardware: Legacy Flip,0,17.905983,0.5,17.755,1.0,1.5,17.755
GTAIV.exe,1234,0x0,DXGI,0,0,0,Hardware: Legacy Flip,0,17.921481,0.5,15.498,1.0,1.5,15.498
GTAIV.exe,1234,0x0,DXGI,0,0,0,Hardware: Legacy Flip,0,17.938600,0.5,17.119,1.0,1.5,17.119
GTAIV.exe,1234,0x0,DXGI,0,0,0,Hardware: Legacy Flip,0,17.954012,0.5,15.413,1.0,1.5,15.413
GTAIV.exe,1234,0x0,DXGI,0,0,0,Hardware: Legacy Flip,0,17.971115,0.5,17.103,1.0,1.5,17.103
GTAIV.exe,1234,0x0,DXGI,0,0,0,Hardware: Legacy Flip,0,17.988643,0.5,17.528,1.0,1.5,17.528
GTAIV.exe,1234,0x0,DXGI,0,0,0,Hardware: Legacy Flip,0,18.006334,0.5,17.692,1.0,1.5,17.692
GTAIV.exe,1234,0x0,DXGI,0,0,0,Hardware: Legacy Flip,0,18.024954,0.5,18.619,1.0,1.5,18.619
GTAIV.exe,1234,0x0,DXGI,0,0,0,Hardware: Legacy Flip,0,18.041298,0.5,16.344,1.0,1.5,16.344
GTAIV.exe,1234,0x0,DXGI,0,0,0,Hardware: Legacy Flip,0,18.058700,0.5,17.401,1.0,1.5,17.401
GTAIV.exe,1234,0x0,DXGI,0,0,0,Hardware: Legacy Flip,0,18.077979,0.5,19.279,1.0,1.5,19.279
GTAIV.exe,1234,0x0,DXGI,0,0,0,Hardware: Legacy Flip,0,18.093838,0.5,15.859,1.0,1.5,15.859
GTAIV.exe,1234,0x0,DXGI,0,0,0,Hardware: Legacy Flip,0,18.110501,0.5,16.663,1.0,1.5,16.663
GTAIV.exe,1234,0x0,DXGI,0,0,0,Hardware: Legacy Flip,0,18.127600,0.5,17.098,1.0,1.5,17.098
GTAIV.exe,1234,0x0,DXGI,0,0,0,Hardware: Legacy Flip,0,18.143887,0.5,16.287,1.0,1.5,16.287
GTAIV.exe,1234,0x0,DXGI,0,0,0,Hardware: Legacy Flip,0,18.160516,0.5,16.629,1.0,1.5,16.629
GTAIV.exe,1234,0x0,DXGI,0,0,0,Hardware: Legacy Flip,0,18.177230,0.5,16.715,1.0,1.5,16.715
GTAIV.exe,1234,0x0,DXGI,0,0,0,Hardware: Legacy Flip,0,18.194105,0.5,16.875,1.0,1.5,16.875
GTAIV.exe,1234,0x0,DXGI,0,0,0,Hardware: Legacy Flip,0,18.210508,0.5,16.403,1.0,1.5,16.403
GTAIV.exe,1234,0x0,DXGI,0,0,0,Hardware: Legacy Flip,0,18.228398,0.5,17.890,1.0,1.5,17.890
GTAIV.exe,1234,0x0,DXGI,0,0,0,Hardware: Legacy Flip,0,18.246719,0.5,18.321,1.0,1.5,18.321
GTAIV.exe,1234,0x0,DXGI,0,0,0,Hardware: Legacy Flip,0,18.265021,0.5,18.302,1.0,1.5,18.302
GTAIV.exe,1234,0x0,DXGI,0,0,0,Hardware: Legacy Flip,0,18.280808,0.5,15.787,1.0,1.5,15.787
GTAIV.exe,1234,0x0,DXGI,0,0,0,Hardware: Legacy Flip,0,18.297884,0.5,17.077,1.0,1.5,17.077
GTAIV.exe,1234,0x0,DXGI,0,0,0,Hardware: Legacy Flip,0,18.316356,0.5,18.471,1.0,1.5,18.471
GTAIV.exe,1234,0x0,DXGI,0,0,0,Hardware: Legacy Flip,0,18.332642,0.5,16.286,1.0,1.5,16.286
GTAIV.exe,1234,0x0,DXGI,0,0,0,Hardware: Legacy Flip,0,18.350232,0.5,17.591,1.0,1.5,17.591
GTAIV.exe,1234,0x0,DXGI,0,0,0,Hardware: Legacy Flip,0,18.366183,0.5,15.951,1.0,1.5,15.951
GTAIV.exe,1234,0x0,DXGI,0,0,0,Hardware: Legacy Flip,0,18.382018,0.5,15.835,1.0,1.5,15.835
GTAIV.exe,1234,0x0,DXGI,0,0,0,Hardware: Legacy Flip,0,18.399493,0.5,17.475,1.0,1.5,17.475
GTAIV.exe,1234,0x0,DXGI,0,0,0,Hardware: Legacy Flip,0,18.416511,0.5,17.018,1.0,1.5,17.018
GTAIV.exe,1234,0x0,DXGI,0,0,0,Hardware: Legacy Flip,0,18.431533,0.5,15.022,1.0,1.5,15.022
GTAIV.exe,1234,0x0,DXGI,0,0,0,Hardware: Legacy Flip,0,18.446537,0.5,15.004,1.0,1.5,15.004
GTAIV.exe,1234,0x0,DXGI,0,0,0,Hardware: Legacy Flip,0,18.462756,0.5,16.219,1.0,1.5,16.219
GTAIV.exe,1234,0x0,DXGI,0,0,0,Hardware: Legacy Flip,0,18.479798,0.5,17.041,1.0,1.5,17.041
GTAIV.exe,1234,0x0,DXGI,0,0,0,Hardware: Legacy Flip,0,18.498508,0.5,18.710,1.0,1.5,18.710
GTAIV.exe,1234,0x0,DXGI,0,0,0,Hardware: Legacy Flip,0,18.515588,0.5,17.080,1.0,1.5,17.080
GTAIV.exe,1234,0x0,DXGI,0,0,0,Hardware: Legacy Flip,0,18.531960,0.5,16.372,1.0,1.5,16.372
GTAIV.exe,1234,0x0,DXGI,0,0,0,Hardware: Legacy Flip,0,18.548565,0.5,16.605,1.0,1.5,16.605
GTAIV.exe,1234,0x0,DXGI,0,0,0,Hardware: Legacy Flip,0,18.565901,0.5,17.336,1.0,1.5,17.336
GTAIV.exe,1234,0x0,DXGI,0,0,0,Hardware: Legacy Flip,0,18.583517,0.5,17.616,1.0,1.5,17.616
GTAIV.exe,1234,0x0,DXGI,0,0,0,Hardware: Legacy Flip,0,18.599363,0.5,15.846,1.0,1.5,15.846
GTAIV.exe,1234,0x0,DXGI,0,0,0,Hardware: Legacy Flip,0,18.614974,0.5,15.611,1.0,1.5,15.611
GTAIV.exe,1234,0x0,DXGI,0,0,0,Hardware: Legacy Flip,0,18.632811,0.5,17.837,1.0,1.5,17.837
GTAIV.exe,1234,0x0,DXGI,0,0,0,Hardware: Legacy Flip,0,18.648628,0.5,15.817,1.0,1.5,15.817
GTAIV.exe,1234,0x0,DXGI,0,0,0,Hardware: Legacy Flip,0,18.666408,0.5,17.780,1.0,1.5,17.780
GTAIV.exe,1234,0x0,DXGI,0,0,0,Hardware: Legacy Flip,0,18.681332,0.5,14.923,1.0,1.5,14.923
GTAIV.exe,1234,0x0,DXGI,0,0,0,Hardware: Legacy Flip,0,18.697003,0.5,15.672,1.0,1.5,15.672
GTAIV.exe,1234,0x0,DXGI,0,0,0,Hardware: Legacy Flip,0,18.713040,0.5,16.037,1.0,1.5,16.037
GTAIV.exe,1234,0x0,DXGI,0,0,0,Hardware: Legacy Flip,0,18.729405,0.5,16.365,1.0,1.5,16.365
GTAIV.exe,1234,0x0,DXGI,0,0,0,Hardware: Legacy Flip,0,18.746976,0.5,17.571,1.0,1.5,17.571
GTAIV.exe,1234,0x0,DXGI,0,0,0,Hardware: Legacy Flip,0,18.762282,0.5,15.306,1.0,1.5,15.306
GTAIV.exe,1234,0x0,DXGI,0,0,0,Hardware: Legacy Flip,0,18.777789,0.5,15.508,1.0,1.5,15.508
GTAIV.exe,1234,0x0,DXGI,0,0,0,Hardware: Legacy Flip,0,18.794347,0.5,16.557,1.0,1.5,16.557
GTAIV.exe,1234,0x0,DXGI,0,0,0,Hardware: Legacy Flip,0,18.810333,0.5,15.986,1.0,1.5,15.986
GTAIV.exe,1234,0x0,DXGI,0,0,0,Hardware: Legacy Flip,0,18.826036,0.5,15.703,1.0,1.5,15.703
GTAIV.exe,1234,0x0,DXGI,0,0,0,Hardware: Legacy Flip,0,18.842323,0.5,16.288,1.0,1.5,16.288
GTAIV.exe,1234,0x0,DXGI,0,0,0,Hardware: Legacy Flip,0,18.856442,0.5,14.119,1.0,1.5,14.119
GTAIV.exe,1234,0x0,DXGI,0,0,0,Hardware: Legacy Flip,0,18.873979,0.5,17.537,1.0,1.5,17.537
GTAIV.exe,1234,0x0,DXGI,0,0,0,Hardware: Legacy Flip,0,18.891985,0.5,18.006,1.0,1.5,18.006
GTAIV.exe,1234,0x0,DXGI,0,0,0,Hardware: Legacy Flip,0,18.908622,0.5,16.637,1.0,1.5,16.637
GTAIV.exe,1234,0x0,DXGI,0,0,0,Hardware: Legacy Flip,0,18.926339,0.5,17.717,1.0,1.5,17.717
GTAIV.exe,1234,0x0,DXGI,0,0,0,Hardware: Legacy Flip,0,18.942430,0.5,16.090,1.0,1.5,16.090
GTAIV.exe,1234,0x0,DXGI,0,0,0,Hardware: Legacy Flip,0,18.957635,0.5,15.205,1.0,1.5,15.205
GTAIV.exe,1234,0x0,DXGI,0,0,0,Hardware: Legacy Flip,0,18.973134,0.5,15.499,1.0,1.5,15.499
GTAIV.exe,1234,0x0,DXGI,0,0,0,Hardware: Legacy Flip,0,18.989809,0.5,16.674,1.0,1.5,16.674
GTAIV.exe,1234,0x0,DXGI,0,0,0,Hardware: Legacy Flip,0,19.007026,0.5,17.217,1.0,1.5,17.217
GTAIV.exe,1234,0x0,DXGI,0,0,0,Hardware: Legacy Flip,0,19.022938,0.5,15.912,1.0,1.5,15.912
GTAIV.exe,1234,0x0,DXGI,0,0,0,Hardware: Legacy Flip,0,19.039489,0.5,16.551,1.0,1.5,16.551
GTAIV.exe,1234,0x0,DXGI,0,0,0,Hardware: Legacy Flip,0,19.057644,0.5,18.156,1.0,1.5,18.156
GTAIV.exe,1234,0x0,DXGI,0,0,0,Hardware: Legacy Flip,0,19.074249,0.5,16.604,1.0,1.5,16.604
GTAIV.exe,1234,0x0,DXGI,0,0,0,Hardware: Legacy Flip,0,19.090460,0.5,16.212,1.0,1.5,16.212
GTAIV.exe,1234,0x0,DXGI,0,0,0,Hardware: Legacy Flip,0,19.106396,0.5,15.936,1.0,1.5,15.936
GTAIV.exe,1234,0x0,DXGI,0,0,0,Hardware: Legacy Flip,0,19.124615,0.5,18.219,1.0,1.5,18.219
GTAIV.exe,1234,0x0,DXGI,0,0,0,Hardware: Legacy Flip,0,19.142602,0.5,17.987,1.0,1.5,17.987
GTAIV.exe,1234,0x0,DXGI,0,0,0,Hardware: Legacy Flip,0,19.160243,0.5,17.641,1.0,1.5,17.641
GTAIV.exe,1234,0x0,DXGI,0,0,0,Hardware: Legacy Flip,0,19.176489,0.5,16.246,1.0,1.5,16.246
GTAIV.exe,1234,0x0,DXGI,0,0,0,Hardware: Legacy Flip,0,19.195042,0.5,18.553,1.0,1.5,18.553
GTAIV.exe,1234,0x0,DXGI,0,0,0,Hardware: Legacy Flip,0,19.213054,0.5,18.012,1.0,1.5,18.012
GTAIV.exe,1234,0x0,DXGI,0,0,0,Hardware: Legacy Flip,0,19.229072,0.5,16.018,1.0,1.5,16.018
GTAIV.exe,1234,0x0,DXGI,0,0,0,Hardware: Legacy Flip,0,19.246413,0.5,17.341,1.0,1.5,17.341
GTAIV.exe,1234,0x0,DXGI,0,0,0,Hardware: Legacy Flip,0,19.262989,0.5,16.576,1.0,1.5,16.576
GTAIV.exe,1234,0x0,DXGI,0,0,0,Hardware: Legacy Flip,0,19.278465,0.5,15.477,1.0,1.5,15.477
GTAIV.exe,1234,0x0,DXGI,0,0,0,Hardware: Legacy Flip,0,19.295814,0.5,17.349,1.0,1.5,17.349
GTAIV.exe,1234,0x0,DXGI,0,0,0,Hardware: Legacy Flip,0,19.313076,0.5,17.262,1.0,1.5,17.262
GTAIV.exe,1234,0x0,DXGI,0,0,0,Hardware: Legacy Flip,0,19.328768,0.5,15.692,1.0,1.5,15.692
GTAIV.exe,1234,0x0,DXGI,0,0,0,Hardware: Legacy Flip,0,19.344257,0.5,15.488,1.0,1.5,15.488
GTAIV.exe,1234,0x0,DXGI,0,0,0,Hardware: Legacy Flip,0,19.359067,0.5,14.810,1.0,1.5,14.810
GTAIV.exe,1234,0x0,DXGI,0,0,0,Hardware: Legacy Flip,0,19.375738,0.5,16.671,1.0,1.5,16.671
GTAIV.exe,1234,0x0,DXGI,0,0,0,Hardware: Legacy Flip,0,19.394810,0.5,19.072,1.0,1.5,19.072
GTAIV.exe,1234,0x0,DXGI,0,0,0,Hardware: Legacy Flip,0,19.410442,0.5,15.632,1.0,1.5,15.632
GTAIV.exe,1234,0x0,DXGI,0,0,0,Hardware: Legacy Flip,0,19.427336,0.5,16.894,1.0,1.5,16.894
GTAIV.exe,1234,0x0,DXGI,0,0,0,Hardware: Legacy Flip,0,19.443717,0.5,16.381,1.0,1.5,16.381
GTAIV.exe,1234,0x0,DXGI,0,0,0,Hardware: Legacy Flip,0,19.459732,0.5,16.015,1.0,1.5,16.015
GTAIV.exe,1234,0x0,DXGI,0,0,0,Hardware: Legacy Flip,0,19.474381,0.5,14.649,1.0,1.5,14.649
GTAIV.exe,1234,0x0,DXGI,0,0,0,Hardware: Legacy Flip,0,19.491349,0.5,16.968,1.0,1.5,16.968
GTAIV.exe,1234,0x0,DXGI,0,0,0,Hardware: Legacy Flip,0,19.507913,0.5,16.564,1.0,1.5,16.564
GTAIV.exe,1234,0x0,DXGI,0,0,0,Hardware: Legacy Flip,0,19.525583,0.5,17.670,1.0,1.5,17.670
GTAIV.exe,1234,0x0,DXGI,0,0,0,Hardware: Legacy Flip,0,19.540795,0.5,15.211,1.0,1.5,15.211
GTAIV.exe,1234,0x0,DXGI,0,0,0,Hardware: Legacy Flip,0,19.556044,0.5,15.249,1.0,1.5,15.249
GTAIV.exe,1234,0x0,DXGI,0,0,0,Hardware: Legacy Flip,0,19.571075,0.5,15.031,1.0,1.5,15.031
GTAIV.exe,1234,0x0,DXGI,0,0,0,Hardware: Legacy Flip,0,19.588088,0.5,17.013,1.0,1.5,17.013
GTAIV.exe,1234,0x0,DXGI,0,0,0,Hardware: Legacy Flip,0,19.607028,0.5,18.940,1.0,1.5,18.940
GTAIV.exe,1234,0x0,DXGI,0,0,0,Hardware: Legacy Flip,0,19.623136,0.5,16.108,1.0,1.5,16.108
GTAIV.exe,1234,0x0,DXGI,0,0,0,Hardware: Legacy Flip,0,19.637943,0.5,14.807,1.0,1.5,14.807
GTAIV.exe,1234,0x0,DXGI,0,0,0,Hardware: Legacy Flip,0,19.652334,0.5,14.392,1.0,1.5,14.392
GTAIV.exe,1234,0x0,DXGI,0,0,0,Hardware: Legacy Flip,0,19.669013,0.5,16.679,1.0,1.5,16.679
GTAIV.exe,1234,0x0,DXGI,0,0,0,Hardware: Legacy Flip,0,19.685208,0.5,16.195,1.0,1.5,16.195
GTAIV.exe,1234,0x0,DXGI,0,0,0,Hardware: Legacy Flip,0,19.701575,0.5,16.368,1.0,1.5,16.368
GTAIV.exe,1234,0x0,DXGI,0,0,0,Hardware: Legacy Flip,0,19.718486,0.5,16.910,1.0,1.5,16.910
GTAIV.exe,1234,0x0,DXGI,0,0,0,Hardware: Legacy Flip,0,19.736133,0.5,17.647,1.0,1.5,17.647
GTAIV.exe,1234,0x0,DXGI,0,0,0,Hardware: Legacy Flip,0,19.752548,0.5,16.414,1.0,1.5,16.414
GTAIV.exe,1234,0x0,DXGI,0,0,0,Hardware: Legacy Flip,0,19.769336,0.5,16.788,1.0,1.5,16.788
GTAIV.exe,1234,0x0,DXGI,0,0,0,Hardware: Legacy Flip,0,19.784235,0.5,14.899,1.0,1.5,14.899
GTAIV.exe,1234,0x0,DXGI,0,0,0,Hardware: Legacy Flip,0,19.800426,0.5,16.192,1.0,1.5,16.192
GTAIV.exe,1234,0x0,DXGI,0,0,0,Hardware: Legacy Flip,0,19.817290,0.5,16.864,1.0,1.5,16.864
GTAIV.exe,1234,0x0,DXGI,0,0,0,Hardware: Legacy Flip,0,19.832919,0.5,15.629,1.0,1.5,15.629
GTAIV.exe,1234,0x0,DXGI,0,0,0,Hardware: Legacy Flip,0,19.847865,0.5,14.946,1.0,1.5,14.946
GTAIV.exe,1234,0x0,DXGI,0,0,0,Hardware: Legacy Flip,0,19.865810,0.5,17.945,1.0,1.5,17.945
GTAIV.exe,1234,0x0,DXGI,0,0,0,Hardware: Legacy Flip,0,19.882183,0.5,16.373,1.0,1.5,16.373
GTAIV.exe,1234,0x0,DXGI,0,0,0,Hardware: Legacy Flip,0,19.899483,0.5,17.299,1.0,1.5,17.299
GTAIV.exe,1234,0x0,DXGI,0,0,0,Hardware: Legacy Flip,0,19.915982,0.5,16.499,1.0,1.5,16.499
GTAIV.exe,1234,0x0,DXGI,0,0,0,Hardware: Legacy Flip,0,19.932740,0.5,16.758,1.0,1.5,16.758
GTAIV.exe,1234,0x0,DXGI,0,0,0,Hardware: Legacy Flip,0,19.948093,0.5,15.353,1.0,1.5,15.353
GTAIV.exe,1234,0x0,DXGI,0,0,0,Hardware: Legacy Flip,0,19.964952,0.5,16.859,1.0,1.5,16.859
GTAIV.exe,1234,0x0,DXGI,0,0,0,Hardware: Legacy Flip,0,19.980723,0.5,15.771,1.0,1.5,15.771
GTAIV.exe,1234,0x0,DXGI,0,0,0,Hardware: Legacy Flip,0,19.996930,0.5,16.206,1.0,1.5,16.206
GTAIV.exe,1234,0x0,DXGI,0,0,0,Hardware: Legacy Flip,0,20.015118,0.5,18.188,1.0,1.5,18.188
GTAIV.exe,1234,0x0,DXGI,0,0,0,Hardware: Legacy Flip,0,20.031299,0.5,16.181,1.0,1.5,16.181
GTAIV.exe,1234,0x0,DXGI,0,0,0,Hardware: Legacy Flip,0,20.046959,0.5,15.659,1.0,1.5,15.659
GTAIV.exe,1234,0x0,DXGI,0,0,0,Hardware: Legacy Flip,0,20.063353,0.5,16.394,1.0,1.5,16.394
GTAIV.exe,1234,0x0,DXGI,0,0,0,Hardware: Legacy Flip,0,20.079906,0.5,16.554,1.0,1.5,16.554
GTAIV.exe,1234,0x0,DXGI,0,0,0,Hardware: Legacy Flip,0,20.095882,0.5,15.975,1.0,1.5,15.975
GTAIV.exe,1234,0x0,DXGI,0,0,0,Hardware: Legacy Flip,0,20.112911,0.5,17.029,1.0,1.5,17.029
GTAIV.exe,1234,0x0,DXGI,0,0,0,Hardware: Legacy Flip,0,20.126986,0.5,14.075,1.0,1.5,14.075
GTAIV.exe,1234,0x0,DXGI,0,0,0,Hardware: Legacy Flip,0,20.143411,0.5,16.425,1.0,1.5,16.425
GTAIV.exe,1234,0x0,DXGI,0,0,0,Hardware: Legacy Flip,0,20.159472,0.5,16.061,1.0,1.5,16.061
GTAIV.exe,1234,0x0,DXGI,0,0,0,Hardware: Legacy Flip,0,20.355261,0.5,195.788,1.0,1.5,195.788
GTAIV.exe,1234,0x0,DXGI,0,0,0,Hardware: Legacy Flip,0,20.369266,0.5,14.005,1.0,1.5,14.005
GTAIV.exe,1234,0x0,DXGI,0,0,0,Hardware: Legacy Flip,0,20.387857,0.5,18.591,1.0,1.5,18.591
GTAIV.exe,1234,0x0,DXGI,0,0,0,Hardware: Legacy Flip,0,20.402794,0.5,14.937,1.0,1.5,14.937
GTAIV.exe,1234,0x0,DXGI,0,0,0,Hardware: Legacy Flip,0,20.419912,0.5,17.117,1.0,1.5,17.117
GTAIV.exe,1234,0x0,DXGI,0,0,0,Hardware: Legacy Flip,0,20.435675,0.5,15.763,1.0,1.5,15.763
GTAIV.exe,1234,0x0,DXGI,0,0,0,Hardware: Legacy Flip,0,20.457671,0.5,21.996,1.0,1.5,21.996
GTAIV.exe,1234,0x0,DXGI,0,0,0,Hardware: Legacy Flip,0,20.484358,0.5,26.686,1.0,1.5,26.686
GTAIV.exe,1234,0x0,DXGI,0,0,0,Hardware: Legacy Flip,0,20.506516,0.5,22.158,1.0,1.5,22.158
GTAIV.exe,1234,0x0,DXGI,0,0,0,Hardware: Legacy Flip,0,20.529923,0.5,23.407,1.0,1.5,23.407
GTAIV.exe,1234,0x0,DXGI,0,0,0,Hardware: Legacy Flip,0,20.553408,0.5,23.486,1.0,1.5,23.486
GTAIV.exe,1234,0x0,DXGI,0,0,0,Hardware: Legacy Flip,0,20.575627,0.5,22.218,1.0,1.5,22.218
GTAIV.exe,1234,0x0,DXGI,0,0,0,Hardware: Legacy Flip,0,20.601126,0.5,25.500,1.0,1.5,25.500
GTAIV.exe,1234,0x0,DXGI,0,0,0,Hardware: Legacy Flip,0,20.623967,0.5,22.841,1.0,1.5,22.841
GTAIV.exe,1234,0x0,DXGI,0,0,0,Hardware: Legacy Flip,0,20.648747,0.5,24.780,1.0,1.5,24.780
GTAIV.exe,1234,0x0,DXGI,0,0,0,Hardware: Legacy Flip,0,20.671199,0.5,22.452,1.0,1.5,22.452
GTAIV.exe,1234,0x0,DXGI,0,0,0,Hardware: Legacy Flip,0,20.694268,0.5,23.069,1.0,1.5,23.069
GTAIV.exe,1234,0x0,DXGI,0,0,0,Hardware: Legacy Flip,0,20.720048,0.5,25.780,1.0,1.5,25.780
GTAIV.exe,1234,0x0,DXGI,0,0,0,Hardware: Legacy Flip,0,20.744629,0.5,24.581,1.0,1.5,24.581
GTAIV.exe,1234,0x0,DXGI,0,0,0,Hardware: Legacy Flip,0,20.768248,0.5,23.619,1.0,1.5,23.619
GTAIV.exe,1234,0x0,DXGI,0,0,0,Hardware: Legacy Flip,0,20.791256,0.5,23.008,1.0,1.5,23.008
GTAIV.exe,1234,0x0,DXGI,0,0,0,Hardware: Legacy Flip,0,20.814955,0.5,23.699,1.0,1.5,23.699
GTAIV.exe,1234,0x0,DXGI,0,0,0,Hardware: Legacy Flip,0,20.840150,0.5,25.194,1.0,1.5,25.194
GTAIV.exe,1234,0x0,DXGI,0,0,0,Hardware: Legacy Flip,0,20.865273,0.5,25.123,1.0,1.5,25.123
GTAIV.exe,1234,0x0,DXGI,0,0,0,Hardware: Legacy Flip,0,20.889117,0.5,23.845,1.0,1.5,23.845
GTAIV.exe,1234,0x0,DXGI,0,0,0,Hardware: Legacy Flip,0,20.913175,0.5,24.058,1.0,1.5,24.058
GTAIV.exe,1234,0x0,DXGI,0,0,0,Hardware: Legacy Flip,0,20.938335,0.5,25.160,1.0,1.5,25.160
GTAIV.exe,1234,0x0,DXGI,0,0,0,Hardware: Legacy Flip,0,20.961620,0.5,23.285,1.0,1.5,23.285
GTAIV.exe,1234,0x0,DXGI,0,0,0,Hardware: Legacy Flip,0,20.987159,0.5,25.539,1.0,1.5,25.539
GTAIV.exe,1234,0x0,DXGI,0,0,0,Hardware: Legacy Flip,0,21.010781,0.5,23.621,1.0,1.5,23.621
GTAIV.exe,1234,0x0,DXGI,0,0,0,Hardware: Legacy Flip,0,21.034869,0.5,24.089,1.0,1.5,24.089
GTAIV.exe,1234,0x0,DXGI,0,0,0,Hardware: Legacy Flip,0,21.060336,0.5,25.467,1.0,1.5,25.467
GTAIV.exe,1234,0x0,DXGI,0,0,0,Hardware: Legacy Flip,0,21.082189,0.5,21.853,1.0,1.5,21.853
GTAIV.exe,1234,0x0,DXGI,0,0,0,Hardware: Legacy Flip,0,21.104478,0.5,22.290,1.0,1.5,22.290
GTAIV.exe,1234,0x0,DXGI,0,0,0,Hardware: Legacy Flip,0,21.127843,0.5,23.365,1.0,1.5,23.365
GTAIV.exe,1234,0x0,DXGI,0,0,0,Hardware: Legacy Flip,0,21.150370,0.5,22.527,1.0,1.5,22.527
GTAIV.exe,1234,0x0,DXGI,0,0,0,Hardware: Legacy Flip,0,21.176306,0.5,25.936,1.0,1.5,25.936
GTAIV.exe,1234,0x0,DXGI,0,0,0,Hardware: Legacy Flip,0,21.201415,0.5,25.108,1.0,1.5,25.108
GTAIV.exe,1234,0x0,DXGI,0,0,0,Hardware: Legacy Flip,0,21.225421,0.5,24.006,1.0,1.5,24.006
GTAIV.exe,1234,0x0,DXGI,0,0,0,Hardware: Legacy Flip,0,21.250184,0.5,24.763,1.0,1.5,24.763
GTAIV.exe,1234,0x0,DXGI,0,0,0,Hardware: Legacy Flip,0,21.274714,0.5,24.530,1.0,1.5,24.530
GTAIV.exe,1234,0x0,DXGI,0,0,0,Hardware: Legacy Flip,0,21.298207,0.5,23.493,1.0,1.5,23.493
GTAIV.exe,1234,0x0,DXGI,0,0,0,Hardware: Legacy Flip,0,21.319704,0.5,21.498,1.0,1.5,21.498
GTAIV.exe,1234,0x0,DXGI,0,0,0,Hardware: Legacy Flip,0,21.345534,0.5,25.830,1.0,1.5,25.830
GTAIV.exe,1234,0x0,DXGI,0,0,0,Hardware: Legacy Flip,0,21.370072,0.5,24.538,1.0,1.5,24.538
GTAIV.exe,1234,0x0,DXGI,0,0,0,Hardware: Legacy Flip,0,21.392807,0.5,22.735,1.0,1.5,22.735
GTAIV.exe,1234,0x0,DXGI,0,0,0,Hardware: Legacy Flip,0,21.414781,0.5,21.974,1.0,1.5,21.974
GTAIV.exe,1234,0x0,DXGI,0,0,0,Hardware: Legacy Flip,0,21.440390,0.5,25.609,1.0,1.5,25.609
GTAIV.exe,1234,0x0,DXGI,0,0,0,Hardware: Legacy Flip,0,21.466362,0.5,25.972,1.0,1.5,25.972
GTAIV.exe,1234,0x0,DXGI,0,0,0,Hardware: Legacy Flip,0,21.491801,0.5,25.439,1.0,1.5,25.439
GTAIV.exe,1234,0x0,DXGI,0,0,0,Hardware: Legacy Flip,0,21.515589,0.5,23.788,1.0,1.5,23.788
GTAIV.exe,1234,0x0,DXGI,0,0,0,Hardware: Legacy Flip,0,21.540175,0.5,24.586,1.0,1.5,24.586
GTAIV.exe,1234,0x0,DXGI,0,0,0,Hardware: Legacy Flip,0,21.565094,0.5,24.919,1.0,1.5,24.919
GTAIV.exe,1234,0x0,DXGI,0,0,0,Hardware: Legacy Flip,0,21.587685,0.5,22.591,1.0,1.5,22.591
GTAIV.exe,1234,0x0,DXGI,0,0,0,Hardware: Legacy Flip,0,21.611429,0.5,23.744,1.0,1.5,23.744
GTAIV.exe,1234,0x0,DXGI,0,0,0,Hardware: Legacy Flip,0,21.636533,0.5,25.105,1.0,1.5,25.105
GTAIV.exe,1234,0x0,DXGI,0,0,0,Hardware: Legacy Flip,0,21.660210,0.5,23.677,1.0,1.5,23.677
GTAIV.exe,1234,0x0,DXGI,0,0,0,Hardware: Legacy Flip,0,21.682021,0.5,21.811,1.0,1.5,21.811
GTAIV.exe,1234,0x0,DXGI,0,0,0,Hardware: Legacy Flip,0,21.707189,0.5,25.168,1.0,1.5,25.168
GTAIV.exe,1234,0x0,DXGI,0,0,0,Hardware: Legacy Flip,0,21.730982,0.5,23.793,1.0,1.5,23.793
GTAIV.exe,1234,0x0,DXGI,0,0,0,Hardware: Legacy Flip,0,21.753575,0.5,22.594,1.0,1.5,22.594
GTAIV.exe,1234,0x0,DXGI,0,0,0,Hardware: Legacy Flip,0,21.775391,0.5,21.816,1.0,1.5,21.816
GTAIV.exe,1234,0x0,DXGI,0,0,0,Hardware: Legacy Flip,0,21.800307,0.5,24.916,1.0,1.5,24.916
GTAIV.exe,1234,0x0,DXGI,0,0,0,Hardware: Legacy Flip,0,21.823341,0.5,23.035,1.0,1.5,23.035
GTAIV.exe,1234,0x0,DXGI,0,0,0,Hardware: Legacy Flip,0,21.847788,0.5,24.446,1.0,1.5,24.446
GTAIV.exe,1234,0x0,DXGI,0,0,0,Hardware: Legacy Flip,0,21.871847,0.5,24.059,1.0,1.5,24.059
GTAIV.exe,1234,0x0,DXGI,0,0,0,Hardware: Legacy Flip,0,21.893895,0.5,22.048,1.0,1.5,22.048
GTAIV.exe,1234,0x0,DXGI,0,0,0,Hardware: Legacy Flip,0,21.918009,0.5,24.114,1.0,1.5,24.114
GTAIV.exe,1234,0x0,DXGI,0,0,0,Hardware: Legacy Flip,0,21.944365,0.5,26.356,1.0,1.5,26.356
GTAIV.exe,1234,0x0,DXGI,0,0,0,Hardware: Legacy Flip,0,21.967944,0.5,23.579,1.0,1.5,23.579
GTAIV.exe,1234,0x0,DXGI,0,0,0,Hardware: Legacy Flip,0,21.991135,0.5,23.191,1.0,1.5,23.191
GTAIV.exe,1234,0x0,DXGI,0,0,0,Hardware: Legacy Flip,0,22.014832,0.5,23.697,1.0,1.5,23.697
GTAIV.exe,1234,0x0,DXGI,0,0,0,Hardware: Legacy Flip,0,22.037715,0.5,22.882,1.0,1.5,22.882
GTAIV.exe,1234,0x0,DXGI,0,0,0,Hardware: Legacy Flip,0,22.063240,0.5,25.525,1.0,1.5,25.525
GTAIV.exe,1234,0x0,DXGI,0,0,0,Hardware: Legacy Flip,0,22.086252,0.5,23.012,1.0,1.5,23.012
GTAIV.exe,1234,0x0,DXGI,0,0,0,Hardware: Legacy Flip,0,22.109720,0.5,23.468,1.0,1.5,23.468
GTAIV.exe,1234,0x0,DXGI,0,0,0,Hardware: Legacy Flip,0,22.131885,0.5,22.165,1.0,1.5,22.165
GTAIV.exe,1234,0x0,DXGI,0,0,0,Hardware: Legacy Flip,0,22.157582,0.5,25.697,1.0,1.5,25.697
GTAIV.exe,1234,0x0,DXGI,0,0,0,Hardware: Legacy Flip,0,22.179666,0.5,22.084,1.0,1.5,22.084
GTAIV.exe,1234,0x0,DXGI,0,0,0,Hardware: Legacy Flip,0,22.203685,0.5,24.019,1.0,1.5,24.019
GTAIV.exe,1234,0x0,DXGI,0,0,0,Hardware: Legacy Flip,0,22.226877,0.5,23.192,1.0,1.5,23.192
GTAIV.exe,1234,0x0,DXGI,0,0,0,Hardware: Legacy Flip,0,22.249765,0.5,22.888,1.0,1.5,22.888
GTAIV.exe,1234,0x0,DXGI,0,0,0,Hardware: Legacy Flip,0,22.272318,0.5,22.554,1.0,1.5,22.554
GTAIV.exe,1234,0x0,DXGI,0,0,0,Hardware: Legacy Flip,0,22.294228,0.5,21.910,1.0,1.5,21.910
GTAIV.exe,1234,0x0,DXGI,0,0,0,Hardware: Legacy Flip,0,22.318789,0.5,24.561,1.0,1.5,24.561
GTAIV.exe,1234,0x0,DXGI,0,0,0,Hardware: Legacy Flip,0,22.342473,0.5,23.684,1.0,1.5,23.684
GTAIV.exe,1234,0x0,DXGI,0,0,0,Hardware: Legacy Flip,0,22.366830,0.5,24.357,1.0,1.5,24.357
GTAIV.exe,1234,0x0,DXGI,0,0,0,Hardware: Legacy Flip,0,22.390082,0.5,23.252,1.0,1.5,23.252
GTAIV.exe,1234,0x0,DXGI,0,0,0,Hardware: Legacy Flip,0,22.412688,0.5,22.606,1.0,1.5,22.606
GTAIV.exe,1234,0x0,DXGI,0,0,0,Hardware: Legacy Flip,0,22.435843,0.5,23.155,1.0,1.5,23.155
GTAIV.exe,1234,0x0,DXGI,0,0,0,Hardware: Legacy Flip,0,22.460464,0.5,24.621,1.0,1.5,24.621
GTAIV.exe,1234,0x0,DXGI,0,0,0,Hardware: Legacy Flip,0,22.483489,0.5,23.025,1.0,1.5,23.025
GTAIV.exe,1234,0x0,DXGI,0,0,0,Hardware: Legacy Flip,0,22.507120,0.5,23.631,1.0,1.5,23.631
GTAIV.exe,1234,0x0,DXGI,0,0,0,Hardware: Legacy Flip,0,22.531651,0.5,24.531,1.0,1.5,24.531
GTAIV.exe,1234,0x0,DXGI,0,0,0,Hardware: Legacy Flip,0,22.555288,0.5,23.637,1.0,1.5,23.637
GTAIV.exe,1234,0x0,DXGI,0,0,0,Hardware: Legacy Flip,0,22.578124,0.5,22.836,1.0,1.5,22.836
GTAIV.exe,1234,0x0,DXGI,0,0,0,Hardware: Legacy Flip,0,22.601247,0.5,23.123,1.0,1.5,23.123
GTAIV.exe,1234,0x0,DXGI,0,0,0,Hardware: Legacy Flip,0,22.628453,0.5,27.206,1.0,1.5,27.206
GTAIV.exe,1234,0x0,DXGI,0,0,0,Hardware: Legacy Flip,0,22.651379,0.5,22.926,1.0,1.5,22.926
GTAIV.exe,1234,0x0,DXGI,0,0,0,Hardware: Legacy Flip,0,22.676129,0.5,24.750,1.0,1.5,24.750
GTAIV.exe,1234,0x0,DXGI,0,0,0,Hardware: Legacy Flip,0,22.702285,0.5,26.155,1.0,1.5,26.155
GTAIV.exe,1234,0x0,DXGI,0,0,0,Hardware: Legacy Flip,0,22.723669,0.5,21.384,1.0,1.5,21.384
GTAIV.exe,1234,0x0,DXGI,0,0,0,Hardware: Legacy Flip,0,22.746201,0.5,22.533,1.0,1.5,22.533
GTAIV.exe,1234,0x0,DXGI,0,0,0,Hardware: Legacy Flip,0,22.770873,0.5,24.672,1.0,1.5,24.672
GTAIV.exe,1234,0x0,DXGI,0,0,0,Hardware: Legacy Flip,0,22.792147,0.5,21.274,1.0,1.5,21.274
GTAIV.exe,1234,0x0,DXGI,0,0,0,Hardware: Legacy Flip,0,22.816553,0.5,24.406,1.0,1.5,24.406
GTAIV.exe,1234,0x0,DXGI,0,0,0,Hardware: Legacy Flip,0,22.838854,0.5,22.301,1.0,1.5,22.301
GTAIV.exe,1234,0x0,DXGI,0,0,0,Hardware: Legacy Flip,0,22.862215,0.5,23.362,1.0,1.5,23.362
GTAIV.exe,1234,0x0,DXGI,0,0,0,Hardware: Legacy Flip,0,22.886180,0.5,23.965,1.0,1.5,23.965
GTAIV.exe,1234,0x0,DXGI,0,0,0,Hardware: Legacy Flip,0,22.909506,0.5,23.326,1.0,1.5,23.326
GTAIV.exe,1234,0x0,DXGI,0,0,0,Hardware: Legacy Flip,0,22.935958,0.5,26.452,1.0,1.5,26.452
GTAIV.exe,1234,0x0,DXGI,0,0,0,Hardware: Legacy Flip,0,22.958885,0.5,22.927,1.0,1.5,22.927
GTAIV.exe,1234,0x0,DXGI,0,0,0,Hardware: Legacy Flip,0,22.983452,0.5,24.567,1.0,1.5,24.567
GTAIV.exe,1234,0x0,DXGI,0,0,0,Hardware: Legacy Flip,0,23.008114,0.5,24.662,1.0,1.5,24.662
GTAIV.exe,1234,0x0,DXGI,0,0,0,Hardware: Legacy Flip,0,23.031771,0.5,23.656,1.0,1.5,23.656
GTAIV.exe,1234,0x0,DXGI,0,0,0,Hardware: Legacy Flip,0,23.056316,0.5,24.546,1.0,1.5,24.546
GTAIV.exe,1234,0x0,DXGI,0,0,0,Hardware: Legacy Flip,0,23.079350,0.5,23.033,1.0,1.5,23.033
GTAIV.exe,1234,0x0,DXGI,0,0,0,Hardware: Legacy Flip,0,23.101519,0.5,22.169,1.0,1.5,22.169
GTAIV.exe,1234,0x0,DXGI,0,0,0,Hardware: Legacy Flip,0,23.125363,0.5,23.844,1.0,1.5,23.844
GTAIV.exe,1234,0x0,DXGI,0,0,0,Hardware: Legacy Flip,0,23.148015,0.5,22.652,1.0,1.5,22.652
GTAIV.exe,1234,0x0,DXGI,0,0,0,Hardware: Legacy Flip,0,23.172515,0.5,24.500,1.0,1.5,24.500
GTAIV.exe,1234,0x0,DXGI,0,0,0,Hardware: Legacy Flip,0,23.197006,0.5,24.491,1.0,1.5,24.491
GTAIV.exe,1234,0x0,DXGI,0,0,0,Hardware: Legacy Flip,0,23.222479,0.5,25.473,1.0,1.5,25.473
GTAIV.exe,1234,0x0,DXGI,0,0,0,Hardware: Legacy Flip,0,23.246080,0.5,23.601,1.0,1.5,23.601
GTAIV.exe,1234,0x0,DXGI,0,0,0,Hardware: Legacy Flip,0,23.270337,0.5,24.257,1.0,1.5,24.257
GTAIV.exe,1234,0x0,DXGI,0,0,0,Hardware: Legacy Flip,0,23.295092,0.5,24.755,1.0,1.5,24.755
GTAIV.exe,1234,0x0,DXGI,0,0,0,Hardware: Legacy Flip,0,23.318604,0.5,23.512,1.0,1.5,23.512
GTAIV.exe,1234,0x0,DXGI,0,0,0,Hardware: Legacy Flip,0,23.342236,0.5,23.633,1.0,1.5,23.633
GTAIV.exe,1234,0x0,DXGI,0,0,0,Hardware: Legacy Flip,0,23.367359,0.5,25.123,1.0,1.5,25.123
GTAIV.exe,1234,0x0,DXGI,0,0,0,Hardware: Legacy Flip,0,23.391168,0.5,23.809,1.0,1.5,23.809
GTAIV.exe,1234,0x0,DXGI,0,0,0,Hardware: Legacy Flip,0,23.415426,0.5,24.257,1.0,1.5,24.257
GTAIV.exe,1234,0x0,DXGI,0,0,0,Hardware: Legacy Flip,0,23.437289,0.5,21.863,1.0,1.5,21.863
GTAIV.exe,1234,0x0,DXGI,0,0,0,Hardware: Legacy Flip,0,23.462366,0.5,25.078,1.0,1.5,25.078
GTAIV.exe,1234,0x0,DXGI,0,0,0,Hardware: Legacy Flip,0,23.486662,0.5,24.296,1.0,1.5,24.296
GTAIV.exe,1234,0x0,DXGI,0,0,0,Hardware: Legacy Flip,0,23.509153,0.5,22.491,1.0,1.5,22.491
GTAIV.exe,1234,0x0,DXGI,0,0,0,Hardware: Legacy Flip,0,23.534297,0.5,25.143,1.0,1.5,25.143
GTAIV.exe,1234,0x0,DXGI,0,0,0,Hardware: Legacy Flip,0,23.558491,0.5,24.194,1.0,1.5,24.194
GTAIV.exe,1234,0x0,DXGI,0,0,0,Hardware: Legacy Flip,0,23.580996,0.5,22.505,1.0,1.5,22.505
GTAIV.exe,1234,0x0,DXGI,0,0,0,Hardware: Legacy Flip,0,23.602067,0.5,21.071,1.0,1.5,21.071
GTAIV.exe,1234,0x0,DXGI,0,0,0,Hardware: Legacy Flip,0,23.625873,0.5,23.806,1.0,1.5,23.806
GTAIV.exe,1234,0x0,DXGI,0,0,0,Hardware: Legacy Flip,0,23.648951,0.5,23.078,1.0,1.5,23.078
GTAIV.exe,1234,0x0,DXGI,0,0,0,Hardware: Legacy Flip,0,23.672375,0.5,23.424,1.0,1.5,23.424
GTAIV.exe,1234,0x0,DXGI,0,0,0,Hardware: Legacy Flip,0,23.694181,0.5,21.806,1.0,1.5,21.806
GTAIV.exe,1234,0x0,DXGI,0,0,0,Hardware: Legacy Flip,0,23.719979,0.5,25.798,1.0,1.5,25.798
GTAIV.exe,1234,0x0,DXGI,0,0,0,Hardware: Legacy Flip,0,23.745181,0.5,25.202,1.0,1.5,25.202
GTAIV.exe,1234,0x0,DXGI,0,0,0,Hardware: Legacy Flip,0,23.768705,0.5,23.524,1.0,1.5,23.524
GTAIV.exe,1234,0x0,DXGI,0,0,0,Hardware: Legacy Flip,0,23.791144,0.5,22.440,1.0,1.5,22.440
GTAIV.exe,1234,0x0,DXGI,0,0,0,Hardware: Legacy Flip,0,23.812947,0.5,21.802,1.0,1.5,21.802
GTAIV.exe,1234,0x0,DXGI,0,0,0,Hardware: Legacy Flip,0,23.834239,0.5,21.293,1.0,1.5,21.293
GTAIV.exe,1234,0x0,DXGI,0,0,0,Hardware: Legacy Flip,0,23.860741,0.5,26.502,1.0,1.5,26.502
GTAIV.exe,1234,0x0,DXGI,0,0,0,Hardware: Legacy Flip,0,23.884155,0.5,23.414,1.0,1.5,23.414
GTAIV.exe,1234,0x0,DXGI,0,0,0,Hardware: Legacy Flip,0,23.907767,0.5,23.612,1.0,1.5,23.612
GTAIV.exe,1234,0x0,DXGI,0,0,0,Hardware: Legacy Flip,0,23.930373,0.5,22.607,1.0,1.5,22.607
GTAIV.exe,1234,0x0,DXGI,0,0,0,Hardware: Legacy Flip,0,23.954388,0.5,24.014,1.0,1.5,24.014
GTAIV.exe,1234,0x0,DXGI,0,0,0,Hardware: Legacy Flip,0,23.977340,0.5,22.952,1.0,1.5,22.952
GTAIV.exe,1234,0x0,DXGI,0,0,0,Hardware: Legacy Flip,0,24.003497,0.5,26.157,1.0,1.5,26.157
GTAIV.exe,1234,0x0,DXGI,0,0,0,Hardware: Legacy Flip,0,24.027344,0.5,23.847,1.0,1.5,23.847
GTAIV.exe,1234,0x0,DXGI,0,0,0,Hardware: Legacy Flip,0,24.051597,0.5,24.253,1.0,1.5,24.253
GTAIV.exe,1234,0x0,DXGI,0,0,0,Hardware: Legacy Flip,0,24.076027,0.5,24.430,1.0,1.5,24.430
GTAIV.exe,1234,0x0,DXGI,0,0,0,Hardware: Legacy Flip,0,24.100312,0.5,24.285,1.0,1.5,24.285
GTAIV.exe,1234,0x0,DXGI,0,0,0,Hardware: Legacy Flip,0,24.124086,0.5,23.774,1.0,1.5,23.774
GTAIV.exe,1234,0x0,DXGI,0,0,0,Hardware: Legacy Flip,0,24.148565,0.5,24.479,1.0,1.5,24.479
GTAIV.exe,1234,0x0,DXGI,0,0,0,Hardware: Legacy Flip,0,24.174284,0.5,25.719,1.0,1.5,25.719
GTAIV.exe,1234,0x0,DXGI,0,0,0,Hardware: Legacy Flip,0,24.195923,0.5,21.639,1.0,1.5,21.639
GTAIV.exe,1234,0x0,DXGI,0,0,0,Hardware: Legacy Flip,0,24.218595,0.5,22.672,1.0,1.5,22.672
GTAIV.exe,1234,0x0,DXGI,0,0,0,Hardware: Legacy Flip,0,24.241464,0.5,22.869,1.0,1.5,22.869
GTAIV.exe,1234,0x0,DXGI,0,0,0,Hardware: Legacy Flip,0,24.263202,0.5,21.738,1.0,1.5,21.738
GTAIV.exe,1234,0x0,DXGI,0,0,0,Hardware: Legacy Flip,0,24.287862,0.5,24.660,1.0,1.5,24.660
GTAIV.exe,1234,0x0,DXGI,0,0,0,Hardware: Legacy Flip,0,24.310775,0.5,22.913,1.0,1.5,22.913
GTAIV.exe,1234,0x0,DXGI,0,0,0,Hardware: Legacy Flip,0,24.333260,0.5,22.485,1.0,1.5,22.485
GTAIV.exe,1234,0x0,DXGI,0,0,0,Hardware: Legacy Flip,0,24.355928,0.5,22.669,1.0,1.5,22.669
GTAIV.exe,1234,0x0,DXGI,0,0,0,Hardware: Legacy Flip,0,24.379361,0.5,23.433,1.0,1.5,23.433
GTAIV.exe,1234,0x0,DXGI,0,0,0,Hardware: Legacy Flip,0,24.399959,0.5,20.597,1.0,1.5,20.597
GTAIV.exe,1234,0x0,DXGI,0,0,0,Hardware: Legacy Flip,0,24.424355,0.5,24.396,1.0,1.5,24.396
GTAIV.exe,1234,0x0,DXGI,0,0,0,Hardware: Legacy Flip,0,24.447276,0.5,22.921,1.0,1.5,22.921
GTAIV.exe,1234,0x0,DXGI,0,0,0,Hardware: Legacy Flip,0,24.469904,0.5,22.629,1.0,1.5,22.629
GTAIV.exe,1234,0x0,DXGI,0,0,0,Hardware: Legacy Flip,0,24.492492,0.5,22.587,1.0,1.5,22.587
GTAIV.exe,1234,0x0,DXGI,0,0,0,Hardware: Legacy Flip,0,24.516275,0.5,23.784,1.0,1.5,23.784
GTAIV.exe,1234,0x0,DXGI,0,0,0,Hardware: Legacy Flip,0,24.540744,0.5,24.468,1.0,1.5,24.468
GTAIV.exe,1234,0x0,DXGI,0,0,0,Hardware: Legacy Flip,0,24.565163,0.5,24.419,1.0,1.5,24.419
GTAIV.exe,1234,0x0,DXGI,0,0,0,Hardware: Legacy Flip,0,24.588328,0.5,23.165,1.0,1.5,23.165
GTAIV.exe,1234,0x0,DXGI,0,0,0,Hardware: Legacy Flip,0,24.613320,0.5,24.993,1.0,1.5,24.993
GTAIV.exe,1234,0x0,DXGI,0,0,0,Hardware: Legacy Flip,0,24.637145,0.5,23.825,1.0,1.5,23.825
GTAIV.exe,1234,0x0,DXGI,0,0,0,Hardware: Legacy Flip,0,24.660700,0.5,23.555,1.0,1.5,23.555
GTAIV.exe,1234,0x0,DXGI,0,0,0,Hardware: Legacy Flip,0,24.684946,0.5,24.246,1.0,1.5,24.246
GTAIV.exe,1234,0x0,DXGI,0,0,0,Hardware: Legacy Flip,0,24.711212,0.5,26.266,1.0,1.5,26.266
GTAIV.exe,1234,0x0,DXGI,0,0,0,Hardware: Legacy Flip,0,24.735539,0.5,24.327,1.0,1.5,24.327
GTAIV.exe,1234,0x0,DXGI,0,0,0,Hardware: Legacy Flip,0,24.759853,0.5,24.314,1.0,1.5,24.314
GTAIV.exe,1234,0x0,DXGI,0,0,0,Hardware: Legacy Flip,0,24.782999,0.5,23.146,1.0,1.5,23.146
GTAIV.exe,1234,0x0,DXGI,0,0,0,Hardware: Legacy Flip,0,24.808719,0.5,25.720,1.0,1.5,25.720
GTAIV.exe,1234,0x0,DXGI,0,0,0,Hardware: Legacy Flip,0,24.833606,0.5,24.887,1.0,1.5,24.887
GTAIV.exe,1234,0x0,DXGI,0,0,0,Hardware: Legacy Flip,0,24.857190,0.5,23.584,1.0,1.5,23.584
GTAIV.exe,1234,0x0,DXGI,0,0,0,Hardware: Legacy Flip,0,24.880508,0.5,23.318,1.0,1.5,23.318
GTAIV.exe,1234,0x0,DXGI,0,0,0,Hardware: Legacy Flip,0,24.906223,0.5,25.715,1.0,1.5,25.715
GTAIV.exe,1234,0x0,DXGI,0,0,0,Hardware: Legacy Flip,0,24.929719,0.5,23.496,1.0,1.5,23.496
GTAIV.exe,1234,0x0,DXGI,0,0,0,Hardware: Legacy Flip,0,24.953182,0.5,23.463,1.0,1.5,23.463
GTAIV.exe,1234,0x0,DXGI,0,0,0,Hardware: Legacy Flip,0,24.977085,0.5,23.903,1.0,1.5,23.903
GTAIV.exe,1234,0x0,DXGI,0,0,0,Hardware: Legacy Flip,0,25.001898,0.5,24.813,1.0,1.5,24.813
GTAIV.exe,1234,0x0,DXGI,0,0,0,Hardware: Legacy Flip,0,25.022414,0.5,20.516,1.0,1.5,20.516
GTAIV.exe,1234,0x0,DXGI,0,0,0,Hardware: Legacy Flip,0,25.046226,0.5,23.812,1.0,1.5,23.812
GTAIV.exe,1234,0x0,DXGI,0,0,0,Hardware: Legacy Flip,0,25.069256,0.5,23.030,1.0,1.5,23.030
GTAIV.exe,1234,0x0,DXGI,0,0,0,Hardware: Legacy Flip,0,25.091476,0.5,22.220,1.0,1.5,22.220
GTAIV.exe,1234,0x0,DXGI,0,0,0,Hardware: Legacy Flip,0,25.116508,0.5,25.033,1.0,1.5,25.033
GTAIV.exe,1234,0x0,DXGI,0,0,0,Hardware: Legacy Flip,0,25.139234,0.5,22.726,1.0,1.5,22.726
GTAIV.exe,1234,0x0,DXGI,0,0,0,Hardware: Legacy Flip,0,25.166409,0.5,27.175,1.0,1.5,27.175
GTAIV.exe,1234,0x0,DXGI,0,0,0,Hardware: Legacy Flip,0,25.189680,0.5,23.271,1.0,1.5,23.271
GTAIV.exe,1234,0x0,DXGI,0,0,0,Hardware: Legacy Flip,0,25.215026,0.5,25.346,1.0,1.5,25.346
GTAIV.exe,1234,0x0,DXGI,0,0,0,Hardware: Legacy Flip,0,25.239839,0.5,24.814,1.0,1.5,24.814
GTAIV.exe,1234,0x0,DXGI,0,0,0,Hardware: Legacy Flip,0,25.263425,0.5,23.586,1.0,1.5,23.586
GTAIV.exe,1234,0x0,DXGI,0,0,0,Hardware: Legacy Flip,0,25.287059,0.5,23.633,1.0,1.5,23.633
GTAIV.exe,1234,0x0,DXGI,0,0,0,Hardware: Legacy Flip,0,25.311390,0.5,24.331,1.0,1.5,24.331
GTAIV.exe,1234,0x0,DXGI,0,0,0,Hardware: Legacy Flip,0,25.334742,0.5,23.353,1.0,1.5,23.353
GTAIV.exe,1234,0x0,DXGI,0,0,0,Hardware: Legacy Flip,0,25.361792,0.5,27.049,1.0,1.5,27.049
GTAIV.exe,1234,0x0,DXGI,0,0,0,Hardware: Legacy Flip,0,25.383989,0.5,22.197,1.0,1.5,22.197
GTAIV.exe,1234,0x0,DXGI,0,0,0,Hardware: Legacy Flip,0,25.407880,0.5,23.892,1.0,1.5,23.892
GTAIV.exe,1234,0x0,DXGI,0,0,0,Hardware: Legacy Flip,0,25.427766,0.5,19.886,1.0,1.5,19.886
GTAIV.exe,1234,0x0,DXGI,0,0,0,Hardware: Legacy Flip,0,25.449908,0.5,22.142,1.0,1.5,22.142
GTAIV.exe,1234,0x0,DXGI,0,0,0,Hardware: Legacy Flip,0,25.472636,0.5,22.728,1.0,1.5,22.728
GTAIV.exe,1234,0x0,DXGI,0,0,0,Hardware: Legacy Flip,0,25.497576,0.5,24.940,1.0,1.5,24.940
GTAIV.exe,1234,0x0,DXGI,0,0,0,Hardware: Legacy Flip,0,25.521349,0.5,23.773,1.0,1.5,23.773
GTAIV.exe,1234,0x0,DXGI,0,0,0,Hardware: Legacy Flip,0,25.544278,0.5,22.929,1.0,1.5,22.929
GTAIV.exe,1234,0x0,DXGI,0,0,0,Hardware: Legacy Flip,0,25.565685,0.5,21.407,1.0,1.5,21.407
GTAIV.exe,1234,0x0,DXGI,0,0,0,Hardware: Legacy Flip,0,25.585541,0.5,19.856,1.0,1.5,19.856
GTAIV.exe,1234,0x0,DXGI,0,0,0,Hardware: Legacy Flip,0,25.611151,0.5,25.611,1.0,1.5,25.611
GTAIV.exe,1234,0x0,DXGI,0,0,0,Hardware: Legacy Flip,0,25.633209,0.5,22.057,1.0,1.5,22.057
GTAIV.exe,1234,0x0,DXGI,0,0,0,Hardware: Legacy Flip,0,25.655433,0.5,22.224,1.0,1.5,22.224
GTAIV.exe,1234,0x0,DXGI,0,0,0,Hardware: Legacy Flip,0,25.679709,0.5,24.277,1.0,1.5,24.277
GTAIV.exe,1234,0x0,DXGI,0,0,0,Hardware: Legacy Flip,0,25.702752,0.5,23.043,1.0,1.5,23.043
GTAIV.exe,1234,0x0,DXGI,0,0,0,Hardware: Legacy Flip,0,25.727967,0.5,25.215,1.0,1.5,25.215
GTAIV.exe,1234,0x0,DXGI,0,0,0,Hardware: Legacy Flip,0,25.752118,0.5,24.151,1.0,1.5,24.151
GTAIV.exe,1234,0x0,DXGI,0,0,0,Hardware: Legacy Flip,0,25.777706,0.5,25.588,1.0,1.5,25.588
GTAIV.exe,1234,0x0,DXGI,0,0,0,Hardware: Legacy Flip,0,25.801521,0.5,23.815,1.0,1.5,23.815
GTAIV.exe,1234,0x0,DXGI,0,0,0,Hardware: Legacy Flip,0,25.825971,0.5,24.451,1.0,1.5,24.451
GTAIV.exe,1234,0x0,DXGI,0,0,0,Hardware: Legacy Flip,0,25.851111,0.5,25.140,1.0,1.5,25.140
GTAIV.exe,1234,0x0,DXGI,0,0,0,Hardware: Legacy Flip,0,25.875031,0.5,23.920,1.0,1.5,23.920
GTAIV.exe,1234,0x0,DXGI,0,0,0,Hardware: Legacy Flip,0,25.898515,0.5,23.484,1.0,1.5,23.484
GTAIV.exe,1234,0x0,DXGI,0,0,0,Hardware: Legacy Flip,0,25.919576,0.5,21.061,1.0,1.5,21.061
GTAIV.exe,1234,0x0,DXGI,0,0,0,Hardware: Legacy Flip,0,25.943060,0.5,23.484,1.0,1.5,23.484
GTAIV.exe,1234,0x0,DXGI,0,0,0,Hardware: Legacy Flip,0,25.967798,0.5,24.738,1.0,1.5,24.738
GTAIV.exe,1234,0x0,DXGI,0,0,0,Hardware: Legacy Flip,0,25.993740,0.5,25.942,1.0,1.5,25.942
GTAIV.exe,1234,0x0,DXGI,0,0,0,Hardware: Legacy Flip,0,26.019060,0.5,25.320,1.0,1.5,25.320
GTAIV.exe,1234,0x0,DXGI,0,0,0,Hardware: Legacy Flip,0,26.044955,0.5,25.895,1.0,1.5,25.895
GTAIV.exe,1234,0x0,DXGI,0,0,0,Hardware: Legacy Flip,0,26.067933,0.5,22.978,1.0,1.5,22.978
GTAIV.exe,1234,0x0,DXGI,0,0,0,Hardware: Legacy Flip,0,26.087409,0.5,19.476,1.0,1.5,19.476
GTAIV.exe,1234,0x0,DXGI,0,0,0,Hardware: Legacy Flip,0,26.108954,0.5,21.545,1.0,1.5,21.545
GTAIV.exe,1234,0x0,DXGI,0,0,0,Hardware: Legacy Flip,0,26.132106,0.5,23.152,1.0,1.5,23.152
GTAIV.exe,1234,0x0,DXGI,0,0,0,Hardware: Legacy Flip,0,26.147977,0.5,15.872,1.0,1.5,15.872
GTAIV.exe,1234,0x0,DXGI,0,0,0,Hardware: Legacy Flip,0,26.164862,0.5,16.885,1.0,1.5,16.885
GTAIV.exe,1234,0x0,DXGI,0,0,0,Hardware: Legacy Flip,0,26.181369,0.5,16.507,1.0,1.5,16.507
GTAIV.exe,1234,0x0,DXGI,0,0,0,Hardware: Legacy Flip,0,26.198029,0.5,16.660,1.0,1.5,16.660
GTAIV.exe,1234,0x0,DXGI,0,0,0,Hardware: Legacy Flip,0,26.213263,0.5,15.234,1.0,1.5,15.234
GTAIV.exe,1234,0x0,DXGI,0,0,0,Hardware: Legacy Flip,0,26.231864,0.5,18.601,1.0,1.5,18.601
GTAIV.exe,1234,0x0,DXGI,0,0,0,Hardware: Legacy Flip,0,26.248125,0.5,16.261,1.0,1.5,16.261
GTAIV.exe,1234,0x0,DXGI,0,0,0,Hardware: Legacy Flip,0,26.262304,0.5,14.179,1.0,1.5,14.179
GTAIV.exe,1234,0x0,DXGI,0,0,0,Hardware: Legacy Flip,0,26.280428,0.5,18.124,1.0,1.5,18.124
GTAIV.exe,1234,0x0,DXGI,0,0,0,Hardware: Legacy Flip,0,26.294949,0.5,14.520,1.0,1.5,14.520
GTAIV.exe,1234,0x0,DXGI,0,0,0,Hardware: Legacy Flip,0,26.310571,0.5,15.622,1.0,1.5,15.622
GTAIV.exe,1234,0x0,DXGI,0,0,0,Hardware: Legacy Flip,0,26.326946,0.5,16.375,1.0,1.5,16.375
GTAIV.exe,1234,0x0,DXGI,0,0,0,Hardware: Legacy Flip,0,26.344229,0.5,17.283,1.0,1.5,17.283
GTAIV.exe,1234,0x0,DXGI,0,0,0,Hardware: Legacy Flip,0,26.361278,0.5,17.049,1.0,1.5,17.049
GTAIV.exe,1234,0x0,DXGI,0,0,0,Hardware: Legacy Flip,0,26.377087,0.5,15.809,1.0,1.5,15.809
GTAIV.exe,1234,0x0,DXGI,0,0,0,Hardware: Legacy Flip,0,26.391939,0.5,14.852,1.0,1.5,14.852
GTAIV.exe,1234,0x0,DXGI,0,0,0,Hardware: Legacy Flip,0,26.410224,0.5,18.286,1.0,1.5,18.286
GTAIV.exe,1234,0x0,DXGI,0,0,0,Hardware: Legacy Flip,0,26.424753,0.5,14.528,1.0,1.5,14.528
GTAIV.exe,1234,0x0,DXGI,0,0,0,Hardware: Legacy Flip,0,26.440317,0.5,15.564,1.0,1.5,15.564
GTAIV.exe,1234,0x0,DXGI,0,0,0,Hardware: Legacy Flip,0,26.455704,0.5,15.387,1.0,1.5,15.387
GTAIV.exe,1234,0x0,DXGI,0,0,0,Hardware: Legacy Flip,0,26.473500,0.5,17.797,1.0,1.5,17.797
GTAIV.exe,1234,0x0,DXGI,0,0,0,Hardware: Legacy Flip,0,26.490503,0.5,17.002,1.0,1.5,17.002
GTAIV.exe,1234,0x0,DXGI,0,0,0,Hardware: Legacy Flip,0,26.506732,0.5,16.229,1.0,1.5,16.229
GTAIV.exe,1234,0x0,DXGI,0,0,0,Hardware: Legacy Flip,0,26.522213,0.5,15.481,1.0,1.5,15.481
GTAIV.exe,1234,0x0,DXGI,0,0,0,Hardware: Legacy Flip,0,26.538893,0.5,16.681,1.0,1.5,16.681
GTAIV.exe,1234,0x0,DXGI,0,0,0,Hardware: Legacy Flip,0,26.556042,0.5,17.148,1.0,1.5,17.148
GTAIV.exe,1234,0x0,DXGI,0,0,0,Hardware: Legacy Flip,0,26.574024,0.5,17.982,1.0,1.5,17.982
GTAIV.exe,1234,0x0,DXGI,0,0,0,Hardware: Legacy Flip,0,26.592341,0.5,18.317,1.0,1.5,18.317
GTAIV.exe,1234,0x0,DXGI,0,0,0,Hardware: Legacy Flip,0,26.607735,0.5,15.394,1.0,1.5,15.394
GTAIV.exe,1234,0x0,DXGI,0,0,0,Hardware: Legacy Flip,0,26.625697,0.5,17.962,1.0,1.5,17.962
GTAIV.exe,1234,0x0,DXGI,0,0,0,Hardware: Legacy Flip,0,26.640859,0.5,15.163,1.0,1.5,15.163
GTAIV.exe,1234,0x0,DXGI,0,0,0,Hardware: Legacy Flip,0,26.656607,0.5,15.748,1.0,1.5,15.748
GTAIV.exe,1234,0x0,DXGI,0,0,0,Hardware: Legacy Flip,0,26.674323,0.5,17.716,1.0,1.5,17.716
GTAIV.exe,1234,0x0,DXGI,0,0,0,Hardware: Legacy Flip,0,26.690776,0.5,16.453,1.0,1.5,16.453
GTAIV.exe,1234,0x0,DXGI,0,0,0,Hardware: Legacy Flip,0,26.707926,0.5,17.150,1.0,1.5,17.150
GTAIV.exe,1234,0x0,DXGI,0,0,0,Hardware: Legacy Flip,0,26.724423,0.5,16.497,1.0,1.5,16.497
GTAIV.exe,1234,0x0,DXGI,0,0,0,Hardware: Legacy Flip,0,26.740584,0.5,16.161,1.0,1.5,16.161
GTAIV.exe,1234,0x0,DXGI,0,0,0,Hardware: Legacy Flip,0,26.755651,0.5,15.067,1.0,1.5,15.067
GTAIV.exe,1234,0x0,DXGI,0,0,0,Hardware: Legacy Flip,0,26.771746,0.5,16.094,1.0,1.5,16.094
GTAIV.exe,1234,0x0,DXGI,0,0,0,Hardware: Legacy Flip,0,26.789886,0.5,18.141,1.0,1.5,18.141
GTAIV.exe,1234,0x0,DXGI,0,0,0,Hardware: Legacy Flip,0,26.805517,0.5,15.631,1.0,1.5,15.631
GTAIV.exe,1234,0x0,DXGI,0,0,0,Hardware: Legacy Flip,0,26.821139,0.5,15.623,1.0,1.5,15.623
GTAIV.exe,1234,0x0,DXGI,0,0,0,Hardware: Legacy Flip,0,26.839308,0.5,18.169,1.0,1.5,18.169
GTAIV.exe,1234,0x0,DXGI,0,0,0,Hardware: Legacy Flip,0,26.855498,0.5,16.189,1.0,1.5,16.189
GTAIV.exe,1234,0x0,DXGI,0,0,0,Hardware: Legacy Flip,0,26.872670,0.5,17.173,1.0,1.5,17.173
GTAIV.exe,1234,0x0,DXGI,0,0,0,Hardware: Legacy Flip,0,26.889486,0.5,16.815,1.0,1.5,16.815
GTAIV.exe,1234,0x0,DXGI,0,0,0,Hardware: Legacy Flip,0,26.906490,0.5,17.004,1.0,1.5,17.004
GTAIV.exe,1234,0x0,DXGI,0,0,0,Hardware: Legacy Flip,0,26.923855,0.5,17.365,1.0,1.5,17.365
GTAIV.exe,1234,0x0,DXGI,0,0,0,Hardware: Legacy Flip,0,26.939616,0.5,15.761,1.0,1.5,15.761
GTAIV.exe,1234,0x0,DXGI,0,0,0,Hardware: Legacy Flip,0,26.957351,0.5,17.736,1.0,1.5,17.736
GTAIV.exe,1234,0x0,DXGI,0,0,0,Hardware: Legacy Flip,0,26.974098,0.5,16.747,1.0,1.5,16.747
GTAIV.exe,1234,0x0,DXGI,0,0,0,Hardware: Legacy Flip,0,26.990335,0.5,16.237,1.0,1.5,16.237
GTAIV.exe,1234,0x0,DXGI,0,0,0,Hardware: Legacy Flip,0,27.004665,0.5,14.330,1.0,1.5,14.330
GTAIV.exe,1234,0x0,DXGI,0,0,0,Hardware: Legacy Flip,0,27.020599,0.5,15.935,1.0,1.5,15.935
GTAIV.exe,1234,0x0,DXGI,0,0,0,Hardware: Legacy Flip,0,27.035586,0.5,14.987,1.0,1.5,14.987
GTAIV.exe,1234,0x0,DXGI,0,0,0,Hardware: Legacy Flip,0,27.052234,0.5,16.648,1.0,1.5,16.648
GTAIV.exe,1234,0x0,DXGI,0,0,0,Hardware: Legacy Flip,0,27.069047,0.5,16.813,1.0,1.5,16.813
GTAIV.exe,1234,0x0,DXGI,0,0,0,Hardware: Legacy Flip,0,27.085401,0.5,16.354,1.0,1.5,16.354
GTAIV.exe,1234,0x0,DXGI,0,0,0,Hardware: Legacy Flip,0,27.099806,0.5,14.405,1.0,1.5,14.405
GTAIV.exe,1234,0x0,DXGI,0,0,0,Hardware: Legacy Flip,0,27.116034,0.5,16.227,1.0,1.5,16.227
GTAIV.exe,1234,0x0,DXGI,0,0,0,Hardware: Legacy Flip,0,27.131801,0.5,15.767,1.0,1.5,15.767
GTAIV.exe,1234,0x0,DXGI,0,0,0,Hardware: Legacy Flip,0,27.147922,0.5,16.121,1.0,1.5,16.121
GTAIV.exe,1234,0x0,DXGI,0,0,0,Hardware: Legacy Flip,0,27.164438,0.5,16.515,1.0,1.5,16.515
GTAIV.exe,1234,0x0,DXGI,0,0,0,Hardware: Legacy Flip,0,27.179186,0.5,14.748,1.0,1.5,14.748
GTAIV.exe,1234,0x0,DXGI,0,0,0,Hardware: Legacy Flip,0,27.196700,0.5,17.514,1.0,1.5,17.514
GTAIV.exe,1234,0x0,DXGI,0,0,0,Hardware: Legacy Flip,0,27.213491,0.5,16.791,1.0,1.5,16.791
GTAIV.exe,1234,0x0,DXGI,0,0,0,Hardware: Legacy Flip,0,27.230203,0.5,16.711,1.0,1.5,16.711
GTAIV.exe,1234,0x0,DXGI,0,0,0,Hardware: Legacy Flip,0,27.246538,0.5,16.335,1.0,1.5,16.335
GTAIV.exe,1234,0x0,DXGI,0,0,0,Hardware: Legacy Flip,0,27.261105,0.5,14.568,1.0,1.5,14.568
GTAIV.exe,1234,0x0,DXGI,0,0,0,Hardware: Legacy Flip,0,27.276638,0.5,15.533,1.0,1.5,15.533
GTAIV.exe,1234,0x0,DXGI,0,0,0,Hardware: Legacy Flip,0,27.293548,0.5,16.911,1.0,1.5,16.911
GTAIV.exe,1234,0x0,DXGI,0,0,0,Hardware: Legacy Flip,0,27.308843,0.5,15.295,1.0,1.5,15.295
GTAIV.exe,1234,0x0,DXGI,0,0,0,Hardware: Legacy Flip,0,27.324457,0.5,15.614,1.0,1.5,15.614
GTAIV.exe,1234,0x0,DXGI,0,0,0,Hardware: Legacy Flip,0,27.340464,0.5,16.006,1.0,1.5,16.006
GTAIV.exe,1234,0x0,DXGI,0,0,0,Hardware: Legacy Flip,0,27.358598,0.5,18.135,1.0,1.5,18.135
GTAIV.exe,1234,0x0,DXGI,0,0,0,Hardware: Legacy Flip,0,27.375411,0.5,16.813,1.0,1.5,16.813
GTAIV.exe,1234,0x0,DXGI,0,0,0,Hardware: Legacy Flip,0,27.393481,0.5,18.070,1.0,1.5,18.070
GTAIV.exe,1234,0x0,DXGI,0,0,0,Hardware: Legacy Flip,0,27.411361,0.5,17.880,1.0,1.5,17.880
GTAIV.exe,1234,0x0,DXGI,0,0,0,Hardware: Legacy Flip,0,27.429916,0.5,18.555,1.0,1.5,18.555
GTAIV.exe,1234,0x0,DXGI,0,0,0,Hardware: Legacy Flip,0,27.445401,0.5,15.485,1.0,1.5,15.485
GTAIV.exe,1234,0x0,DXGI,0,0,0,Hardware: Legacy Flip,0,27.462775,0.5,17.374,1.0,1.5,17.374
GTAIV.exe,1234,0x0,DXGI,0,0,0,Hardware: Legacy Flip,0,27.478924,0.5,16.149,1.0,1.5,16.149
GTAIV.exe,1234,0x0,DXGI,0,0,0,Hardware: Legacy Flip,0,27.494561,0.5,15.637,1.0,1.5,15.637
GTAIV.exe,1234,0x0,DXGI,0,0,0,Hardware: Legacy Flip,0,27.510053,0.5,15.492,1.0,1.5,15.492
GTAIV.exe,1234,0x0,DXGI,0,0,0,Hardware: Legacy Flip,0,27.526644,0.5,16.591,1.0,1.5,16.591
GTAIV.exe,1234,0x0,DXGI,0,0,0,Hardware: Legacy Flip,0,27.543097,0.5,16.453,1.0,1.5,16.453
GTAIV.exe,1234,0x0,DXGI,0,0,0,Hardware: Legacy Flip,0,27.560517,0.5,17.420,1.0,1.5,17.420
GTAIV.exe,1234,0x0,DXGI,0,0,0,Hardware: Legacy Flip,0,27.577317,0.5,16.800,1.0,1.5,16.800
GTAIV.exe,1234,0x0,DXGI,0,0,0,Hardware: Legacy Flip,0,27.593501,0.5,16.184,1.0,1.5,16.184
GTAIV.exe,1234,0x0,DXGI,0,0,0,Hardware: Legacy Flip,0,27.611412,0.5,17.911,1.0,1.5,17.911
GTAIV.exe,1234,0x0,DXGI,0,0,0,Hardware: Legacy Flip,0,27.627533,0.5,16.121,1.0,1.5,16.121
GTAIV.exe,1234,0x0,DXGI,0,0,0,Hardware: Legacy Flip,0,27.644525,0.5,16.991,1.0,1.5,16.991
GTAIV.exe,1234,0x0,DXGI,0,0,0,Hardware: Legacy Flip,0,27.661778,0.5,17.254,1.0,1.5,17.254
GTAIV.exe,1234,0x0,DXGI,0,0,0,Hardware: Legacy Flip,0,27.678368,0.5,16.589,1.0,1.5,16.589
GTAIV.exe,1234,0x0,DXGI,0,0,0,Hardware: Legacy Flip,0,27.694170,0.5,15.803,1.0,1.5,15.803
GTAIV.exe,1234,0x0,DXGI,0,0,0,Hardware: Legacy Flip,0,27.711618,0.5,17.447,1.0,1.5,17.447
GTAIV.exe,1234,0x0,DXGI,0,0,0,Hardware: Legacy Flip,0,27.728289,0.5,16.672,1.0,1.5,16.672
GTAIV.exe,1234,0x0,DXGI,0,0,0,Hardware: Legacy Flip,0,27.746092,0.5,17.803,1.0,1.5,17.803
GTAIV.exe,1234,0x0,DXGI,0,0,0,Hardware: Legacy Flip,0,27.761047,0.5,14.955,1.0,1.5,14.955
GTAIV.exe,1234,0x0,DXGI,0,0,0,Hardware: Legacy Flip,0,27.777107,0.5,16.060,1.0,1.5,16.060
GTAIV.exe,1234,0x0,DXGI,0,0,0,Hardware: Legacy Flip,0,27.794177,0.5,17.070,1.0,1.5,17.070
GTAIV.exe,1234,0x0,DXGI,0,0,0,Hardware: Legacy Flip,0,27.810418,0.5,16.241,1.0,1.5,16.241
GTAIV.exe,1234,0x0,DXGI,0,0,0,Hardware: Legacy Flip,0,27.827293,0.5,16.875,1.0,1.5,16.875
GTAIV.exe,1234,0x0,DXGI,0,0,0,Hardware: Legacy Flip,0,27.844785,0.5,17.492,1.0,1.5,17.492
GTAIV.exe,1234,0x0,DXGI,0,0,0,Hardware: Legacy Flip,0,27.860304,0.5,15.520,1.0,1.5,15.520
GTAIV.exe,1234,0x0,DXGI,0,0,0,Hardware: Legacy Flip,0,27.875617,0.5,15.312,1.0,1.5,15.312
GTAIV.exe,1234,0x0,DXGI,0,0,0,Hardware: Legacy Flip,0,27.892302,0.5,16.685,1.0,1.5,16.685
GTAIV.exe,1234,0x0,DXGI,0,0,0,Hardware: Legacy Flip,0,27.908623,0.5,16.321,1.0,1.5,16.321
GTAIV.exe,1234,0x0,DXGI,0,0,0,Hardware: Legacy Flip,0,27.923553,0.5,14.930,1.0,1.5,14.930
GTAIV.exe,1234,0x0,DXGI,0,0,0,Hardware: Legacy Flip,0,27.939347,0.5,15.793,1.0,1.5,15.793
GTAIV.exe,1234,0x0,DXGI,0,0,0,Hardware: Legacy Flip,0,27.955333,0.5,15.986,1.0,1.5,15.986
GTAIV.exe,1234,0x0,DXGI,0,0,0,Hardware: Legacy Flip,0,27.972526,0.5,17.194,1.0,1.5,17.194
GTAIV.exe,1234,0x0,DXGI,0,0,0,Hardware: Legacy Flip,0,27.990056,0.5,17.530,1.0,1.5,17.530
GTAIV.exe,1234,0x0,DXGI,0,0,0,Hardware: Legacy Flip,0,28.006631,0.5,16.575,1.0,1.5,16.575
GTAIV.exe,1234,0x0,DXGI,0,0,0,Hardware: Legacy Flip,0,28.023047,0.5,16.416,1.0,1.5,16.416
GTAIV.exe,1234,0x0,DXGI,0,0,0,Hardware: Legacy Flip,0,28.040525,0.5,17.477,1.0,1.5,17.477
GTAIV.exe,1234,0x0,DXGI,0,0,0,Hardware: Legacy Flip,0,28.057091,0.5,16.566,1.0,1.5,16.566
GTAIV.exe,1234,0x0,DXGI,0,0,0,Hardware: Legacy Flip,0,28.073646,0.5,16.555,1.0,1.5,16.555
GTAIV.exe,1234,0x0,DXGI,0,0,0,Hardware: Legacy Flip,0,28.088247,0.5,14.601,1.0,1.5,14.601
GTAIV.exe,1234,0x0,DXGI,0,0,0,Hardware: Legacy Flip,0,28.104662,0.5,16.416,1.0,1.5,16.416
GTAIV.exe,1234,0x0,DXGI,0,0,0,Hardware: Legacy Flip,0,28.122754,0.5,18.092,1.0,1.5,18.092
GTAIV.exe,1234,0x0,DXGI,0,0,0,Hardware: Legacy Flip,0,28.140210,0.5,17.456,1.0,1.5,17.456
GTAIV.exe,1234,0x0,DXGI,0,0,0,Hardware: Legacy Flip,0,28.154402,0.5,14.192,1.0,1.5,14.192
GTAIV.exe,1234,0x0,DXGI,0,0,0,Hardware: Legacy Flip,0,28.171942,0.5,17.540,1.0,1.5,17.540
GTAIV.exe,1234,0x0,DXGI,0,0,0,Hardware: Legacy Flip,0,28.188990,0.5,17.048,1.0,1.5,17.048
GTAIV.exe,1234,0x0,DXGI,0,0,0,Hardware: Legacy Flip,0,28.203464,0.5,14.475,1.0,1.5,14.475
GTAIV.exe,1234,0x0,DXGI,0,0,0,Hardware: Legacy Flip,0,28.221513,0.5,18.048,1.0,1.5,18.048
GTAIV.exe,1234,0x0,DXGI,0,0,0,Hardware: Legacy Flip,0,28.237657,0.5,16.145,1.0,1.5,16.145
GTAIV.exe,1234,0x0,DXGI,0,0,0,Hardware: Legacy Flip,0,28.254814,0.5,17.157,1.0,1.5,17.157
GTAIV.exe,1234,0x0,DXGI,0,0,0,Hardware: Legacy Flip,0,28.272337,0.5,17.523,1.0,1.5,17.523
GTAIV.exe,1234,0x0,DXGI,0,0,0,Hardware: Legacy Flip,0,28.287827,0.5,15.490,1.0,1.5,15.490
GTAIV.exe,1234,0x0,DXGI,0,0,0,Hardware: Legacy Flip,0,28.305420,0.5,17.592,1.0,1.5,17.592
GTAIV.exe,1234,0x0,DXGI,0,0,0,Hardware: Legacy Flip,0,28.322869,0.5,17.450,1.0,1.5,17.450
GTAIV.exe,1234,0x0,DXGI,0,0,0,Hardware: Legacy Flip,0,28.341871,0.5,19.001,1.0,1.5,19.001
GTAIV.exe,1234,0x0,DXGI,0,0,0,Hardware: Legacy Flip,0,28.360179,0.5,18.309,1.0,1.5,18.309
GTAIV.exe,1234,0x0,DXGI,0,0,0,Hardware: Legacy Flip,0,28.375191,0.5,15.012,1.0,1.5,15.012
GTAIV.exe,1234,0x0,DXGI,0,0,0,Hardware: Legacy Flip,0,28.390145,0.5,14.954,1.0,1.5,14.954
GTAIV.exe,1234,0x0,DXGI,0,0,0,Hardware: Legacy Flip,0,28.405292,0.5,15.146,1.0,1.5,15.146
GTAIV.exe,1234,0x0,DXGI,0,0,0,Hardware: Legacy Flip,0,28.421352,0.5,16.060,1.0,1.5,16.060
GTAIV.exe,1234,0x0,DXGI,0,0,0,Hardware: Legacy Flip,0,28.437071,0.5,15.720,1.0,1.5,15.720
GTAIV.exe,1234,0x0,DXGI,0,0,0,Hardware: Legacy Flip,0,28.454437,0.5,17.365,1.0,1.5,17.365
GTAIV.exe,1234,0x0,DXGI,0,0,0,Hardware: Legacy Flip,0,28.473184,0.5,18.747,1.0,1.5,18.747
GTAIV.exe,1234,0x0,DXGI,0,0,0,Hardware: Legacy Flip,0,28.492233,0.5,19.050,1.0,1.5,19.050
GTAIV.exe,1234,0x0,DXGI,0,0,0,Hardware: Legacy Flip,0,28.509515,0.5,17.282,1.0,1.5,17.282
GTAIV.exe,1234,0x0,DXGI,0,0,0,Hardware: Legacy Flip,0,28.526628,0.5,17.113,1.0,1.5,17.113
GTAIV.exe,1234,0x0,DXGI,0,0,0,Hardware: Legacy Flip,0,28.541889,0.5,15.261,1.0,1.5,15.261
GTAIV.exe,1234,0x0,DXGI,0,0,0,Hardware: Legacy Flip,0,28.556907,0.5,15.018,1.0,1.5,15.018
GTAIV.exe,1234,0x0,DXGI,0,0,0,Hardware: Legacy Flip,0,28.573630,0.5,16.723,1.0,1.5,16.723
GTAIV.exe,1234,0x0,DXGI,0,0,0,Hardware: Legacy Flip,0,28.589706,0.5,16.077,1.0,1.5,16.077
GTAIV.exe,1234,0x0,DXGI,0,0,0,Hardware: Legacy Flip,0,28.606940,0.5,17.234,1.0,1.5,17.234
GTAIV.exe,1234,0x0,DXGI,0,0,0,Hardware: Legacy Flip,0,28.623030,0.5,16.090,1.0,1.5,16.090
GTAIV.exe,1234,0x0,DXGI,0,0,0,Hardware: Legacy Flip,0,28.640314,0.5,17.284,1.0,1.5,17.284
GTAIV.exe,1234,0x0,DXGI,0,0,0,Hardware: Legacy Flip,0,28.655372,0.5,15.058,1.0,1.5,15.058
GTAIV.exe,1234,0x0,DXGI,0,0,0,Hardware: Legacy Flip,0,28.672637,0.5,17.265,1.0,1.5,17.265
GTAIV.exe,1234,0x0,DXGI,0,0,0,Hardware: Legacy Flip,0,28.690287,0.5,17.651,1.0,1.5,17.651
GTAIV.exe,1234,0x0,DXGI,0,0,0,Hardware: Legacy Flip,0,28.707575,0.5,17.288,1.0,1.5,17.288
GTAIV.exe,1234,0x0,DXGI,0,0,0,Hardware: Legacy Flip,0,28.723405,0.5,15.829,1.0,1.5,15.829
GTAIV.exe,1234,0x0,DXGI,0,0,0,Hardware: Legacy Flip,0,28.740491,0.5,17.087,1.0,1.5,17.087
GTAIV.exe,1234,0x0,DXGI,0,0,0,Hardware: Legacy Flip,0,28.755999,0.5,15.508,1.0,1.5,15.508
GTAIV.exe,1234,0x0,DXGI,0,0,0,Hardware: Legacy Flip,0,28.772203,0.5,16.204,1.0,1.5,16.204
GTAIV.exe,1234,0x0,DXGI,0,0,0,Hardware: Legacy Flip,0,28.788853,0.5,16.650,1.0,1.5,16.650
GTAIV.exe,1234,0x0,DXGI,0,0,0,Hardware: Legacy Flip,0,28.802927,0.5,14.074,1.0,1.5,14.074
GTAIV.exe,1234,0x0,DXGI,0,0,0,Hardware: Legacy Flip,0,28.820527,0.5,17.599,1.0,1.5,17.599
GTAIV.exe,1234,0x0,DXGI,0,0,0,Hardware: Legacy Flip,0,28.836562,0.5,16.036,1.0,1.5,16.036
GTAIV.exe,1234,0x0,DXGI,0,0,0,Hardware: Legacy Flip,0,28.852384,0.5,15.822,1.0,1.5,15.822
GTAIV.exe,1234,0x0,DXGI,0,0,0,Hardware: Legacy Flip,0,28.870070,0.5,17.685,1.0,1.5,17.685
GTAIV.exe,1234,0x0,DXGI,0,0,0,Hardware: Legacy Flip,0,28.885813,0.5,15.744,1.0,1.5,15.744
GTAIV.exe,1234,0x0,DXGI,0,0,0,Hardware: Legacy Flip,0,28.903081,0.5,17.267,1.0,1.5,17.267
GTAIV.exe,1234,0x0,DXGI,0,0,0,Hardware: Legacy Flip,0,28.919399,0.5,16.318,1.0,1.5,16.318
GTAIV.exe,1234,0x0,DXGI,0,0,0,Hardware: Legacy Flip,0,28.937609,0.5,18.210,1.0,1.5,18.210
GTAIV.exe,1234,0x0,DXGI,0,0,0,Hardware: Legacy Flip,0,28.954966,0.5,17.357,1.0,1.5,17.357
GTAIV.exe,1234,0x0,DXGI,0,0,0,Hardware: Legacy Flip,0,28.972827,0.5,17.861,1.0,1.5,17.861
GTAIV.exe,1234,0x0,DXGI,0,0,0,Hardware: Legacy Flip,0,28.989651,0.5,16.824,1.0,1.5,16.824
GTAIV.exe,1234,0x0,DXGI,0,0,0,Hardware: Legacy Flip,0,29.005464,0.5,15.813,1.0,1.5,15.813
GTAIV.exe,1234,0x0,DXGI,0,0,0,Hardware: Legacy Flip,0,29.022201,0.5,16.737,1.0,1.5,16.737
GTAIV.exe,1234,0x0,DXGI,0,0,0,Hardware: Legacy Flip,0,29.039283,0.5,17.082,1.0,1.5,17.082
GTAIV.exe,1234,0x0,DXGI,0,0,0,Hardware: Legacy Flip,0,29.057876,0.5,18.593,1.0,1.5,18.593
GTAIV.exe,1234,0x0,DXGI,0,0,0,Hardware: Legacy Flip,0,29.075843,0.5,17.967,1.0,1.5,17.967
GTAIV.exe,1234,0x0,DXGI,0,0,0,Hardware: Legacy Flip,0,29.092380,0.5,16.537,1.0,1.5,16.537
GTAIV.exe,1234,0x0,DXGI,0,0,0,Hardware: Legacy Flip,0,29.108777,0.5,16.398,1.0,1.5,16.398
GTAIV.exe,1234,0x0,DXGI,0,0,0,Hardware: Legacy Flip,0,29.126594,0.5,17.817,1.0,1.5,17.817
GTAIV.exe,1234,0x0,DXGI,0,0,0,Hardware: Legacy Flip,0,29.142984,0.5,16.390,1.0,1.5,16.390
GTAIV.exe,1234,0x0,DXGI,0,0,0,Hardware: Legacy Flip,0,29.161750,0.5,18.766,1.0,1.5,18.766
GTAIV.exe,1234,0x0,DXGI,0,0,0,Hardware: Legacy Flip,0,29.178591,0.5,16.841,1.0,1.5,16.841
GTAIV.exe,1234,0x0,DXGI,0,0,0,Hardware: Legacy Flip,0,29.197333,0.5,18.742,1.0,1.5,18.742
GTAIV.exe,1234,0x0,DXGI,0,0,0,Hardware: Legacy Flip,0,29.214642,0.5,17.309,1.0,1.5,17.309
GTAIV.exe,1234,0x0,DXGI,0,0,0,Hardware: Legacy Flip,0,29.228979,0.5,14.337,1.0,1.5,14.337
GTAIV.exe,1234,0x0,DXGI,0,0,0,Hardware: Legacy Flip,0,29.246294,0.5,17.314,1.0,1.5,17.314
GTAIV.exe,1234,0x0,DXGI,0,0,0,Hardware: Legacy Flip,0,29.263420,0.5,17.127,1.0,1.5,17.127
GTAIV.exe,1234,0x0,DXGI,0,0,0,Hardware: Legacy Flip,0,29.278720,0.5,15.300,1.0,1.5,15.300
GTAIV.exe,1234,0x0,DXGI,0,0,0,Hardware: Legacy Flip,0,29.297705,0.5,18.985,1.0,1.5,18.985
GTAIV.exe,1234,0x0,DXGI,0,0,0,Hardware: Legacy Flip,0,29.314133,0.5,16.428,1.0,1.5,16.428
GTAIV.exe,1234,0x0,DXGI,0,0,0,Hardware: Legacy Flip,0,29.330496,0.5,16.363,1.0,1.5,16.363
GTAIV.exe,1234,0x0,DXGI,0,0,0,Hardware: Legacy Flip,0,29.347004,0.5,16.508,1.0,1.5,16.508
GTAIV.exe,1234,0x0,DXGI,0,0,0,Hardware: Legacy Flip,0,29.363368,0.5,16.364,1.0,1.5,16.364
GTAIV.exe,1234,0x0,DXGI,0,0,0,Hardware: Legacy Flip,0,29.379479,0.5,16.111,1.0,1.5,16.111
GTAIV.exe,1234,0x0,DXGI,0,0,0,Hardware: Legacy Flip,0,29.396896,0.5,17.417,1.0,1.5,17.417
GTAIV.exe,1234,0x0,DXGI,0,0,0,Hardware: Legacy Flip,0,29.414113,0.5,17.217,1.0,1.5,17.217
GTAIV.exe,1234,0x0,DXGI,0,0,0,Hardware: Legacy Flip,0,29.431141,0.5,17.028,1.0,1.5,17.028
GTAIV.exe,1234,0x0,DXGI,0,0,0,Hardware: Legacy Flip,0,29.445770,0.5,14.629,1.0,1.5,14.629
GTAIV.exe,1234,0x0,DXGI,0,0,0,Hardware: Legacy Flip,0,29.461134,0.5,15.364,1.0,1.5,15.364
GTAIV.exe,1234,0x0,DXGI,0,0,0,Hardware: Legacy Flip,0,29.479067,0.5,17.933,1.0,1.5,17.933
GTAIV.exe,1234,0x0,DXGI,0,0,0,Hardware: Legacy Flip,0,29.497182,0.5,18.115,1.0,1.5,18.115
GTAIV.exe,1234,0x0,DXGI,0,0,0,Hardware: Legacy Flip,0,29.513006,0.5,15.824,1.0,1.5,15.824
GTAIV.exe,1234,0x0,DXGI,0,0,0,Hardware: Legacy Flip,0,29.574542,0.5,61.536,1.0,1.5,61.536
GTAIV.exe,1234,0x0,DXGI,0,0,0,Hardware: Legacy Flip,0,29.591042,0.5,16.501,1.0,1.5,16.501
GTAIV.exe,1234,0x0,DXGI,0,0,0,Hardware: Legacy Flip,0,29.607626,0.5,16.584,1.0,1.5,16.584
GTAIV.exe,1234,0x0,DXGI,0,0,0,Hardware: Legacy Flip,0,29.623105,0.5,15.479,1.0,1.5,15.479
GTAIV.exe,1234,0x0,DXGI,0,0,0,Hardware: Legacy Flip,0,29.638937,0.5,15.832,1.0,1.5,15.832
GTAIV.exe,1234,0x0,DXGI,0,0,0,Hardware: Legacy Flip,0,29.656436,0.5,17.499,1.0,1.5,17.499
GTAIV.exe,1234,0x0,DXGI,0,0,0,Hardware: Legacy Flip,0,29.672978,0.5,16.542,1.0,1.5,16.542
GTAIV.exe,1234,0x0,DXGI,0,0,0,Hardware: Legacy Flip,0,29.689695,0.5,16.717,1.0,1.5,16.717
GTAIV.exe,1234,0x0,DXGI,0,0,0,Hardware: Legacy Flip,0,29.706759,0.5,17.064,1.0,1.5,17.064
GTAIV.exe,1234,0x0,DXGI,0,0,0,Hardware: Legacy Flip,0,29.722255,0.5,15.496,1.0,1.5,15.496
GTAIV.exe,1234,0x0,DXGI,0,0,0,Hardware: Legacy Flip,0,29.739546,0.5,17.291,1.0,1.5,17.291
GTAIV.exe,1234,0x0,DXGI,0,0,0,Hardware: Legacy Flip,0,29.756345,0.5,16.799,1.0,1.5,16.799
GTAIV.exe,1234,0x0,DXGI,0,0,0,Hardware: Legacy Flip,0,29.773183,0.5,16.838,1.0,1.5,16.838
GTAIV.exe,1234,0x0,DXGI,0,0,0,Hardware: Legacy Flip,0,29.789202,0.5,16.020,1.0,1.5,16.020
GTAIV.exe,1234,0x0,DXGI,0,0,0,Hardware: Legacy Flip,0,29.806663,0.5,17.460,1.0,1.5,17.460
GTAIV.exe,1234,0x0,DXGI,0,0,0,Hardware: Legacy Flip,0,29.821150,0.5,14.487,1.0,1.5,14.487
GTAIV.exe,1234,0x0,DXGI,0,0,0,Hardware: Legacy Flip,0,29.837620,0.5,16.470,1.0,1.5,16.470
GTAIV.exe,1234,0x0,DXGI,0,0,0,Hardware: Legacy Flip,0,29.854738,0.5,17.118,1.0,1.5,17.118
GTAIV.exe,1234,0x0,DXGI,0,0,0,Hardware: Legacy Flip,0,29.869513,0.5,14.775,1.0,1.5,14.775
GTAIV.exe,1234,0x0,DXGI,0,0,0,Hardware: Legacy Flip,0,29.885775,0.5,16.262,1.0,1.5,16.262
GTAIV.exe,1234,0x0,DXGI,0,0,0,Hardware: Legacy Flip,0,29.900437,0.5,14.662,1.0,1.5,14.662
GTAIV.exe,1234,0x0,DXGI,0,0,0,Hardware: Legacy Flip,0,29.916225,0.5,15.787,1.0,1.5,15.787
GTAIV.exe,1234,0x0,DXGI,0,0,0,Hardware: Legacy Flip,0,29.932782,0.5,16.557,1.0,1.5,16.557
GTAIV.exe,1234,0x0,DXGI,0,0,0,Hardware: Legacy Flip,0,29.948247,0.5,15.465,1.0,1.5,15.465
GTAIV.exe,1234,0x0,DXGI,0,0,0,Hardware: Legacy Flip,0,29.965856,0.5,17.609,1.0,1.5,17.609
GTAIV.exe,1234,0x0,DXGI,0,0,0,Hardware: Legacy Flip,0,29.982903,0.5,17.047,1.0,1.5,17.047
GTAIV.exe,1234,0x0,DXGI,0,0,0,Hardware: Legacy Flip,0,29.999210,0.5,16.306,1.0,1.5,16.306
GTAIV.exe,1234,0x0,DXGI,0,0,0,Hardware: Legacy Flip,0,30.015914,0.5,16.704,1.0,1.5,16.704
GTAIV.exe,1234,0x0,DXGI,0,0,0,Hardware: Legacy Flip,0,30.033862,0.5,17.948,1.0,1.5,17.948
GTAIV.exe,1234,0x0,DXGI,0,0,0,Hardware: Legacy Flip,0,30.052452,0.5,18.590,1.0,1.5,18.590
GTAIV.exe,1234,0x0,DXGI,0,0,0,Hardware: Legacy Flip,0,30.070249,0.5,17.797,1.0,1.5,17.797
GTAIV.exe,1234,0x0,DXGI,0,0,0,Hardware: Legacy Flip,0,30.088439,0.5,18.190,1.0,1.5,18.190
GTAIV.exe,1234,0x0,DXGI,0,0,0,Hardware: Legacy Flip,0,30.105974,0.5,17.536,1.0,1.5,17.536
GTAIV.exe,1234,0x0,DXGI,0,0,0,Hardware: Legacy Flip,0,30.120190,0.5,14.216,1.0,1.5,14.216
GTAIV.exe,1234,0x0,DXGI,0,0,0,Hardware: Legacy Flip,0,30.137364,0.5,17.174,1.0,1.5,17.174
GTAIV.exe,1234,0x0,DXGI,0,0,0,Hardware: Legacy Flip,0,30.153561,0.5,16.196,1.0,1.5,16.196
GTAIV.exe,1234,0x0,DXGI,0,0,0,Hardware: Legacy Flip,0,30.171252,0.5,17.692,1.0,1.5,17.692
GTAIV.exe,1234,0x0,DXGI,0,0,0,Hardware: Legacy Flip,0,30.188318,0.5,17.065,1.0,1.5,17.065
GTAIV.exe,1234,0x0,DXGI,0,0,0,Hardware: Legacy Flip,0,30.205889,0.5,17.571,1.0,1.5,17.571
GTAIV.exe,1234,0x0,DXGI,0,0,0,Hardware: Legacy Flip,0,30.221776,0.5,15.887,1.0,1.5,15.887
GTAIV.exe,1234,0x0,DXGI,0,0,0,Hardware: Legacy Flip,0,30.237034,0.5,15.257,1.0,1.5,15.257
GTAIV.exe,1234,0x0,DXGI,0,0,0,Hardware: Legacy Flip,0,30.253956,0.5,16.922,1.0,1.5,16.922
GTAIV.exe,1234,0x0,DXGI,0,0,0,Hardware: Legacy Flip,0,30.269137,0.5,15.181,1.0,1.5,15.181
GTAIV.exe,1234,0x0,DXGI,0,0,0,Hardware: Legacy Flip,0,30.286300,0.5,17.163,1.0,1.5,17.163
GTAIV.exe,1234,0x0,DXGI,0,0,0,Hardware: Legacy Flip,0,30.303337,0.5,17.037,1.0,1.5,17.037
GTAIV.exe,1234,0x0,DXGI,0,0,0,Hardware: Legacy Flip,0,30.319636,0.5,16.299,1.0,1.5,16.299
GTAIV.exe,1234,0x0,DXGI,0,0,0,Hardware: Legacy Flip,0,30.336096,0.5,16.460,1.0,1.5,16.460
GTAIV.exe,1234,0x0,DXGI,0,0,0,Hardware: Legacy Flip,0,30.350614,0.5,14.519,1.0,1.5,14.519
GTAIV.exe,1234,0x0,DXGI,0,0,0,Hardware: Legacy Flip,0,30.366459,0.5,15.845,1.0,1.5,15.845
GTAIV.exe,1234,0x0,DXGI,0,0,0,Hardware: Legacy Flip,0,30.380445,0.5,13.986,1.0,1.5,13.986
GTAIV.exe,1234,0x0,DXGI,0,0,0,Hardware: Legacy Flip,0,30.395488,0.5,15.043,1.0,1.5,15.043
GTAIV.exe,1234,0x0,DXGI,0,0,0,Hardware: Legacy Flip,0,30.414192,0.5,18.704,1.0,1.5,18.704
GTAIV.exe,1234,0x0,DXGI,0,0,0,Hardware: Legacy Flip,0,30.429364,0.5,15.172,1.0,1.5,15.172
GTAIV.exe,1234,0x0,DXGI,0,0,0,Hardware: Legacy Flip,0,30.444387,0.5,15.023,1.0,1.5,15.023
GTAIV.exe,1234,0x0,DXGI,0,0,0,Hardware: Legacy Flip,0,30.461316,0.5,16.930,1.0,1.5,16.930
GTAIV.exe,1234,0x0,DXGI,0,0,0,Hardware: Legacy Flip,0,30.478550,0.5,17.233,1.0,1.5,17.233
GTAIV.exe,1234,0x0,DXGI,0,0,0,Hardware: Legacy Flip,0,30.496399,0.5,17.849,1.0,1.5,17.849
GTAIV.exe,1234,0x0,DXGI,0,0,0,Hardware: Legacy Flip,0,30.513568,0.5,17.169,1.0,1.5,17.169
GTAIV.exe,1234,0x0,DXGI,0,0,0,Hardware: Legacy Flip,0,30.529756,0.5,16.188,1.0,1.5,16.188
GTAIV.exe,1234,0x0,DXGI,0,0,0,Hardware: Legacy Flip,0,30.546649,0.5,16.892,1.0,1.5,16.892
GTAIV.exe,1234,0x0,DXGI,0,0,0,Hardware: Legacy Flip,0,30.564587,0.5,17.938,1.0,1.5,17.938
GTAIV.exe,1234,0x0,DXGI,0,0,0,Hardware: Legacy Flip,0,30.580566,0.5,15.980,1.0,1.5,15.980
GTAIV.exe,1234,0x0,DXGI,0,0,0,Hardware: Legacy Flip,0,30.597393,0.5,16.827,1.0,1.5,16.827
GTAIV.exe,1234,0x0,DXGI,0,0,0,Hardware: Legacy Flip,0,30.614808,0.5,17.415,1.0,1.5,17.415
GTAIV.exe,1234,0x0,DXGI,0,0,0,Hardware: Legacy Flip,0,30.631220,0.5,16.412,1.0,1.5,16.412
GTAIV.exe,1234,0x0,DXGI,0,0,0,Hardware: Legacy Flip,0,30.648520,0.5,17.300,1.0,1.5,17.300
GTAIV.exe,1234,0x0,DXGI,0,0,0,Hardware: Legacy Flip,0,30.664569,0.5,16.049,1.0,1.5,16.049
GTAIV.exe,1234,0x0,DXGI,0,0,0,Hardware: Legacy Flip,0,30.682735,0.5,18.166,1.0,1.5,18.166
GTAIV.exe,1234,0x0,DXGI,0,0,0,Hardware: Legacy Flip,0,30.700213,0.5,17.477,1.0,1.5,17.477
GTAIV.exe,1234,0x0,DXGI,0,0,0,Hardware: Legacy Flip,0,30.717123,0.5,16.910,1.0,1.5,16.910
GTAIV.exe,1234,0x0,DXGI,0,0,0,Hardware: Legacy Flip,0,30.734402,0.5,17.279,1.0,1.5,17.279
GTAIV.exe,1234,0x0,DXGI,0,0,0,Hardware: Legacy Flip,0,30.753565,0.5,19.164,1.0,1.5,19.164
GTAIV.exe,1234,0x0,DXGI,0,0,0,Hardware: Legacy Flip,0,30.770414,0.5,16.849,1.0,1.5,16.849
GTAIV.exe,1234,0x0,DXGI,0,0,0,Hardware: Legacy Flip,0,30.784188,0.5,13.774,1.0,1.5,13.774
GTAIV.exe,1234,0x0,DXGI,0,0,0,Hardware: Legacy Flip,0,30.799908,0.5,15.720,1.0,1.5,15.720
GTAIV.exe,1234,0x0,DXGI,0,0,0,Hardware: Legacy Flip,0,30.816088,0.5,16.180,1.0,1.5,16.180
GTAIV.exe,1234,0x0,DXGI,0,0,0,Hardware: Legacy Flip,0,30.832889,0.5,16.802,1.0,1.5,16.802
GTAIV.exe,1234,0x0,DXGI,0,0,0,Hardware: Legacy Flip,0,30.847967,0.5,15.078,1.0,1.5,15.078
GTAIV.exe,1234,0x0,DXGI,0,0,0,Hardware: Legacy Flip,0,30.862690,0.5,14.723,1.0,1.5,14.723
GTAIV.exe,1234,0x0,DXGI,0,0,0,Hardware: Legacy Flip,0,30.878644,0.5,15.954,1.0,1.5,15.954
GTAIV.exe,1234,0x0,DXGI,0,0,0,Hardware: Legacy Flip,0,30.895516,0.5,16.873,1.0,1.5,16.873
GTAIV.exe,1234,0x0,DXGI,0,0,0,Hardware: Legacy Flip,0,30.913633,0.5,18.116,1.0,1.5,18.116
GTAIV.exe,1234,0x0,DXGI,0,0,0,Hardware: Legacy Flip,0,30.930817,0.5,17.185,1.0,1.5,17.185
GTAIV.exe,1234,0x0,DXGI,0,0,0,Hardware: Legacy Flip,0,30.946385,0.5,15.568,1.0,1.5,15.568
GTAIV.exe,1234,0x0,DXGI,0,0,0,Hardware: Legacy Flip,0,30.962843,0.5,16.458,1.0,1.5,16.458
GTAIV.exe,1234,0x0,DXGI,0,0,0,Hardware: Legacy Flip,0,30.979356,0.5,16.513,1.0,1.5,16.513
GTAIV.exe,1234,0x0,DXGI,0,0,0,Hardware: Legacy Flip,0,30.996499,0.5,17.143,1.0,1.5,17.143
GTAIV.exe,1234,0x0,DXGI,0,0,0,Hardware: Legacy Flip,0,31.011793,0.5,15.294,1.0,1.5,15.294
GTAIV.exe,1234,0x0,DXGI,0,0,0,Hardware: Legacy Flip,0,31.026555,0.5,14.762,1.0,1.5,14.762
GTAIV.exe,1234,0x0,DXGI,0,0,0,Hardware: Legacy Flip,0,31.045616,0.5,19.061,1.0,1.5,19.061
GTAIV.exe,1234,0x0,DXGI,0,0,0,Hardware: Legacy Flip,0,31.060878,0.5,15.262,1.0,1.5,15.262
GTAIV.exe,1234,0x0,DXGI,0,0,0,Hardware: Legacy Flip,0,31.076664,0.5,15.787,1.0,1.5,15.787
GTAIV.exe,1234,0x0,DXGI,0,0,0,Hardware: Legacy Flip,0,31.091814,0.5,15.150,1.0,1.5,15.150
GTAIV.exe,1234,0x0,DXGI,0,0,0,Hardware: Legacy Flip,0,31.108391,0.5,16.576,1.0,1.5,16.576
GTAIV.exe,1234,0x0,DXGI,0,0,0,Hardware: Legacy Flip,0,31.124471,0.5,16.081,1.0,1.5,16.081
GTAIV.exe,1234,0x0,DXGI,0,0,0,Hardware: Legacy Flip,0,31.139316,0.5,14.845,1.0,1.5,14.845
GTAIV.exe,1234,0x0,DXGI,0,0,0,Hardware: Legacy Flip,0,31.154771,0.5,15.456,1.0,1.5,15.456
GTAIV.exe,1234,0x0,DXGI,0,0,0,Hardware: Legacy Flip,0,31.170621,0.5,15.849,1.0,1.5,15.849
GTAIV.exe,1234,0x0,DXGI,0,0,0,Hardware: Legacy Flip,0,31.185036,0.5,14.416,1.0,1.5,14.416
GTAIV.exe,1234,0x0,DXGI,0,0,0,Hardware: Legacy Flip,0,31.202055,0.5,17.019,1.0,1.5,17.019
GTAIV.exe,1234,0x0,DXGI,0,0,0,Hardware: Legacy Flip,0,31.220574,0.5,18.518,1.0,1.5,18.518
GTAIV.exe,1234,0x0,DXGI,0,0,0,Hardware: Legacy Flip,0,31.236591,0.5,16.017,1.0,1.5,16.017
GTAIV.exe,1234,0x0,DXGI,0,0,0,Hardware: Legacy Flip,0,31.250623,0.5,14.032,1.0,1.5,14.032
GTAIV.exe,1234,0x0,DXGI,0,0,0,Hardware: Legacy Flip,0,31.268880,0.5,18.258,1.0,1.5,18.258
GTAIV.exe,1234,0x0,DXGI,0,0,0,Hardware: Legacy Flip,0,31.285923,0.5,17.043,1.0,1.5,17.043
GTAIV.exe,1234,0x0,DXGI,0,0,0,Hardware: Legacy Flip,0,31.303008,0.5,17.085,1.0,1.5,17.085
GTAIV.exe,1234,0x0,DXGI,0,0,0,Hardware: Legacy Flip,0,31.319255,0.5,16.247,1.0,1.5,16.247
GTAIV.exe,1234,0x0,DXGI,0,0,0,Hardware: Legacy Flip,0,31.336871,0.5,17.616,1.0,1.5,17.616
GTAIV.exe,1234,0x0,DXGI,0,0,0,Hardware: Legacy Flip,0,31.354033,0.5,17.163,1.0,1.5,17.163
GTAIV.exe,1234,0x0,DXGI,0,0,0,Hardware: Legacy Flip,0,31.369684,0.5,15.651,1.0,1.5,15.651
GTAIV.exe,1234,0x0,DXGI,0,0,0,Hardware: Legacy Flip,0,31.388379,0.5,18.695,1.0,1.5,18.695
GTAIV.exe,1234,0x0,DXGI,0,0,0,Hardware: Legacy Flip,0,31.404539,0.5,16.160,1.0,1.5,16.160
GTAIV.exe,1234,0x0,DXGI,0,0,0,Hardware: Legacy Flip,0,31.422140,0.5,17.601,1.0,1.5,17.601
GTAIV.exe,1234,0x0,DXGI,0,0,0,Hardware: Legacy Flip,0,31.438917,0.5,16.778,1.0,1.5,16.778
GTAIV.exe,1234,0x0,DXGI,0,0,0,Hardware: Legacy Flip,0,31.454479,0.5,15.561,1.0,1.5,15.561
GTAIV.exe,1234,0x0,DXGI,0,0,0,Hardware: Legacy Flip,0,31.470873,0.5,16.395,1.0,1.5,16.395
GTAIV.exe,1234,0x0,DXGI,0,0,0,Hardware: Legacy Flip,0,31.486351,0.5,15.478,1.0,1.5,15.478
GTAIV.exe,1234,0x0,DXGI,0,0,0,Hardware: Legacy Flip,0,31.501963,0.5,15.612,1.0,1.5,15.612
GTAIV.exe,1234,0x0,DXGI,0,0,0,Hardware: Legacy Flip,0,31.518480,0.5,16.516,1.0,1.5,16.516
GTAIV.exe,1234,0x0,DXGI,0,0,0,Hardware: Legacy Flip,0,31.534427,0.5,15.948,1.0,1.5,15.948
GTAIV.exe,1234,0x0,DXGI,0,0,0,Hardware: Legacy Flip,0,31.551411,0.5,16.984,1.0,1.5,16.984
GTAIV.exe,1234,0x0,DXGI,0,0,0,Hardware: Legacy Flip,0,31.568033,0.5,16.622,1.0,1.5,16.622
GTAIV.exe,1234,0x0,DXGI,0,0,0,Hardware: Legacy Flip,0,31.584229,0.5,16.196,1.0,1.5,16.196
GTAIV.exe,1234,0x0,DXGI,0,0,0,Hardware: Legacy Flip,0,31.599619,0.5,15.390,1.0,1.5,15.390
GTAIV.exe,1234,0x0,DXGI,0,0,0,Hardware: Legacy Flip,0,31.614188,0.5,14.569,1.0,1.5,14.569
GTAIV.exe,1234,0x0,DXGI,0,0,0,Hardware: Legacy Flip,0,31.628865,0.5,14.677,1.0,1.5,14.677
GTAIV.exe,1234,0x0,DXGI,0,0,0,Hardware: Legacy Flip,0,31.646787,0.5,17.922,1.0,1.5,17.922
GTAIV.exe,1234,0x0,DXGI,0,0,0,Hardware: Legacy Flip,0,31.665218,0.5,18.431,1.0,1.5,18.431
GTAIV.exe,1234,0x0,DXGI,0,0,0,Hardware: Legacy Flip,0,31.683836,0.5,18.618,1.0,1.5,18.618
GTAIV.exe,1234,0x0,DXGI,0,0,0,Hardware: Legacy Flip,0,31.700636,0.5,16.800,1.0,1.5,16.800
GTAIV.exe,1234,0x0,DXGI,0,0,0,Hardware: Legacy Flip,0,31.716042,0.5,15.406,1.0,1.5,15.406
GTAIV.exe,1234,0x0,DXGI,0,0,0,Hardware: Legacy Flip,0,31.732727,0.5,16.685,1.0,1.5,16.685
GTAIV.exe,1234,0x0,DXGI,0,0,0,Hardware: Legacy Flip,0,31.750718,0.5,17.991,1.0,1.5,17.991
GTAIV.exe,1234,0x0,DXGI,0,0,0,Hardware: Legacy Flip,0,31.767992,0.5,17.274,1.0,1.5,17.274
GTAIV.exe,1234,0x0,DXGI,0,0,0,Hardware: Legacy Flip,0,31.783052,0.5,15.059,1.0,1.5,15.059
GTAIV.exe,1234,0x0,DXGI,0,0,0,Hardware: Legacy Flip,0,31.799394,0.5,16.342,1.0,1.5,16.342
GTAIV.exe,1234,0x0,DXGI,0,0,0,Hardware: Legacy Flip,0,31.815785,0.5,16.391,1.0,1.5,16.391
GTAIV.exe,1234,0x0,DXGI,0,0,0,Hardware: Legacy Flip,0,31.831278,0.5,15.493,1.0,1.5,15.493
GTAIV.exe,1234,0x0,DXGI,0,0,0,Hardware: Legacy Flip,0,31.847556,0.5,16.277,1.0,1.5,16.277
GTAIV.exe,1234,0x0,DXGI,0,0,0,Hardware: Legacy Flip,0,31.865453,0.5,17.897,1.0,1.5,17.897
GTAIV.exe,1234,0x0,DXGI,0,0,0,Hardware: Legacy Flip,0,31.881817,0.5,16.364,1.0,1.5,16.364
GTAIV.exe,1234,0x0,DXGI,0,0,0,Hardware: Legacy Flip,0,31.898521,0.5,16.704,1.0,1.5,16.704
GTAIV.exe,1234,0x0,DXGI,0,0,0,Hardware: Legacy Flip,0,31.914553,0.5,16.032,1.0,1.5,16.032
GTAIV.exe,1234,0x0,DXGI,0,0,0,Hardware: Legacy Flip,0,31.930395,0.5,15.842,1.0,1.5,15.842
GTAIV.exe,1234,0x0,DXGI,0,0,0,Hardware: Legacy Flip,0,31.948270,0.5,17.875,1.0,1.5,17.875
GTAIV.exe,1234,0x0,DXGI,0,0,0,Hardware: Legacy Flip,0,31.962528,0.5,14.259,1.0,1.5,14.259
GTAIV.exe,1234,0x0,DXGI,0,0,0,Hardware: Legacy Flip,0,31.980137,0.5,17.609,1.0,1.5,17.609
GTAIV.exe,1234,0x0,DXGI,0,0,0,Hardware: Legacy Flip,0,31.997315,0.5,17.178,1.0,1.5,17.178
GTAIV.exe,1234,0x0,DXGI,0,0,0,Hardware: Legacy Flip,0,32.014126,0.5,16.811,1.0,1.5,16.811
GTAIV.exe,1234,0x0,DXGI,0,0,0,Hardware: Legacy Flip,0,32.029423,0.5,15.296,1.0,1.5,15.296
GTAIV.exe,1234,0x0,DXGI,0,0,0,Hardware: Legacy Flip,0,32.048610,0.5,19.187,1.0,1.5,19.187
GTAIV.exe,1234,0x0,DXGI,0,0,0,Hardware: Legacy Flip,0,32.064688,0.5,16.078,1.0,1.5,16.078
GTAIV.exe,1234,0x0,DXGI,0,0,0,Hardware: Legacy Flip,0,32.080403,0.5,15.715,1.0,1.5,15.715
GTAIV.exe,1234,0x0,DXGI,0,0,0,Hardware: Legacy Flip,0,32.096829,0.5,16.426,1.0,1.5,16.426
GTAIV.exe,1234,0x0,DXGI,0,0,0,Hardware: Legacy Flip,0,32.112660,0.5,15.831,1.0,1.5,15.831
GTAIV.exe,1234,0x0,DXGI,0,0,0,Hardware: Legacy Flip,0,32.130347,0.5,17.687,1.0,1.5,17.687
GTAIV.exe,1234,0x0,DXGI,0,0,0,Hardware: Legacy Flip,0,32.145243,0.5,14.896,1.0,1.5,14.896
GTAIV.exe,1234,0x0,DXGI,0,0,0,Hardware: Legacy Flip,0,32.160941,0.5,15.698,1.0,1.5,15.698
GTAIV.exe,1234,0x0,DXGI,0,0,0,Hardware: Legacy Flip,0,32.176139,0.5,15.198,1.0,1.5,15.198
GTAIV.exe,1234,0x0,DXGI,0,0,0,Hardware: Legacy Flip,0,32.192659,0.5,16.520,1.0,1.5,16.520
GTAIV.exe,1234,0x0,DXGI,0,0,0,Hardware: Legacy Flip,0,32.208278,0.5,15.619,1.0,1.5,15.619
GTAIV.exe,1234,0x0,DXGI,0,0,0,Hardware: Legacy Flip,0,32.225181,0.5,16.904,1.0,1.5,16.904
GTAIV.exe,1234,0x0,DXGI,0,0,0,Hardware: Legacy Flip,0,32.239520,0.5,14.339,1.0,1.5,14.339
GTAIV.exe,1234,0x0,DXGI,0,0,0,Hardware: Legacy Flip,0,32.257051,0.5,17.531,1.0,1.5,17.531
GTAIV.exe,1234,0x0,DXGI,0,0,0,Hardware: Legacy Flip,0,32.273476,0.5,16.425,1.0,1.5,16.425
GTAIV.exe,1234,0x0,DXGI,0,0,0,Hardware: Legacy Flip,0,32.289705,0.5,16.229,1.0,1.5,16.229
GTAIV.exe,1234,0x0,DXGI,0,0,0,Hardware: Legacy Flip,0,32.308864,0.5,19.159,1.0,1.5,19.159
GTAIV.exe,1234,0x0,DXGI,0,0,0,Hardware: Legacy Flip,0,32.326196,0.5,17.332,1.0,1.5,17.332
GTAIV.exe,1234,0x0,DXGI,0,0,0,Hardware: Legacy Flip,0,32.341400,0.5,15.203,1.0,1.5,15.203
GTAIV.exe,1234,0x0,DXGI,0,0,0,Hardware: Legacy Flip,0,32.358048,0.5,16.648,1.0,1.5,16.648
GTAIV.exe,1234,0x0,DXGI,0,0,0,Hardware: Legacy Flip,0,32.374339,0.5,16.291,1.0,1.5,16.291
GTAIV.exe,1234,0x0,DXGI,0,0,0,Hardware: Legacy Flip,0,32.391583,0.5,17.244,1.0,1.5,17.244
GTAIV.exe,1234,0x0,DXGI,0,0,0,Hardware: Legacy Flip,0,32.406806,0.5,15.223,1.0,1.5,15.223
GTAIV.exe,1234,0x0,DXGI,0,0,0,Hardware: Legacy Flip,0,32.423675,0.5,16.870,1.0,1.5,16.870
GTAIV.exe,1234,0x0,DXGI,0,0,0,Hardware: Legacy Flip,0,32.440994,0.5,17.319,1.0,1.5,17.319
GTAIV.exe,1234,0x0,DXGI,0,0,0,Hardware: Legacy Flip,0,32.457635,0.5,16.641,1.0,1.5,16.641
GTAIV.exe,1234,0x0,DXGI,0,0,0,Hardware: Legacy Flip,0,32.474339,0.5,16.704,1.0,1.5,16.704
GTAIV.exe,1234,0x0,DXGI,0,0,0,Hardware: Legacy Flip,0,32.493099,0.5,18.760,1.0,1.5,18.760
GTAIV.exe,1234,0x0,DXGI,0,0,0,Hardware: Legacy Flip,0,32.510948,0.5,17.849,1.0,1.5,17.849
GTAIV.exe,1234,0x0,DXGI,0,0,0,Hardware: Legacy Flip,0,32.527127,0.5,16.178,1.0,1.5,16.178
GTAIV.exe,1234,0x0,DXGI,0,0,0,Hardware: Legacy Flip,0,32.544371,0.5,17.244,1.0,1.5,17.244
GTAIV.exe,1234,0x0,DXGI,0,0,0,Hardware: Legacy Flip,0,32.558913,0.5,14.542,1.0,1.5,14.542
GTAIV.exe,1234,0x0,DXGI,0,0,0,Hardware: Legacy Flip,0,32.575107,0.5,16.193,1.0,1.5,16.193
GTAIV.exe,1234,0x0,DXGI,0,0,0,Hardware: Legacy Flip,0,32.593178,0.5,18.072,1.0,1.5,18.072
GTAIV.exe,1234,0x0,DXGI,0,0,0,Hardware: Legacy Flip,0,32.609024,0.5,15.845,1.0,1.5,15.845
GTAIV.exe,1234,0x0,DXGI,0,0,0,Hardware: Legacy Flip,0,32.625605,0.5,16.581,1.0,1.5,16.581
GTAIV.exe,1234,0x0,DXGI,0,0,0,Hardware: Legacy Flip,0,32.641934,0.5,16.330,1.0,1.5,16.330
GTAIV.exe,1234,0x0,DXGI,0,0,0,Hardware: Legacy Flip,0,32.660021,0.5,18.086,1.0,1.5,18.086
GTAIV.exe,1234,0x0,DXGI,0,0,0,Hardware: Legacy Flip,0,32.674110,0.5,14.089,1.0,1.5,14.089
GTAIV.exe,1234,0x0,DXGI,0,0,0,Hardware: Legacy Flip,0,32.690150,0.5,16.039,1.0,1.5,16.039
GTAIV.exe,1234,0x0,DXGI,0,0,0,Hardware: Legacy Flip,0,32.706042,0.5,15.893,1.0,1.5,15.893
GTAIV.exe,1234,0x0,DXGI,0,0,0,Hardware: Legacy Flip,0,32.722417,0.5,16.375,1.0,1.5,16.375
GTAIV.exe,1234,0x0,DXGI,0,0,0,Hardware: Legacy Flip,0,32.738020,0.5,15.602,1.0,1.5,15.602
GTAIV.exe,1234,0x0,DXGI,0,0,0,Hardware: Legacy Flip,0,32.753820,0.5,15.801,1.0,1.5,15.801
GTAIV.exe,1234,0x0,DXGI,0,0,0,Hardware: Legacy Flip,0,32.771186,0.5,17.366,1.0,1.5,17.366
GTAIV.exe,1234,0x0,DXGI,0,0,0,Hardware: Legacy Flip,0,32.787486,0.5,16.300,1.0,1.5,16.300
GTAIV.exe,1234,0x0,DXGI,0,0,0,Hardware: Legacy Flip,0,32.805692,0.5,18.205,1.0,1.5,18.205
GTAIV.exe,1234,0x0,DXGI,0,0,0,Hardware: Legacy Flip,0,32.822329,0.5,16.637,1.0,1.5,16.637
GTAIV.exe,1234,0x0,DXGI,0,0,0,Hardware: Legacy Flip,0,32.839813,0.5,17.484,1.0,1.5,17.484
GTAIV.exe,1234,0x0,DXGI,0,0,0,Hardware: Legacy Flip,0,32.857659,0.5,17.847,1.0,1.5,17.847
GTAIV.exe,1234,0x0,DXGI,0,0,0,Hardware: Legacy Flip,0,32.873046,0.5,15.386,1.0,1.5,15.386
GTAIV.exe,1234,0x0,DXGI,0,0,0,Hardware: Legacy Flip,0,32.888654,0.5,15.608,1.0,1.5,15.608
GTAIV.exe,1234,0x0,DXGI,0,0,0,Hardware: Legacy Flip,0,32.904336,0.5,15.682,1.0,1.5,15.682
GTAIV.exe,1234,0x0,DXGI,0,0,0,Hardware: Legacy Flip,0,32.921935,0.5,17.599,1.0,1.5,17.599
GTAIV.exe,1234,0x0,DXGI,0,0,0,Hardware: Legacy Flip,0,32.939319,0.5,17.385,1.0,1.5,17.385
GTAIV.exe,1234,0x0,DXGI,0,0,0,Hardware: Legacy Flip,0,32.956519,0.5,17.199,1.0,1.5,17.199
GTAIV.exe,1234,0x0,DXGI,0,0,0,Hardware: Legacy Flip,0,32.972207,0.5,15.688,1.0,1.5,15.688
GTAIV.exe,1234,0x0,DXGI,0,0,0,Hardware: Legacy Flip,0,32.988542,0.5,16.335,1.0,1.5,16.335
GTAIV.exe,1234,0x0,DXGI,0,0,0,Hardware: Legacy Flip,0,33.004469,0.5,15.927,1.0,1.5,15.927
GTAIV.exe,1234,0x0,DXGI,0,0,0,Hardware: Legacy Flip,0,33.022780,0.5,18.311,1.0,1.5,18.311
GTAIV.exe,1234,0x0,DXGI,0,0,0,Hardware: Legacy Flip,0,33.039161,0.5,16.381,1.0,1.5,16.381
GTAIV.exe,1234,0x0,DXGI,0,0,0,Hardware: Legacy Flip,0,33.058232,0.5,19.071,1.0,1.5,19.071
GTAIV.exe,1234,0x0,DXGI,0,0,0,Hardware: Legacy Flip,0,33.074565,0.5,16.333,1.0,1.5,16.333
GTAIV.exe,1234,0x0,DXGI,0,0,0,Hardware: Legacy Flip,0,33.092533,0.5,17.968,1.0,1.5,17.968
GTAIV.exe,1234,0x0,DXGI,0,0,0,Hardware: Legacy Flip,0,33.108696,0.5,16.162,1.0,1.5,16.162
GTAIV.exe,1234,0x0,DXGI,0,0,0,Hardware: Legacy Flip,0,33.125667,0.5,16.972,1.0,1.5,16.972
GTAIV.exe,1234,0x0,DXGI,0,0,0,Hardware: Legacy Flip,0,33.143738,0.5,18.071,1.0,1.5,18.071
GTAIV.exe,1234,0x0,DXGI,0,0,0,Hardware: Legacy Flip,0,33.158578,0.5,14.840,1.0,1.5,14.840
GTAIV.exe,1234,0x0,DXGI,0,0,0,Hardware: Legacy Flip,0,33.174659,0.5,16.081,1.0,1.5,16.081
GTAIV.exe,1234,0x0,DXGI,0,0,0,Hardware: Legacy Flip,0,33.193194,0.5,18.535,1.0,1.5,18.535
GTAIV.exe,1234,0x0,DXGI,0,0,0,Hardware: Legacy Flip,0,33.208657,0.5,15.463,1.0,1.5,15.463
GTAIV.exe,1234,0x0,DXGI,0,0,0,Hardware: Legacy Flip,0,33.224625,0.5,15.968,1.0,1.5,15.968
GTAIV.exe,1234,0x0,DXGI,0,0,0,Hardware: Legacy Flip,0,33.241655,0.5,17.030,1.0,1.5,17.030
GTAIV.exe,1234,0x0,DXGI,0,0,0,Hardware: Legacy Flip,0,33.256853,0.5,15.199,1.0,1.5,15.199
GTAIV.exe,1234,0x0,DXGI,0,0,0,Hardware: Legacy Flip,0,33.272919,0.5,16.065,1.0,1.5,16.065
GTAIV.exe,1234,0x0,DXGI,0,0,0,Hardware: Legacy Flip,0,33.289524,0.5,16.605,1.0,1.5,16.605
GTAIV.exe,1234,0x0,DXGI,0,0,0,Hardware: Legacy Flip,0,33.306439,0.5,16.915,1.0,1.5,16.915
GTAIV.exe,1234,0x0,DXGI,0,0,0,Hardware: Legacy Flip,0,33.323808,0.5,17.369,1.0,1.5,17.369
GTAIV.exe,1234,0x0,DXGI,0,0,0,Hardware: Legacy Flip,0,33.340713,0.5,16.905,1.0,1.5,16.905
GTAIV.exe,1234,0x0,DXGI,0,0,0,Hardware: Legacy Flip,0,33.358303,0.5,17.590,1.0,1.5,17.590
GTAIV.exe,1234,0x0,DXGI,0,0,0,Hardware: Legacy Flip,0,33.376390,0.5,18.086,1.0,1.5,18.086
GTAIV.exe,1234,0x0,DXGI,0,0,0,Hardware: Legacy Flip,0,33.393278,0.5,16.888,1.0,1.5,16.888
GTAIV.exe,1234,0x0,DXGI,0,0,0,Hardware: Legacy Flip,0,33.410747,0.5,17.469,1.0,1.5,17.469
GTAIV.exe,1234,0x0,DXGI,0,0,0,Hardware: Legacy Flip,0,33.427098,0.5,16.352,1.0,1.5,16.352
GTAIV.exe,1234,0x0,DXGI,0,0,0,Hardware: Legacy Flip,0,33.442489,0.5,15.390,1.0,1.5,15.390
GTAIV.exe,1234,0x0,DXGI,0,0,0,Hardware: Legacy Flip,0,33.458168,0.5,15.679,1.0,1.5,15.679
GTAIV.exe,1234,0x0,DXGI,0,0,0,Hardware: Legacy Flip,0,33.474375,0.5,16.207,1.0,1.5,16.207
GTAIV.exe,1234,0x0,DXGI,0,0,0,Hardware: Legacy Flip,0,33.493324,0.5,18.949,1.0,1.5,18.949
GTAIV.exe,1234,0x0,DXGI,0,0,0,Hardware: Legacy Flip,0,33.511047,0.5,17.723,1.0,1.5,17.723
GTAIV.exe,1234,0x0,DXGI,0,0,0,Hardware: Legacy Flip,0,33.527682,0.5,16.635,1.0,1.5,16.635
GTAIV.exe,1234,0x0,DXGI,0,0,0,Hardware: Legacy Flip,0,33.543823,0.5,16.140,1.0,1.5,16.140
GTAIV.exe,1234,0x0,DXGI,0,0,0,Hardware: Legacy Flip,0,33.560518,0.5,16.695,1.0,1.5,16.695
GTAIV.exe,1234,0x0,DXGI,0,0,0,Hardware: Legacy Flip,0,33.577342,0.5,16.824,1.0,1.5,16.824
GTAIV.exe,1234,0x0,DXGI,0,0,0,Hardware: Legacy Flip,0,33.595240,0.5,17.898,1.0,1.5,17.898
GTAIV.exe,1234,0x0,DXGI,0,0,0,Hardware: Legacy Flip,0,33.612220,0.5,16.981,1.0,1.5,16.981
GTAIV.exe,1234,0x0,DXGI,0,0,0,Hardware: Legacy Flip,0,33.628379,0.5,16.158,1.0,1.5,16.158
GTAIV.exe,1234,0x0,DXGI,0,0,0,Hardware: Legacy Flip,0,33.647065,0.5,18.686,1.0,1.5,18.686
GTAIV.exe,1234,0x0,DXGI,0,0,0,Hardware: Legacy Flip,0,33.664126,0.5,17.061,1.0,1.5,17.061
GTAIV.exe,1234,0x0,DXGI,0,0,0,Hardware: Legacy Flip,0,33.679105,0.5,14.979,1.0,1.5,14.979
GTAIV.exe,1234,0x0,DXGI,0,0,0,Hardware: Legacy Flip,0,33.695014,0.5,15.909,1.0,1.5,15.909
GTAIV.exe,1234,0x0,DXGI,0,0,0,Hardware: Legacy Flip,0,33.711242,0.5,16.228,1.0,1.5,16.228
GTAIV.exe,1234,0x0,DXGI,0,0,0,Hardware: Legacy Flip,0,33.728108,0.5,16.867,1.0,1.5,16.867
GTAIV.exe,1234,0x0,DXGI,0,0,0,Hardware: Legacy Flip,0,33.744682,0.5,16.574,1.0,1.5,16.574
GTAIV.exe,1234,0x0,DXGI,0,0,0,Hardware: Legacy Flip,0,33.761836,0.5,17.154,1.0,1.5,17.154
GTAIV.exe,1234,0x0,DXGI,0,0,0,Hardware: Legacy Flip,0,33.778308,0.5,16.473,1.0,1.5,16.473
GTAIV.exe,1234,0x0,DXGI,0,0,0,Hardware: Legacy Flip,0,33.793061,0.5,14.753,1.0,1.5,14.753
GTAIV.exe,1234,0x0,DXGI,0,0,0,Hardware: Legacy Flip,0,33.810266,0.5,17.205,1.0,1.5,17.205
GTAIV.exe,1234,0x0,DXGI,0,0,0,Hardware: Legacy Flip,0,33.826380,0.5,16.114,1.0,1.5,16.114
GTAIV.exe,1234,0x0,DXGI,0,0,0,Hardware: Legacy Flip,0,33.843132,0.5,16.752,1.0,1.5,16.752
GTAIV.exe,1234,0x0,DXGI,0,0,0,Hardware: Legacy Flip,0,33.859220,0.5,16.088,1.0,1.5,16.088
GTAIV.exe,1234,0x0,DXGI,0,0,0,Hardware: Legacy Flip,0,33.876347,0.5,17.127,1.0,1.5,17.127
GTAIV.exe,1234,0x0,DXGI,0,0,0,Hardware: Legacy Flip,0,33.892405,0.5,16.058,1.0,1.5,16.058
GTAIV.exe,1234,0x0,DXGI,0,0,0,Hardware: Legacy Flip,0,33.907827,0.5,15.422,1.0,1.5,15.422
GTAIV.exe,1234,0x0,DXGI,0,0,0,Hardware: Legacy Flip,0,33.923890,0.5,16.063,1.0,1.5,16.063
GTAIV.exe,1234,0x0,DXGI,0,0,0,Hardware: Legacy Flip,0,33.941572,0.5,17.683,1.0,1.5,17.683
GTAIV.exe,1234,0x0,DXGI,0,0,0,Hardware: Legacy Flip,0,33.958177,0.5,16.605,1.0,1.5,16.605
GTAIV.exe,1234,0x0,DXGI,0,0,0,Hardware: Legacy Flip,0,33.974242,0.5,16.065,1.0,1.5,16.065
GTAIV.exe,1234,0x0,DXGI,0,0,0,Hardware: Legacy Flip,0,33.989870,0.5,15.628,1.0,1.5,15.628
GTAIV.exe,1234,0x0,DXGI,0,0,0,Hardware: Legacy Flip,0,34.009339,0.5,19.469,1.0,1.5,19.469
GTAIV.exe,1234,0x0,DXGI,0,0,0,Hardware: Legacy Flip,0,34.026904,0.5,17.565,1.0,1.5,17.565
GTAIV.exe,1234,0x0,DXGI,0,0,0,Hardware: Legacy Flip,0,34.042964,0.5,16.060,1.0,1.5,16.060
GTAIV.exe,1234,0x0,DXGI,0,0,0,Hardware: Legacy Flip,0,34.059923,0.5,16.958,1.0,1.5,16.958
GTAIV.exe,1234,0x0,DXGI,0,0,0,Hardware: Legacy Flip,0,34.075724,0.5,15.802,1.0,1.5,15.802
GTAIV.exe,1234,0x0,DXGI,0,0,0,Hardware: Legacy Flip,0,34.090678,0.5,14.954,1.0,1.5,14.954
GTAIV.exe,1234,0x0,DXGI,0,0,0,Hardware: Legacy Flip,0,34.107274,0.5,16.596,1.0,1.5,16.596
GTAIV.exe,1234,0x0,DXGI,0,0,0,Hardware: Legacy Flip,0,34.124216,0.5,16.942,1.0,1.5,16.942
GTAIV.exe,1234,0x0,DXGI,0,0,0,Hardware: Legacy Flip,0,34.141823,0.5,17.607,1.0,1.5,17.607
GTAIV.exe,1234,0x0,DXGI,0,0,0,Hardware: Legacy Flip,0,34.158647,0.5,16.824,1.0,1.5,16.824
GTAIV.exe,1234,0x0,DXGI,0,0,0,Hardware: Legacy Flip,0,34.173783,0.5,15.136,1.0,1.5,15.136
GTAIV.exe,1234,0x0,DXGI,0,0,0,Hardware: Legacy Flip,0,34.190056,0.5,16.273,1.0,1.5,16.273
GTAIV.exe,1234,0x0,DXGI,0,0,0,Hardware: Legacy Flip,0,34.206827,0.5,16.771,1.0,1.5,16.771
GTAIV.exe,1234,0x0,DXGI,0,0,0,Hardware: Legacy Flip,0,34.223672,0.5,16.845,1.0,1.5,16.845
GTAIV.exe,1234,0x0,DXGI,0,0,0,Hardware: Legacy Flip,0,34.238781,0.5,15.110,1.0,1.5,15.110
GTAIV.exe,1234,0x0,DXGI,0,0,0,Hardware: Legacy Flip,0,34.256010,0.5,17.228,1.0,1.5,17.228
GTAIV.exe,1234,0x0,DXGI,0,0,0,Hardware: Legacy Flip,0,34.272564,0.5,16.554,1.0,1.5,16.554
GTAIV.exe,1234,0x0,DXGI,0,0,0,Hardware: Legacy Flip,0,34.291612,0.5,19.048,1.0,1.5,19.048
GTAIV.exe,1234,0x0,DXGI,0,0,0,Hardware: Legacy Flip,0,34.309339,0.5,17.727,1.0,1.5,17.727
GTAIV.exe,1234,0x0,DXGI,0,0,0,Hardware: Legacy Flip,0,34.326542,0.5,17.203,1.0,1.5,17.203
GTAIV.exe,1234,0x0,DXGI,0,0,0,Hardware: Legacy Flip,0,34.343127,0.5,16.585,1.0,1.5,16.585
GTAIV.exe,1234,0x0,DXGI,0,0,0,Hardware: Legacy Flip,0,34.360444,0.5,17.317,1.0,1.5,17.317
GTAIV.exe,1234,0x0,DXGI,0,0,0,Hardware: Legacy Flip,0,34.376745,0.5,16.302,1.0,1.5,16.302
GTAIV.exe,1234,0x0,DXGI,0,0,0,Hardware: Legacy Flip,0,34.393630,0.5,16.884,1.0,1.5,16.884
GTAIV.exe,1234,0x0,DXGI,0,0,0,Hardware: Legacy Flip,0,34.410158,0.5,16.529,1.0,1.5,16.529
GTAIV.exe,1234,0x0,DXGI,0,0,0,Hardware: Legacy Flip,0,34.426213,0.5,16.054,1.0,1.5,16.054
GTAIV.exe,1234,0x0,DXGI,0,0,0,Hardware: Legacy Flip,0,34.442608,0.5,16.396,1.0,1.5,16.396
GTAIV.exe,1234,0x0,DXGI,0,0,0,Hardware: Legacy Flip,0,34.461037,0.5,18.429,1.0,1.5,18.429
GTAIV.exe,1234,0x0,DXGI,0,0,0,Hardware: Legacy Flip,0,34.478937,0.5,17.900,1.0,1.5,17.900
GTAIV.exe,1234,0x0,DXGI,0,0,0,Hardware: Legacy Flip,0,34.495501,0.5,16.564,1.0,1.5,16.564
GTAIV.exe,1234,0x0,DXGI,0,0,0,Hardware: Legacy Flip,0,34.513717,0.5,18.216,1.0,1.5,18.216
GTAIV.exe,1234,0x0,DXGI,0,0,0,Hardware: Legacy Flip,0,34.532142,0.5,18.425,1.0,1.5,18.425
GTAIV.exe,1234,0x0,DXGI,0,0,0,Hardware: Legacy Flip,0,34.551214,0.5,19.072,1.0,1.5,19.072
GTAIV.exe,1234,0x0,DXGI,0,0,0,Hardware: Legacy Flip,0,34.566676,0.5,15.462,1.0,1.5,15.462
GTAIV.exe,1234,0x0,DXGI,0,0,0,Hardware: Legacy Flip,0,34.584187,0.5,17.511,1.0,1.5,17.511
GTAIV.exe,1234,0x0,DXGI,0,0,0,Hardware: Legacy Flip,0,34.601236,0.5,17.049,1.0,1.5,17.049
GTAIV.exe,1234,0x0,DXGI,0,0,0,Hardware: Legacy Flip,0,34.618124,0.5,16.888,1.0,1.5,16.888
GTAIV.exe,1234,0x0,DXGI,0,0,0,Hardware: Legacy Flip,0,34.632381,0.5,14.257,1.0,1.5,14.257
GTAIV.exe,1234,0x0,DXGI,0,0,0,Hardware: Legacy Flip,0,34.650032,0.5,17.651,1.0,1.5,17.651
GTAIV.exe,1234,0x0,DXGI,0,0,0,Hardware: Legacy Flip,0,34.667774,0.5,17.742,1.0,1.5,17.742
GTAIV.exe,1234,0x0,DXGI,0,0,0,Hardware: Legacy Flip,0,34.683673,0.5,15.898,1.0,1.5,15.898
GTAIV.exe,1234,0x0,DXGI,0,0,0,Hardware: Legacy Flip,0,34.700876,0.5,17.203,1.0,1.5,17.203
GTAIV.exe,1234,0x0,DXGI,0,0,0,Hardware: Legacy Flip,0,34.716791,0.5,15.915,1.0,1.5,15.915
GTAIV.exe,1234,0x0,DXGI,0,0,0,Hardware: Legacy Flip,0,34.733816,0.5,17.024,1.0,1.5,17.024
GTAIV.exe,1234,0x0,DXGI,0,0,0,Hardware: Legacy Flip,0,34.752190,0.5,18.375,1.0,1.5,18.375
GTAIV.exe,1234,0x0,DXGI,0,0,0,Hardware: Legacy Flip,0,34.769712,0.5,17.522,1.0,1.5,17.522
GTAIV.exe,1234,0x0,DXGI,0,0,0,Hardware: Legacy Flip,0,34.787844,0.5,18.131,1.0,1.5,18.131
GTAIV.exe,1234,0x0,DXGI,0,0,0,Hardware: Legacy Flip,0,34.802614,0.5,14.770,1.0,1.5,14.770
GTAIV.exe,1234,0x0,DXGI,0,0,0,Hardware: Legacy Flip,0,34.820446,0.5,17.832,1.0,1.5,17.832
GTAIV.exe,1234,0x0,DXGI,0,0,0,Hardware: Legacy Flip,0,34.835438,0.5,14.993,1.0,1.5,14.993
GTAIV.exe,1234,0x0,DXGI,0,0,0,Hardware: Legacy Flip,0,34.851169,0.5,15.731,1.0,1.5,15.731
GTAIV.exe,1234,0x0,DXGI,0,0,0,Hardware: Legacy Flip,0,34.865815,0.5,14.646,1.0,1.5,14.646
GTAIV.exe,1234,0x0,DXGI,0,0,0,Hardware: Legacy Flip,0,34.880700,0.5,14.885,1.0,1.5,14.885
GTAIV.exe,1234,0x0,DXGI,0,0,0,Hardware: Legacy Flip,0,34.896851,0.5,16.151,1.0,1.5,16.151
GTAIV.exe,1234,0x0,DXGI,0,0,0,Hardware: Legacy Flip,0,34.912748,0.5,15.897,1.0,1.5,15.897
GTAIV.exe,1234,0x0,DXGI,0,0,0,Hardware: Legacy Flip,0,34.928310,0.5,15.563,1.0,1.5,15.563
GTAIV.exe,1234,0x0,DXGI,0,0,0,Hardware: Legacy Flip,0,34.944966,0.5,16.655,1.0,1.5,16.655
GTAIV.exe,1234,0x0,DXGI,0,0,0,Hardware: Legacy Flip,0,34.962261,0.5,17.296,1.0,1.5,17.296
GTAIV.exe,1234,0x0,DXGI,0,0,0,Hardware: Legacy Flip,0,34.978022,0.5,15.761,1.0,1.5,15.761
GTAIV.exe,1234,0x0,DXGI,0,0,0,Hardware: Legacy Flip,0,34.994551,0.5,16.529,1.0,1.5,16.529
GTAIV.exe,1234,0x0,DXGI,0,0,0,Hardware: Legacy Flip,0,35.010103,0.5,15.552,1.0,1.5,15.552
GTAIV.exe,1234,0x0,DXGI,0,0,0,Hardware: Legacy Flip,0,35.026075,0.5,15.972,1.0,1.5,15.972
GTAIV.exe,1234,0x0,DXGI,0,0,0,Hardware: Legacy Flip,0,35.043072,0.5,16.997,1.0,1.5,16.997
GTAIV.exe,1234,0x0,DXGI,0,0,0,Hardware: Legacy Flip,0,35.059530,0.5,16.458,1.0,1.5,16.458
GTAIV.exe,1234,0x0,DXGI,0,0,0,Hardware: Legacy Flip,0,35.077635,0.5,18.105,1.0,1.5,18.105
GTAIV.exe,1234,0x0,DXGI,0,0,0,Hardware: Legacy Flip,0,35.093875,0.5,16.240,1.0,1.5,16.240
GTAIV.exe,1234,0x0,DXGI,0,0,0,Hardware: Legacy Flip,0,35.109494,0.5,15.619,1.0,1.5,15.619
GTAIV.exe,1234,0x0,DXGI,0,0,0,Hardware: Legacy Flip,0,35.127121,0.5,17.627,1.0,1.5,17.627
GTAIV.exe,1234,0x0,DXGI,0,0,0,Hardware: Legacy Flip,0,35.239271,0.5,112.150,1.0,1.5,112.150
GTAIV.exe,1234,0x0,DXGI,0,0,0,Hardware: Legacy Flip,0,35.255615,0.5,16.344,1.0,1.5,16.344
GTAIV.exe,1234,0x0,DXGI,0,0,0,Hardware: Legacy Flip,0,35.271413,0.5,15.798,1.0,1.5,15.798
GTAIV.exe,1234,0x0,DXGI,0,0,0,Hardware: Legacy Flip,0,35.286823,0.5,15.410,1.0,1.5,15.410
GTAIV.exe,1234,0x0,DXGI,0,0,0,Hardware: Legacy Flip,0,35.304093,0.5,17.271,1.0,1.5,17.271
GTAIV.exe,1234,0x0,DXGI,0,0,0,Hardware: Legacy Flip,0,35.321023,0.5,16.929,1.0,1.5,16.929
GTAIV.exe,1234,0x0,DXGI,0,0,0,Hardware: Legacy Flip,0,35.339800,0.5,18.777,1.0,1.5,18.777
GTAIV.exe,1234,0x0,DXGI,0,0,0,Hardware: Legacy Flip,0,35.353975,0.5,14.175,1.0,1.5,14.175
GTAIV.exe,1234,0x0,DXGI,0,0,0,Hardware: Legacy Flip,0,35.371265,0.5,17.290,1.0,1.5,17.290
GTAIV.exe,1234,0x0,DXGI,0,0,0,Hardware: Legacy Flip,0,35.386121,0.5,14.856,1.0,1.5,14.856
GTAIV.exe,1234,0x0,DXGI,0,0,0,Hardware: Legacy Flip,0,35.401965,0.5,15.845,1.0,1.5,15.845
GTAIV.exe,1234,0x0,DXGI,0,0,0,Hardware: Legacy Flip,0,35.419564,0.5,17.598,1.0,1.5,17.598
GTAIV.exe,1234,0x0,DXGI,0,0,0,Hardware: Legacy Flip,0,35.436019,0.5,16.455,1.0,1.5,16.455
GTAIV.exe,1234,0x0,DXGI,0,0,0,Hardware: Legacy Flip,0,35.451649,0.5,15.631,1.0,1.5,15.631
GTAIV.exe,1234,0x0,DXGI,0,0,0,Hardware: Legacy Flip,0,35.467513,0.5,15.864,1.0,1.5,15.864
GTAIV.exe,1234,0x0,DXGI,0,0,0,Hardware: Legacy Flip,0,35.485285,0.5,17.771,1.0,1.5,17.771
GTAIV.exe,1234,0x0,DXGI,0,0,0,Hardware: Legacy Flip,0,35.503507,0.5,18.222,1.0,1.5,18.222
GTAIV.exe,1234,0x0,DXGI,0,0,0,Hardware: Legacy Flip,0,35.519987,0.5,16.480,1.0,1.5,16.480
GTAIV.exe,1234,0x0,DXGI,0,0,0,Hardware: Legacy Flip,0,35.538213,0.5,18.226,1.0,1.5,18.226
GTAIV.exe,1234,0x0,DXGI,0,0,0,Hardware: Legacy Flip,0,35.556062,0.5,17.849,1.0,1.5,17.849
GTAIV.exe,1234,0x0,DXGI,0,0,0,Hardware: Legacy Flip,0,35.574160,0.5,18.098,1.0,1.5,18.098
GTAIV.exe,1234,0x0,DXGI,0,0,0,Hardware: Legacy Flip,0,35.590623,0.5,16.462,1.0,1.5,16.462
GTAIV.exe,1234,0x0,DXGI,0,0,0,Hardware: Legacy Flip,0,35.607981,0.5,17.358,1.0,1.5,17.358
GTAIV.exe,1234,0x0,DXGI,0,0,0,Hardware: Legacy Flip,0,35.626344,0.5,18.363,1.0,1.5,18.363
GTAIV.exe,1234,0x0,DXGI,0,0,0,Hardware: Legacy Flip,0,35.645409,0.5,19.065,1.0,1.5,19.065
GTAIV.exe,1234,0x0,DXGI,0,0,0,Hardware: Legacy Flip,0,35.663543,0.5,18.134,1.0,1.5,18.134
GTAIV.exe,1234,0x0,DXGI,0,0,0,Hardware: Legacy Flip,0,35.680206,0.5,16.664,1.0,1.5,16.664
GTAIV.exe,1234,0x0,DXGI,0,0,0,Hardware: Legacy Flip,0,35.697804,0.5,17.598,1.0,1.5,17.598
GTAIV.exe,1234,0x0,DXGI,0,0,0,Hardware: Legacy Flip,0,35.714185,0.5,16.381,1.0,1.5,16.381
GTAIV.exe,1234,0x0,DXGI,0,0,0,Hardware: Legacy Flip,0,35.729271,0.5,15.086,1.0,1.5,15.086
GTAIV.exe,1234,0x0,DXGI,0,0,0,Hardware: Legacy Flip,0,35.745625,0.5,16.354,1.0,1.5,16.354
GTAIV.exe,1234,0x0,DXGI,0,0,0,Hardware: Legacy Flip,0,35.761637,0.5,16.013,1.0,1.5,16.013
GTAIV.exe,1234,0x0,DXGI,0,0,0,Hardware: Legacy Flip,0,35.779547,0.5,17.910,1.0,1.5,17.910
GTAIV.exe,1234,0x0,DXGI,0,0,0,Hardware: Legacy Flip,0,35.796534,0.5,16.986,1.0,1.5,16.986
GTAIV.exe,1234,0x0,DXGI,0,0,0,Hardware: Legacy Flip,0,35.812791,0.5,16.258,1.0,1.5,16.258
GTAIV.exe,1234,0x0,DXGI,0,0,0,Hardware: Legacy Flip,0,35.829026,0.5,16.234,1.0,1.5,16.234
GTAIV.exe,1234,0x0,DXGI,0,0,0,Hardware: Legacy Flip,0,35.845120,0.5,16.094,1.0,1.5,16.094
GTAIV.exe,1234,0x0,DXGI,0,0,0,Hardware: Legacy Flip,0,35.859963,0.5,14.843,1.0,1.5,14.843
GTAIV.exe,1234,0x0,DXGI,0,0,0,Hardware: Legacy Flip,0,35.875994,0.5,16.031,1.0,1.5,16.031
GTAIV.exe,1234,0x0,DXGI,0,0,0,Hardware: Legacy Flip,0,35.895155,0.5,19.160,1.0,1.5,19.160
GTAIV.exe,1234,0x0,DXGI,0,0,0,Hardware: Legacy Flip,0,35.910310,0.5,15.155,1.0,1.5,15.155
GTAIV.exe,1234,0x0,DXGI,0,0,0,Hardware: Legacy Flip,0,35.924991,0.5,14.681,1.0,1.5,14.681
GTAIV.exe,1234,0x0,DXGI,0,0,0,Hardware: Legacy Flip,0,35.939632,0.5,14.641,1.0,1.5,14.641
GTAIV.exe,1234,0x0,DXGI,0,0,0,Hardware: Legacy Flip,0,35.956464,0.5,16.832,1.0,1.5,16.832
GTAIV.exe,1234,0x0,DXGI,0,0,0,Hardware: Legacy Flip,0,35.974260,0.5,17.796,1.0,1.5,17.796
GTAIV.exe,1234,0x0,DXGI,0,0,0,Hardware: Legacy Flip,0,35.991120,0.5,16.860,1.0,1.5,16.860
GTAIV.exe,1234,0x0,DXGI,0,0,0,Hardware: Legacy Flip,0,36.006370,0.5,15.250,1.0,1.5,15.250
GTAIV.exe,1234,0x0,DXGI,0,0,0,Hardware: Legacy Flip,0,36.022745,0.5,16.375,1.0,1.5,16.375
GTAIV.exe,1234,0x0,DXGI,0,0,0,Hardware: Legacy Flip,0,36.039476,0.5,16.731,1.0,1.5,16.731
GTAIV.exe,1234,0x0,DXGI,0,0,0,Hardware: Legacy Flip,0,36.055502,0.5,16.026,1.0,1.5,16.026
GTAIV.exe,1234,0x0,DXGI,0,0,0,Hardware: Legacy Flip,0,36.072970,0.5,17.468,1.0,1.5,17.468
GTAIV.exe,1234,0x0,DXGI,0,0,0,Hardware: Legacy Flip,0,36.090193,0.5,17.223,1.0,1.5,17.223
GTAIV.exe,1234,0x0,DXGI,0,0,0,Hardware: Legacy Flip,0,36.105697,0.5,15.504,1.0,1.5,15.504
GTAIV.exe,1234,0x0,DXGI,0,0,0,Hardware: Legacy Flip,0,36.122215,0.5,16.519,1.0,1.5,16.519
GTAIV.exe,1234,0x0,DXGI,0,0,0,Hardware: Legacy Flip,0,36.140940,0.5,18.725,1.0,1.5,18.725
GTAIV.exe,1234,0x0,DXGI,0,0,0,Hardware: Legacy Flip,0,36.157001,0.5,16.061,1.0,1.5,16.061
GTAIV.exe,1234,0x0,DXGI,0,0,0,Hardware: Legacy Flip,0,36.172425,0.5,15.423,1.0,1.5,15.423
GTAIV.exe,1234,0x0,DXGI,0,0,0,Hardware: Legacy Flip,0,36.188124,0.5,15.699,1.0,1.5,15.699
GTAIV.exe,1234,0x0,DXGI,0,0,0,Hardware: Legacy Flip,0,36.202875,0.5,14.751,1.0,1.5,14.751
GTAIV.exe,1234,0x0,DXGI,0,0,0,Hardware: Legacy Flip,0,36.218907,0.5,16.032,1.0,1.5,16.032
GTAIV.exe,1234,0x0,DXGI,0,0,0,Hardware: Legacy Flip,0,36.235800,0.5,16.893,1.0,1.5,16.893
GTAIV.exe,1234,0x0,DXGI,0,0,0,Hardware: Legacy Flip,0,36.251329,0.5,15.529,1.0,1.5,15.529
GTAIV.exe,1234,0x0,DXGI,0,0,0,Hardware: Legacy Flip,0,36.264729,0.5,13.400,1.0,1.5,13.400
GTAIV.exe,1234,0x0,DXGI,0,0,0,Hardware: Legacy Flip,0,36.279857,0.5,15.128,1.0,1.5,15.128
GTAIV.exe,1234,0x0,DXGI,0,0,0,Hardware: Legacy Flip,0,36.295995,0.5,16.138,1.0,1.5,16.138
GTAIV.exe,1234,0x0,DXGI,0,0,0,Hardware: Legacy Flip,0,36.313007,0.5,17.012,1.0,1.5,17.012
GTAIV.exe,1234,0x0,DXGI,0,0,0,Hardware: Legacy Flip,0,36.330466,0.5,17.459,1.0,1.5,17.459
GTAIV.exe,1234,0x0,DXGI,0,0,0,Hardware: Legacy Flip,0,36.346729,0.5,16.263,1.0,1.5,16.263
GTAIV.exe,1234,0x0,DXGI,0,0,0,Hardware: Legacy Flip,0,36.363434,0.5,16.705,1.0,1.5,16.705
GTAIV.exe,1234,0x0,DXGI,0,0,0,Hardware: Legacy Flip,0,36.381279,0.5,17.845,1.0,1.5,17.845
GTAIV.exe,1234,0x0,DXGI,0,0,0,Hardware: Legacy Flip,0,36.398087,0.5,16.808,1.0,1.5,16.808
GTAIV.exe,1234,0x0,DXGI,0,0,0,Hardware: Legacy Flip,0,36.413936,0.5,15.850,1.0,1.5,15.850
GTAIV.exe,1234,0x0,DXGI,0,0,0,Hardware: Legacy Flip,0,36.430494,0.5,16.558,1.0,1.5,16.558
GTAIV.exe,1234,0x0,DXGI,0,0,0,Hardware: Legacy Flip,0,36.447046,0.5,16.551,1.0,1.5,16.551
GTAIV.exe,1234,0x0,DXGI,0,0,0,Hardware: Legacy Flip,0,36.462416,0.5,15.371,1.0,1.5,15.371
GTAIV.exe,1234,0x0,DXGI,0,0,0,Hardware: Legacy Flip,0,36.479433,0.5,17.017,1.0,1.5,17.017
GTAIV.exe,1234,0x0,DXGI,0,0,0,Hardware: Legacy Flip,0,36.496817,0.5,17.384,1.0,1.5,17.384
GTAIV.exe,1234,0x0,DXGI,0,0,0,Hardware: Legacy Flip,0,36.513692,0.5,16.875,1.0,1.5,16.875
GTAIV.exe,1234,0x0,DXGI,0,0,0,Hardware: Legacy Flip,0,36.528848,0.5,15.156,1.0,1.5,15.156
GTAIV.exe,1234,0x0,DXGI,0,0,0,Hardware: Legacy Flip,0,36.545900,0.5,17.052,1.0,1.5,17.052
GTAIV.exe,1234,0x0,DXGI,0,0,0,Hardware: Legacy Flip,0,36.561455,0.5,15.554,1.0,1.5,15.554
GTAIV.exe,1234,0x0,DXGI,0,0,0,Hardware: Legacy Flip,0,36.576613,0.5,15.158,1.0,1.5,15.158
GTAIV.exe,1234,0x0,DXGI,0,0,0,Hardware: Legacy Flip,0,36.593629,0.5,17.016,1.0,1.5,17.016
GTAIV.exe,1234,0x0,DXGI,0,0,0,Hardware: Legacy Flip,0,36.609180,0.5,15.551,1.0,1.5,15.551
GTAIV.exe,1234,0x0,DXGI,0,0,0,Hardware: Legacy Flip,0,36.626624,0.5,17.444,1.0,1.5,17.444
GTAIV.exe,1234,0x0,DXGI,0,0,0,Hardware: Legacy Flip,0,36.642986,0.5,16.362,1.0,1.5,16.362
GTAIV.exe,1234,0x0,DXGI,0,0,0,Hardware: Legacy Flip,0,36.659051,0.5,16.065,1.0,1.5,16.065
GTAIV.exe,1234,0x0,DXGI,0,0,0,Hardware: Legacy Flip,0,36.676287,0.5,17.236,1.0,1.5,17.236
GTAIV.exe,1234,0x0,DXGI,0,0,0,Hardware: Legacy Flip,0,36.693888,0.5,17.601,1.0,1.5,17.601
GTAIV.exe,1234,0x0,DXGI,0,0,0,Hardware: Legacy Flip,0,36.710278,0.5,16.390,1.0,1.5,16.390
GTAIV.exe,1234,0x0,DXGI,0,0,0,Hardware: Legacy Flip,0,36.726554,0.5,16.276,1.0,1.5,16.276
GTAIV.exe,1234,0x0,DXGI,0,0,0,Hardware: Legacy Flip,0,36.742334,0.5,15.780,1.0,1.5,15.780
GTAIV.exe,1234,0x0,DXGI,0,0,0,Hardware: Legacy Flip,0,36.759638,0.5,17.304,1.0,1.5,17.304
GTAIV.exe,1234,0x0,DXGI,0,0,0,Hardware: Legacy Flip,0,36.774523,0.5,14.885,1.0,1.5,14.885
GTAIV.exe,1234,0x0,DXGI,0,0,0,Hardware: Legacy Flip,0,36.790399,0.5,15.876,1.0,1.5,15.876
GTAIV.exe,1234,0x0,DXGI,0,0,0,Hardware: Legacy Flip,0,36.805532,0.5,15.133,1.0,1.5,15.133
GTAIV.exe,1234,0x0,DXGI,0,0,0,Hardware: Legacy Flip,0,36.821304,0.5,15.772,1.0,1.5,15.772
GTAIV.exe,1234,0x0,DXGI,0,0,0,Hardware: Legacy Flip,0,36.837141,0.5,15.837,1.0,1.5,15.837
GTAIV.exe,1234,0x0,DXGI,0,0,0,Hardware: Legacy Flip,0,36.853416,0.5,16.276,1.0,1.5,16.276
GTAIV.exe,1234,0x0,DXGI,0,0,0,Hardware: Legacy Flip,0,36.870275,0.5,16.859,1.0,1.5,16.859
GTAIV.exe,1234,0x0,DXGI,0,0,0,Hardware: Legacy Flip,0,36.886864,0.5,16.588,1.0,1.5,16.588
GTAIV.exe,1234,0x0,DXGI,0,0,0,Hardware: Legacy Flip,0,36.904727,0.5,17.864,1.0,1.5,17.864
GTAIV.exe,1234,0x0,DXGI,0,0,0,Hardware: Legacy Flip,0,36.921935,0.5,17.208,1.0,1.5,17.208
GTAIV.exe,1234,0x0,DXGI,0,0,0,Hardware: Legacy Flip,0,36.936492,0.5,14.556,1.0,1.5,14.556
GTAIV.exe,1234,0x0,DXGI,0,0,0,Hardware: Legacy Flip,0,36.954051,0.5,17.560,1.0,1.5,17.560
GTAIV.exe,1234,0x0,DXGI,0,0,0,Hardware: Legacy Flip,0,36.970847,0.5,16.796,1.0,1.5,16.796
GTAIV.exe,1234,0x0,DXGI,0,0,0,Hardware: Legacy Flip,0,36.988888,0.5,18.040,1.0,1.5,18.040
GTAIV.exe,1234,0x0,DXGI,0,0,0,Hardware: Legacy Flip,0,37.005332,0.5,16.445,1.0,1.5,16.445
GTAIV.exe,1234,0x0,DXGI,0,0,0,Hardware: Legacy Flip,0,37.023237,0.5,17.905,1.0,1.5,17.905
GTAIV.exe,1234,0x0,DXGI,0,0,0,Hardware: Legacy Flip,0,37.040636,0.5,17.398,1.0,1.5,17.398
GTAIV.exe,1234,0x0,DXGI,0,0,0,Hardware: Legacy Flip,0,37.057045,0.5,16.410,1.0,1.5,16.410
GTAIV.exe,1234,0x0,DXGI,0,0,0,Hardware: Legacy Flip,0,37.073952,0.5,16.906,1.0,1.5,16.906
GTAIV.exe,1234,0x0,DXGI,0,0,0,Hardware: Legacy Flip,0,37.091757,0.5,17.805,1.0,1.5,17.805
GTAIV.exe,1234,0x0,DXGI,0,0,0,Hardware: Legacy Flip,0,37.109866,0.5,18.109,1.0,1.5,18.109
GTAIV.exe,1234,0x0,DXGI,0,0,0,Hardware: Legacy Flip,0,37.125709,0.5,15.843,1.0,1.5,15.843
GTAIV.exe,1234,0x0,DXGI,0,0,0,Hardware: Legacy Flip,0,37.142930,0.5,17.222,1.0,1.5,17.222
GTAIV.exe,1234,0x0,DXGI,0,0,0,Hardware: Legacy Flip,0,37.158730,0.5,15.800,1.0,1.5,15.800
GTAIV.exe,1234,0x0,DXGI,0,0,0,Hardware: Legacy Flip,0,37.174653,0.5,15.923,1.0,1.5,15.923
GTAIV.exe,1234,0x0,DXGI,0,0,0,Hardware: Legacy Flip,0,37.192326,0.5,17.672,1.0,1.5,17.672
GTAIV.exe,1234,0x0,DXGI,0,0,0,Hardware: Legacy Flip,0,37.209917,0.5,17.591,1.0,1.5,17.591
GTAIV.exe,1234,0x0,DXGI,0,0,0,Hardware: Legacy Flip,0,37.225947,0.5,16.030,1.0,1.5,16.030
GTAIV.exe,1234,0x0,DXGI,0,0,0,Hardware: Legacy Flip,0,37.242683,0.5,16.736,1.0,1.5,16.736
GTAIV.exe,1234,0x0,DXGI,0,0,0,Hardware: Legacy Flip,0,37.258645,0.5,15.962,1.0,1.5,15.962
GTAIV.exe,1234,0x0,DXGI,0,0,0,Hardware: Legacy Flip,0,37.276217,0.5,17.572,1.0,1.5,17.572
GTAIV.exe,1234,0x0,DXGI,0,0,0,Hardware: Legacy Flip,0,37.292829,0.5,16.612,1.0,1.5,16.612
GTAIV.exe,1234,0x0,DXGI,0,0,0,Hardware: Legacy Flip,0,37.310849,0.5,18.020,1.0,1.5,18.020
GTAIV.exe,1234,0x0,DXGI,0,0,0,Hardware: Legacy Flip,0,37.328022,0.5,17.173,1.0,1.5,17.173
GTAIV.exe,1234,0x0,DXGI,0,0,0,Hardware: Legacy Flip,0,37.344569,0.5,16.547,1.0,1.5,16.547
GTAIV.exe,1234,0x0,DXGI,0,0,0,Hardware: Legacy Flip,0,37.359739,0.5,15.169,1.0,1.5,15.169
GTAIV.exe,1234,0x0,DXGI,0,0,0,Hardware: Legacy Flip,0,37.374908,0.5,15.169,1.0,1.5,15.169
GTAIV.exe,1234,0x0,DXGI,0,0,0,Hardware: Legacy Flip,0,37.390869,0.5,15.961,1.0,1.5,15.961
GTAIV.exe,1234,0x0,DXGI,0,0,0,Hardware: Legacy Flip,0,37.408335,0.5,17.467,1.0,1.5,17.467
GTAIV.exe,1234,0x0,DXGI,0,0,0,Hardware: Legacy Flip,0,37.426804,0.5,18.469,1.0,1.5,18.469
GTAIV.exe,1234,0x0,DXGI,0,0,0,Hardware: Legacy Flip,0,37.443003,0.5,16.199,1.0,1.5,16.199
GTAIV.exe,1234,0x0,DXGI,0,0,0,Hardware: Legacy Flip,0,37.459222,0.5,16.220,1.0,1.5,16.220
GTAIV.exe,1234,0x0,DXGI,0,0,0,Hardware: Legacy Flip,0,37.477072,0.5,17.850,1.0,1.5,17.850
GTAIV.exe,1234,0x0,DXGI,0,0,0,Hardware: Legacy Flip,0,37.494096,0.5,17.023,1.0,1.5,17.023
GTAIV.exe,1234,0x0,DXGI,0,0,0,Hardware: Legacy Flip,0,37.511433,0.5,17.338,1.0,1.5,17.338
GTAIV.exe,1234,0x0,DXGI,0,0,0,Hardware: Legacy Flip,0,37.527389,0.5,15.956,1.0,1.5,15.956
GTAIV.exe,1234,0x0,DXGI,0,0,0,Hardware: Legacy Flip,0,37.546310,0.5,18.921,1.0,1.5,18.921
GTAIV.exe,1234,0x0,DXGI,0,0,0,Hardware: Legacy Flip,0,37.561348,0.5,15.038,1.0,1.5,15.038
GTAIV.exe,1234,0x0,DXGI,0,0,0,Hardware: Legacy Flip,0,37.577201,0.5,15.853,1.0,1.5,15.853
GTAIV.exe,1234,0x0,DXGI,0,0,0,Hardware: Legacy Flip,0,37.593972,0.5,16.770,1.0,1.5,16.770
GTAIV.exe,1234,0x0,DXGI,0,0,0,Hardware: Legacy Flip,0,37.611174,0.5,17.202,1.0,1.5,17.202
GTAIV.exe,1234,0x0,DXGI,0,0,0,Hardware: Legacy Flip,0,37.628304,0.5,17.131,1.0,1.5,17.131
GTAIV.exe,1234,0x0,DXGI,0,0,0,Hardware: Legacy Flip,0,37.647204,0.5,18.900,1.0,1.5,18.900
GTAIV.exe,1234,0x0,DXGI,0,0,0,Hardware: Legacy Flip,0,37.662522,0.5,15.318,1.0,1.5,15.318
GTAIV.exe,1234,0x0,DXGI,0,0,0,Hardware: Legacy Flip,0,37.678415,0.5,15.893,1.0,1.5,15.893
GTAIV.exe,1234,0x0,DXGI,0,0,0,Hardware: Legacy Flip,0,37.693647,0.5,15.233,1.0,1.5,15.233
GTAIV.exe,1234,0x0,DXGI,0,0,0,Hardware: Legacy Flip,0,37.710791,0.5,17.144,1.0,1.5,17.144
GTAIV.exe,1234,0x0,DXGI,0,0,0,Hardware: Legacy Flip,0,37.725650,0.5,14.859,1.0,1.5,14.859
GTAIV.exe,1234,0x0,DXGI,0,0,0,Hardware: Legacy Flip,0,37.742369,0.5,16.720,1.0,1.5,16.720
GTAIV.exe,1234,0x0,DXGI,0,0,0,Hardware: Legacy Flip,0,37.758562,0.5,16.193,1.0,1.5,16.193
GTAIV.exe,1234,0x0,DXGI,0,0,0,Hardware: Legacy Flip,0,37.776681,0.5,18.119,1.0,1.5,18.119
GTAIV.exe,1234,0x0,DXGI,0,0,0,Hardware: Legacy Flip,0,37.794214,0.5,17.533,1.0,1.5,17.533
GTAIV.exe,1234,0x0,DXGI,0,0,0,Hardware: Legacy Flip,0,37.809057,0.5,14.843,1.0,1.5,14.843
GTAIV.exe,1234,0x0,DXGI,0,0,0,Hardware: Legacy Flip,0,37.827445,0.5,18.388,1.0,1.5,18.388
GTAIV.exe,1234,0x0,DXGI,0,0,0,Hardware: Legacy Flip,0,37.845479,0.5,18.034,1.0,1.5,18.034
GTAIV.exe,1234,0x0,DXGI,0,0,0,Hardware: Legacy Flip,0,37.863421,0.5,17.942,1.0,1.5,17.942
GTAIV.exe,1234,0x0,DXGI,0,0,0,Hardware: Legacy Flip,0,37.881590,0.5,18.169,1.0,1.5,18.169
GTAIV.exe,1234,0x0,DXGI,0,0,0,Hardware: Legacy Flip,0,37.897941,0.5,16.351,1.0,1.5,16.351
GTAIV.exe,1234,0x0,DXGI,0,0,0,Hardware: Legacy Flip,0,37.913279,0.5,15.338,1.0,1.5,15.338
GTAIV.exe,1234,0x0,DXGI,0,0,0,Hardware: Legacy Flip,0,37.931021,0.5,17.742,1.0,1.5,17.742
GTAIV.exe,1234,0x0,DXGI,0,0,0,Hardware: Legacy Flip,0,37.944634,0.5,13.613,1.0,1.5,13.613
GTAIV.exe,1234,0x0,DXGI,0,0,0,Hardware: Legacy Flip,0,37.961819,0.5,17.185,1.0,1.5,17.185
GTAIV.exe,1234,0x0,DXGI,0,0,0,Hardware: Legacy Flip,0,37.981219,0.5,19.400,1.0,1.5,19.400
GTAIV.exe,1234,0x0,DXGI,0,0,0,Hardware: Legacy Flip,0,37.999095,0.5,17.876,1.0,1.5,17.876
GTAIV.exe,1234,0x0,DXGI,0,0,0,Hardware: Legacy Flip,0,38.014410,0.5,15.315,1.0,1.5,15.315
GTAIV.exe,1234,0x0,DXGI,0,0,0,Hardware: Legacy Flip,0,38.030438,0.5,16.028,1.0,1.5,16.028
GTAIV.exe,1234,0x0,DXGI,0,0,0,Hardware: Legacy Flip,0,38.048237,0.5,17.799,1.0,1.5,17.799
GTAIV.exe,1234,0x0,DXGI,0,0,0,Hardware: Legacy Flip,0,38.064494,0.5,16.256,1.0,1.5,16.256
GTAIV.exe,1234,0x0,DXGI,0,0,0,Hardware: Legacy Flip,0,38.080761,0.5,16.268,1.0,1.5,16.268
GTAIV.exe,1234,0x0,DXGI,0,0,0,Hardware: Legacy Flip,0,38.096737,0.5,15.975,1.0,1.5,15.975
GTAIV.exe,1234,0x0,DXGI,0,0,0,Hardware: Legacy Flip,0,38.112154,0.5,15.418,1.0,1.5,15.418
GTAIV.exe,1234,0x0,DXGI,0,0,0,Hardware: Legacy Flip,0,38.128366,0.5,16.212,1.0,1.5,16.212
GTAIV.exe,1234,0x0,DXGI,0,0,0,Hardware: Legacy Flip,0,38.143036,0.5,14.670,1.0,1.5,14.670
GTAIV.exe,1234,0x0,DXGI,0,0,0,Hardware: Legacy Flip,0,38.158381,0.5,15.344,1.0,1.5,15.344
GTAIV.exe,1234,0x0,DXGI,0,0,0,Hardware: Legacy Flip,0,38.174845,0.5,16.464,1.0,1.5,16.464
GTAIV.exe,1234,0x0,DXGI,0,0,0,Hardware: Legacy Flip,0,38.193222,0.5,18.377,1.0,1.5,18.377
GTAIV.exe,1234,0x0,DXGI,0,0,0,Hardware: Legacy Flip,0,38.209971,0.5,16.749,1.0,1.5,16.749
GTAIV.exe,1234,0x0,DXGI,0,0,0,Hardware: Legacy Flip,0,38.226317,0.5,16.346,1.0,1.5,16.346
GTAIV.exe,1234,0x0,DXGI,0,0,0,Hardware: Legacy Flip,0,38.242828,0.5,16.511,1.0,1.5,16.511
GTAIV.exe,1234,0x0,DXGI,0,0,0,Hardware: Legacy Flip,0,38.259511,0.5,16.683,1.0,1.5,16.683
GTAIV.exe,1234,0x0,DXGI,0,0,0,Hardware: Legacy Flip,0,38.277127,0.5,17.615,1.0,1.5,17.615
GTAIV.exe,1234,0x0,DXGI,0,0,0,Hardware: Legacy Flip,0,38.292778,0.5,15.651,1.0,1.5,15.651
GTAIV.exe,1234,0x0,DXGI,0,0,0,Hardware: Legacy Flip,0,38.309656,0.5,16.878,1.0,1.5,16.878
GTAIV.exe,1234,0x0,DXGI,0,0,0,Hardware: Legacy Flip,0,38.325935,0.5,16.278,1.0,1.5,16.278
GTAIV.exe,1234,0x0,DXGI,0,0,0,Hardware: Legacy Flip,0,38.342688,0.5,16.754,1.0,1.5,16.754
GTAIV.exe,1234,0x0,DXGI,0,0,0,Hardware: Legacy Flip,0,38.361017,0.5,18.329,1.0,1.5,18.329
GTAIV.exe,1234,0x0,DXGI,0,0,0,Hardware: Legacy Flip,0,38.377575,0.5,16.558,1.0,1.5,16.558
GTAIV.exe,1234,0x0,DXGI,0,0,0,Hardware: Legacy Flip,0,38.393057,0.5,15.483,1.0,1.5,15.483
GTAIV.exe,1234,0x0,DXGI,0,0,0,Hardware: Legacy Flip,0,38.407834,0.5,14.776,1.0,1.5,14.776
GTAIV.exe,1234,0x0,DXGI,0,0,0,Hardware: Legacy Flip,0,38.423475,0.5,15.642,1.0,1.5,15.642
GTAIV.exe,1234,0x0,DXGI,0,0,0,Hardware: Legacy Flip,0,38.441037,0.5,17.562,1.0,1.5,17.562
GTAIV.exe,1234,0x0,DXGI,0,0,0,Hardware: Legacy Flip,0,38.458855,0.5,17.818,1.0,1.5,17.818
GTAIV.exe,1234,0x0,DXGI,0,0,0,Hardware: Legacy Flip,0,38.477025,0.5,18.169,1.0,1.5,18.169
GTAIV.exe,1234,0x0,DXGI,0,0,0,Hardware: Legacy Flip,0,38.496126,0.5,19.101,1.0,1.5,19.101
GTAIV.exe,1234,0x0,DXGI,0,0,0,Hardware: Legacy Flip,0,38.510944,0.5,14.818,1.0,1.5,14.818
GTAIV.exe,1234,0x0,DXGI,0,0,0,Hardware: Legacy Flip,0,38.526760,0.5,15.816,1.0,1.5,15.816
GTAIV.exe,1234,0x0,DXGI,0,0,0,Hardware: Legacy Flip,0,38.544025,0.5,17.265,1.0,1.5,17.265
GTAIV.exe,1234,0x0,DXGI,0,0,0,Hardware: Legacy Flip,0,38.561107,0.5,17.082,1.0,1.5,17.082
GTAIV.exe,1234,0x0,DXGI,0,0,0,Hardware: Legacy Flip,0,38.574703,0.5,13.596,1.0,1.5,13.596
GTAIV.exe,1234,0x0,DXGI,0,0,0,Hardware: Legacy Flip,0,38.590091,0.5,15.388,1.0,1.5,15.388
GTAIV.exe,1234,0x0,DXGI,0,0,0,Hardware: Legacy Flip,0,38.606941,0.5,16.850,1.0,1.5,16.850
GTAIV.exe,1234,0x0,DXGI,0,0,0,Hardware: Legacy Flip,0,38.627672,0.5,20.731,1.0,1.5,20.731
GTAIV.exe,1234,0x0,DXGI,0,0,0,Hardware: Legacy Flip,0,38.644323,0.5,16.651,1.0,1.5,16.651
GTAIV.exe,1234,0x0,DXGI,0,0,0,Hardware: Legacy Flip,0,38.660978,0.5,16.655,1.0,1.5,16.655
GTAIV.exe,1234,0x0,DXGI,0,0,0,Hardware: Legacy Flip,0,38.676727,0.5,15.749,1.0,1.5,15.749
GTAIV.exe,1234,0x0,DXGI,0,0,0,Hardware: Legacy Flip,0,38.694293,0.5,17.566,1.0,1.5,17.566
GTAIV.exe,1234,0x0,DXGI,0,0,0,Hardware: Legacy Flip,0,38.710673,0.5,16.380,1.0,1.5,16.380
GTAIV.exe,1234,0x0,DXGI,0,0,0,Hardware: Legacy Flip,0,38.726679,0.5,16.006,1.0,1.5,16.006
GTAIV.exe,1234,0x0,DXGI,0,0,0,Hardware: Legacy Flip,0,38.742914,0.5,16.235,1.0,1.5,16.235
GTAIV.exe,1234,0x0,DXGI,0,0,0,Hardware: Legacy Flip,0,38.761127,0.5,18.213,1.0,1.5,18.213
GTAIV.exe,1234,0x0,DXGI,0,0,0,Hardware: Legacy Flip,0,38.780427,0.5,19.300,1.0,1.5,19.300
GTAIV.exe,1234,0x0,DXGI,0,0,0,Hardware: Legacy Flip,0,38.796151,0.5,15.724,1.0,1.5,15.724
GTAIV.exe,1234,0x0,DXGI,0,0,0,Hardware: Legacy Flip,0,38.810201,0.5,14.050,1.0,1.5,14.050
GTAIV.exe,1234,0x0,DXGI,0,0,0,Hardware: Legacy Flip,0,38.825836,0.5,15.634,1.0,1.5,15.634
GTAIV.exe,1234,0x0,DXGI,0,0,0,Hardware: Legacy Flip,0,38.841392,0.5,15.557,1.0,1.5,15.557
GTAIV.exe,1234,0x0,DXGI,0,0,0,Hardware: Legacy Flip,0,38.858468,0.5,17.076,1.0,1.5,17.076
GTAIV.exe,1234,0x0,DXGI,0,0,0,Hardware: Legacy Flip,0,38.874564,0.5,16.096,1.0,1.5,16.096
GTAIV.exe,1234,0x0,DXGI,0,0,0,Hardware: Legacy Flip,0,38.890797,0.5,16.233,1.0,1.5,16.233
GTAIV.exe,1234,0x0,DXGI,0,0,0,Hardware: Legacy Flip,0,38.906953,0.5,16.156,1.0,1.5,16.156
GTAIV.exe,1234,0x0,DXGI,0,0,0,Hardware: Legacy Flip,0,38.922188,0.5,15.235,1.0,1.5,15.235
GTAIV.exe,1234,0x0,DXGI,0,0,0,Hardware: Legacy Flip,0,38.937149,0.5,14.961,1.0,1.5,14.961
GTAIV.exe,1234,0x0,DXGI,0,0,0,Hardware: Legacy Flip,0,38.950369,0.5,13.220,1.0,1.5,13.220
GTAIV.exe,1234,0x0,DXGI,0,0,0,Hardware: Legacy Flip,0,38.966169,0.5,15.800,1.0,1.5,15.800
GTAIV.exe,1234,0x0,DXGI,0,0,0,Hardware: Legacy Flip,0,38.985303,0.5,19.134,1.0,1.5,19.134
GTAIV.exe,1234,0x0,DXGI,0,0,0,Hardware: Legacy Flip,0,39.003521,0.5,18.217,1.0,1.5,18.217
GTAIV.exe,1234,0x0,DXGI,0,0,0,Hardware: Legacy Flip,0,39.019696,0.5,16.176,1.0,1.5,16.176
GTAIV.exe,1234,0x0,DXGI,0,0,0,Hardware: Legacy Flip,0,39.037127,0.5,17.430,1.0,1.5,17.430
GTAIV.exe,1234,0x0,DXGI,0,0,0,Hardware: Legacy Flip,0,39.053998,0.5,16.871,1.0,1.5,16.871
GTAIV.exe,1234,0x0,DXGI,0,0,0,Hardware: Legacy Flip,0,39.071045,0.5,17.048,1.0,1.5,17.048
GTAIV.exe,1234,0x0,DXGI,0,0,0,Hardware: Legacy Flip,0,39.088133,0.5,17.087,1.0,1.5,17.087
GTAIV.exe,1234,0x0,DXGI,0,0,0,Hardware: Legacy Flip,0,39.102799,0.5,14.666,1.0,1.5,14.666
GTAIV.exe,1234,0x0,DXGI,0,0,0,Hardware: Legacy Flip,0,39.120229,0.5,17.430,1.0,1.5,17.430
GTAIV.exe,1234,0x0,DXGI,0,0,0,Hardware: Legacy Flip,0,39.136914,0.5,16.685,1.0,1.5,16.685
GTAIV.exe,1234,0x0,DXGI,0,0,0,Hardware: Legacy Flip,0,39.152134,0.5,15.220,1.0,1.5,15.220
GTAIV.exe,1234,0x0,DXGI,0,0,0,Hardware: Legacy Flip,0,39.168393,0.5,16.259,1.0,1.5,16.259
GTAIV.exe,1234,0x0,DXGI,0,0,0,Hardware: Legacy Flip,0,39.184343,0.5,15.950,1.0,1.5,15.950
GTAIV.exe,1234,0x0,DXGI,0,0,0,Hardware: Legacy Flip,0,39.200928,0.5,16.585,1.0,1.5,16.585
GTAIV.exe,1234,0x0,DXGI,0,0,0,Hardware: Legacy Flip,0,39.218820,0.5,17.892,1.0,1.5,17.892
GTAIV.exe,1234,0x0,DXGI,0,0,0,Hardware: Legacy Flip,0,39.236269,0.5,17.450,1.0,1.5,17.450
GTAIV.exe,1234,0x0,DXGI,0,0,0,Hardware: Legacy Flip,0,39.253808,0.5,17.539,1.0,1.5,17.539
GTAIV.exe,1234,0x0,DXGI,0,0,0,Hardware: Legacy Flip,0,39.269430,0.5,15.622,1.0,1.5,15.622
GTAIV.exe,1234,0x0,DXGI,0,0,0,Hardware: Legacy Flip,0,39.285879,0.5,16.449,1.0,1.5,16.449
GTAIV.exe,1234,0x0,DXGI,0,0,0,Hardware: Legacy Flip,0,39.302151,0.5,16.272,1.0,1.5,16.272
GTAIV.exe,1234,0x0,DXGI,0,0,0,Hardware: Legacy Flip,0,39.319520,0.5,17.370,1.0,1.5,17.370
GTAIV.exe,1234,0x0,DXGI,0,0,0,Hardware: Legacy Flip,0,39.334580,0.5,15.060,1.0,1.5,15.060
GTAIV.exe,1234,0x0,DXGI,0,0,0,Hardware: Legacy Flip,0,39.351347,0.5,16.767,1.0,1.5,16.767
GTAIV.exe,1234,0x0,DXGI,0,0,0,Hardware: Legacy Flip,0,39.367585,0.5,16.237,1.0,1.5,16.237
GTAIV.exe,1234,0x0,DXGI,0,0,0,Hardware: Legacy Flip,0,39.383965,0.5,16.380,1.0,1.5,16.380
GTAIV.exe,1234,0x0,DXGI,0,0,0,Hardware: Legacy Flip,0,39.400541,0.5,16.577,1.0,1.5,16.577
GTAIV.exe,1234,0x0,DXGI,0,0,0,Hardware: Legacy Flip,0,39.415654,0.5,15.112,1.0,1.5,15.112
GTAIV.exe,1234,0x0,DXGI,0,0,0,Hardware: Legacy Flip,0,39.433266,0.5,17.612,1.0,1.5,17.612
GTAIV.exe,1234,0x0,DXGI,0,0,0,Hardware: Legacy Flip,0,39.450169,0.5,16.903,1.0,1.5,16.903
GTAIV.exe,1234,0x0,DXGI,0,0,0,Hardware: Legacy Flip,0,39.465736,0.5,15.566,1.0,1.5,15.566
GTAIV.exe,1234,0x0,DXGI,0,0,0,Hardware: Legacy Flip,0,39.481506,0.5,15.770,1.0,1.5,15.770
GTAIV.exe,1234,0x0,DXGI,0,0,0,Hardware: Legacy Flip,0,39.498806,0.5,17.300,1.0,1.5,17.300
GTAIV.exe,1234,0x0,DXGI,0,0,0,Hardware: Legacy Flip,0,39.514493,0.5,15.688,1.0,1.5,15.688
GTAIV.exe,1234,0x0,DXGI,0,0,0,Hardware: Legacy Flip,0,39.530619,0.5,16.125,1.0,1.5,16.125
GTAIV.exe,1234,0x0,DXGI,0,0,0,Hardware: Legacy Flip,0,39.547285,0.5,16.666,1.0,1.5,16.666
GTAIV.exe,1234,0x0,DXGI,0,0,0,Hardware: Legacy Flip,0,39.563846,0.5,16.561,1.0,1.5,16.561
GTAIV.exe,1234,0x0,DXGI,0,0,0,Hardware: Legacy Flip,0,39.580506,0.5,16.661,1.0,1.5,16.661
GTAIV.exe,1234,0x0,DXGI,0,0,0,Hardware: Legacy Flip,0,39.597856,0.5,17.349,1.0,1.5,17.349
GTAIV.exe,1234,0x0,DXGI,0,0,0,Hardware: Legacy Flip,0,39.614001,0.5,16.146,1.0,1.5,16.146
GTAIV.exe,1234,0x0,DXGI,0,0,0,Hardware: Legacy Flip,0,39.632094,0.5,18.093,1.0,1.5,18.093
GTAIV.exe,1234,0x0,DXGI,0,0,0,Hardware: Legacy Flip,0,39.646887,0.5,14.793,1.0,1.5,14.793
GTAIV.exe,1234,0x0,DXGI,0,0,0,Hardware: Legacy Flip,0,39.662275,0.5,15.387,1.0,1.5,15.387
GTAIV.exe,1234,0x0,DXGI,0,0,0,Hardware: Legacy Flip,0,39.678579,0.5,16.304,1.0,1.5,16.304
GTAIV.exe,1234,0x0,DXGI,0,0,0,Hardware: Legacy Flip,0,39.694503,0.5,15.924,1.0,1.5,15.924
GTAIV.exe,1234,0x0,DXGI,0,0,0,Hardware: Legacy Flip,0,39.711105,0.5,16.602,1.0,1.5,16.602
GTAIV.exe,1234,0x0,DXGI,0,0,0,Hardware: Legacy Flip,0,39.729116,0.5,18.010,1.0,1.5,18.010
GTAIV.exe,1234,0x0,DXGI,0,0,0,Hardware: Legacy Flip,0,39.745991,0.5,16.875,1.0,1.5,16.875
GTAIV.exe,1234,0x0,DXGI,0,0,0,Hardware: Legacy Flip,0,39.763295,0.5,17.305,1.0,1.5,17.305
GTAIV.exe,1234,0x0,DXGI,0,0,0,Hardware: Legacy Flip,0,39.781476,0.5,18.180,1.0,1.5,18.180
GTAIV.exe,1234,0x0,DXGI,0,0,0,Hardware: Legacy Flip,0,39.799480,0.5,18.004,1.0,1.5,18.004
GTAIV.exe,1234,0x0,DXGI,0,0,0,Hardware: Legacy Flip,0,39.816318,0.5,16.838,1.0,1.5,16.838
GTAIV.exe,1234,0x0,DXGI,0,0,0,Hardware: Legacy Flip,0,39.834873,0.5,18.555,1.0,1.5,18.555
GTAIV.exe,1234,0x0,DXGI,0,0,0,Hardware: Legacy Flip,0,39.854197,0.5,19.324,1.0,1.5,19.324
GTAIV.exe,1234,0x0,DXGI,0,0,0,Hardware: Legacy Flip,0,39.869887,0.5,15.690,1.0,1.5,15.690
GTAIV.exe,1234,0x0,DXGI,0,0,0,Hardware: Legacy Flip,0,39.887116,0.5,17.229,1.0,1.5,17.229
GTAIV.exe,1234,0x0,DXGI,0,0,0,Hardware: Legacy Flip,0,39.903599,0.5,16.483,1.0,1.5,16.483
GTAIV.exe,1234,0x0,DXGI,0,0,0,Hardware: Legacy Flip,0,39.919316,0.5,15.718,1.0,1.5,15.718
GTAIV.exe,1234,0x0,DXGI,0,0,0,Hardware: Legacy Flip,0,39.936091,0.5,16.775,1.0,1.5,16.775
GTAIV.exe,1234,0x0,DXGI,0,0,0,Hardware: Legacy Flip,0,39.954081,0.5,17.990,1.0,1.5,17.990
GTAIV.exe,1234,0x0,DXGI,0,0,0,Hardware: Legacy Flip,0,39.971385,0.5,17.303,1.0,1.5,17.303
GTAIV.exe,1234,0x0,DXGI,0,0,0,Hardware: Legacy Flip,0,39.988072,0.5,16.687,1.0,1.5,16.687
GTAIV.exe,1234,0x0,DXGI,0,0,0,Hardware: Legacy Flip,0,40.003721,0.5,15.650,1.0,1.5,15.650
GTAIV.exe,1234,0x0,DXGI,0,0,0,Hardware: Legacy Flip,0,40.018743,0.5,15.022,1.0,1.5,15.022
GTAIV.exe,1234,0x0,DXGI,0,0,0,Hardware: Legacy Flip,0,40.033892,0.5,15.149,1.0,1.5,15.149
GTAIV.exe,1234,0x0,DXGI,0,0,0,Hardware: Legacy Flip,0,40.049445,0.5,15.553,1.0,1.5,15.553
GTAIV.exe,1234,0x0,DXGI,0,0,0,Hardware: Legacy Flip,0,40.068612,0.5,19.168,1.0,1.5,19.168
GTAIV.exe,1234,0x0,DXGI,0,0,0,Hardware: Legacy Flip,0,40.083953,0.5,15.341,1.0,1.5,15.341
GTAIV.exe,1234,0x0,DXGI,0,0,0,Hardware: Legacy Flip,0,40.100150,0.5,16.197,1.0,1.5,16.197
GTAIV.exe,1234,0x0,DXGI,0,0,0,Hardware: Legacy Flip,0,40.116905,0.5,16.755,1.0,1.5,16.755
GTAIV.exe,1234,0x0,DXGI,0,0,0,Hardware: Legacy Flip,0,40.132360,0.5,15.454,1.0,1.5,15.454
GTAIV.exe,1234,0x0,DXGI,0,0,0,Hardware: Legacy Flip,0,40.148317,0.5,15.957,1.0,1.5,15.957
GTAIV.exe,1234,0x0,DXGI,0,0,0,Hardware: Legacy Flip,0,40.163474,0.5,15.157,1.0,1.5,15.157
GTAIV.exe,1234,0x0,DXGI,0,0,0,Hardware: Legacy Flip,0,40.179541,0.5,16.067,1.0,1.5,16.067
GTAIV.exe,1234,0x0,DXGI,0,0,0,Hardware: Legacy Flip,0,40.195203,0.5,15.662,1.0,1.5,15.662
GTAIV.exe,1234,0x0,DXGI,0,0,0,Hardware: Legacy Flip,0,40.211540,0.5,16.337,1.0,1.5,16.337
GTAIV.exe,1234,0x0,DXGI,0,0,0,Hardware: Legacy Flip,0,40.230898,0.5,19.359,1.0,1.5,19.359
GTAIV.exe,1234,0x0,DXGI,0,0,0,Hardware: Legacy Flip,0,40.246187,0.5,15.289,1.0,1.5,15.289
GTAIV.exe,1234,0x0,DXGI,0,0,0,Hardware: Legacy Flip,0,40.263228,0.5,17.041,1.0,1.5,17.041
GTAIV.exe,1234,0x0,DXGI,0,0,0,Hardware: Legacy Flip,0,40.280254,0.5,17.026,1.0,1.5,17.026
GTAIV.exe,1234,0x0,DXGI,0,0,0,Hardware: Legacy Flip,0,40.295286,0.5,15.032,1.0,1.5,15.032
GTAIV.exe,1234,0x0,DXGI,0,0,0,Hardware: Legacy Flip,0,40.310783,0.5,15.498,1.0,1.5,15.498
GTAIV.exe,1234,0x0,DXGI,0,0,0,Hardware: Legacy Flip,0,40.326905,0.5,16.122,1.0,1.5,16.122
GTAIV.exe,1234,0x0,DXGI,0,0,0,Hardware: Legacy Flip,0,40.344676,0.5,17.771,1.0,1.5,17.771
GTAIV.exe,1234,0x0,DXGI,0,0,0,Hardware: Legacy Flip,0,40.361491,0.5,16.815,1.0,1.5,16.815
GTAIV.exe,1234,0x0,DXGI,0,0,0,Hardware: Legacy Flip,0,40.377795,0.5,16.304,1.0,1.5,16.304
GTAIV.exe,1234,0x0,DXGI,0,0,0,Hardware: Legacy Flip,0,40.394872,0.5,17.077,1.0,1.5,17.077
GTAIV.exe,1234,0x0,DXGI,0,0,0,Hardware: Legacy Flip,0,40.411011,0.5,16.139,1.0,1.5,16.139
GTAIV.exe,1234,0x0,DXGI,0,0,0,Hardware: Legacy Flip,0,40.428359,0.5,17.348,1.0,1.5,17.348
GTAIV.exe,1234,0x0,DXGI,0,0,0,Hardware: Legacy Flip,0,40.444540,0.5,16.181,1.0,1.5,16.181
GTAIV.exe,1234,0x0,DXGI,0,0,0,Hardware: Legacy Flip,0,40.462389,0.5,17.849,1.0,1.5,17.849
GTAIV.exe,1234,0x0,DXGI,0,0,0,Hardware: Legacy Flip,0,40.479231,0.5,16.842,1.0,1.5,16.842
GTAIV.exe,1234,0x0,DXGI,0,0,0,Hardware: Legacy Flip,0,40.493387,0.5,14.156,1.0,1.5,14.156
GTAIV.exe,1234,0x0,DXGI,0,0,0,Hardware: Legacy Flip,0,40.510515,0.5,17.128,1.0,1.5,17.128
GTAIV.exe,1234,0x0,DXGI,0,0,0,Hardware: Legacy Flip,0,40.529395,0.5,18.880,1.0,1.5,18.880
GTAIV.exe,1234,0x0,DXGI,0,0,0,Hardware: Legacy Flip,0,40.545935,0.5,16.540,1.0,1.5,16.540
GTAIV.exe,1234,0x0,DXGI,0,0,0,Hardware: Legacy Flip,0,40.561549,0.5,15.614,1.0,1.5,15.614
GTAIV.exe,1234,0x0,DXGI,0,0,0,Hardware: Legacy Flip,0,40.577909,0.5,16.360,1.0,1.5,16.360
GTAIV.exe,1234,0x0,DXGI,0,0,0,Hardware: Legacy Flip,0,40.595180,0.5,17.271,1.0,1.5,17.271
GTAIV.exe,1234,0x0,DXGI,0,0,0,Hardware: Legacy Flip,0,40.612202,0.5,17.022,1.0,1.5,17.022
GTAIV.exe,1234,0x0,DXGI,0,0,0,Hardware: Legacy Flip,0,40.629041,0.5,16.839,1.0,1.5,16.839
GTAIV.exe,1234,0x0,DXGI,0,0,0,Hardware: Legacy Flip,0,40.644102,0.5,15.061,1.0,1.5,15.061
GTAIV.exe,1234,0x0,DXGI,0,0,0,Hardware: Legacy Flip,0,40.659648,0.5,15.546,1.0,1.5,15.546
GTAIV.exe,1234,0x0,DXGI,0,0,0,Hardware: Legacy Flip,0,40.674106,0.5,14.458,1.0,1.5,14.458
GTAIV.exe,1234,0x0,DXGI,0,0,0,Hardware: Legacy Flip,0,40.691984,0.5,17.877,1.0,1.5,17.877
GTAIV.exe,1234,0x0,DXGI,0,0,0,Hardware: Legacy Flip,0,40.706033,0.5,14.050,1.0,1.5,14.050
GTAIV.exe,1234,0x0,DXGI,0,0,0,Hardware: Legacy Flip,0,40.720295,0.5,14.262,1.0,1.5,14.262
GTAIV.exe,1234,0x0,DXGI,0,0,0,Hardware: Legacy Flip,0,40.736427,0.5,16.132,1.0,1.5,16.132
GTAIV.exe,1234,0x0,DXGI,0,0,0,Hardware: Legacy Flip,0,40.752474,0.5,16.047,1.0,1.5,16.047
GTAIV.exe,1234,0x0,DXGI,0,0,0,Hardware: Legacy Flip,0,40.770192,0.5,17.718,1.0,1.5,17.718
GTAIV.exe,1234,0x0,DXGI,0,0,0,Hardware: Legacy Flip,0,40.788826,0.5,18.634,1.0,1.5,18.634
GTAIV.exe,1234,0x0,DXGI,0,0,0,Hardware: Legacy Flip,0,40.804711,0.5,15.885,1.0,1.5,15.885
GTAIV.exe,1234,0x0,DXGI,0,0,0,Hardware: Legacy Flip,0,40.821054,0.5,16.343,1.0,1.5,16.343
GTAIV.exe,1234,0x0,DXGI,0,0,0,Hardware: Legacy Flip,0,40.837715,0.5,16.661,1.0,1.5,16.661
GTAIV.exe,1234,0x0,DXGI,0,0,0,Hardware: Legacy Flip,0,40.854470,0.5,16.755,1.0,1.5,16.755
GTAIV.exe,1234,0x0,DXGI,0,0,0,Hardware: Legacy Flip,0,40.870539,0.5,16.070,1.0,1.5,16.070
GTAIV.exe,1234,0x0,DXGI,0,0,0,Hardware: Legacy Flip,0,40.885099,0.5,14.560,1.0,1.5,14.560
GTAIV.exe,1234,0x0,DXGI,0,0,0,Hardware: Legacy Flip,0,40.903432,0.5,18.333,1.0,1.5,18.333
GTAIV.exe,1234,0x0,DXGI,0,0,0,Hardware: Legacy Flip,0,40.920342,0.5,16.911,1.0,1.5,16.911
GTAIV.exe,1234,0x0,DXGI,0,0,0,Hardware: Legacy Flip,0,40.935445,0.5,15.102,1.0,1.5,15.102
GTAIV.exe,1234,0x0,DXGI,0,0,0,Hardware: Legacy Flip,0,40.951994,0.5,16.550,1.0,1.5,16.550
GTAIV.exe,1234,0x0,DXGI,0,0,0,Hardware: Legacy Flip,0,40.967655,0.5,15.661,1.0,1.5,15.661
GTAIV.exe,1234,0x0,DXGI,0,0,0,Hardware: Legacy Flip,0,40.981450,0.5,13.795,1.0,1.5,13.795
GTAIV.exe,1234,0x0,DXGI,0,0,0,Hardware: Legacy Flip,0,40.996913,0.5,15.463,1.0,1.5,15.463
GTAIV.exe,1234,0x0,DXGI,0,0,0,Hardware: Legacy Flip,0,41.015067,0.5,18.154,1.0,1.5,18.154
GTAIV.exe,1234,0x0,DXGI,0,0,0,Hardware: Legacy Flip,0,41.029930,0.5,14.863,1.0,1.5,14.863
GTAIV.exe,1234,0x0,DXGI,0,0,0,Hardware: Legacy Flip,0,41.046842,0.5,16.913,1.0,1.5,16.913
GTAIV.exe,1234,0x0,DXGI,0,0,0,Hardware: Legacy Flip,0,41.064459,0.5,17.617,1.0,1.5,17.617
GTAIV.exe,1234,0x0,DXGI,0,0,0,Hardware: Legacy Flip,0,41.081209,0.5,16.750,1.0,1.5,16.750
GTAIV.exe,1234,0x0,DXGI,0,0,0,Hardware: Legacy Flip,0,41.099808,0.5,18.599,1.0,1.5,18.599
GTAIV.exe,1234,0x0,DXGI,0,0,0,Hardware: Legacy Flip,0,41.115861,0.5,16.053,1.0,1.5,16.053
GTAIV.exe,1234,0x0,DXGI,0,0,0,Hardware: Legacy Flip,0,41.132974,0.5,17.113,1.0,1.5,17.113
GTAIV.exe,1234,0x0,DXGI,0,0,0,Hardware: Legacy Flip,0,41.150040,0.5,17.066,1.0,1.5,17.066
GTAIV.exe,1234,0x0,DXGI,0,0,0,Hardware: Legacy Flip,0,41.165265,0.5,15.226,1.0,1.5,15.226
GTAIV.exe,1234,0x0,DXGI,0,0,0,Hardware: Legacy Flip,0,41.181997,0.5,16.731,1.0,1.5,16.731
GTAIV.exe,1234,0x0,DXGI,0,0,0,Hardware: Legacy Flip,0,41.198228,0.5,16.231,1.0,1.5,16.231
GTAIV.exe,1234,0x0,DXGI,0,0,0,Hardware: Legacy Flip,0,41.216100,0.5,17.872,1.0,1.5,17.872
GTAIV.exe,1234,0x0,DXGI,0,0,0,Hardware: Legacy Flip,0,41.233157,0.5,17.057,1.0,1.5,17.057
GTAIV.exe,1234,0x0,DXGI,0,0,0,Hardware: Legacy Flip,0,41.249419,0.5,16.262,1.0,1.5,16.262
GTAIV.exe,1234,0x0,DXGI,0,0,0,Hardware: Legacy Flip,0,41.265683,0.5,16.264,1.0,1.5,16.264
GTAIV.exe,1234,0x0,DXGI,0,0,0,Hardware: Legacy Flip,0,41.280652,0.5,14.969,1.0,1.5,14.969
GTAIV.exe,1234,0x0,DXGI,0,0,0,Hardware: Legacy Flip,0,41.296524,0.5,15.872,1.0,1.5,15.872
GTAIV.exe,1234,0x0,DXGI,0,0,0,Hardware: Legacy Flip,0,41.312901,0.5,16.377,1.0,1.5,16.377
GTAIV.exe,1234,0x0,DXGI,0,0,0,Hardware: Legacy Flip,0,41.328621,0.5,15.720,1.0,1.5,15.720
GTAIV.exe,1234,0x0,DXGI,0,0,0,Hardware: Legacy Flip,0,41.345339,0.5,16.718,1.0,1.5,16.718
GTAIV.exe,1234,0x0,DXGI,0,0,0,Hardware: Legacy Flip,0,41.362235,0.5,16.896,1.0,1.5,16.896
GTAIV.exe,1234,0x0,DXGI,0,0,0,Hardware: Legacy Flip,0,41.378753,0.5,16.518,1.0,1.5,16.518
GTAIV.exe,1234,0x0,DXGI,0,0,0,Hardware: Legacy Flip,0,41.395976,0.5,17.224,1.0,1.5,17.224
GTAIV.exe,1234,0x0,DXGI,0,0,0,Hardware: Legacy Flip,0,41.411613,0.5,15.636,1.0,1.5,15.636
GTAIV.exe,1234,0x0,DXGI,0,0,0,Hardware: Legacy Flip,0,41.427043,0.5,15.430,1.0,1.5,15.430
GTAIV.exe,1234,0x0,DXGI,0,0,0,Hardware: Legacy Flip,0,41.442748,0.5,15.705,1.0,1.5,15.705
GTAIV.exe,1234,0x0,DXGI,0,0,0,Hardware: Legacy Flip,0,41.459829,0.5,17.082,1.0,1.5,17.082
GTAIV.exe,1234,0x0,DXGI,0,0,0,Hardware: Legacy Flip,0,41.477563,0.5,17.734,1.0,1.5,17.734
GTAIV.exe,1234,0x0,DXGI,0,0,0,Hardware: Legacy Flip,0,41.494522,0.5,16.958,1.0,1.5,16.958
GTAIV.exe,1234,0x0,DXGI,0,0,0,Hardware: Legacy Flip,0,41.512086,0.5,17.564,1.0,1.5,17.564
GTAIV.exe,1234,0x0,DXGI,0,0,0,Hardware: Legacy Flip,0,41.529622,0.5,17.536,1.0,1.5,17.536
GTAIV.exe,1234,0x0,DXGI,0,0,0,Hardware: Legacy Flip,0,41.547177,0.5,17.555,1.0,1.5,17.555
GTAIV.exe,1234,0x0,DXGI,0,0,0,Hardware: Legacy Flip,0,41.562081,0.5,14.904,1.0,1.5,14.904
GTAIV.exe,1234,0x0,DXGI,0,0,0,Hardware: Legacy Flip,0,41.576933,0.5,14.851,1.0,1.5,14.851
GTAIV.exe,1234,0x0,DXGI,0,0,0,Hardware: Legacy Flip,0,41.592717,0.5,15.784,1.0,1.5,15.784
GTAIV.exe,1234,0x0,DXGI,0,0,0,Hardware: Legacy Flip,0,41.607047,0.5,14.330,1.0,1.5,14.330
GTAIV.exe,1234,0x0,DXGI,0,0,0,Hardware: Legacy Flip,0,41.625387,0.5,18.340,1.0,1.5,18.340
GTAIV.exe,1234,0x0,DXGI,0,0,0,Hardware: Legacy Flip,0,41.641835,0.5,16.448,1.0,1.5,16.448
GTAIV.exe,1234,0x0,DXGI,0,0,0,Hardware: Legacy Flip,0,41.659676,0.5,17.841,1.0,1.5,17.841
GTAIV.exe,1234,0x0,DXGI,0,0,0,Hardware: Legacy Flip,0,41.675223,0.5,15.547,1.0,1.5,15.547
GTAIV.exe,1234,0x0,DXGI,0,0,0,Hardware: Legacy Flip,0,41.692070,0.5,16.847,1.0,1.5,16.847
GTAIV.exe,1234,0x0,DXGI,0,0,0,Hardware: Legacy Flip,0,41.708424,0.5,16.354,1.0,1.5,16.354
GTAIV.exe,1234,0x0,DXGI,0,0,0,Hardware: Legacy Flip,0,41.725825,0.5,17.401,1.0,1.5,17.401
GTAIV.exe,1234,0x0,DXGI,0,0,0,Hardware: Legacy Flip,0,41.744508,0.5,18.683,1.0,1.5,18.683
GTAIV.exe,1234,0x0,DXGI,0,0,0,Hardware: Legacy Flip,0,41.761919,0.5,17.411,1.0,1.5,17.411
GTAIV.exe,1234,0x0,DXGI,0,0,0,Hardware: Legacy Flip,0,41.775718,0.5,13.799,1.0,1.5,13.799
GTAIV.exe,1234,0x0,DXGI,0,0,0,Hardware: Legacy Flip,0,41.793702,0.5,17.984,1.0,1.5,17.984
GTAIV.exe,1234,0x0,DXGI,0,0,0,Hardware: Legacy Flip,0,41.811760,0.5,18.059,1.0,1.5,18.059
GTAIV.exe,1234,0x0,DXGI,0,0,0,Hardware: Legacy Flip,0,41.829748,0.5,17.988,1.0,1.5,17.988
GTAIV.exe,1234,0x0,DXGI,0,0,0,Hardware: Legacy Flip,0,41.845976,0.5,16.228,1.0,1.5,16.228
GTAIV.exe,1234,0x0,DXGI,0,0,0,Hardware: Legacy Flip,0,41.861095,0.5,15.119,1.0,1.5,15.119
GTAIV.exe,1234,0x0,DXGI,0,0,0,Hardware: Legacy Flip,0,41.879444,0.5,18.349,1.0,1.5,18.349
GTAIV.exe,1234,0x0,DXGI,0,0,0,Hardware: Legacy Flip,0,41.897685,0.5,18.241,1.0,1.5,18.241
GTAIV.exe,1234,0x0,DXGI,0,0,0,Hardware: Legacy Flip,0,41.912054,0.5,14.369,1.0,1.5,14.369
GTAIV.exe,1234,0x0,DXGI,0,0,0,Hardware: Legacy Flip,0,41.927633,0.5,15.579,1.0,1.5,15.579
GTAIV.exe,1234,0x0,DXGI,0,0,0,Hardware: Legacy Flip,0,41.943588,0.5,15.955,1.0,1.5,15.955
GTAIV.exe,1234,0x0,DXGI,0,0,0,Hardware: Legacy Flip,0,41.960091,0.5,16.503,1.0,1.5,16.503
GTAIV.exe,1234,0x0,DXGI,0,0,0,Hardware: Legacy Flip,0,41.977218,0.5,17.127,1.0,1.5,17.127
GTAIV.exe,1234,0x0,DXGI,0,0,0,Hardware: Legacy Flip,0,41.995111,0.5,17.893,1.0,1.5,17.893
GTAIV.exe,1234,0x0,DXGI,0,0,0,Hardware: Legacy Flip,0,42.012565,0.5,17.454,1.0,1.5,17.454
GTAIV.exe,1234,0x0,DXGI,0,0,0,Hardware: Legacy Flip,0,42.029310,0.5,16.745,1.0,1.5,16.745
GTAIV.exe,1234,0x0,DXGI,0,0,0,Hardware: Legacy Flip,0,42.045979,0.5,16.669,1.0,1.5,16.669
GTAIV.exe,1234,0x0,DXGI,0,0,0,Hardware: Legacy Flip,0,42.062200,0.5,16.221,1.0,1.5,16.221
GTAIV.exe,1234,0x0,DXGI,0,0,0,Hardware: Legacy Flip,0,42.077329,0.5,15.129,1.0,1.5,15.129
GTAIV.exe,1234,0x0,DXGI,0,0,0,Hardware: Legacy Flip,0,42.094417,0.5,17.088,1.0,1.5,17.088
GTAIV.exe,1234,0x0,DXGI,0,0,0,Hardware: Legacy Flip,0,42.110929,0.5,16.512,1.0,1.5,16.512
GTAIV.exe,1234,0x0,DXGI,0,0,0,Hardware: Legacy Flip,0,42.128622,0.5,17.693,1.0,1.5,17.693
GTAIV.exe,1234,0x0,DXGI,0,0,0,Hardware: Legacy Flip,0,42.143170,0.5,14.547,1.0,1.5,14.547
GTAIV.exe,1234,0x0,DXGI,0,0,0,Hardware: Legacy Flip,0,42.160821,0.5,17.651,1.0,1.5,17.651
GTAIV.exe,1234,0x0,DXGI,0,0,0,Hardware: Legacy Flip,0,42.178060,0.5,17.239,1.0,1.5,17.239
GTAIV.exe,1234,0x0,DXGI,0,0,0,Hardware: Legacy Flip,0,42.195705,0.5,17.645,1.0,1.5,17.645
GTAIV.exe,1234,0x0,DXGI,0,0,0,Hardware: Legacy Flip,0,42.211953,0.5,16.249,1.0,1.5,16.249
GTAIV.exe,1234,0x0,DXGI,0,0,0,Hardware: Legacy Flip,0,42.228700,0.5,16.747,1.0,1.5,16.747
GTAIV.exe,1234,0x0,DXGI,0,0,0,Hardware: Legacy Flip,0,42.245487,0.5,16.787,1.0,1.5,16.787
GTAIV.exe,1234,0x0,DXGI,0,0,0,Hardware: Legacy Flip,0,42.263360,0.5,17.872,1.0,1.5,17.872
GTAIV.exe,1234,0x0,DXGI,0,0,0,Hardware: Legacy Flip,0,42.280994,0.5,17.635,1.0,1.5,17.635
GTAIV.exe,1234,0x0,DXGI,0,0,0,Hardware: Legacy Flip,0,42.299003,0.5,18.009,1.0,1.5,18.009
GTAIV.exe,1234,0x0,DXGI,0,0,0,Hardware: Legacy Flip,0,42.316861,0.5,17.858,1.0,1.5,17.858
GTAIV.exe,1234,0x0,DXGI,0,0,0,Hardware: Legacy Flip,0,42.332943,0.5,16.082,1.0,1.5,16.082
GTAIV.exe,1234,0x0,DXGI,0,0,0,Hardware: Legacy Flip,0,42.349364,0.5,16.421,1.0,1.5,16.421
GTAIV.exe,1234,0x0,DXGI,0,0,0,Hardware: Legacy Flip,0,42.366450,0.5,17.086,1.0,1.5,17.086
GTAIV.exe,1234,0x0,DXGI,0,0,0,Hardware: Legacy Flip,0,42.383729,0.5,17.279,1.0,1.5,17.279
GTAIV.exe,1234,0x0,DXGI,0,0,0,Hardware: Legacy Flip,0,42.400389,0.5,16.660,1.0,1.5,16.660
GTAIV.exe,1234,0x0,DXGI,0,0,0,Hardware: Legacy Flip,0,42.417239,0.5,16.850,1.0,1.5,16.850
GTAIV.exe,1234,0x0,DXGI,0,0,0,Hardware: Legacy Flip,0,42.432758,0.5,15.519,1.0,1.5,15.519
GTAIV.exe,1234,0x0,DXGI,0,0,0,Hardware: Legacy Flip,0,42.448525,0.5,15.767,1.0,1.5,15.767
GTAIV.exe,1234,0x0,DXGI,0,0,0,Hardware: Legacy Flip,0,42.464122,0.5,15.597,1.0,1.5,15.597
GTAIV.exe,1234,0x0,DXGI,0,0,0,Hardware: Legacy Flip,0,42.480630,0.5,16.509,1.0,1.5,16.509
GTAIV.exe,1234,0x0,DXGI,0,0,0,Hardware: Legacy Flip,0,42.497752,0.5,17.122,1.0,1.5,17.122
GTAIV.exe,1234,0x0,DXGI,0,0,0,Hardware: Legacy Flip,0,42.513734,0.5,15.982,1.0,1.5,15.982
GTAIV.exe,1234,0x0,DXGI,0,0,0,Hardware: Legacy Flip,0,42.530061,0.5,16.327,1.0,1.5,16.327
GTAIV.exe,1234,0x0,DXGI,0,0,0,Hardware: Legacy Flip,0,42.547230,0.5,17.169,1.0,1.5,17.169
GTAIV.exe,1234,0x0,DXGI,0,0,0,Hardware: Legacy Flip,0,42.565197,0.5,17.967,1.0,1.5,17.967
GTAIV.exe,1234,0x0,DXGI,0,0,0,Hardware: Legacy Flip,0,42.580152,0.5,14.955,1.0,1.5,14.955
GTAIV.exe,1234,0x0,DXGI,0,0,0,Hardware: Legacy Flip,0,42.597173,0.5,17.021,1.0,1.5,17.021
GTAIV.exe,1234,0x0,DXGI,0,0,0,Hardware: Legacy Flip,0,42.614382,0.5,17.210,1.0,1.5,17.210
GTAIV.exe,1234,0x0,DXGI,0,0,0,Hardware: Legacy Flip,0,42.632019,0.5,17.636,1.0,1.5,17.636
GTAIV.exe,1234,0x0,DXGI,0,0,0,Hardware: Legacy Flip,0,42.649627,0.5,17.608,1.0,1.5,17.608
GTAIV.exe,1234,0x0,DXGI,0,0,0,Hardware: Legacy Flip,0,42.666971,0.5,17.344,1.0,1.5,17.344
GTAIV.exe,1234,0x0,DXGI,0,0,0,Hardware: Legacy Flip,0,42.684928,0.5,17.957,1.0,1.5,17.957
GTAIV.exe,1234,0x0,DXGI,0,0,0,Hardware: Legacy Flip,0,42.702288,0.5,17.359,1.0,1.5,17.359
GTAIV.exe,1234,0x0,DXGI,0,0,0,Hardware: Legacy Flip,0,42.719093,0.5,16.806,1.0,1.5,16.806
GTAIV.exe,1234,0x0,DXGI,0,0,0,Hardware: Legacy Flip,0,42.735878,0.5,16.784,1.0,1.5,16.784
GTAIV.exe,1234,0x0,DXGI,0,0,0,Hardware: Legacy Flip,0,42.754510,0.5,18.632,1.0,1.5,18.632
GTAIV.exe,1234,0x0,DXGI,0,0,0,Hardware: Legacy Flip,0,42.770084,0.5,15.574,1.0,1.5,15.574
GTAIV.exe,1234,0x0,DXGI,0,0,0,Hardware: Legacy Flip,0,42.788739,0.5,18.656,1.0,1.5,18.656
GTAIV.exe,1234,0x0,DXGI,0,0,0,Hardware: Legacy Flip,0,42.805238,0.5,16.499,1.0,1.5,16.499
GTAIV.exe,1234,0x0,DXGI,0,0,0,Hardware: Legacy Flip,0,42.819570,0.5,14.332,1.0,1.5,14.332
GTAIV.exe,1234,0x0,DXGI,0,0,0,Hardware: Legacy Flip,0,42.834955,0.5,15.385,1.0,1.5,15.385
GTAIV.exe,1234,0x0,DXGI,0,0,0,Hardware: Legacy Flip,0,42.854100,0.5,19.145,1.0,1.5,19.145
GTAIV.exe,1234,0x0,DXGI,0,0,0,Hardware: Legacy Flip,0,42.870326,0.5,16.227,1.0,1.5,16.227
GTAIV.exe,1234,0x0,DXGI,0,0,0,Hardware: Legacy Flip,0,42.887829,0.5,17.503,1.0,1.5,17.503
GTAIV.exe,1234,0x0,DXGI,0,0,0,Hardware: Legacy Flip,0,42.904999,0.5,17.170,1.0,1.5,17.170
GTAIV.exe,1234,0x0,DXGI,0,0,0,Hardware: Legacy Flip,0,42.921331,0.5,16.331,1.0,1.5,16.331
GTAIV.exe,1234,0x0,DXGI,0,0,0,Hardware: Legacy Flip,0,42.939588,0.5,18.258,1.0,1.5,18.258
GTAIV.exe,1234,0x0,DXGI,0,0,0,Hardware: Legacy Flip,0,42.954428,0.5,14.840,1.0,1.5,14.840
GTAIV.exe,1234,0x0,DXGI,0,0,0,Hardware: Legacy Flip,0,42.969338,0.5,14.910,1.0,1.5,14.910
GTAIV.exe,1234,0x0,DXGI,0,0,0,Hardware: Legacy Flip,0,42.984591,0.5,15.253,1.0,1.5,15.253
GTAIV.exe,1234,0x0,DXGI,0,0,0,Hardware: Legacy Flip,0,43.002597,0.5,18.006,1.0,1.5,18.006
GTAIV.exe,1234,0x0,DXGI,0,0,0,Hardware: Legacy Flip,0,43.018588,0.5,15.990,1.0,1.5,15.990
GTAIV.exe,1234,0x0,DXGI,0,0,0,Hardware: Legacy Flip,0,43.034189,0.5,15.602,1.0,1.5,15.602
GTAIV.exe,1234,0x0,DXGI,0,0,0,Hardware: Legacy Flip,0,43.051996,0.5,17.807,1.0,1.5,17.807
GTAIV.exe,1234,0x0,DXGI,0,0,0,Hardware: Legacy Flip,0,43.067992,0.5,15.996,1.0,1.5,15.996
GTAIV.exe,1234,0x0,DXGI,0,0,0,Hardware: Legacy Flip,0,43.084447,0.5,16.455,1.0,1.5,16.455
GTAIV.exe,1234,0x0,DXGI,0,0,0,Hardware: Legacy Flip,0,43.100998,0.5,16.551,1.0,1.5,16.551
GTAIV.exe,1234,0x0,DXGI,0,0,0,Hardware: Legacy Flip,0,43.116494,0.5,15.497,1.0,1.5,15.497
GTAIV.exe,1234,0x0,DXGI,0,0,0,Hardware: Legacy Flip,0,43.134252,0.5,17.757,1.0,1.5,17.757
GTAIV.exe,1234,0x0,DXGI,0,0,0,Hardware: Legacy Flip,0,43.151976,0.5,17.725,1.0,1.5,17.725
GTAIV.exe,1234,0x0,DXGI,0,0,0,Hardware: Legacy Flip,0,43.169564,0.5,17.588,1.0,1.5,17.588
GTAIV.exe,1234,0x0,DXGI,0,0,0,Hardware: Legacy Flip,0,43.185680,0.5,16.116,1.0,1.5,16.116
GTAIV.exe,1234,0x0,DXGI,0,0,0,Hardware: Legacy Flip,0,43.201460,0.5,15.780,1.0,1.5,15.780
GTAIV.exe,1234,0x0,DXGI,0,0,0,Hardware: Legacy Flip,0,43.217897,0.5,16.438,1.0,1.5,16.438
GTAIV.exe,1234,0x0,DXGI,0,0,0,Hardware: Legacy Flip,0,43.234388,0.5,16.491,1.0,1.5,16.491
GTAIV.exe,1234,0x0,DXGI,0,0,0,Hardware: Legacy Flip,0,43.249815,0.5,15.427,1.0,1.5,15.427
GTAIV.exe,1234,0x0,DXGI,0,0,0,Hardware: Legacy Flip,0,43.267220,0.5,17.404,1.0,1.5,17.404
GTAIV.exe,1234,0x0,DXGI,0,0,0,Hardware: Legacy Flip,0,43.283027,0.5,15.807,1.0,1.5,15.807
GTAIV.exe,1234,0x0,DXGI,0,0,0,Hardware: Legacy Flip,0,43.299689,0.5,16.662,1.0,1.5,16.662
GTAIV.exe,1234,0x0,DXGI,0,0,0,Hardware: Legacy Flip,0,43.317591,0.5,17.901,1.0,1.5,17.901
GTAIV.exe,1234,0x0,DXGI,0,0,0,Hardware: Legacy Flip,0,43.334576,0.5,16.985,1.0,1.5,16.985
GTAIV.exe,1234,0x0,DXGI,0,0,0,Hardware: Legacy Flip,0,43.353730,0.5,19.154,1.0,1.5,19.154
GTAIV.exe,1234,0x0,DXGI,0,0,0,Hardware: Legacy Flip,0,43.370483,0.5,16.753,1.0,1.5,16.753
GTAIV.exe,1234,0x0,DXGI,0,0,0,Hardware: Legacy Flip,0,43.386740,0.5,16.257,1.0,1.5,16.257
GTAIV.exe,1234,0x0,DXGI,0,0,0,Hardware: Legacy Flip,0,43.403915,0.5,17.175,1.0,1.5,17.175
GTAIV.exe,1234,0x0,DXGI,0,0,0,Hardware: Legacy Flip,0,43.420660,0.5,16.745,1.0,1.5,16.745
GTAIV.exe,1234,0x0,DXGI,0,0,0,Hardware: Legacy Flip,0,43.437923,0.5,17.262,1.0,1.5,17.262
GTAIV.exe,1234,0x0,DXGI,0,0,0,Hardware: Legacy Flip,0,43.454382,0.5,16.459,1.0,1.5,16.459
GTAIV.exe,1234,0x0,DXGI,0,0,0,Hardware: Legacy Flip,0,43.471526,0.5,17.145,1.0,1.5,17.145
GTAIV.exe,1234,0x0,DXGI,0,0,0,Hardware: Legacy Flip,0,43.488610,0.5,17.083,1.0,1.5,17.083
GTAIV.exe,1234,0x0,DXGI,0,0,0,Hardware: Legacy Flip,0,43.504906,0.5,16.296,1.0,1.5,16.296
GTAIV.exe,1234,0x0,DXGI,0,0,0,Hardware: Legacy Flip,0,43.520034,0.5,15.128,1.0,1.5,15.128
GTAIV.exe,1234,0x0,DXGI,0,0,0,Hardware: Legacy Flip,0,43.537529,0.5,17.494,1.0,1.5,17.494
GTAIV.exe,1234,0x0,DXGI,0,0,0,Hardware: Legacy Flip,0,43.553492,0.5,15.963,1.0,1.5,15.963
GTAIV.exe,1234,0x0,DXGI,0,0,0,Hardware: Legacy Flip,0,43.571091,0.5,17.599,1.0,1.5,17.599
GTAIV.exe,1234,0x0,DXGI,0,0,0,Hardware: Legacy Flip,0,43.589513,0.5,18.422,1.0,1.5,18.422
GTAIV.exe,1234,0x0,DXGI,0,0,0,Hardware: Legacy Flip,0,43.605783,0.5,16.270,1.0,1.5,16.270
GTAIV.exe,1234,0x0,DXGI,0,0,0,Hardware: Legacy Flip,0,43.622222,0.5,16.439,1.0,1.5,16.439
GTAIV.exe,1234,0x0,DXGI,0,0,0,Hardware: Legacy Flip,0,43.638635,0.5,16.413,1.0,1.5,16.413
GTAIV.exe,1234,0x0,DXGI,0,0,0,Hardware: Legacy Flip,0,43.657861,0.5,19.226,1.0,1.5,19.226
GTAIV.exe,1234,0x0,DXGI,0,0,0,Hardware: Legacy Flip,0,43.674113,0.5,16.253,1.0,1.5,16.253
GTAIV.exe,1234,0x0,DXGI,0,0,0,Hardware: Legacy Flip,0,43.692366,0.5,18.253,1.0,1.5,18.253
GTAIV.exe,1234,0x0,DXGI,0,0,0,Hardware: Legacy Flip,0,43.710004,0.5,17.637,1.0,1.5,17.637
GTAIV.exe,1234,0x0,DXGI,0,0,0,Hardware: Legacy Flip,0,43.726359,0.5,16.356,1.0,1.5,16.356
GTAIV.exe,1234,0x0,DXGI,0,0,0,Hardware: Legacy Flip,0,43.741296,0.5,14.937,1.0,1.5,14.937
GTAIV.exe,1234,0x0,DXGI,0,0,0,Hardware: Legacy Flip,0,43.757407,0.5,16.111,1.0,1.5,16.111
GTAIV.exe,1234,0x0,DXGI,0,0,0,Hardware: Legacy Flip,0,43.774282,0.5,16.876,1.0,1.5,16.876
GTAIV.exe,1234,0x0,DXGI,0,0,0,Hardware: Legacy Flip,0,43.790668,0.5,16.386,1.0,1.5,16.386
GTAIV.exe,1234,0x0,DXGI,0,0,0,Hardware: Legacy Flip,0,43.868845,0.5,78.177,1.0,1.5,78.177
GTAIV.exe,1234,0x0,DXGI,0,0,0,Hardware: Legacy Flip,0,43.882825,0.5,13.980,1.0,1.5,13.980
GTAIV.exe,1234,0x0,DXGI,0,0,0,Hardware: Legacy Flip,0,43.901538,0.5,18.714,1.0,1.5,18.714
GTAIV.exe,1234,0x0,DXGI,0,0,0,Hardware: Legacy Flip,0,43.916819,0.5,15.281,1.0,1.5,15.281
GTAIV.exe,1234,0x0,DXGI,0,0,0,Hardware: Legacy Flip,0,43.935384,0.5,18.564,1.0,1.5,18.564
GTAIV.exe,1234,0x0,DXGI,0,0,0,Hardware: Legacy Flip,0,43.953313,0.5,17.929,1.0,1.5,17.929
GTAIV.exe,1234,0x0,DXGI,0,0,0,Hardware: Legacy Flip,0,43.969327,0.5,16.014,1.0,1.5,16.014
GTAIV.exe,1234,0x0,DXGI,0,0,0,Hardware: Legacy Flip,0,43.987167,0.5,17.840,1.0,1.5,17.840
GTAIV.exe,1234,0x0,DXGI,0,0,0,Hardware: Legacy Flip,0,44.003852,0.5,16.685,1.0,1.5,16.685
GTAIV.exe,1234,0x0,DXGI,0,0,0,Hardware: Legacy Flip,0,44.019926,0.5,16.074,1.0,1.5,16.074
GTAIV.exe,1234,0x0,DXGI,0,0,0,Hardware: Legacy Flip,0,44.036740,0.5,16.814,1.0,1.5,16.814
GTAIV.exe,1234,0x0,DXGI,0,0,0,Hardware: Legacy Flip,0,44.052716,0.5,15.976,1.0,1.5,15.976
GTAIV.exe,1234,0x0,DXGI,0,0,0,Hardware: Legacy Flip,0,44.067881,0.5,15.165,1.0,1.5,15.165
GTAIV.exe,1234,0x0,DXGI,0,0,0,Hardware: Legacy Flip,0,44.084424,0.5,16.543,1.0,1.5,16.543
GTAIV.exe,1234,0x0,DXGI,0,0,0,Hardware: Legacy Flip,0,44.100253,0.5,15.829,1.0,1.5,15.829
GTAIV.exe,1234,0x0,DXGI,0,0,0,Hardware: Legacy Flip,0,44.116756,0.5,16.502,1.0,1.5,16.502
GTAIV.exe,1234,0x0,DXGI,0,0,0,Hardware: Legacy Flip,0,44.130800,0.5,14.044,1.0,1.5,14.044
GTAIV.exe,1234,0x0,DXGI,0,0,0,Hardware: Legacy Flip,0,44.148146,0.5,17.346,1.0,1.5,17.346
GTAIV.exe,1234,0x0,DXGI,0,0,0,Hardware: Legacy Flip,0,44.165120,0.5,16.974,1.0,1.5,16.974
GTAIV.exe,1234,0x0,DXGI,0,0,0,Hardware: Legacy Flip,0,44.182158,0.5,17.038,1.0,1.5,17.038
GTAIV.exe,1234,0x0,DXGI,0,0,0,Hardware: Legacy Flip,0,44.199718,0.5,17.560,1.0,1.5,17.560
GTAIV.exe,1234,0x0,DXGI,0,0,0,Hardware: Legacy Flip,0,44.216823,0.5,17.105,1.0,1.5,17.105
GTAIV.exe,1234,0x0,DXGI,0,0,0,Hardware: Legacy Flip,0,44.233235,0.5,16.412,1.0,1.5,16.412
GTAIV.exe,1234,0x0,DXGI,0,0,0,Hardware: Legacy Flip,0,44.251168,0.5,17.933,1.0,1.5,17.933
GTAIV.exe,1234,0x0,DXGI,0,0,0,Hardware: Legacy Flip,0,44.267125,0.5,15.957,1.0,1.5,15.957
GTAIV.exe,1234,0x0,DXGI,0,0,0,Hardware: Legacy Flip,0,44.283798,0.5,16.673,1.0,1.5,16.673
GTAIV.exe,1234,0x0,DXGI,0,0,0,Hardware: Legacy Flip,0,44.300575,0.5,16.777,1.0,1.5,16.777
GTAIV.exe,1234,0x0,DXGI,0,0,0,Hardware: Legacy Flip,0,44.318491,0.5,17.916,1.0,1.5,17.916
GTAIV.exe,1234,0x0,DXGI,0,0,0,Hardware: Legacy Flip,0,44.334391,0.5,15.900,1.0,1.5,15.900
GTAIV.exe,1234,0x0,DXGI,0,0,0,Hardware: Legacy Flip,0,44.352858,0.5,18.467,1.0,1.5,18.467
GTAIV.exe,1234,0x0,DXGI,0,0,0,Hardware: Legacy Flip,0,44.369790,0.5,16.931,1.0,1.5,16.931
GTAIV.exe,1234,0x0,DXGI,0,0,0,Hardware: Legacy Flip,0,44.386348,0.5,16.559,1.0,1.5,16.559
GTAIV.exe,1234,0x0,DXGI,0,0,0,Hardware: Legacy Flip,0,44.401412,0.5,15.064,1.0,1.5,15.064
GTAIV.exe,1234,0x0,DXGI,0,0,0,Hardware: Legacy Flip,0,44.419229,0.5,17.816,1.0,1.5,17.816
GTAIV.exe,1234,0x0,DXGI,0,0,0,Hardware: Legacy Flip,0,44.435538,0.5,16.309,1.0,1.5,16.309
GTAIV.exe,1234,0x0,DXGI,0,0,0,Hardware: Legacy Flip,0,44.450737,0.5,15.199,1.0,1.5,15.199
GTAIV.exe,1234,0x0,DXGI,0,0,0,Hardware: Legacy Flip,0,44.465748,0.5,15.011,1.0,1.5,15.011
GTAIV.exe,1234,0x0,DXGI,0,0,0,Hardware: Legacy Flip,0,44.482904,0.5,17.157,1.0,1.5,17.157
GTAIV.exe,1234,0x0,DXGI,0,0,0,Hardware: Legacy Flip,0,44.499332,0.5,16.427,1.0,1.5,16.427
GTAIV.exe,1234,0x0,DXGI,0,0,0,Hardware: Legacy Flip,0,44.517473,0.5,18.142,1.0,1.5,18.142
GTAIV.exe,1234,0x0,DXGI,0,0,0,Hardware: Legacy Flip,0,44.533989,0.5,16.516,1.0,1.5,16.516
GTAIV.exe,1234,0x0,DXGI,0,0,0,Hardware: Legacy Flip,0,44.550163,0.5,16.174,1.0,1.5,16.174
GTAIV.exe,1234,0x0,DXGI,0,0,0,Hardware: Legacy Flip,0,44.565857,0.5,15.694,1.0,1.5,15.694
GTAIV.exe,1234,0x0,DXGI,0,0,0,Hardware: Legacy Flip,0,44.583967,0.5,18.111,1.0,1.5,18.111
GTAIV.exe,1234,0x0,DXGI,0,0,0,Hardware: Legacy Flip,0,44.601424,0.5,17.457,1.0,1.5,17.457
GTAIV.exe,1234,0x0,DXGI,0,0,0,Hardware: Legacy Flip,0,44.617147,0.5,15.723,1.0,1.5,15.723
GTAIV.exe,1234,0x0,DXGI,0,0,0,Hardware: Legacy Flip,0,44.633360,0.5,16.213,1.0,1.5,16.213
GTAIV.exe,1234,0x0,DXGI,0,0,0,Hardware: Legacy Flip,0,44.649082,0.5,15.723,1.0,1.5,15.723
GTAIV.exe,1234,0x0,DXGI,0,0,0,Hardware: Legacy Flip,0,44.666398,0.5,17.315,1.0,1.5,17.315
GTAIV.exe,1234,0x0,DXGI,0,0,0,Hardware: Legacy Flip,0,44.684615,0.5,18.218,1.0,1.5,18.218
GTAIV.exe,1234,0x0,DXGI,0,0,0,Hardware: Legacy Flip,0,44.701614,0.5,16.998,1.0,1.5,16.998
GTAIV.exe,1234,0x0,DXGI,0,0,0,Hardware: Legacy Flip,0,44.719219,0.5,17.605,1.0,1.5,17.605
GTAIV.exe,1234,0x0,DXGI,0,0,0,Hardware: Legacy Flip,0,44.736522,0.5,17.304,1.0,1.5,17.304
GTAIV.exe,1234,0x0,DXGI,0,0,0,Hardware: Legacy Flip,0,44.752930,0.5,16.407,1.0,1.5,16.407
GTAIV.exe,1234,0x0,DXGI,0,0,0,Hardware: Legacy Flip,0,44.770105,0.5,17.175,1.0,1.5,17.175
GTAIV.exe,1234,0x0,DXGI,0,0,0,Hardware: Legacy Flip,0,44.787561,0.5,17.456,1.0,1.5,17.456
GTAIV.exe,1234,0x0,DXGI,0,0,0,Hardware: Legacy Flip,0,44.803377,0.5,15.815,1.0,1.5,15.815
GTAIV.exe,1234,0x0,DXGI,0,0,0,Hardware: Legacy Flip,0,44.819632,0.5,16.255,1.0,1.5,16.255
GTAIV.exe,1234,0x0,DXGI,0,0,0,Hardware: Legacy Flip,0,44.837277,0.5,17.646,1.0,1.5,17.646
GTAIV.exe,1234,0x0,DXGI,0,0,0,Hardware: Legacy Flip,0,44.854483,0.5,17.206,1.0,1.5,17.206
GTAIV.exe,1234,0x0,DXGI,0,0,0,Hardware: Legacy Flip,0,44.871412,0.5,16.929,1.0,1.5,16.929
GTAIV.exe,1234,0x0,DXGI,0,0,0,Hardware: Legacy Flip,0,44.890000,0.5,18.588,1.0,1.5,18.588
GTAIV.exe,1234,0x0,DXGI,0,0,0,Hardware: Legacy Flip,0,44.905819,0.5,15.818,1.0,1.5,15.818
GTAIV.exe,1234,0x0,DXGI,0,0,0,Hardware: Legacy Flip,0,44.922025,0.5,16.206,1.0,1.5,16.206
GTAIV.exe,1234,0x0,DXGI,0,0,0,Hardware: Legacy Flip,0,44.937398,0.5,15.374,1.0,1.5,15.374
GTAIV.exe,1234,0x0,DXGI,0,0,0,Hardware: Legacy Flip,0,44.951954,0.5,14.556,1.0,1.5,14.556
GTAIV.exe,1234,0x0,DXGI,0,0,0,Hardware: Legacy Flip,0,44.970650,0.5,18.696,1.0,1.5,18.696
GTAIV.exe,1234,0x0,DXGI,0,0,0,Hardware: Legacy Flip,0,44.986211,0.5,15.561,1.0,1.5,15.561
GTAIV.exe,1234,0x0,DXGI,0,0,0,Hardware: Legacy Flip,0,45.003139,0.5,16.928,1.0,1.5,16.928
GTAIV.exe,1234,0x0,DXGI,0,0,0,Hardware: Legacy Flip,0,45.019907,0.5,16.768,1.0,1.5,16.768
GTAIV.exe,1234,0x0,DXGI,0,0,0,Hardware: Legacy Flip,0,45.037206,0.5,17.299,1.0,1.5,17.299
GTAIV.exe,1234,0x0,DXGI,0,0,0,Hardware: Legacy Flip,0,45.052947,0.5,15.741,1.0,1.5,15.741
GTAIV.exe,1234,0x0,DXGI,0,0,0,Hardware: Legacy Flip,0,45.068567,0.5,15.620,1.0,1.5,15.620
GTAIV.exe,1234,0x0,DXGI,0,0,0,Hardware: Legacy Flip,0,45.085810,0.5,17.243,1.0,1.5,17.243
GTAIV.exe,1234,0x0,DXGI,0,0,0,Hardware: Legacy Flip,0,45.103639,0.5,17.829,1.0,1.5,17.829
GTAIV.exe,1234,0x0,DXGI,0,0,0,Hardware: Legacy Flip,0,45.117618,0.5,13.978,1.0,1.5,13.978
GTAIV.exe,1234,0x0,DXGI,0,0,0,Hardware: Legacy Flip,0,45.135317,0.5,17.699,1.0,1.5,17.699
GTAIV.exe,1234,0x0,DXGI,0,0,0,Hardware: Legacy Flip,0,45.150894,0.5,15.577,1.0,1.5,15.577
GTAIV.exe,1234,0x0,DXGI,0,0,0,Hardware: Legacy Flip,0,45.164957,0.5,14.063,1.0,1.5,14.063
GTAIV.exe,1234,0x0,DXGI,0,0,0,Hardware: Legacy Flip,0,45.179932,0.5,14.975,1.0,1.5,14.975
GTAIV.exe,1234,0x0,DXGI,0,0,0,Hardware: Legacy Flip,0,45.195792,0.5,15.860,1.0,1.5,15.860
GTAIV.exe,1234,0x0,DXGI,0,0,0,Hardware: Legacy Flip,0,45.212649,0.5,16.858,1.0,1.5,16.858
GTAIV.exe,1234,0x0,DXGI,0,0,0,Hardware: Legacy Flip,0,45.227762,0.5,15.112,1.0,1.5,15.112
GTAIV.exe,1234,0x0,DXGI,0,0,0,Hardware: Legacy Flip,0,45.245436,0.5,17.675,1.0,1.5,17.675
GTAIV.exe,1234,0x0,DXGI,0,0,0,Hardware: Legacy Flip,0,45.262787,0.5,17.350,1.0,1.5,17.350
GTAIV.exe,1234,0x0,DXGI,0,0,0,Hardware: Legacy Flip,0,45.279457,0.5,16.671,1.0,1.5,16.671
GTAIV.exe,1234,0x0,DXGI,0,0,0,Hardware: Legacy Flip,0,45.297858,0.5,18.401,1.0,1.5,18.401
GTAIV.exe,1234,0x0,DXGI,0,0,0,Hardware: Legacy Flip,0,45.313367,0.5,15.509,1.0,1.5,15.509
GTAIV.exe,1234,0x0,DXGI,0,0,0,Hardware: Legacy Flip,0,45.331270,0.5,17.903,1.0,1.5,17.903
GTAIV.exe,1234,0x0,DXGI,0,0,0,Hardware: Legacy Flip,0,45.349093,0.5,17.823,1.0,1.5,17.823
GTAIV.exe,1234,0x0,DXGI,0,0,0,Hardware: Legacy Flip,0,45.366476,0.5,17.383,1.0,1.5,17.383
GTAIV.exe,1234,0x0,DXGI,0,0,0,Hardware: Legacy Flip,0,45.384770,0.5,18.293,1.0,1.5,18.293
GTAIV.exe,1234,0x0,DXGI,0,0,0,Hardware: Legacy Flip,0,45.401724,0.5,16.955,1.0,1.5,16.955
GTAIV.exe,1234,0x0,DXGI,0,0,0,Hardware: Legacy Flip,0,45.417251,0.5,15.527,1.0,1.5,15.527
GTAIV.exe,1234,0x0,DXGI,0,0,0,Hardware: Legacy Flip,0,45.433474,0.5,16.223,1.0,1.5,16.223
GTAIV.exe,1234,0x0,DXGI,0,0,0,Hardware: Legacy Flip,0,45.451788,0.5,18.314,1.0,1.5,18.314
GTAIV.exe,1234,0x0,DXGI,0,0,0,Hardware: Legacy Flip,0,45.468902,0.5,17.115,1.0,1.5,17.115
GTAIV.exe,1234,0x0,DXGI,0,0,0,Hardware: Legacy Flip,0,45.486029,0.5,17.127,1.0,1.5,17.127
GTAIV.exe,1234,0x0,DXGI,0,0,0,Hardware: Legacy Flip,0,45.504123,0.5,18.094,1.0,1.5,18.094
GTAIV.exe,1234,0x0,DXGI,0,0,0,Hardware: Legacy Flip,0,45.519616,0.5,15.494,1.0,1.5,15.494
GTAIV.exe,1234,0x0,DXGI,0,0,0,Hardware: Legacy Flip,0,45.536681,0.5,17.064,1.0,1.5,17.064
GTAIV.exe,1234,0x0,DXGI,0,0,0,Hardware: Legacy Flip,0,45.553007,0.5,16.326,1.0,1.5,16.326
GTAIV.exe,1234,0x0,DXGI,0,0,0,Hardware: Legacy Flip,0,45.570068,0.5,17.061,1.0,1.5,17.061
GTAIV.exe,1234,0x0,DXGI,0,0,0,Hardware: Legacy Flip,0,45.584052,0.5,13.984,1.0,1.5,13.984
GTAIV.exe,1234,0x0,DXGI,0,0,0,Hardware: Legacy Flip,0,45.599643,0.5,15.591,1.0,1.5,15.591
GTAIV.exe,1234,0x0,DXGI,0,0,0,Hardware: Legacy Flip,0,45.613746,0.5,14.103,1.0,1.5,14.103
GTAIV.exe,1234,0x0,DXGI,0,0,0,Hardware: Legacy Flip,0,45.632389,0.5,18.643,1.0,1.5,18.643
GTAIV.exe,1234,0x0,DXGI,0,0,0,Hardware: Legacy Flip,0,45.648523,0.5,16.134,1.0,1.5,16.134
GTAIV.exe,1234,0x0,DXGI,0,0,0,Hardware: Legacy Flip,0,45.664041,0.5,15.518,1.0,1.5,15.518
GTAIV.exe,1234,0x0,DXGI,0,0,0,Hardware: Legacy Flip,0,45.680750,0.5,16.709,1.0,1.5,16.709
GTAIV.exe,1234,0x0,DXGI,0,0,0,Hardware: Legacy Flip,0,45.697768,0.5,17.018,1.0,1.5,17.018
GTAIV.exe,1234,0x0,DXGI,0,0,0,Hardware: Legacy Flip,0,45.715083,0.5,17.316,1.0,1.5,17.316
GTAIV.exe,1234,0x0,DXGI,0,0,0,Hardware: Legacy Flip,0,45.733043,0.5,17.960,1.0,1.5,17.960
GTAIV.exe,1234,0x0,DXGI,0,0,0,Hardware: Legacy Flip,0,45.749146,0.5,16.103,1.0,1.5,16.103
GTAIV.exe,1234,0x0,DXGI,0,0,0,Hardware: Legacy Flip,0,45.766016,0.5,16.870,1.0,1.5,16.870
GTAIV.exe,1234,0x0,DXGI,0,0,0,Hardware: Legacy Flip,0,45.783984,0.5,17.969,1.0,1.5,17.969
GTAIV.exe,1234,0x0,DXGI,0,0,0,Hardware: Legacy Flip,0,45.800135,0.5,16.151,1.0,1.5,16.151
GTAIV.exe,1234,0x0,DXGI,0,0,0,Hardware: Legacy Flip,0,45.816948,0.5,16.813,1.0,1.5,16.813
GTAIV.exe,1234,0x0,DXGI,0,0,0,Hardware: Legacy Flip,0,45.833813,0.5,16.865,1.0,1.5,16.865
GTAIV.exe,1234,0x0,DXGI,0,0,0,Hardware: Legacy Flip,0,45.850903,0.5,17.089,1.0,1.5,17.089
GTAIV.exe,1234,0x0,DXGI,0,0,0,Hardware: Legacy Flip,0,45.867944,0.5,17.041,1.0,1.5,17.041
GTAIV.exe,1234,0x0,DXGI,0,0,0,Hardware: Legacy Flip,0,45.885082,0.5,17.138,1.0,1.5,17.138
GTAIV.exe,1234,0x0,DXGI,0,0,0,Hardware: Legacy Flip,0,45.901807,0.5,16.724,1.0,1.5,16.724
GTAIV.exe,1234,0x0,DXGI,0,0,0,Hardware: Legacy Flip,0,45.915443,0.5,13.637,1.0,1.5,13.637
GTAIV.exe,1234,0x0,DXGI,0,0,0,Hardware: Legacy Flip,0,45.932413,0.5,16.969,1.0,1.5,16.969
GTAIV.exe,1234,0x0,DXGI,0,0,0,Hardware: Legacy Flip,0,45.948425,0.5,16.012,1.0,1.5,16.012
GTAIV.exe,1234,0x0,DXGI,0,0,0,Hardware: Legacy Flip,0,45.964189,0.5,15.765,1.0,1.5,15.765
GTAIV.exe,1234,0x0,DXGI,0,0,0,Hardware: Legacy Flip,0,45.980822,0.5,16.632,1.0,1.5,16.632
GTAIV.exe,1234,0x0,DXGI,0,0,0,Hardware: Legacy Flip,0,45.997007,0.5,16.186,1.0,1.5,16.186
GTAIV.exe,1234,0x0,DXGI,0,0,0,Hardware: Legacy Flip,0,46.012142,0.5,15.134,1.0,1.5,15.134
GTAIV.exe,1234,0x0,DXGI,0,0,0,Hardware: Legacy Flip,0,46.028568,0.5,16.426,1.0,1.5,16.426
GTAIV.exe,1234,0x0,DXGI,0,0,0,Hardware: Legacy Flip,0,46.045804,0.5,17.236,1.0,1.5,17.236
GTAIV.exe,1234,0x0,DXGI,0,0,0,Hardware: Legacy Flip,0,46.062819,0.5,17.015,1.0,1.5,17.015
GTAIV.exe,1234,0x0,DXGI,0,0,0,Hardware: Legacy Flip,0,46.079121,0.5,16.302,1.0,1.5,16.302
GTAIV.exe,1234,0x0,DXGI,0,0,0,Hardware: Legacy Flip,0,46.095248,0.5,16.126,1.0,1.5,16.126
GTAIV.exe,1234,0x0,DXGI,0,0,0,Hardware: Legacy Flip,0,46.111383,0.5,16.135,1.0,1.5,16.135
GTAIV.exe,1234,0x0,DXGI,0,0,0,Hardware: Legacy Flip,0,46.127383,0.5,16.001,1.0,1.5,16.001
GTAIV.exe,1234,0x0,DXGI,0,0,0,Hardware: Legacy Flip,0,46.143045,0.5,15.661,1.0,1.5,15.661
GTAIV.exe,1234,0x0,DXGI,0,0,0,Hardware: Legacy Flip,0,46.159218,0.5,16.173,1.0,1.5,16.173
GTAIV.exe,1234,0x0,DXGI,0,0,0,Hardware: Legacy Flip,0,46.176234,0.5,17.017,1.0,1.5,17.017
GTAIV.exe,1234,0x0,DXGI,0,0,0,Hardware: Legacy Flip,0,46.191863,0.5,15.629,1.0,1.5,15.629
GTAIV.exe,1234,0x0,DXGI,0,0,0,Hardware: Legacy Flip,0,46.208095,0.5,16.232,1.0,1.5,16.232
GTAIV.exe,1234,0x0,DXGI,0,0,0,Hardware: Legacy Flip,0,46.224563,0.5,16.468,1.0,1.5,16.468
GTAIV.exe,1234,0x0,DXGI,0,0,0,Hardware: Legacy Flip,0,46.241267,0.5,16.704,1.0,1.5,16.704
GTAIV.exe,1234,0x0,DXGI,0,0,0,Hardware: Legacy Flip,0,46.258514,0.5,17.247,1.0,1.5,17.247
GTAIV.exe,1234,0x0,DXGI,0,0,0,Hardware: Legacy Flip,0,46.275066,0.5,16.552,1.0,1.5,16.552
GTAIV.exe,1234,0x0,DXGI,0,0,0,Hardware: Legacy Flip,0,46.291481,0.5,16.415,1.0,1.5,16.415
GTAIV.exe,1234,0x0,DXGI,0,0,0,Hardware: Legacy Flip,0,46.307043,0.5,15.562,1.0,1.5,15.562
GTAIV.exe,1234,0x0,DXGI,0,0,0,Hardware: Legacy Flip,0,46.325117,0.5,18.074,1.0,1.5,18.074
GTAIV.exe,1234,0x0,DXGI,0,0,0,Hardware: Legacy Flip,0,46.341454,0.5,16.337,1.0,1.5,16.337
GTAIV.exe,1234,0x0,DXGI,0,0,0,Hardware: Legacy Flip,0,46.358959,0.5,17.504,1.0,1.5,17.504
GTAIV.exe,1234,0x0,DXGI,0,0,0,Hardware: Legacy Flip,0,46.376143,0.5,17.184,1.0,1.5,17.184
GTAIV.exe,1234,0x0,DXGI,0,0,0,Hardware: Legacy Flip,0,46.392851,0.5,16.708,1.0,1.5,16.708
GTAIV.exe,1234,0x0,DXGI,0,0,0,Hardware: Legacy Flip,0,46.409546,0.5,16.695,1.0,1.5,16.695
GTAIV.exe,1234,0x0,DXGI,0,0,0,Hardware: Legacy Flip,0,46.426028,0.5,16.482,1.0,1.5,16.482
GTAIV.exe,1234,0x0,DXGI,0,0,0,Hardware: Legacy Flip,0,46.442812,0.5,16.784,1.0,1.5,16.784
GTAIV.exe,1234,0x0,DXGI,0,0,0,Hardware: Legacy Flip,0,46.460248,0.5,17.436,1.0,1.5,17.436
GTAIV.exe,1234,0x0,DXGI,0,0,0,Hardware: Legacy Flip,0,46.476797,0.5,16.549,1.0,1.5,16.549
GTAIV.exe,1234,0x0,DXGI,0,0,0,Hardware: Legacy Flip,0,46.495087,0.5,18.290,1.0,1.5,18.290
GTAIV.exe,1234,0x0,DXGI,0,0,0,Hardware: Legacy Flip,0,46.512390,0.5,17.304,1.0,1.5,17.304
GTAIV.exe,1234,0x0,DXGI,0,0,0,Hardware: Legacy Flip,0,46.531439,0.5,19.049,1.0,1.5,19.049
GTAIV.exe,1234,0x0,DXGI,0,0,0,Hardware: Legacy Flip,0,46.547378,0.5,15.938,1.0,1.5,15.938
GTAIV.exe,1234,0x0,DXGI,0,0,0,Hardware: Legacy Flip,0,46.563636,0.5,16.258,1.0,1.5,16.258
GTAIV.exe,1234,0x0,DXGI,0,0,0,Hardware: Legacy Flip,0,46.580868,0.5,17.232,1.0,1.5,17.232
GTAIV.exe,1234,0x0,DXGI,0,0,0,Hardware: Legacy Flip,0,46.597081,0.5,16.213,1.0,1.5,16.213
GTAIV.exe,1234,0x0,DXGI,0,0,0,Hardware: Legacy Flip,0,46.612466,0.5,15.386,1.0,1.5,15.386
GTAIV.exe,1234,0x0,DXGI,0,0,0,Hardware: Legacy Flip,0,46.631091,0.5,18.624,1.0,1.5,18.624
GTAIV.exe,1234,0x0,DXGI,0,0,0,Hardware: Legacy Flip,0,46.646661,0.5,15.570,1.0,1.5,15.570
GTAIV.exe,1234,0x0,DXGI,0,0,0,Hardware: Legacy Flip,0,46.662345,0.5,15.684,1.0,1.5,15.684
GTAIV.exe,1234,0x0,DXGI,0,0,0,Hardware: Legacy Flip,0,46.680134,0.5,17.789,1.0,1.5,17.789
GTAIV.exe,1234,0x0,DXGI,0,0,0,Hardware: Legacy Flip,0,46.696745,0.5,16.610,1.0,1.5,16.610
GTAIV.exe,1234,0x0,DXGI,0,0,0,Hardware: Legacy Flip,0,46.713957,0.5,17.213,1.0,1.5,17.213
GTAIV.exe,1234,0x0,DXGI,0,0,0,Hardware: Legacy Flip,0,46.730246,0.5,16.289,1.0,1.5,16.289
GTAIV.exe,1234,0x0,DXGI,0,0,0,Hardware: Legacy Flip,0,46.746679,0.5,16.433,1.0,1.5,16.433
GTAIV.exe,1234,0x0,DXGI,0,0,0,Hardware: Legacy Flip,0,46.762990,0.5,16.311,1.0,1.5,16.311
GTAIV.exe,1234,0x0,DXGI,0,0,0,Hardware: Legacy Flip,0,46.780052,0.5,17.062,1.0,1.5,17.062
GTAIV.exe,1234,0x0,DXGI,0,0,0,Hardware: Legacy Flip,0,46.795481,0.5,15.428,1.0,1.5,15.428
GTAIV.exe,1234,0x0,DXGI,0,0,0,Hardware: Legacy Flip,0,46.811729,0.5,16.248,1.0,1.5,16.248
GTAIV.exe,1234,0x0,DXGI,0,0,0,Hardware: Legacy Flip,0,46.828896,0.5,17.167,1.0,1.5,17.167
GTAIV.exe,1234,0x0,DXGI,0,0,0,Hardware: Legacy Flip,0,46.843761,0.5,14.865,1.0,1.5,14.865
GTAIV.exe,1234,0x0,DXGI,0,0,0,Hardware: Legacy Flip,0,46.860053,0.5,16.292,1.0,1.5,16.292
GTAIV.exe,1234,0x0,DXGI,0,0,0,Hardware: Legacy Flip,0,46.876210,0.5,16.157,1.0,1.5,16.157
GTAIV.exe,1234,0x0,DXGI,0,0,0,Hardware: Legacy Flip,0,46.892278,0.5,16.067,1.0,1.5,16.067
GTAIV.exe,1234,0x0,DXGI,0,0,0,Hardware: Legacy Flip,0,46.909778,0.5,17.500,1.0,1.5,17.500
GTAIV.exe,1234,0x0,DXGI,0,0,0,Hardware: Legacy Flip,0,46.925124,0.5,15.346,1.0,1.5,15.346
GTAIV.exe,1234,0x0,DXGI,0,0,0,Hardware: Legacy Flip,0,46.943543,0.5,18.420,1.0,1.5,18.420
GTAIV.exe,1234,0x0,DXGI,0,0,0,Hardware: Legacy Flip,0,46.960408,0.5,16.864,1.0,1.5,16.864
GTAIV.exe,1234,0x0,DXGI,0,0,0,Hardware: Legacy Flip,0,46.977651,0.5,17.243,1.0,1.5,17.243
GTAIV.exe,1234,0x0,DXGI,0,0,0,Hardware: Legacy Flip,0,46.994644,0.5,16.993,1.0,1.5,16.993
GTAIV.exe,1234,0x0,DXGI,0,0,0,Hardware: Legacy Flip,0,47.011234,0.5,16.590,1.0,1.5,16.590
GTAIV.exe,1234,0x0,DXGI,0,0,0,Hardware: Legacy Flip,0,47.028936,0.5,17.703,1.0,1.5,17.703
GTAIV.exe,1234,0x0,DXGI,0,0,0,Hardware: Legacy Flip,0,47.045856,0.5,16.920,1.0,1.5,16.920
GTAIV.exe,1234,0x0,DXGI,0,0,0,Hardware: Legacy Flip,0,47.063318,0.5,17.462,1.0,1.5,17.462
GTAIV.exe,1234,0x0,DXGI,0,0,0,Hardware: Legacy Flip,0,47.081703,0.5,18.384,1.0,1.5,18.384
GTAIV.exe,1234,0x0,DXGI,0,0,0,Hardware: Legacy Flip,0,47.097032,0.5,15.329,1.0,1.5,15.329
GTAIV.exe,1234,0x0,DXGI,0,0,0,Hardware: Legacy Flip,0,47.111914,0.5,14.882,1.0,1.5,14.882
GTAIV.exe,1234,0x0,DXGI,0,0,0,Hardware: Legacy Flip,0,47.130495,0.5,18.581,1.0,1.5,18.581
GTAIV.exe,1234,0x0,DXGI,0,0,0,Hardware: Legacy Flip,0,47.148055,0.5,17.560,1.0,1.5,17.560
GTAIV.exe,1234,0x0,DXGI,0,0,0,Hardware: Legacy Flip,0,47.166162,0.5,18.107,1.0,1.5,18.107
GTAIV.exe,1234,0x0,DXGI,0,0,0,Hardware: Legacy Flip,0,47.181165,0.5,15.002,1.0,1.5,15.002
GTAIV.exe,1234,0x0,DXGI,0,0,0,Hardware: Legacy Flip,0,47.197194,0.5,16.029,1.0,1.5,16.029
GTAIV.exe,1234,0x0,DXGI,0,0,0,Hardware: Legacy Flip,0,47.213395,0.5,16.201,1.0,1.5,16.201
GTAIV.exe,1234,0x0,DXGI,0,0,0,Hardware: Legacy Flip,0,47.232746,0.5,19.352,1.0,1.5,19.352
GTAIV.exe,1234,0x0,DXGI,0,0,0,Hardware: Legacy Flip,0,47.249812,0.5,17.066,1.0,1.5,17.066
GTAIV.exe,1234,0x0,DXGI,0,0,0,Hardware: Legacy Flip,0,47.266660,0.5,16.847,1.0,1.5,16.847
GTAIV.exe,1234,0x0,DXGI,0,0,0,Hardware: Legacy Flip,0,47.282948,0.5,16.289,1.0,1.5,16.289
GTAIV.exe,1234,0x0,DXGI,0,0,0,Hardware: Legacy Flip,0,47.300704,0.5,17.755,1.0,1.5,17.755
GTAIV.exe,1234,0x0,DXGI,0,0,0,Hardware: Legacy Flip,0,47.315972,0.5,15.268,1.0,1.5,15.268
GTAIV.exe,1234,0x0,DXGI,0,0,0,Hardware: Legacy Flip,0,47.329744,0.5,13.772,1.0,1.5,13.772
GTAIV.exe,1234,0x0,DXGI,0,0,0,Hardware: Legacy Flip,0,47.346913,0.5,17.169,1.0,1.5,17.169
GTAIV.exe,1234,0x0,DXGI,0,0,0,Hardware: Legacy Flip,0,47.363301,0.5,16.388,1.0,1.5,16.388
GTAIV.exe,1234,0x0,DXGI,0,0,0,Hardware: Legacy Flip,0,47.382451,0.5,19.150,1.0,1.5,19.150
GTAIV.exe,1234,0x0,DXGI,0,0,0,Hardware: Legacy Flip,0,47.399025,0.5,16.574,1.0,1.5,16.574
GTAIV.exe,1234,0x0,DXGI,0,0,0,Hardware: Legacy Flip,0,47.416579,0.5,17.554,1.0,1.5,17.554
GTAIV.exe,1234,0x0,DXGI,0,0,0,Hardware: Legacy Flip,0,47.434043,0.5,17.464,1.0,1.5,17.464
GTAIV.exe,1234,0x0,DXGI,0,0,0,Hardware: Legacy Flip,0,47.450712,0.5,16.669,1.0,1.5,16.669
GTAIV.exe,1234,0x0,DXGI,0,0,0,Hardware: Legacy Flip,0,47.469651,0.5,18.938,1.0,1.5,18.938
GTAIV.exe,1234,0x0,DXGI,0,0,0,Hardware: Legacy Flip,0,47.484855,0.5,15.205,1.0,1.5,15.205
GTAIV.exe,1234,0x0,DXGI,0,0,0,Hardware: Legacy Flip,0,47.503408,0.5,18.552,1.0,1.5,18.552
GTAIV.exe,1234,0x0,DXGI,0,0,0,Hardware: Legacy Flip,0,47.519980,0.5,16.573,1.0,1.5,16.573
GTAIV.exe,1234,0x0,DXGI,0,0,0,Hardware: Legacy Flip,0,47.535731,0.5,15.751,1.0,1.5,15.751
GTAIV.exe,1234,0x0,DXGI,0,0,0,Hardware: Legacy Flip,0,47.551419,0.5,15.688,1.0,1.5,15.688
GTAIV.exe,1234,0x0,DXGI,0,0,0,Hardware: Legacy Flip,0,47.567836,0.5,16.417,1.0,1.5,16.417
GTAIV.exe,1234,0x0,DXGI,0,0,0,Hardware: Legacy Flip,0,47.583601,0.5,15.764,1.0,1.5,15.764
GTAIV.exe,1234,0x0,DXGI,0,0,0,Hardware: Legacy Flip,0,47.600947,0.5,17.347,1.0,1.5,17.347
GTAIV.exe,1234,0x0,DXGI,0,0,0,Hardware: Legacy Flip,0,47.615791,0.5,14.844,1.0,1.5,14.844
GTAIV.exe,1234,0x0,DXGI,0,0,0,Hardware: Legacy Flip,0,47.631634,0.5,15.843,1.0,1.5,15.843
GTAIV.exe,1234,0x0,DXGI,0,0,0,Hardware: Legacy Flip,0,47.647813,0.5,16.178,1.0,1.5,16.178
GTAIV.exe,1234,0x0,DXGI,0,0,0,Hardware: Legacy Flip,0,47.666695,0.5,18.883,1.0,1.5,18.883
GTAIV.exe,1234,0x0,DXGI,0,0,0,Hardware: Legacy Flip,0,47.683134,0.5,16.439,1.0,1.5,16.439
GTAIV.exe,1234,0x0,DXGI,0,0,0,Hardware: Legacy Flip,0,47.700743,0.5,17.609,1.0,1.5,17.609
GTAIV.exe,1234,0x0,DXGI,0,0,0,Hardware: Legacy Flip,0,47.717929,0.5,17.186,1.0,1.5,17.186
GTAIV.exe,1234,0x0,DXGI,0,0,0,Hardware: Legacy Flip,0,47.736255,0.5,18.326,1.0,1.5,18.326
GTAIV.exe,1234,0x0,DXGI,0,0,0,Hardware: Legacy Flip,0,47.753465,0.5,17.210,1.0,1.5,17.210
GTAIV.exe,1234,0x0,DXGI,0,0,0,Hardware: Legacy Flip,0,47.770925,0.5,17.460,1.0,1.5,17.460
GTAIV.exe,1234,0x0,DXGI,0,0,0,Hardware: Legacy Flip,0,47.786772,0.5,15.847,1.0,1.5,15.847
GTAIV.exe,1234,0x0,DXGI,0,0,0,Hardware: Legacy Flip,0,47.803290,0.5,16.518,1.0,1.5,16.518
GTAIV.exe,1234,0x0,DXGI,0,0,0,Hardware: Legacy Flip,0,47.822301,0.5,19.011,1.0,1.5,19.011
GTAIV.exe,1234,0x0,DXGI,0,0,0,Hardware: Legacy Flip,0,47.838637,0.5,16.336,1.0,1.5,16.336
GTAIV.exe,1234,0x0,DXGI,0,0,0,Hardware: Legacy Flip,0,47.853984,0.5,15.347,1.0,1.5,15.347
GTAIV.exe,1234,0x0,DXGI,0,0,0,Hardware: Legacy Flip,0,47.871033,0.5,17.049,1.0,1.5,17.049
GTAIV.exe,1234,0x0,DXGI,0,0,0,Hardware: Legacy Flip,0,47.889036,0.5,18.003,1.0,1.5,18.003
GTAIV.exe,1234,0x0,DXGI,0,0,0,Hardware: Legacy Flip,0,47.905765,0.5,16.729,1.0,1.5,16.729
GTAIV.exe,1234,0x0,DXGI,0,0,0,Hardware: Legacy Flip,0,47.921292,0.5,15.527,1.0,1.5,15.527
GTAIV.exe,1234,0x0,DXGI,0,0,0,Hardware: Legacy Flip,0,47.940012,0.5,18.720,1.0,1.5,18.720
GTAIV.exe,1234,0x0,DXGI,0,0,0,Hardware: Legacy Flip,0,47.955526,0.5,15.514,1.0,1.5,15.514
GTAIV.exe,1234,0x0,DXGI,0,0,0,Hardware: Legacy Flip,0,47.972845,0.5,17.319,1.0,1.5,17.319
GTAIV.exe,1234,0x0,DXGI,0,0,0,Hardware: Legacy Flip,0,47.989837,0.5,16.992,1.0,1.5,16.992
GTAIV.exe,1234,0x0,DXGI,0,0,0,Hardware: Legacy Flip,0,48.006186,0.5,16.349,1.0,1.5,16.349
GTAIV.exe,1234,0x0,DXGI,0,0,0,Hardware: Legacy Flip,0,48.023468,0.5,17.282,1.0,1.5,17.282
GTAIV.exe,1234,0x0,DXGI,0,0,0,Hardware: Legacy Flip,0,48.041188,0.5,17.720,1.0,1.5,17.720
GTAIV.exe,1234,0x0,DXGI,0,0,0,Hardware: Legacy Flip,0,48.057762,0.5,16.574,1.0,1.5,16.574
GTAIV.exe,1234,0x0,DXGI,0,0,0,Hardware: Legacy Flip,0,48.074655,0.5,16.892,1.0,1.5,16.892
GTAIV.exe,1234,0x0,DXGI,0,0,0,Hardware: Legacy Flip,0,48.090075,0.5,15.420,1.0,1.5,15.420
GTAIV.exe,1234,0x0,DXGI,0,0,0,Hardware: Legacy Flip,0,48.107859,0.5,17.785,1.0,1.5,17.785
GTAIV.exe,1234,0x0,DXGI,0,0,0,Hardware: Legacy Flip,0,48.122923,0.5,15.064,1.0,1.5,15.064
GTAIV.exe,1234,0x0,DXGI,0,0,0,Hardware: Legacy Flip,0,48.140420,0.5,17.497,1.0,1.5,17.497
GTAIV.exe,1234,0x0,DXGI,0,0,0,Hardware: Legacy Flip,0,48.157181,0.5,16.761,1.0,1.5,16.761
GTAIV.exe,1234,0x0,DXGI,0,0,0,Hardware: Legacy Flip,0,48.174874,0.5,17.692,1.0,1.5,17.692
GTAIV.exe,1234,0x0,DXGI,0,0,0,Hardware: Legacy Flip,0,48.191154,0.5,16.280,1.0,1.5,16.280
GTAIV.exe,1234,0x0,DXGI,0,0,0,Hardware: Legacy Flip,0,48.209590,0.5,18.436,1.0,1.5,18.436
GTAIV.exe,1234,0x0,DXGI,0,0,0,Hardware: Legacy Flip,0,48.227061,0.5,17.471,1.0,1.5,17.471
GTAIV.exe,1234,0x0,DXGI,0,0,0,Hardware: Legacy Flip,0,48.243458,0.5,16.397,1.0,1.5,16.397
GTAIV.exe,1234,0x0,DXGI,0,0,0,Hardware: Legacy Flip,0,48.261628,0.5,18.170,1.0,1.5,18.170
GTAIV.exe,1234,0x0,DXGI,0,0,0,Hardware: Legacy Flip,0,48.278639,0.5,17.010,1.0,1.5,17.010
GTAIV.exe,1234,0x0,DXGI,0,0,0,Hardware: Legacy Flip,0,48.295922,0.5,17.284,1.0,1.5,17.284
GTAIV.exe,1234,0x0,DXGI,0,0,0,Hardware: Legacy Flip,0,48.314026,0.5,18.103,1.0,1.5,18.103
GTAIV.exe,1234,0x0,DXGI,0,0,0,Hardware: Legacy Flip,0,48.331452,0.5,17.426,1.0,1.5,17.426
GTAIV.exe,1234,0x0,DXGI,0,0,0,Hardware: Legacy Flip,0,48.349432,0.5,17.981,1.0,1.5,17.981
GTAIV.exe,1234,0x0,DXGI,0,0,0,Hardware: Legacy Flip,0,48.366041,0.5,16.608,1.0,1.5,16.608
GTAIV.exe,1234,0x0,DXGI,0,0,0,Hardware: Legacy Flip,0,48.383591,0.5,17.551,1.0,1.5,17.551
GTAIV.exe,1234,0x0,DXGI,0,0,0,Hardware: Legacy Flip,0,48.398575,0.5,14.984,1.0,1.5,14.984
GTAIV.exe,1234,0x0,DXGI,0,0,0,Hardware: Legacy Flip,0,48.415776,0.5,17.201,1.0,1.5,17.201
GTAIV.exe,1234,0x0,DXGI,0,0,0,Hardware: Legacy Flip,0,48.431757,0.5,15.981,1.0,1.5,15.981
GTAIV.exe,1234,0x0,DXGI,0,0,0,Hardware: Legacy Flip,0,48.447333,0.5,15.576,1.0,1.5,15.576
GTAIV.exe,1234,0x0,DXGI,0,0,0,Hardware: Legacy Flip,0,48.462703,0.5,15.371,1.0,1.5,15.371
GTAIV.exe,1234,0x0,DXGI,0,0,0,Hardware: Legacy Flip,0,48.481121,0.5,18.417,1.0,1.5,18.417
GTAIV.exe,1234,0x0,DXGI,0,0,0,Hardware: Legacy Flip,0,48.496617,0.5,15.496,1.0,1.5,15.496
GTAIV.exe,1234,0x0,DXGI,0,0,0,Hardware: Legacy Flip,0,48.510750,0.5,14.133,1.0,1.5,14.133
GTAIV.exe,1234,0x0,DXGI,0,0,0,Hardware: Legacy Flip,0,48.528419,0.5,17.668,1.0,1.5,17.668
GTAIV.exe,1234,0x0,DXGI,0,0,0,Hardware: Legacy Flip,0,48.544121,0.5,15.702,1.0,1.5,15.702
GTAIV.exe,1234,0x0,DXGI,0,0,0,Hardware: Legacy Flip,0,48.560227,0.5,16.106,1.0,1.5,16.106
GTAIV.exe,1234,0x0,DXGI,0,0,0,Hardware: Legacy Flip,0,48.576594,0.5,16.367,1.0,1.5,16.367
GTAIV.exe,1234,0x0,DXGI,0,0,0,Hardware: Legacy Flip,0,48.591633,0.5,15.040,1.0,1.5,15.040
GTAIV.exe,1234,0x0,DXGI,0,0,0,Hardware: Legacy Flip,0,48.609374,0.5,17.741,1.0,1.5,17.741
GTAIV.exe,1234,0x0,DXGI,0,0,0,Hardware: Legacy Flip,0,48.626124,0.5,16.750,1.0,1.5,16.750
GTAIV.exe,1234,0x0,DXGI,0,0,0,Hardware: Legacy Flip,0,48.641147,0.5,15.023,1.0,1.5,15.023
GTAIV.exe,1234,0x0,DXGI,0,0,0,Hardware: Legacy Flip,0,48.657953,0.5,16.806,1.0,1.5,16.806
GTAIV.exe,1234,0x0,DXGI,0,0,0,Hardware: Legacy Flip,0,48.674702,0.5,16.749,1.0,1.5,16.749
GTAIV.exe,1234,0x0,DXGI,0,0,0,Hardware: Legacy Flip,0,48.692211,0.5,17.509,1.0,1.5,17.509
GTAIV.exe,1234,0x0,DXGI,0,0,0,Hardware: Legacy Flip,0,48.710102,0.5,17.891,1.0,1.5,17.891
GTAIV.exe,1234,0x0,DXGI,0,0,0,Hardware: Legacy Flip,0,48.726627,0.5,16.525,1.0,1.5,16.525
GTAIV.exe,1234,0x0,DXGI,0,0,0,Hardware: Legacy Flip,0,48.743479,0.5,16.852,1.0,1.5,16.852
GTAIV.exe,1234,0x0,DXGI,0,0,0,Hardware: Legacy Flip,0,48.761514,0.5,18.035,1.0,1.5,18.035
GTAIV.exe,1234,0x0,DXGI,0,0,0,Hardware: Legacy Flip,0,48.776711,0.5,15.197,1.0,1.5,15.197
GTAIV.exe,1234,0x0,DXGI,0,0,0,Hardware: Legacy Flip,0,48.792897,0.5,16.186,1.0,1.5,16.186
GTAIV.exe,1234,0x0,DXGI,0,0,0,Hardware: Legacy Flip,0,48.811258,0.5,18.362,1.0,1.5,18.362
GTAIV.exe,1234,0x0,DXGI,0,0,0,Hardware: Legacy Flip,0,48.827991,0.5,16.733,1.0,1.5,16.733
GTAIV.exe,1234,0x0,DXGI,0,0,0,Hardware: Legacy Flip,0,48.844980,0.5,16.988,1.0,1.5,16.988
GTAIV.exe,1234,0x0,DXGI,0,0,0,Hardware: Legacy Flip,0,48.861905,0.5,16.925,1.0,1.5,16.925
GTAIV.exe,1234,0x0,DXGI,0,0,0,Hardware: Legacy Flip,0,48.878523,0.5,16.618,1.0,1.5,16.618
GTAIV.exe,1234,0x0,DXGI,0,0,0,Hardware: Legacy Flip,0,48.896175,0.5,17.652,1.0,1.5,17.652
GTAIV.exe,1234,0x0,DXGI,0,0,0,Hardware: Legacy Flip,0,48.911837,0.5,15.662,1.0,1.5,15.662
GTAIV.exe,1234,0x0,DXGI,0,0,0,Hardware: Legacy Flip,0,48.929852,0.5,18.015,1.0,1.5,18.015
GTAIV.exe,1234,0x0,DXGI,0,0,0,Hardware: Legacy Flip,0,48.947118,0.5,17.267,1.0,1.5,17.267
GTAIV.exe,1234,0x0,DXGI,0,0,0,Hardware: Legacy Flip,0,48.964156,0.5,17.038,1.0,1.5,17.038
GTAIV.exe,1234,0x0,DXGI,0,0,0,Hardware: Legacy Flip,0,48.980236,0.5,16.080,1.0,1.5,16.080
GTAIV.exe,1234,0x0,DXGI,0,0,0,Hardware: Legacy Flip,0,48.996519,0.5,16.283,1.0,1.5,16.283
GTAIV.exe,1234,0x0,DXGI,0,0,0,Hardware: Legacy Flip,0,49.013263,0.5,16.744,1.0,1.5,16.744
GTAIV.exe,1234,0x0,DXGI,0,0,0,Hardware: Legacy Flip,0,49.032131,0.5,18.868,1.0,1.5,18.868
GTAIV.exe,1234,0x0,DXGI,0,0,0,Hardware: Legacy Flip,0,49.048159,0.5,16.028,1.0,1.5,16.028
GTAIV.exe,1234,0x0,DXGI,0,0,0,Hardware: Legacy Flip,0,49.065525,0.5,17.367,1.0,1.5,17.367
GTAIV.exe,1234,0x0,DXGI,0,0,0,Hardware: Legacy Flip,0,49.081343,0.5,15.818,1.0,1.5,15.818
GTAIV.exe,1234,0x0,DXGI,0,0,0,Hardware: Legacy Flip,0,49.098109,0.5,16.766,1.0,1.5,16.766
GTAIV.exe,1234,0x0,DXGI,0,0,0,Hardware: Legacy Flip,0,49.114424,0.5,16.315,1.0,1.5,16.315
GTAIV.exe,1234,0x0,DXGI,0,0,0,Hardware: Legacy Flip,0,49.131661,0.5,17.237,1.0,1.5,17.237
GTAIV.exe,1234,0x0,DXGI,0,0,0,Hardware: Legacy Flip,0,49.147686,0.5,16.025,1.0,1.5,16.025
GTAIV.exe,1234,0x0,DXGI,0,0,0,Hardware: Legacy Flip,0,49.163820,0.5,16.134,1.0,1.5,16.134
GTAIV.exe,1234,0x0,DXGI,0,0,0,Hardware: Legacy Flip,0,49.179707,0.5,15.887,1.0,1.5,15.887
GTAIV.exe,1234,0x0,DXGI,0,0,0,Hardware: Legacy Flip,0,49.196251,0.5,16.544,1.0,1.5,16.544
GTAIV.exe,1234,0x0,DXGI,0,0,0,Hardware: Legacy Flip,0,49.212989,0.5,16.737,1.0,1.5,16.737
GTAIV.exe,1234,0x0,DXGI,0,0,0,Hardware: Legacy Flip,0,49.230808,0.5,17.820,1.0,1.5,17.820
GTAIV.exe,1234,0x0,DXGI,0,0,0,Hardware: Legacy Flip,0,49.249187,0.5,18.379,1.0,1.5,18.379
GTAIV.exe,1234,0x0,DXGI,0,0,0,Hardware: Legacy Flip,0,49.266193,0.5,17.006,1.0,1.5,17.006
GTAIV.exe,1234,0x0,DXGI,0,0,0,Hardware: Legacy Flip,0,49.282912,0.5,16.719,1.0,1.5,16.719
GTAIV.exe,1234,0x0,DXGI,0,0,0,Hardware: Legacy Flip,0,49.298315,0.5,15.403,1.0,1.5,15.403
GTAIV.exe,1234,0x0,DXGI,0,0,0,Hardware: Legacy Flip,0,49.315914,0.5,17.599,1.0,1.5,17.599
GTAIV.exe,1234,0x0,DXGI,0,0,0,Hardware: Legacy Flip,0,49.333538,0.5,17.624,1.0,1.5,17.624
GTAIV.exe,1234,0x0,DXGI,0,0,0,Hardware: Legacy Flip,0,49.350560,0.5,17.022,1.0,1.5,17.022
GTAIV.exe,1234,0x0,DXGI,0,0,0,Hardware: Legacy Flip,0,49.366240,0.5,15.680,1.0,1.5,15.680
GTAIV.exe,1234,0x0,DXGI,0,0,0,Hardware: Legacy Flip,0,49.382041,0.5,15.800,1.0,1.5,15.800
GTAIV.exe,1234,0x0,DXGI,0,0,0,Hardware: Legacy Flip,0,49.400471,0.5,18.430,1.0,1.5,18.430
GTAIV.exe,1234,0x0,DXGI,0,0,0,Hardware: Legacy Flip,0,49.416738,0.5,16.267,1.0,1.5,16.267
GTAIV.exe,1234,0x0,DXGI,0,0,0,Hardware: Legacy Flip,0,49.433088,0.5,16.349,1.0,1.5,16.349
GTAIV.exe,1234,0x0,DXGI,0,0,0,Hardware: Legacy Flip,0,49.448954,0.5,15.866,1.0,1.5,15.866
GTAIV.exe,1234,0x0,DXGI,0,0,0,Hardware: Legacy Flip,0,49.464727,0.5,15.773,1.0,1.5,15.773
GTAIV.exe,1234,0x0,DXGI,0,0,0,Hardware: Legacy Flip,0,49.481618,0.5,16.891,1.0,1.5,16.891
GTAIV.exe,1234,0x0,DXGI,0,0,0,Hardware: Legacy Flip,0,49.499739,0.5,18.121,1.0,1.5,18.121
GTAIV.exe,1234,0x0,DXGI,0,0,0,Hardware: Legacy Flip,0,49.517656,0.5,17.916,1.0,1.5,17.916
GTAIV.exe,1234,0x0,DXGI,0,0,0,Hardware: Legacy Flip,0,49.536581,0.5,18.926,1.0,1.5,18.926
GTAIV.exe,1234,0x0,DXGI,0,0,0,Hardware: Legacy Flip,0,49.551547,0.5,14.966,1.0,1.5,14.966
GTAIV.exe,1234,0x0,DXGI,0,0,0,Hardware: Legacy Flip,0,49.567934,0.5,16.387,1.0,1.5,16.387
GTAIV.exe,1234,0x0,DXGI,0,0,0,Hardware: Legacy Flip,0,49.583701,0.5,15.766,1.0,1.5,15.766
GTAIV.exe,1234,0x0,DXGI,0,0,0,Hardware: Legacy Flip,0,49.599533,0.5,15.832,1.0,1.5,15.832
GTAIV.exe,1234,0x0,DXGI,0,0,0,Hardware: Legacy Flip,0,49.618512,0.5,18.979,1.0,1.5,18.979
GTAIV.exe,1234,0x0,DXGI,0,0,0,Hardware: Legacy Flip,0,49.637082,0.5,18.570,1.0,1.5,18.570
GTAIV.exe,1234,0x0,DXGI,0,0,0,Hardware: Legacy Flip,0,49.653804,0.5,16.723,1.0,1.5,16.723
GTAIV.exe,1234,0x0,DXGI,0,0,0,Hardware: Legacy Flip,0,49.671646,0.5,17.842,1.0,1.5,17.842
GTAIV.exe,1234,0x0,DXGI,0,0,0,Hardware: Legacy Flip,0,49.687718,0.5,16.072,1.0,1.5,16.072
GTAIV.exe,1234,0x0,DXGI,0,0,0,Hardware: Legacy Flip,0,49.704118,0.5,16.400,1.0,1.5,16.400
GTAIV.exe,1234,0x0,DXGI,0,0,0,Hardware: Legacy Flip,0,49.722429,0.5,18.311,1.0,1.5,18.311
GTAIV.exe,1234,0x0,DXGI,0,0,0,Hardware: Legacy Flip,0,49.738081,0.5,15.652,1.0,1.5,15.652
GTAIV.exe,1234,0x0,DXGI,0,0,0,Hardware: Legacy Flip,0,49.754068,0.5,15.987,1.0,1.5,15.987
GTAIV.exe,1234,0x0,DXGI,0,0,0,Hardware: Legacy Flip,0,49.770227,0.5,16.159,1.0,1.5,16.159
GTAIV.exe,1234,0x0,DXGI,0,0,0,Hardware: Legacy Flip,0,49.788367,0.5,18.139,1.0,1.5,18.139
GTAIV.exe,1234,0x0,DXGI,0,0,0,Hardware: Legacy Flip,0,49.806634,0.5,18.267,1.0,1.5,18.267
GTAIV.exe,1234,0x0,DXGI,0,0,0,Hardware: Legacy Flip,0,49.823394,0.5,16.759,1.0,1.5,16.759
GTAIV.exe,1234,0x0,DXGI,0,0,0,Hardware: Legacy Flip,0,49.841020,0.5,17.627,1.0,1.5,17.627
GTAIV.exe,1234,0x0,DXGI,0,0,0,Hardware: Legacy Flip,0,49.858228,0.5,17.208,1.0,1.5,17.208
GTAIV.exe,1234,0x0,DXGI,0,0,0,Hardware: Legacy Flip,0,49.874827,0.5,16.599,1.0,1.5,16.599
GTAIV.exe,1234,0x0,DXGI,0,0,0,Hardware: Legacy Flip,0,49.891252,0.5,16.425,1.0,1.5,16.425
GTAIV.exe,1234,0x0,DXGI,0,0,0,Hardware: Legacy Flip,0,49.907819,0.5,16.568,1.0,1.5,16.568
GTAIV.exe,1234,0x0,DXGI,0,0,0,Hardware: Legacy Flip,0,49.926626,0.5,18.807,1.0,1.5,18.807
GTAIV.exe,1234,0x0,DXGI,0,0,0,Hardware: Legacy Flip,0,49.944766,0.5,18.140,1.0,1.5,18.140
GTAIV.exe,1234,0x0,DXGI,0,0,0,Hardware: Legacy Flip,0,49.961443,0.5,16.678,1.0,1.5,16.678
GTAIV.exe,1234,0x0,DXGI,0,0,0,Hardware: Legacy Flip,0,49.978829,0.5,17.385,1.0,1.5,17.385
GTAIV.exe,1234,0x0,DXGI,0,0,0,Hardware: Legacy Flip,0,49.995390,0.5,16.561,1.0,1.5,16.561
GTAIV.exe,1234,0x0,DXGI,0,0,0,Hardware: Legacy Flip,0,50.010278,0.5,14.887,1.0,1.5,14.887
GTAIV.exe,1234,0x0,DXGI,0,0,0,Hardware: Legacy Flip,0,50.026914,0.5,16.637,1.0,1.5,16.637
GTAIV.exe,1234,0x0,DXGI,0,0,0,Hardware: Legacy Flip,0,50.042990,0.5,16.076,1.0,1.5,16.076
GTAIV.exe,1234,0x0,DXGI,0,0,0,Hardware: Legacy Flip,0,50.059529,0.5,16.538,1.0,1.5,16.538
GTAIV.exe,1234,0x0,DXGI,0,0,0,Hardware: Legacy Flip,0,50.076063,0.5,16.535,1.0,1.5,16.535
GTAIV.exe,1234,0x0,DXGI,0,0,0,Hardware: Legacy Flip,0,50.094165,0.5,18.102,1.0,1.5,18.102
GTAIV.exe,1234,0x0,DXGI,0,0,0,Hardware: Legacy Flip,0,50.111807,0.5,17.642,1.0,1.5,17.642
GTAIV.exe,1234,0x0,DXGI,0,0,0,Hardware: Legacy Flip,0,50.127720,0.5,15.913,1.0,1.5,15.913
GTAIV.exe,1234,0x0,DXGI,0,0,0,Hardware: Legacy Flip,0,50.145455,0.5,17.735,1.0,1.5,17.735
GTAIV.exe,1234,0x0,DXGI,0,0,0,Hardware: Legacy Flip,0,50.163249,0.5,17.794,1.0,1.5,17.794
GTAIV.exe,1234,0x0,DXGI,0,0,0,Hardware: Legacy Flip,0,50.180810,0.5,17.561,1.0,1.5,17.561
GTAIV.exe,1234,0x0,DXGI,0,0,0,Hardware: Legacy Flip,0,50.199937,0.5,19.128,1.0,1.5,19.128
GTAIV.exe,1234,0x0,DXGI,0,0,0,Hardware: Legacy Flip,0,50.218012,0.5,18.075,1.0,1.5,18.075
GTAIV.exe,1234,0x0,DXGI,0,0,0,Hardware: Legacy Flip,0,50.234824,0.5,16.812,1.0,1.5,16.812
GTAIV.exe,1234,0x0,DXGI,0,0,0,Hardware: Legacy Flip,0,50.252032,0.5,17.208,1.0,1.5,17.208
GTAIV.exe,1234,0x0,DXGI,0,0,0,Hardware: Legacy Flip,0,50.269785,0.5,17.753,1.0,1.5,17.753
GTAIV.exe,1234,0x0,DXGI,0,0,0,Hardware: Legacy Flip,0,50.285259,0.5,15.474,1.0,1.5,15.474
GTAIV.exe,1234,0x0,DXGI,0,0,0,Hardware: Legacy Flip,0,50.302124,0.5,16.865,1.0,1.5,16.865
GTAIV.exe,1234,0x0,DXGI,0,0,0,Hardware: Legacy Flip,0,50.319933,0.5,17.810,1.0,1.5,17.810
GTAIV.exe,1234,0x0,DXGI,0,0,0,Hardware: Legacy Flip,0,50.335025,0.5,15.092,1.0,1.5,15.092
GTAIV.exe,1234,0x0,DXGI,0,0,0,Hardware: Legacy Flip,0,50.350141,0.5,15.115,1.0,1.5,15.115
GTAIV.exe,1234,0x0,DXGI,0,0,0,Hardware: Legacy Flip,0,50.368525,0.5,18.385,1.0,1.5,18.385
GTAIV.exe,1234,0x0,DXGI,0,0,0,Hardware: Legacy Flip,0,50.384614,0.5,16.088,1.0,1.5,16.088
GTAIV.exe,1234,0x0,DXGI,0,0,0,Hardware: Legacy Flip,0,50.401621,0.5,17.007,1.0,1.5,17.007
GTAIV.exe,1234,0x0,DXGI,0,0,0,Hardware: Legacy Flip,0,50.417790,0.5,16.168,1.0,1.5,16.168
GTAIV.exe,1234,0x0,DXGI,0,0,0,Hardware: Legacy Flip,0,50.431575,0.5,13.786,1.0,1.5,13.786
GTAIV.exe,1234,0x0,DXGI,0,0,0,Hardware: Legacy Flip,0,50.446313,0.5,14.738,1.0,1.5,14.738
GTAIV.exe,1234,0x0,DXGI,0,0,0,Hardware: Legacy Flip,0,50.462555,0.5,16.243,1.0,1.5,16.243
GTAIV.exe,1234,0x0,DXGI,0,0,0,Hardware: Legacy Flip,0,50.479356,0.5,16.801,1.0,1.5,16.801
GTAIV.exe,1234,0x0,DXGI,0,0,0,Hardware: Legacy Flip,0,50.499248,0.5,19.892,1.0,1.5,19.892
GTAIV.exe,1234,0x0,DXGI,0,0,0,Hardware: Legacy Flip,0,50.515680,0.5,16.432,1.0,1.5,16.432
GTAIV.exe,1234,0x0,DXGI,0,0,0,Hardware: Legacy Flip,0,50.533638,0.5,17.959,1.0,1.5,17.959
GTAIV.exe,1234,0x0,DXGI,0,0,0,Hardware: Legacy Flip,0,50.549685,0.5,16.046,1.0,1.5,16.046
GTAIV.exe,1234,0x0,DXGI,0,0,0,Hardware: Legacy Flip,0,50.566262,0.5,16.578,1.0,1.5,16.578
GTAIV.exe,1234,0x0,DXGI,0,0,0,Hardware: Legacy Flip,0,50.583061,0.5,16.799,1.0,1.5,16.799
GTAIV.exe,1234,0x0,DXGI,0,0,0,Hardware: Legacy Flip,0,50.600994,0.5,17.933,1.0,1.5,17.933
GTAIV.exe,1234,0x0,DXGI,0,0,0,Hardware: Legacy Flip,0,50.617022,0.5,16.028,1.0,1.5,16.028
GTAIV.exe,1234,0x0,DXGI,0,0,0,Hardware: Legacy Flip,0,50.635199,0.5,18.176,1.0,1.5,18.176
GTAIV.exe,1234,0x0,DXGI,0,0,0,Hardware: Legacy Flip,0,50.652190,0.5,16.992,1.0,1.5,16.992
GTAIV.exe,1234,0x0,DXGI,0,0,0,Hardware: Legacy Flip,0,50.669239,0.5,17.048,1.0,1.5,17.048
GTAIV.exe,1234,0x0,DXGI,0,0,0,Hardware: Legacy Flip,0,50.685579,0.5,16.340,1.0,1.5,16.340
GTAIV.exe,1234,0x0,DXGI,0,0,0,Hardware: Legacy Flip,0,50.702931,0.5,17.352,1.0,1.5,17.352
GTAIV.exe,1234,0x0,DXGI,0,0,0,Hardware: Legacy Flip,0,50.718649,0.5,15.718,1.0,1.5,15.718
GTAIV.exe,1234,0x0,DXGI,0,0,0,Hardware: Legacy Flip,0,50.736017,0.5,17.368,1.0,1.5,17.368
GTAIV.exe,1234,0x0,DXGI,0,0,0,Hardware: Legacy Flip,0,50.753498,0.5,17.481,1.0,1.5,17.481
GTAIV.exe,1234,0x0,DXGI,0,0,0,Hardware: Legacy Flip,0,50.770583,0.5,17.086,1.0,1.5,17.086
GTAIV.exe,1234,0x0,DXGI,0,0,0,Hardware: Legacy Flip,0,50.786173,0.5,15.590,1.0,1.5,15.590
GTAIV.exe,1234,0x0,DXGI,0,0,0,Hardware: Legacy Flip,0,50.801772,0.5,15.599,1.0,1.5,15.599
GTAIV.exe,1234,0x0,DXGI,0,0,0,Hardware: Legacy Flip,0,50.818800,0.5,17.027,1.0,1.5,17.027
GTAIV.exe,1234,0x0,DXGI,0,0,0,Hardware: Legacy Flip,0,50.836186,0.5,17.387,1.0,1.5,17.387
GTAIV.exe,1234,0x0,DXGI,0,0,0,Hardware: Legacy Flip,0,50.853073,0.5,16.887,1.0,1.5,16.887
GTAIV.exe,1234,0x0,DXGI,0,0,0,Hardware: Legacy Flip,0,50.868754,0.5,15.681,1.0,1.5,15.681
GTAIV.exe,1234,0x0,DXGI,0,0,0,Hardware: Legacy Flip,0,50.885428,0.5,16.673,1.0,1.5,16.673
GTAIV.exe,1234,0x0,DXGI,0,0,0,Hardware: Legacy Flip,0,50.901109,0.5,15.682,1.0,1.5,15.682
GTAIV.exe,1234,0x0,DXGI,0,0,0,Hardware: Legacy Flip,0,50.918348,0.5,17.239,1.0,1.5,17.239
GTAIV.exe,1234,0x0,DXGI,0,0,0,Hardware: Legacy Flip,0,50.936816,0.5,18.468,1.0,1.5,18.468
GTAIV.exe,1234,0x0,DXGI,0,0,0,Hardware: Legacy Flip,0,50.953434,0.5,16.618,1.0,1.5,16.618
GTAIV.exe,1234,0x0,DXGI,0,0,0,Hardware: Legacy Flip,0,50.970707,0.5,17.273,1.0,1.5,17.273
GTAIV.exe,1234,0x0,DXGI,0,0,0,Hardware: Legacy Flip,0,50.985947,0.5,15.240,1.0,1.5,15.240
GTAIV.exe,1234,0x0,DXGI,0,0,0,Hardware: Legacy Flip,0,51.002958,0.5,17.011,1.0,1.5,17.011
GTAIV.exe,1234,0x0,DXGI,0,0,0,Hardware: Legacy Flip,0,51.021720,0.5,18.763,1.0,1.5,18.763
GTAIV.exe,1234,0x0,DXGI,0,0,0,Hardware: Legacy Flip,0,51.039267,0.5,17.547,1.0,1.5,17.547
GTAIV.exe,1234,0x0,DXGI,0,0,0,Hardware: Legacy Flip,0,51.056422,0.5,17.154,1.0,1.5,17.154
GTAIV.exe,1234,0x0,DXGI,0,0,0,Hardware: Legacy Flip,0,51.074635,0.5,18.213,1.0,1.5,18.213
GTAIV.exe,1234,0x0,DXGI,0,0,0,Hardware: Legacy Flip,0,51.091648,0.5,17.014,1.0,1.5,17.014
GTAIV.exe,1234,0x0,DXGI,0,0,0,Hardware: Legacy Flip,0,51.109961,0.5,18.313,1.0,1.5,18.313
GTAIV.exe,1234,0x0,DXGI,0,0,0,Hardware: Legacy Flip,0,51.126606,0.5,16.646,1.0,1.5,16.646
GTAIV.exe,1234,0x0,DXGI,0,0,0,Hardware: Legacy Flip,0,51.144183,0.5,17.576,1.0,1.5,17.576
GTAIV.exe,1234,0x0,DXGI,0,0,0,Hardware: Legacy Flip,0,51.160581,0.5,16.398,1.0,1.5,16.398
GTAIV.exe,1234,0x0,DXGI,0,0,0,Hardware: Legacy Flip,0,51.176634,0.5,16.053,1.0,1.5,16.053
GTAIV.exe,1234,0x0,DXGI,0,0,0,Hardware: Legacy Flip,0,51.192794,0.5,16.161,1.0,1.5,16.161
GTAIV.exe,1234,0x0,DXGI,0,0,0,Hardware: Legacy Flip,0,51.212257,0.5,19.463,1.0,1.5,19.463
GTAIV.exe,1234,0x0,DXGI,0,0,0,Hardware: Legacy Flip,0,51.227990,0.5,15.732,1.0,1.5,15.732
GTAIV.exe,1234,0x0,DXGI,0,0,0,Hardware: Legacy Flip,0,51.244336,0.5,16.346,1.0,1.5,16.346
GTAIV.exe,1234,0x0,DXGI,0,0,0,Hardware: Legacy Flip,0,51.261310,0.5,16.973,1.0,1.5,16.973
GTAIV.exe,1234,0x0,DXGI,0,0,0,Hardware: Legacy Flip,0,51.277072,0.5,15.762,1.0,1.5,15.762
GTAIV.exe,1234,0x0,DXGI,0,0,0,Hardware: Legacy Flip,0,51.293896,0.5,16.825,1.0,1.5,16.825
GTAIV.exe,1234,0x0,DXGI,0,0,0,Hardware: Legacy Flip,0,51.309333,0.5,15.437,1.0,1.5,15.437
GTAIV.exe,1234,0x0,DXGI,0,0,0,Hardware: Legacy Flip,0,51.326441,0.5,17.108,1.0,1.5,17.108
GTAIV.exe,1234,0x0,DXGI,0,0,0,Hardware: Legacy Flip,0,51.343086,0.5,16.644,1.0,1.5,16.644
GTAIV.exe,1234,0x0,DXGI,0,0,0,Hardware: Legacy Flip,0,51.361449,0.5,18.364,1.0,1.5,18.364
GTAIV.exe,1234,0x0,DXGI,0,0,0,Hardware: Legacy Flip,0,51.377164,0.5,15.715,1.0,1.5,15.715
GTAIV.exe,1234,0x0,DXGI,0,0,0,Hardware: Legacy Flip,0,51.396029,0.5,18.865,1.0,1.5,18.865
GTAIV.exe,1234,0x0,DXGI,0,0,0,Hardware: Legacy Flip,0,51.411856,0.5,15.827,1.0,1.5,15.827
GTAIV.exe,1234,0x0,DXGI,0,0,0,Hardware: Legacy Flip,0,51.430380,0.5,18.523,1.0,1.5,18.523
GTAIV.exe,1234,0x0,DXGI,0,0,0,Hardware: Legacy Flip,0,51.447116,0.5,16.737,1.0,1.5,16.737
GTAIV.exe,1234,0x0,DXGI,0,0,0,Hardware: Legacy Flip,0,51.463004,0.5,15.887,1.0,1.5,15.887
GTAIV.exe,1234,0x0,DXGI,0,0,0,Hardware: Legacy Flip,0,51.479887,0.5,16.883,1.0,1.5,16.883
GTAIV.exe,1234,0x0,DXGI,0,0,0,Hardware: Legacy Flip,0,51.496301,0.5,16.414,1.0,1.5,16.414
GTAIV.exe,1234,0x0,DXGI,0,0,0,Hardware: Legacy Flip,0,51.513895,0.5,17.594,1.0,1.5,17.594
GTAIV.exe,1234,0x0,DXGI,0,0,0,Hardware: Legacy Flip,0,51.530653,0.5,16.759,1.0,1.5,16.759
GTAIV.exe,1234,0x0,DXGI,0,0,0,Hardware: Legacy Flip,0,51.546559,0.5,15.905,1.0,1.5,15.905
GTAIV.exe,1234,0x0,DXGI,0,0,0,Hardware: Legacy Flip,0,51.562174,0.5,15.616,1.0,1.5,15.616
GTAIV.exe,1234,0x0,DXGI,0,0,0,Hardware: Legacy Flip,0,51.579645,0.5,17.470,1.0,1.5,17.470
GTAIV.exe,1234,0x0,DXGI,0,0,0,Hardware: Legacy Flip,0,51.595458,0.5,15.813,1.0,1.5,15.813
GTAIV.exe,1234,0x0,DXGI,0,0,0,Hardware: Legacy Flip,0,51.611583,0.5,16.126,1.0,1.5,16.126
GTAIV.exe,1234,0x0,DXGI,0,0,0,Hardware: Legacy Flip,0,51.628339,0.5,16.755,1.0,1.5,16.755
GTAIV.exe,1234,0x0,DXGI,0,0,0,Hardware: Legacy Flip,0,51.644114,0.5,15.775,1.0,1.5,15.775
GTAIV.exe,1234,0x0,DXGI,0,0,0,Hardware: Legacy Flip,0,51.660103,0.5,15.989,1.0,1.5,15.989
GTAIV.exe,1234,0x0,DXGI,0,0,0,Hardware: Legacy Flip,0,51.677263,0.5,17.160,1.0,1.5,17.160
GTAIV.exe,1234,0x0,DXGI,0,0,0,Hardware: Legacy Flip,0,51.692741,0.5,15.478,1.0,1.5,15.478
GTAIV.exe,1234,0x0,DXGI,0,0,0,Hardware: Legacy Flip,0,51.709775,0.5,17.034,1.0,1.5,17.034
GTAIV.exe,1234,0x0,DXGI,0,0,0,Hardware: Legacy Flip,0,51.725395,0.5,15.620,1.0,1.5,15.620
GTAIV.exe,1234,0x0,DXGI,0,0,0,Hardware: Legacy Flip,0,51.742188,0.5,16.793,1.0,1.5,16.793
GTAIV.exe,1234,0x0,DXGI,0,0,0,Hardware: Legacy Flip,0,51.759784,0.5,17.596,1.0,1.5,17.596
GTAIV.exe,1234,0x0,DXGI,0,0,0,Hardware: Legacy Flip,0,51.776914,0.5,17.130,1.0,1.5,17.130
GTAIV.exe,1234,0x0,DXGI,0,0,0,Hardware: Legacy Flip,0,51.792452,0.5,15.538,1.0,1.5,15.538
GTAIV.exe,1234,0x0,DXGI,0,0,0,Hardware: Legacy Flip,0,51.807154,0.5,14.703,1.0,1.5,14.703
GTAIV.exe,1234,0x0,DXGI,0,0,0,Hardware: Legacy Flip,0,51.823063,0.5,15.909,1.0,1.5,15.909
GTAIV.exe,1234,0x0,DXGI,0,0,0,Hardware: Legacy Flip,0,51.840286,0.5,17.223,1.0,1.5,17.223
GTAIV.exe,1234,0x0,DXGI,0,0,0,Hardware: Legacy Flip,0,51.857311,0.5,17.025,1.0,1.5,17.025
GTAIV.exe,1234,0x0,DXGI,0,0,0,Hardware: Legacy Flip,0,51.874282,0.5,16.971,1.0,1.5,16.971
GTAIV.exe,1234,0x0,DXGI,0,0,0,Hardware: Legacy Flip,0,51.890957,0.5,16.674,1.0,1.5,16.674
GTAIV.exe,1234,0x0,DXGI,0,0,0,Hardware: Legacy Flip,0,51.906286,0.5,15.330,1.0,1.5,15.330
GTAIV.exe,1234,0x0,DXGI,0,0,0,Hardware: Legacy Flip,0,51.923950,0.5,17.663,1.0,1.5,17.663
GTAIV.exe,1234,0x0,DXGI,0,0,0,Hardware: Legacy Flip,0,51.940623,0.5,16.673,1.0,1.5,16.673
GTAIV.exe,1234,0x0,DXGI,0,0,0,Hardware: Legacy Flip,0,51.956404,0.5,15.782,1.0,1.5,15.782
GTAIV.exe,1234,0x0,DXGI,0,0,0,Hardware: Legacy Flip,0,51.972048,0.5,15.644,1.0,1.5,15.644
GTAIV.exe,1234,0x0,DXGI,0,0,0,Hardware: Legacy Flip,0,51.988046,0.5,15.998,1.0,1.5,15.998
GTAIV.exe,1234,0x0,DXGI,0,0,0,Hardware: Legacy Flip,0,52.002486,0.5,14.440,1.0,1.5,14.440
GTAIV.exe,1234,0x0,DXGI,0,0,0,Hardware: Legacy Flip,0,52.019196,0.5,16.710,1.0,1.5,16.710
GTAIV.exe,1234,0x0,DXGI,0,0,0,Hardware: Legacy Flip,0,52.035423,0.5,16.227,1.0,1.5,16.227
GTAIV.exe,1234,0x0,DXGI,0,0,0,Hardware: Legacy Flip,0,52.050719,0.5,15.296,1.0,1.5,15.296
GTAIV.exe,1234,0x0,DXGI,0,0,0,Hardware: Legacy Flip,0,52.067438,0.5,16.719,1.0,1.5,16.719
GTAIV.exe,1234,0x0,DXGI,0,0,0,Hardware: Legacy Flip,0,52.081849,0.5,14.411,1.0,1.5,14.411
GTAIV.exe,1234,0x0,DXGI,0,0,0,Hardware: Legacy Flip,0,52.098327,0.5,16.478,1.0,1.5,16.478
GTAIV.exe,1234,0x0,DXGI,0,0,0,Hardware: Legacy Flip,0,52.114754,0.5,16.427,1.0,1.5,16.427
GTAIV.exe,1234,0x0,DXGI,0,0,0,Hardware: Legacy Flip,0,52.131561,0.5,16.807,1.0,1.5,16.807
GTAIV.exe,1234,0x0,DXGI,0,0,0,Hardware: Legacy Flip,0,52.148300,0.5,16.739,1.0,1.5,16.739
GTAIV.exe,1234,0x0,DXGI,0,0,0,Hardware: Legacy Flip,0,52.163760,0.5,15.460,1.0,1.5,15.460
GTAIV.exe,1234,0x0,DXGI,0,0,0,Hardware: Legacy Flip,0,52.178979,0.5,15.219,1.0,1.5,15.219
GTAIV.exe,1234,0x0,DXGI,0,0,0,Hardware: Legacy Flip,0,52.193934,0.5,14.955,1.0,1.5,14.955
GTAIV.exe,1234,0x0,DXGI,0,0,0,Hardware: Legacy Flip,0,52.211051,0.5,17.117,1.0,1.5,17.117
GTAIV.exe,1234,0x0,DXGI,0,0,0,Hardware: Legacy Flip,0,52.227132,0.5,16.081,1.0,1.5,16.081
GTAIV.exe,1234,0x0,DXGI,0,0,0,Hardware: Legacy Flip,0,52.243097,0.5,15.964,1.0,1.5,15.964
GTAIV.exe,1234,0x0,DXGI,0,0,0,Hardware: Legacy Flip,0,52.259345,0.5,16.248,1.0,1.5,16.248
GTAIV.exe,1234,0x0,DXGI,0,0,0,Hardware: Legacy Flip,0,52.276707,0.5,17.362,1.0,1.5,17.362
GTAIV.exe,1234,0x0,DXGI,0,0,0,Hardware: Legacy Flip,0,52.293316,0.5,16.609,1.0,1.5,16.609
GTAIV.exe,1234,0x0,DXGI,0,0,0,Hardware: Legacy Flip,0,52.308585,0.5,15.269,1.0,1.5,15.269
GTAIV.exe,1234,0x0,DXGI,0,0,0,Hardware: Legacy Flip,0,52.324800,0.5,16.215,1.0,1.5,16.215
GTAIV.exe,1234,0x0,DXGI,0,0,0,Hardware: Legacy Flip,0,52.339457,0.5,14.657,1.0,1.5,14.657
GTAIV.exe,1234,0x0,DXGI,0,0,0,Hardware: Legacy Flip,0,52.355530,0.5,16.073,1.0,1.5,16.073
GTAIV.exe,1234,0x0,DXGI,0,0,0,Hardware: Legacy Flip,0,52.370826,0.5,15.296,1.0,1.5,15.296
GTAIV.exe,1234,0x0,DXGI,0,0,0,Hardware: Legacy Flip,0,52.387616,0.5,16.791,1.0,1.5,16.791
GTAIV.exe,1234,0x0,DXGI,0,0,0,Hardware: Legacy Flip,0,52.405452,0.5,17.836,1.0,1.5,17.836
GTAIV.exe,1234,0x0,DXGI,0,0,0,Hardware: Legacy Flip,0,52.421512,0.5,16.059,1.0,1.5,16.059
GTAIV.exe,1234,0x0,DXGI,0,0,0,Hardware: Legacy Flip,0,52.437531,0.5,16.020,1.0,1.5,16.020
GTAIV.exe,1234,0x0,DXGI,0,0,0,Hardware: Legacy Flip,0,52.453629,0.5,16.098,1.0,1.5,16.098
GTAIV.exe,1234,0x0,DXGI,0,0,0,Hardware: Legacy Flip,0,52.470457,0.5,16.828,1.0,1.5,16.828
GTAIV.exe,1234,0x0,DXGI,0,0,0,Hardware: Legacy Flip,0,52.635378,0.5,164.922,1.0,1.5,164.922
GTAIV.exe,1234,0x0,DXGI,0,0,0,Hardware: Legacy Flip,0,52.649800,0.5,14.422,1.0,1.5,14.422
GTAIV.exe,1234,0x0,DXGI,0,0,0,Hardware: Legacy Flip,0,52.666609,0.5,16.810,1.0,1.5,16.810
GTAIV.exe,1234,0x0,DXGI,0,0,0,Hardware: Legacy Flip,0,52.682286,0.5,15.676,1.0,1.5,15.676
GTAIV.exe,1234,0x0,DXGI,0,0,0,Hardware: Legacy Flip,0,52.698538,0.5,16.253,1.0,1.5,16.253
GTAIV.exe,1234,0x0,DXGI,0,0,0,Hardware: Legacy Flip,0,52.714584,0.5,16.046,1.0,1.5,16.046
GTAIV.exe,1234,0x0,DXGI,0,0,0,Hardware: Legacy Flip,0,52.730810,0.5,16.226,1.0,1.5,16.226
GTAIV.exe,1234,0x0,DXGI,0,0,0,Hardware: Legacy Flip,0,52.746699,0.5,15.889,1.0,1.5,15.889
GTAIV.exe,1234,0x0,DXGI,0,0,0,Hardware: Legacy Flip,0,52.763373,0.5,16.674,1.0,1.5,16.674
GTAIV.exe,1234,0x0,DXGI,0,0,0,Hardware: Legacy Flip,0,52.779180,0.5,15.807,1.0,1.5,15.807
GTAIV.exe,1234,0x0,DXGI,0,0,0,Hardware: Legacy Flip,0,52.795109,0.5,15.929,1.0,1.5,15.929
GTAIV.exe,1234,0x0,DXGI,0,0,0,Hardware: Legacy Flip,0,52.813634,0.5,18.525,1.0,1.5,18.525
GTAIV.exe,1234,0x0,DXGI,0,0,0,Hardware: Legacy Flip,0,52.832135,0.5,18.501,1.0,1.5,18.501
GTAIV.exe,1234,0x0,DXGI,0,0,0,Hardware: Legacy Flip,0,52.846755,0.5,14.620,1.0,1.5,14.620
GTAIV.exe,1234,0x0,DXGI,0,0,0,Hardware: Legacy Flip,0,52.860876,0.5,14.121,1.0,1.5,14.121
GTAIV.exe,1234,0x0,DXGI,0,0,0,Hardware: Legacy Flip,0,52.875468,0.5,14.592,1.0,1.5,14.592
GTAIV.exe,1234,0x0,DXGI,0,0,0,Hardware: Legacy Flip,0,52.892340,0.5,16.872,1.0,1.5,16.872
GTAIV.exe,1234,0x0,DXGI,0,0,0,Hardware: Legacy Flip,0,52.910780,0.5,18.440,1.0,1.5,18.440
GTAIV.exe,1234,0x0,DXGI,0,0,0,Hardware: Legacy Flip,0,52.926866,0.5,16.086,1.0,1.5,16.086
GTAIV.exe,1234,0x0,DXGI,0,0,0,Hardware: Legacy Flip,0,52.945679,0.5,18.813,1.0,1.5,18.813
GTAIV.exe,1234,0x0,DXGI,0,0,0,Hardware: Legacy Flip,0,52.962955,0.5,17.276,1.0,1.5,17.276
GTAIV.exe,1234,0x0,DXGI,0,0,0,Hardware: Legacy Flip,0,52.979805,0.5,16.850,1.0,1.5,16.850
GTAIV.exe,1234,0x0,DXGI,0,0,0,Hardware: Legacy Flip,0,52.996360,0.5,16.556,1.0,1.5,16.556
GTAIV.exe,1234,0x0,DXGI,0,0,0,Hardware: Legacy Flip,0,53.011430,0.5,15.069,1.0,1.5,15.069
GTAIV.exe,1234,0x0,DXGI,0,0,0,Hardware: Legacy Flip,0,53.026931,0.5,15.501,1.0,1.5,15.501
GTAIV.exe,1234,0x0,DXGI,0,0,0,Hardware: Legacy Flip,0,53.044427,0.5,17.497,1.0,1.5,17.497
GTAIV.exe,1234,0x0,DXGI,0,0,0,Hardware: Legacy Flip,0,53.062282,0.5,17.854,1.0,1.5,17.854
GTAIV.exe,1234,0x0,DXGI,0,0,0,Hardware: Legacy Flip,0,53.078573,0.5,16.292,1.0,1.5,16.292
GTAIV.exe,1234,0x0,DXGI,0,0,0,Hardware: Legacy Flip,0,53.093686,0.5,15.112,1.0,1.5,15.112
GTAIV.exe,1234,0x0,DXGI,0,0,0,Hardware: Legacy Flip,0,53.110515,0.5,16.829,1.0,1.5,16.829
GTAIV.exe,1234,0x0,DXGI,0,0,0,Hardware: Legacy Flip,0,53.127026,0.5,16.511,1.0,1.5,16.511
GTAIV.exe,1234,0x0,DXGI,0,0,0,Hardware: Legacy Flip,0,53.145017,0.5,17.991,1.0,1.5,17.991
GTAIV.exe,1234,0x0,DXGI,0,0,0,Hardware: Legacy Flip,0,53.162354,0.5,17.338,1.0,1.5,17.338
GTAIV.exe,1234,0x0,DXGI,0,0,0,Hardware: Legacy Flip,0,53.177457,0.5,15.103,1.0,1.5,15.103
GTAIV.exe,1234,0x0,DXGI,0,0,0,Hardware: Legacy Flip,0,53.191621,0.5,14.164,1.0,1.5,14.164
GTAIV.exe,1234,0x0,DXGI,0,0,0,Hardware: Legacy Flip,0,53.207995,0.5,16.374,1.0,1.5,16.374
GTAIV.exe,1234,0x0,DXGI,0,0,0,Hardware: Legacy Flip,0,53.223312,0.5,15.316,1.0,1.5,15.316
GTAIV.exe,1234,0x0,DXGI,0,0,0,Hardware: Legacy Flip,0,53.242536,0.5,19.224,1.0,1.5,19.224
GTAIV.exe,1234,0x0,DXGI,0,0,0,Hardware: Legacy Flip,0,53.259932,0.5,17.396,1.0,1.5,17.396
GTAIV.exe,1234,0x0,DXGI,0,0,0,Hardware: Legacy Flip,0,53.276000,0.5,16.068,1.0,1.5,16.068
GTAIV.exe,1234,0x0,DXGI,0,0,0,Hardware: Legacy Flip,0,53.291937,0.5,15.937,1.0,1.5,15.937
GTAIV.exe,1234,0x0,DXGI,0,0,0,Hardware: Legacy Flip,0,53.308592,0.5,16.655,1.0,1.5,16.655
GTAIV.exe,1234,0x0,DXGI,0,0,0,Hardware: Legacy Flip,0,53.324601,0.5,16.009,1.0,1.5,16.009
GTAIV.exe,1234,0x0,DXGI,0,0,0,Hardware: Legacy Flip,0,53.342309,0.5,17.708,1.0,1.5,17.708
GTAIV.exe,1234,0x0,DXGI,0,0,0,Hardware: Legacy Flip,0,53.359650,0.5,17.341,1.0,1.5,17.341
GTAIV.exe,1234,0x0,DXGI,0,0,0,Hardware: Legacy Flip,0,53.375957,0.5,16.308,1.0,1.5,16.308
GTAIV.exe,1234,0x0,DXGI,0,0,0,Hardware: Legacy Flip,0,53.392426,0.5,16.469,1.0,1.5,16.469
GTAIV.exe,1234,0x0,DXGI,0,0,0,Hardware: Legacy Flip,0,53.407677,0.5,15.251,1.0,1.5,15.251
GTAIV.exe,1234,0x0,DXGI,0,0,0,Hardware: Legacy Flip,0,53.425155,0.5,17.477,1.0,1.5,17.477
GTAIV.exe,1234,0x0,DXGI,0,0,0,Hardware: Legacy Flip,0,53.441949,0.5,16.794,1.0,1.5,16.794
GTAIV.exe,1234,0x0,DXGI,0,0,0,Hardware: Legacy Flip,0,53.457806,0.5,15.857,1.0,1.5,15.857
GTAIV.exe,1234,0x0,DXGI,0,0,0,Hardware: Legacy Flip,0,53.475428,0.5,17.623,1.0,1.5,17.623
GTAIV.exe,1234,0x0,DXGI,0,0,0,Hardware: Legacy Flip,0,53.492228,0.5,16.799,1.0,1.5,16.799
GTAIV.exe,1234,0x0,DXGI,0,0,0,Hardware: Legacy Flip,0,53.509318,0.5,17.090,1.0,1.5,17.090
GTAIV.exe,1234,0x0,DXGI,0,0,0,Hardware: Legacy Flip,0,53.526930,0.5,17.613,1.0,1.5,17.613
GTAIV.exe,1234,0x0,DXGI,0,0,0,Hardware: Legacy Flip,0,53.543516,0.5,16.585,1.0,1.5,16.585
GTAIV.exe,1234,0x0,DXGI,0,0,0,Hardware: Legacy Flip,0,53.560027,0.5,16.511,1.0,1.5,16.511
GTAIV.exe,1234,0x0,DXGI,0,0,0,Hardware: Legacy Flip,0,53.578515,0.5,18.488,1.0,1.5,18.488
GTAIV.exe,1234,0x0,DXGI,0,0,0,Hardware: Legacy Flip,0,53.595396,0.5,16.881,1.0,1.5,16.881
GTAIV.exe,1234,0x0,DXGI,0,0,0,Hardware: Legacy Flip,0,53.614196,0.5,18.800,1.0,1.5,18.800
GTAIV.exe,1234,0x0,DXGI,0,0,0,Hardware: Legacy Flip,0,53.631367,0.5,17.171,1.0,1.5,17.171
GTAIV.exe,1234,0x0,DXGI,0,0,0,Hardware: Legacy Flip,0,53.645242,0.5,13.875,1.0,1.5,13.875
GTAIV.exe,1234,0x0,DXGI,0,0,0,Hardware: Legacy Flip,0,53.662829,0.5,17.587,1.0,1.5,17.587
GTAIV.exe,1234,0x0,DXGI,0,0,0,Hardware: Legacy Flip,0,53.679588,0.5,16.759,1.0,1.5,16.759
GTAIV.exe,1234,0x0,DXGI,0,0,0,Hardware: Legacy Flip,0,53.695365,0.5,15.777,1.0,1.5,15.777
GTAIV.exe,1234,0x0,DXGI,0,0,0,Hardware: Legacy Flip,0,53.711279,0.5,15.914,1.0,1.5,15.914
GTAIV.exe,1234,0x0,DXGI,0,0,0,Hardware: Legacy Flip,0,53.728551,0.5,17.272,1.0,1.5,17.272
GTAIV.exe,1234,0x0,DXGI,0,0,0,Hardware: Legacy Flip,0,53.744638,0.5,16.087,1.0,1.5,16.087
GTAIV.exe,1234,0x0,DXGI,0,0,0,Hardware: Legacy Flip,0,53.763210,0.5,18.572,1.0,1.5,18.572
GTAIV.exe,1234,0x0,DXGI,0,0,0,Hardware: Legacy Flip,0,53.780674,0.5,17.464,1.0,1.5,17.464
GTAIV.exe,1234,0x0,DXGI,0,0,0,Hardware: Legacy Flip,0,53.798270,0.5,17.596,1.0,1.5,17.596
GTAIV.exe,1234,0x0,DXGI,0,0,0,Hardware: Legacy Flip,0,53.815402,0.5,17.132,1.0,1.5,17.132
GTAIV.exe,1234,0x0,DXGI,0,0,0,Hardware: Legacy Flip,0,53.834083,0.5,18.682,1.0,1.5,18.682
GTAIV.exe,1234,0x0,DXGI,0,0,0,Hardware: Legacy Flip,0,53.851337,0.5,17.254,1.0,1.5,17.254
GTAIV.exe,1234,0x0,DXGI,0,0,0,Hardware: Legacy Flip,0,53.868748,0.5,17.410,1.0,1.5,17.410
GTAIV.exe,1234,0x0,DXGI,0,0,0,Hardware: Legacy Flip,0,53.885452,0.5,16.705,1.0,1.5,16.705
GTAIV.exe,1234,0x0,DXGI,0,0,0,Hardware: Legacy Flip,0,53.902179,0.5,16.727,1.0,1.5,16.727
GTAIV.exe,1234,0x0,DXGI,0,0,0,Hardware: Legacy Flip,0,53.919905,0.5,17.726,1.0,1.5,17.726
GTAIV.exe,1234,0x0,DXGI,0,0,0,Hardware: Legacy Flip,0,53.937442,0.5,17.538,1.0,1.5,17.538
GTAIV.exe,1234,0x0,DXGI,0,0,0,Hardware: Legacy Flip,0,53.953843,0.5,16.400,1.0,1.5,16.400
GTAIV.exe,1234,0x0,DXGI,0,0,0,Hardware: Legacy Flip,0,53.970445,0.5,16.602,1.0,1.5,16.602
GTAIV.exe,1234,0x0,DXGI,0,0,0,Hardware: Legacy Flip,0,53.984779,0.5,14.335,1.0,1.5,14.335
GTAIV.exe,1234,0x0,DXGI,0,0,0,Hardware: Legacy Flip,0,54.002598,0.5,17.819,1.0,1.5,17.819
GTAIV.exe,1234,0x0,DXGI,0,0,0,Hardware: Legacy Flip,0,54.018626,0.5,16.028,1.0,1.5,16.028
GTAIV.exe,1234,0x0,DXGI,0,0,0,Hardware: Legacy Flip,0,54.036052,0.5,17.426,1.0,1.5,17.426
GTAIV.exe,1234,0x0,DXGI,0,0,0,Hardware: Legacy Flip,0,54.052926,0.5,16.875,1.0,1.5,16.875
GTAIV.exe,1234,0x0,DXGI,0,0,0,Hardware: Legacy Flip,0,54.068305,0.5,15.379,1.0,1.5,15.379
GTAIV.exe,1234,0x0,DXGI,0,0,0,Hardware: Legacy Flip,0,54.083952,0.5,15.647,1.0,1.5,15.647
GTAIV.exe,1234,0x0,DXGI,0,0,0,Hardware: Legacy Flip,0,54.098823,0.5,14.872,1.0,1.5,14.872
GTAIV.exe,1234,0x0,DXGI,0,0,0,Hardware: Legacy Flip,0,54.115848,0.5,17.025,1.0,1.5,17.025
GTAIV.exe,1234,0x0,DXGI,0,0,0,Hardware: Legacy Flip,0,54.132995,0.5,17.147,1.0,1.5,17.147
GTAIV.exe,1234,0x0,DXGI,0,0,0,Hardware: Legacy Flip,0,54.151741,0.5,18.745,1.0,1.5,18.745
GTAIV.exe,1234,0x0,DXGI,0,0,0,Hardware: Legacy Flip,0,54.168571,0.5,16.831,1.0,1.5,16.831
GTAIV.exe,1234,0x0,DXGI,0,0,0,Hardware: Legacy Flip,0,54.185178,0.5,16.606,1.0,1.5,16.606
GTAIV.exe,1234,0x0,DXGI,0,0,0,Hardware: Legacy Flip,0,54.199731,0.5,14.553,1.0,1.5,14.553
GTAIV.exe,1234,0x0,DXGI,0,0,0,Hardware: Legacy Flip,0,54.215073,0.5,15.342,1.0,1.5,15.342
GTAIV.exe,1234,0x0,DXGI,0,0,0,Hardware: Legacy Flip,0,54.232412,0.5,17.340,1.0,1.5,17.340
GTAIV.exe,1234,0x0,DXGI,0,0,0,Hardware: Legacy Flip,0,54.249908,0.5,17.495,1.0,1.5,17.495
GTAIV.exe,1234,0x0,DXGI,0,0,0,Hardware: Legacy Flip,0,54.266966,0.5,17.058,1.0,1.5,17.058
GTAIV.exe,1234,0x0,DXGI,0,0,0,Hardware: Legacy Flip,0,54.283079,0.5,16.113,1.0,1.5,16.113
GTAIV.exe,1234,0x0,DXGI,0,0,0,Hardware: Legacy Flip,0,54.300285,0.5,17.206,1.0,1.5,17.206
GTAIV.exe,1234,0x0,DXGI,0,0,0,Hardware: Legacy Flip,0,54.316664,0.5,16.380,1.0,1.5,16.380
GTAIV.exe,1234,0x0,DXGI,0,0,0,Hardware: Legacy Flip,0,54.332848,0.5,16.184,1.0,1.5,16.184
GTAIV.exe,1234,0x0,DXGI,0,0,0,Hardware: Legacy Flip,0,54.348503,0.5,15.655,1.0,1.5,15.655
GTAIV.exe,1234,0x0,DXGI,0,0,0,Hardware: Legacy Flip,0,54.365445,0.5,16.942,1.0,1.5,16.942
GTAIV.exe,1234,0x0,DXGI,0,0,0,Hardware: Legacy Flip,0,54.383932,0.5,18.487,1.0,1.5,18.487
GTAIV.exe,1234,0x0,DXGI,0,0,0,Hardware: Legacy Flip,0,54.400773,0.5,16.842,1.0,1.5,16.842
GTAIV.exe,1234,0x0,DXGI,0,0,0,Hardware: Legacy Flip,0,54.417393,0.5,16.620,1.0,1.5,16.620
GTAIV.exe,1234,0x0,DXGI,0,0,0,Hardware: Legacy Flip,0,54.434083,0.5,16.689,1.0,1.5,16.689
GTAIV.exe,1234,0x0,DXGI,0,0,0,Hardware: Legacy Flip,0,54.450653,0.5,16.570,1.0,1.5,16.570
GTAIV.exe,1234,0x0,DXGI,0,0,0,Hardware: Legacy Flip,0,54.465935,0.5,15.282,1.0,1.5,15.282
GTAIV.exe,1234,0x0,DXGI,0,0,0,Hardware: Legacy Flip,0,54.483072,0.5,17.137,1.0,1.5,17.137
GTAIV.exe,1234,0x0,DXGI,0,0,0,Hardware: Legacy Flip,0,54.500683,0.5,17.611,1.0,1.5,17.611
GTAIV.exe,1234,0x0,DXGI,0,0,0,Hardware: Legacy Flip,0,54.517911,0.5,17.228,1.0,1.5,17.228
GTAIV.exe,1234,0x0,DXGI,0,0,0,Hardware: Legacy Flip,0,54.534327,0.5,16.416,1.0,1.5,16.416
GTAIV.exe,1234,0x0,DXGI,0,0,0,Hardware: Legacy Flip,0,54.552647,0.5,18.320,1.0,1.5,18.320
GTAIV.exe,1234,0x0,DXGI,0,0,0,Hardware: Legacy Flip,0,54.568488,0.5,15.841,1.0,1.5,15.841
GTAIV.exe,1234,0x0,DXGI,0,0,0,Hardware: Legacy Flip,0,54.584821,0.5,16.333,1.0,1.5,16.333
GTAIV.exe,1234,0x0,DXGI,0,0,0,Hardware: Legacy Flip,0,54.601240,0.5,16.418,1.0,1.5,16.418
GTAIV.exe,1234,0x0,DXGI,0,0,0,Hardware: Legacy Flip,0,54.616025,0.5,14.786,1.0,1.5,14.786
GTAIV.exe,1234,0x0,DXGI,0,0,0,Hardware: Legacy Flip,0,54.635084,0.5,19.059,1.0,1.5,19.059
GTAIV.exe,1234,0x0,DXGI,0,0,0,Hardware: Legacy Flip,0,54.652785,0.5,17.701,1.0,1.5,17.701
GTAIV.exe,1234,0x0,DXGI,0,0,0,Hardware: Legacy Flip,0,54.669330,0.5,16.545,1.0,1.5,16.545
GTAIV.exe,1234,0x0,DXGI,0,0,0,Hardware: Legacy Flip,0,54.686074,0.5,16.744,1.0,1.5,16.744
GTAIV.exe,1234,0x0,DXGI,0,0,0,Hardware: Legacy Flip,0,54.702280,0.5,16.205,1.0,1.5,16.205
GTAIV.exe,1234,0x0,DXGI,0,0,0,Hardware: Legacy Flip,0,54.720937,0.5,18.657,1.0,1.5,18.657
GTAIV.exe,1234,0x0,DXGI,0,0,0,Hardware: Legacy Flip,0,54.736191,0.5,15.254,1.0,1.5,15.254
GTAIV.exe,1234,0x0,DXGI,0,0,0,Hardware: Legacy Flip,0,54.752926,0.5,16.735,1.0,1.5,16.735
GTAIV.exe,1234,0x0,DXGI,0,0,0,Hardware: Legacy Flip,0,54.770668,0.5,17.742,1.0,1.5,17.742
GTAIV.exe,1234,0x0,DXGI,0,0,0,Hardware: Legacy Flip,0,54.785608,0.5,14.940,1.0,1.5,14.940
GTAIV.exe,1234,0x0,DXGI,0,0,0,Hardware: Legacy Flip,0,54.803570,0.5,17.961,1.0,1.5,17.961
GTAIV.exe,1234,0x0,DXGI,0,0,0,Hardware: Legacy Flip,0,54.820058,0.5,16.488,1.0,1.5,16.488
GTAIV.exe,1234,0x0,DXGI,0,0,0,Hardware: Legacy Flip,0,54.837559,0.5,17.501,1.0,1.5,17.501
GTAIV.exe,1234,0x0,DXGI,0,0,0,Hardware: Legacy Flip,0,54.854211,0.5,16.652,1.0,1.5,16.652
GTAIV.exe,1234,0x0,DXGI,0,0,0,Hardware: Legacy Flip,0,54.873805,0.5,19.594,1.0,1.5,19.594
GTAIV.exe,1234,0x0,DXGI,0,0,0,Hardware: Legacy Flip,0,54.890438,0.5,16.633,1.0,1.5,16.633
GTAIV.exe,1234,0x0,DXGI,0,0,0,Hardware: Legacy Flip,0,54.906339,0.5,15.901,1.0,1.5,15.901
GTAIV.exe,1234,0x0,DXGI,0,0,0,Hardware: Legacy Flip,0,54.922477,0.5,16.137,1.0,1.5,16.137
GTAIV.exe,1234,0x0,DXGI,0,0,0,Hardware: Legacy Flip,0,54.938014,0.5,15.537,1.0,1.5,15.537
GTAIV.exe,1234,0x0,DXGI,0,0,0,Hardware: Legacy Flip,0,54.953383,0.5,15.369,1.0,1.5,15.369
GTAIV.exe,1234,0x0,DXGI,0,0,0,Hardware: Legacy Flip,0,54.969997,0.5,16.615,1.0,1.5,16.615
GTAIV.exe,1234,0x0,DXGI,0,0,0,Hardware: Legacy Flip,0,54.988361,0.5,18.364,1.0,1.5,18.364
GTAIV.exe,1234,0x0,DXGI,0,0,0,Hardware: Legacy Flip,0,55.003923,0.5,15.562,1.0,1.5,15.562
GTAIV.exe,1234,0x0,DXGI,0,0,0,Hardware: Legacy Flip,0,55.020315,0.5,16.391,1.0,1.5,16.391
GTAIV.exe,1234,0x0,DXGI,0,0,0,Hardware: Legacy Flip,0,55.037337,0.5,17.022,1.0,1.5,17.022
GTAIV.exe,1234,0x0,DXGI,0,0,0,Hardware: Legacy Flip,0,55.053232,0.5,15.895,1.0,1.5,15.895
GTAIV.exe,1234,0x0,DXGI,0,0,0,Hardware: Legacy Flip,0,55.069409,0.5,16.177,1.0,1.5,16.177
GTAIV.exe,1234,0x0,DXGI,0,0,0,Hardware: Legacy Flip,0,55.087182,0.5,17.773,1.0,1.5,17.773
GTAIV.exe,1234,0x0,DXGI,0,0,0,Hardware: Legacy Flip,0,55.103161,0.5,15.979,1.0,1.5,15.979
GTAIV.exe,1234,0x0,DXGI,0,0,0,Hardware: Legacy Flip,0,55.121179,0.5,18.018,1.0,1.5,18.018
GTAIV.exe,1234,0x0,DXGI,0,0,0,Hardware: Legacy Flip,0,55.137926,0.5,16.747,1.0,1.5,16.747
GTAIV.exe,1234,0x0,DXGI,0,0,0,Hardware: Legacy Flip,0,55.155061,0.5,17.134,1.0,1.5,17.134
GTAIV.exe,1234,0x0,DXGI,0,0,0,Hardware: Legacy Flip,0,55.173379,0.5,18.319,1.0,1.5,18.319
GTAIV.exe,1234,0x0,DXGI,0,0,0,Hardware: Legacy Flip,0,55.190292,0.5,16.913,1.0,1.5,16.913
GTAIV.exe,1234,0x0,DXGI,0,0,0,Hardware: Legacy Flip,0,55.206665,0.5,16.373,1.0,1.5,16.373
GTAIV.exe,1234,0x0,DXGI,0,0,0,Hardware: Legacy Flip,0,55.221918,0.5,15.252,1.0,1.5,15.252
GTAIV.exe,1234,0x0,DXGI,0,0,0,Hardware: Legacy Flip,0,55.240405,0.5,18.487,1.0,1.5,18.487
GTAIV.exe,1234,0x0,DXGI,0,0,0,Hardware: Legacy Flip,0,55.258232,0.5,17.827,1.0,1.5,17.827
GTAIV.exe,1234,0x0,DXGI,0,0,0,Hardware: Legacy Flip,0,55.272785,0.5,14.553,1.0,1.5,14.553
GTAIV.exe,1234,0x0,DXGI,0,0,0,Hardware: Legacy Flip,0,55.288368,0.5,15.583,1.0,1.5,15.583
GTAIV.exe,1234,0x0,DXGI,0,0,0,Hardware: Legacy Flip,0,55.304800,0.5,16.432,1.0,1.5,16.432
GTAIV.exe,1234,0x0,DXGI,0,0,0,Hardware: Legacy Flip,0,55.320591,0.5,15.791,1.0,1.5,15.791
GTAIV.exe,1234,0x0,DXGI,0,0,0,Hardware: Legacy Flip,0,55.338169,0.5,17.577,1.0,1.5,17.577
GTAIV.exe,1234,0x0,DXGI,0,0,0,Hardware: Legacy Flip,0,55.354645,0.5,16.476,1.0,1.5,16.476
GTAIV.exe,1234,0x0,DXGI,0,0,0,Hardware: Legacy Flip,0,55.369726,0.5,15.081,1.0,1.5,15.081
GTAIV.exe,1234,0x0,DXGI,0,0,0,Hardware: Legacy Flip,0,55.387619,0.5,17.893,1.0,1.5,17.893
GTAIV.exe,1234,0x0,DXGI,0,0,0,Hardware: Legacy Flip,0,55.401223,0.5,13.604,1.0,1.5,13.604
GTAIV.exe,1234,0x0,DXGI,0,0,0,Hardware: Legacy Flip,0,55.416240,0.5,15.018,1.0,1.5,15.018
GTAIV.exe,1234,0x0,DXGI,0,0,0,Hardware: Legacy Flip,0,55.432292,0.5,16.052,1.0,1.5,16.052
GTAIV.exe,1234,0x0,DXGI,0,0,0,Hardware: Legacy Flip,0,55.449619,0.5,17.326,1.0,1.5,17.326
GTAIV.exe,1234,0x0,DXGI,0,0,0,Hardware: Legacy Flip,0,55.466905,0.5,17.287,1.0,1.5,17.287
GTAIV.exe,1234,0x0,DXGI,0,0,0,Hardware: Legacy Flip,0,55.482823,0.5,15.917,1.0,1.5,15.917
GTAIV.exe,1234,0x0,DXGI,0,0,0,Hardware: Legacy Flip,0,55.499265,0.5,16.442,1.0,1.5,16.442
GTAIV.exe,1234,0x0,DXGI,0,0,0,Hardware: Legacy Flip,0,55.515688,0.5,16.423,1.0,1.5,16.423
GTAIV.exe,1234,0x0,DXGI,0,0,0,Hardware: Legacy Flip,0,55.531017,0.5,15.329,1.0,1.5,15.329
GTAIV.exe,1234,0x0,DXGI,0,0,0,Hardware: Legacy Flip,0,55.546158,0.5,15.141,1.0,1.5,15.141
GTAIV.exe,1234,0x0,DXGI,0,0,0,Hardware: Legacy Flip,0,55.562680,0.5,16.521,1.0,1.5,16.521
GTAIV.exe,1234,0x0,DXGI,0,0,0,Hardware: Legacy Flip,0,55.577919,0.5,15.239,1.0,1.5,15.239
GTAIV.exe,1234,0x0,DXGI,0,0,0,Hardware: Legacy Flip,0,55.594020,0.5,16.101,1.0,1.5,16.101
GTAIV.exe,1234,0x0,DXGI,0,0,0,Hardware: Legacy Flip,0,55.612153,0.5,18.133,1.0,1.5,18.133
GTAIV.exe,1234,0x0,DXGI,0,0,0,Hardware: Legacy Flip,0,55.629100,0.5,16.948,1.0,1.5,16.948
GTAIV.exe,1234,0x0,DXGI,0,0,0,Hardware: Legacy Flip,0,55.644185,0.5,15.085,1.0,1.5,15.085
GTAIV.exe,1234,0x0,DXGI,0,0,0,Hardware: Legacy Flip,0,55.661403,0.5,17.217,1.0,1.5,17.217
GTAIV.exe,1234,0x0,DXGI,0,0,0,Hardware: Legacy Flip,0,55.679071,0.5,17.669,1.0,1.5,17.669
GTAIV.exe,1234,0x0,DXGI,0,0,0,Hardware: Legacy Flip,0,55.694674,0.5,15.602,1.0,1.5,15.602
GTAIV.exe,1234,0x0,DXGI,0,0,0,Hardware: Legacy Flip,0,55.710851,0.5,16.177,1.0,1.5,16.177
GTAIV.exe,1234,0x0,DXGI,0,0,0,Hardware: Legacy Flip,0,55.727031,0.5,16.180,1.0,1.5,16.180
GTAIV.exe,1234,0x0,DXGI,0,0,0,Hardware: Legacy Flip,0,55.744733,0.5,17.703,1.0,1.5,17.703
GTAIV.exe,1234,0x0,DXGI,0,0,0,Hardware: Legacy Flip,0,55.761695,0.5,16.962,1.0,1.5,16.962
GTAIV.exe,1234,0x0,DXGI,0,0,0,Hardware: Legacy Flip,0,55.780027,0.5,18.332,1.0,1.5,18.332
GTAIV.exe,1234,0x0,DXGI,0,0,0,Hardware: Legacy Flip,0,55.795500,0.5,15.473,1.0,1.5,15.473
GTAIV.exe,1234,0x0,DXGI,0,0,0,Hardware: Legacy Flip,0,55.813377,0.5,17.877,1.0,1.5,17.877
GTAIV.exe,1234,0x0,DXGI,0,0,0,Hardware: Legacy Flip,0,55.829375,0.5,15.997,1.0,1.5,15.997
GTAIV.exe,1234,0x0,DXGI,0,0,0,Hardware: Legacy Flip,0,55.845402,0.5,16.028,1.0,1.5,16.028
GTAIV.exe,1234,0x0,DXGI,0,0,0,Hardware: Legacy Flip,0,55.863047,0.5,17.645,1.0,1.5,17.645
GTAIV.exe,1234,0x0,DXGI,0,0,0,Hardware: Legacy Flip,0,55.879417,0.5,16.370,1.0,1.5,16.370
GTAIV.exe,1234,0x0,DXGI,0,0,0,Hardware: Legacy Flip,0,55.896316,0.5,16.899,1.0,1.5,16.899
GTAIV.exe,1234,0x0,DXGI,0,0,0,Hardware: Legacy Flip,0,55.911664,0.5,15.347,1.0,1.5,15.347
GTAIV.exe,1234,0x0,DXGI,0,0,0,Hardware: Legacy Flip,0,55.928249,0.5,16.585,1.0,1.5,16.585
GTAIV.exe,1234,0x0,DXGI,0,0,0,Hardware: Legacy Flip,0,55.945789,0.5,17.540,1.0,1.5,17.540
GTAIV.exe,1234,0x0,DXGI,0,0,0,Hardware: Legacy Flip,0,55.962989,0.5,17.200,1.0,1.5,17.200
GTAIV.exe,1234,0x0,DXGI,0,0,0,Hardware: Legacy Flip,0,55.979038,0.5,16.049,1.0,1.5,16.049
GTAIV.exe,1234,0x0,DXGI,0,0,0,Hardware: Legacy Flip,0,55.995188,0.5,16.150,1.0,1.5,16.150
GTAIV.exe,1234,0x0,DXGI,0,0,0,Hardware: Legacy Flip,0,56.011939,0.5,16.751,1.0,1.5,16.751
GTAIV.exe,1234,0x0,DXGI,0,0,0,Hardware: Legacy Flip,0,56.028758,0.5,16.819,1.0,1.5,16.819
GTAIV.exe,1234,0x0,DXGI,0,0,0,Hardware: Legacy Flip,0,56.045863,0.5,17.106,1.0,1.5,17.106
GTAIV.exe,1234,0x0,DXGI,0,0,0,Hardware: Legacy Flip,0,56.062225,0.5,16.362,1.0,1.5,16.362
GTAIV.exe,1234,0x0,DXGI,0,0,0,Hardware: Legacy Flip,0,56.078883,0.5,16.658,1.0,1.5,16.658
GTAIV.exe,1234,0x0,DXGI,0,0,0,Hardware: Legacy Flip,0,56.097503,0.5,18.620,1.0,1.5,18.620
GTAIV.exe,1234,0x0,DXGI,0,0,0,Hardware: Legacy Flip,0,56.114918,0.5,17.415,1.0,1.5,17.415
GTAIV.exe,1234,0x0,DXGI,0,0,0,Hardware: Legacy Flip,0,56.131220,0.5,16.301,1.0,1.5,16.301
GTAIV.exe,1234,0x0,DXGI,0,0,0,Hardware: Legacy Flip,0,56.144222,0.5,13.002,1.0,1.5,13.002
GTAIV.exe,1234,0x0,DXGI,0,0,0,Hardware: Legacy Flip,0,56.159934,0.5,15.712,1.0,1.5,15.712
GTAIV.exe,1234,0x0,DXGI,0,0,0,Hardware: Legacy Flip,0,56.174857,0.5,14.923,1.0,1.5,14.923
GTAIV.exe,1234,0x0,DXGI,0,0,0,Hardware: Legacy Flip,0,56.189973,0.5,15.116,1.0,1.5,15.116
GTAIV.exe,1234,0x0,DXGI,0,0,0,Hardware: Legacy Flip,0,56.206443,0.5,16.469,1.0,1.5,16.469
GTAIV.exe,1234,0x0,DXGI,0,0,0,Hardware: Legacy Flip,0,56.223391,0.5,16.949,1.0,1.5,16.949
GTAIV.exe,1234,0x0,DXGI,0,0,0,Hardware: Legacy Flip,0,56.238468,0.5,15.077,1.0,1.5,15.077
GTAIV.exe,1234,0x0,DXGI,0,0,0,Hardware: Legacy Flip,0,56.253375,0.5,14.907,1.0,1.5,14.907
GTAIV.exe,1234,0x0,DXGI,0,0,0,Hardware: Legacy Flip,0,56.269437,0.5,16.062,1.0,1.5,16.062
GTAIV.exe,1234,0x0,DXGI,0,0,0,Hardware: Legacy Flip,0,56.285085,0.5,15.648,1.0,1.5,15.648
GTAIV.exe,1234,0x0,DXGI,0,0,0,Hardware: Legacy Flip,0,56.302335,0.5,17.249,1.0,1.5,17.249
GTAIV.exe,1234,0x0,DXGI,0,0,0,Hardware: Legacy Flip,0,56.318268,0.5,15.933,1.0,1.5,15.933
GTAIV.exe,1234,0x0,DXGI,0,0,0,Hardware: Legacy Flip,0,56.333541,0.5,15.274,1.0,1.5,15.274
GTAIV.exe,1234,0x0,DXGI,0,0,0,Hardware: Legacy Flip,0,56.350636,0.5,17.095,1.0,1.5,17.095
GTAIV.exe,1234,0x0,DXGI,0,0,0,Hardware: Legacy Flip,0,56.367811,0.5,17.175,1.0,1.5,17.175
GTAIV.exe,1234,0x0,DXGI,0,0,0,Hardware: Legacy Flip,0,56.384034,0.5,16.224,1.0,1.5,16.224
GTAIV.exe,1234,0x0,DXGI,0,0,0,Hardware: Legacy Flip,0,56.400964,0.5,16.930,1.0,1.5,16.930
GTAIV.exe,1234,0x0,DXGI,0,0,0,Hardware: Legacy Flip,0,56.416533,0.5,15.569,1.0,1.5,15.569
GTAIV.exe,1234,0x0,DXGI,0,0,0,Hardware: Legacy Flip,0,56.431800,0.5,15.267,1.0,1.5,15.267
GTAIV.exe,1234,0x0,DXGI,0,0,0,Hardware: Legacy Flip,0,56.448768,0.5,16.968,1.0,1.5,16.968
GTAIV.exe,1234,0x0,DXGI,0,0,0,Hardware: Legacy Flip,0,56.465028,0.5,16.261,1.0,1.5,16.261
GTAIV.exe,1234,0x0,DXGI,0,0,0,Hardware: Legacy Flip,0,56.481356,0.5,16.328,1.0,1.5,16.328
GTAIV.exe,1234,0x0,DXGI,0,0,0,Hardware: Legacy Flip,0,56.498813,0.5,17.457,1.0,1.5,17.457
GTAIV.exe,1234,0x0,DXGI,0,0,0,Hardware: Legacy Flip,0,56.515493,0.5,16.680,1.0,1.5,16.680
GTAIV.exe,1234,0x0,DXGI,0,0,0,Hardware: Legacy Flip,0,56.531041,0.5,15.548,1.0,1.5,15.548
GTAIV.exe,1234,0x0,DXGI,0,0,0,Hardware: Legacy Flip,0,56.548832,0.5,17.791,1.0,1.5,17.791
GTAIV.exe,1234,0x0,DXGI,0,0,0,Hardware: Legacy Flip,0,56.564191,0.5,15.359,1.0,1.5,15.359
GTAIV.exe,1234,0x0,DXGI,0,0,0,Hardware: Legacy Flip,0,56.580887,0.5,16.696,1.0,1.5,16.696
GTAIV.exe,1234,0x0,DXGI,0,0,0,Hardware: Legacy Flip,0,56.596961,0.5,16.074,1.0,1.5,16.074
GTAIV.exe,1234,0x0,DXGI,0,0,0,Hardware: Legacy Flip,0,56.613869,0.5,16.908,1.0,1.5,16.908
GTAIV.exe,1234,0x0,DXGI,0,0,0,Hardware: Legacy Flip,0,56.632315,0.5,18.446,1.0,1.5,18.446
GTAIV.exe,1234,0x0,DXGI,0,0,0,Hardware: Legacy Flip,0,56.648250,0.5,15.934,1.0,1.5,15.934
GTAIV.exe,1234,0x0,DXGI,0,0,0,Hardware: Legacy Flip,0,56.665386,0.5,17.137,1.0,1.5,17.137
GTAIV.exe,1234,0x0,DXGI,0,0,0,Hardware: Legacy Flip,0,56.684662,0.5,19.276,1.0,1.5,19.276
GTAIV.exe,1234,0x0,DXGI,0,0,0,Hardware: Legacy Flip,0,56.701283,0.5,16.620,1.0,1.5,16.620
GTAIV.exe,1234,0x0,DXGI,0,0,0,Hardware: Legacy Flip,0,56.719589,0.5,18.307,1.0,1.5,18.307
GTAIV.exe,1234,0x0,DXGI,0,0,0,Hardware: Legacy Flip,0,56.734007,0.5,14.417,1.0,1.5,14.417
GTAIV.exe,1234,0x0,DXGI,0,0,0,Hardware: Legacy Flip,0,56.751736,0.5,17.729,1.0,1.5,17.729
GTAIV.exe,1234,0x0,DXGI,0,0,0,Hardware: Legacy Flip,0,56.766925,0.5,15.189,1.0,1.5,15.189
GTAIV.exe,1234,0x0,DXGI,0,0,0,Hardware: Legacy Flip,0,56.783763,0.5,16.838,1.0,1.5,16.838
GTAIV.exe,1234,0x0,DXGI,0,0,0,Hardware: Legacy Flip,0,56.801706,0.5,17.942,1.0,1.5,17.942
GTAIV.exe,1234,0x0,DXGI,0,0,0,Hardware: Legacy Flip,0,56.817049,0.5,15.343,1.0,1.5,15.343
GTAIV.exe,1234,0x0,DXGI,0,0,0,Hardware: Legacy Flip,0,56.832919,0.5,15.870,1.0,1.5,15.870
GTAIV.exe,1234,0x0,DXGI,0,0,0,Hardware: Legacy Flip,0,56.848278,0.5,15.358,1.0,1.5,15.358
GTAIV.exe,1234,0x0,DXGI,0,0,0,Hardware: Legacy Flip,0,56.865322,0.5,17.044,1.0,1.5,17.044
GTAIV.exe,1234,0x0,DXGI,0,0,0,Hardware: Legacy Flip,0,56.883225,0.5,17.903,1.0,1.5,17.903
GTAIV.exe,1234,0x0,DXGI,0,0,0,Hardware: Legacy Flip,0,56.901644,0.5,18.419,1.0,1.5,18.419
GTAIV.exe,1234,0x0,DXGI,0,0,0,Hardware: Legacy Flip,0,56.916934,0.5,15.290,1.0,1.5,15.290
GTAIV.exe,1234,0x0,DXGI,0,0,0,Hardware: Legacy Flip,0,56.931303,0.5,14.369,1.0,1.5,14.369
GTAIV.exe,1234,0x0,DXGI,0,0,0,Hardware: Legacy Flip,0,56.948204,0.5,16.901,1.0,1.5,16.901
GTAIV.exe,1234,0x0,DXGI,0,0,0,Hardware: Legacy Flip,0,56.965332,0.5,17.129,1.0,1.5,17.129
GTAIV.exe,1234,0x0,DXGI,0,0,0,Hardware: Legacy Flip,0,56.983202,0.5,17.869,1.0,1.5,17.869
GTAIV.exe,1234,0x0,DXGI,0,0,0,Hardware: Legacy Flip,0,57.001731,0.5,18.529,1.0,1.5,18.529
GTAIV.exe,1234,0x0,DXGI,0,0,0,Hardware: Legacy Flip,0,57.019687,0.5,17.956,1.0,1.5,17.956
GTAIV.exe,1234,0x0,DXGI,0,0,0,Hardware: Legacy Flip,0,57.038255,0.5,18.568,1.0,1.5,18.568
GTAIV.exe,1234,0x0,DXGI,0,0,0,Hardware: Legacy Flip,0,57.054912,0.5,16.657,1.0,1.5,16.657
GTAIV.exe,1234,0x0,DXGI,0,0,0,Hardware: Legacy Flip,0,57.070974,0.5,16.062,1.0,1.5,16.062
GTAIV.exe,1234,0x0,DXGI,0,0,0,Hardware: Legacy Flip,0,57.087719,0.5,16.745,1.0,1.5,16.745
GTAIV.exe,1234,0x0,DXGI,0,0,0,Hardware: Legacy Flip,0,57.105031,0.5,17.312,1.0,1.5,17.312
GTAIV.exe,1234,0x0,DXGI,0,0,0,Hardware: Legacy Flip,0,57.122412,0.5,17.380,1.0,1.5,17.380
GTAIV.exe,1234,0x0,DXGI,0,0,0,Hardware: Legacy Flip,0,57.139716,0.5,17.304,1.0,1.5,17.304
GTAIV.exe,1234,0x0,DXGI,0,0,0,Hardware: Legacy Flip,0,57.154462,0.5,14.747,1.0,1.5,14.747
GTAIV.exe,1234,0x0,DXGI,0,0,0,Hardware: Legacy Flip,0,57.171585,0.5,17.123,1.0,1.5,17.123
GTAIV.exe,1234,0x0,DXGI,0,0,0,Hardware: Legacy Flip,0,57.188714,0.5,17.129,1.0,1.5,17.129
GTAIV.exe,1234,0x0,DXGI,0,0,0,Hardware: Legacy Flip,0,57.207316,0.5,18.603,1.0,1.5,18.603
GTAIV.exe,1234,0x0,DXGI,0,0,0,Hardware: Legacy Flip,0,57.222373,0.5,15.057,1.0,1.5,15.057
GTAIV.exe,1234,0x0,DXGI,0,0,0,Hardware: Legacy Flip,0,57.239223,0.5,16.850,1.0,1.5,16.850
GTAIV.exe,1234,0x0,DXGI,0,0,0,Hardware: Legacy Flip,0,57.254134,0.5,14.911,1.0,1.5,14.911
GTAIV.exe,1234,0x0,DXGI,0,0,0,Hardware: Legacy Flip,0,57.270448,0.5,16.314,1.0,1.5,16.314
GTAIV.exe,1234,0x0,DXGI,0,0,0,Hardware: Legacy Flip,0,57.286660,0.5,16.212,1.0,1.5,16.212
GTAIV.exe,1234,0x0,DXGI,0,0,0,Hardware: Legacy Flip,0,57.305070,0.5,18.411,1.0,1.5,18.411
GTAIV.exe,1234,0x0,DXGI,0,0,0,Hardware: Legacy Flip,0,57.322399,0.5,17.329,1.0,1.5,17.329
GTAIV.exe,1234,0x0,DXGI,0,0,0,Hardware: Legacy Flip,0,57.339740,0.5,17.341,1.0,1.5,17.341
GTAIV.exe,1234,0x0,DXGI,0,0,0,Hardware: Legacy Flip,0,57.356153,0.5,16.412,1.0,1.5,16.412
GTAIV.exe,1234,0x0,DXGI,0,0,0,Hardware: Legacy Flip,0,57.374303,0.5,18.150,1.0,1.5,18.150
GTAIV.exe,1234,0x0,DXGI,0,0,0,Hardware: Legacy Flip,0,57.392007,0.5,17.704,1.0,1.5,17.704
GTAIV.exe,1234,0x0,DXGI,0,0,0,Hardware: Legacy Flip,0,57.407366,0.5,15.359,1.0,1.5,15.359
GTAIV.exe,1234,0x0,DXGI,0,0,0,Hardware: Legacy Flip,0,57.429575,0.5,22.209,1.0,1.5,22.209
GTAIV.exe,1234,0x0,DXGI,0,0,0,Hardware: Legacy Flip,0,57.453890,0.5,24.315,1.0,1.5,24.315
GTAIV.exe,1234,0x0,DXGI,0,0,0,Hardware: Legacy Flip,0,57.476468,0.5,22.578,1.0,1.5,22.578
GTAIV.exe,1234,0x0,DXGI,0,0,0,Hardware: Legacy Flip,0,57.497519,0.5,21.051,1.0,1.5,21.051
GTAIV.exe,1234,0x0,DXGI,0,0,0,Hardware: Legacy Flip,0,57.518743,0.5,21.224,1.0,1.5,21.224
GTAIV.exe,1234,0x0,DXGI,0,0,0,Hardware: Legacy Flip,0,57.542840,0.5,24.097,1.0,1.5,24.097
GTAIV.exe,1234,0x0,DXGI,0,0,0,Hardware: Legacy Flip,0,57.563275,0.5,20.434,1.0,1.5,20.434
GTAIV.exe,1234,0x0,DXGI,0,0,0,Hardware: Legacy Flip,0,57.586670,0.5,23.396,1.0,1.5,23.396
GTAIV.exe,1234,0x0,DXGI,0,0,0,Hardware: Legacy Flip,0,57.609555,0.5,22.884,1.0,1.5,22.884
GTAIV.exe,1234,0x0,DXGI,0,0,0,Hardware: Legacy Flip,0,57.632530,0.5,22.975,1.0,1.5,22.975
GTAIV.exe,1234,0x0,DXGI,0,0,0,Hardware: Legacy Flip,0,57.653910,0.5,21.380,1.0,1.5,21.380
GTAIV.exe,1234,0x0,DXGI,0,0,0,Hardware: Legacy Flip,0,57.674864,0.5,20.954,1.0,1.5,20.954
GTAIV.exe,1234,0x0,DXGI,0,0,0,Hardware: Legacy Flip,0,57.696377,0.5,21.513,1.0,1.5,21.513
GTAIV.exe,1234,0x0,DXGI,0,0,0,Hardware: Legacy Flip,0,57.720024,0.5,23.647,1.0,1.5,23.647
GTAIV.exe,1234,0x0,DXGI,0,0,0,Hardware: Legacy Flip,0,57.741466,0.5,21.441,1.0,1.5,21.441
GTAIV.exe,1234,0x0,DXGI,0,0,0,Hardware: Legacy Flip,0,57.764082,0.5,22.617,1.0,1.5,22.617
GTAIV.exe,1234,0x0,DXGI,0,0,0,Hardware: Legacy Flip,0,57.785127,0.5,21.045,1.0,1.5,21.045
GTAIV.exe,1234,0x0,DXGI,0,0,0,Hardware: Legacy Flip,0,57.805428,0.5,20.301,1.0,1.5,20.301
GTAIV.exe,1234,0x0,DXGI,0,0,0,Hardware: Legacy Flip,0,57.828567,0.5,23.139,1.0,1.5,23.139
GTAIV.exe,1234,0x0,DXGI,0,0,0,Hardware: Legacy Flip,0,57.850447,0.5,21.880,1.0,1.5,21.880
GTAIV.exe,1234,0x0,DXGI,0,0,0,Hardware: Legacy Flip,0,57.872559,0.5,22.112,1.0,1.5,22.112
GTAIV.exe,1234,0x0,DXGI,0,0,0,Hardware: Legacy Flip,0,57.897325,0.5,24.766,1.0,1.5,24.766
GTAIV.exe,1234,0x0,DXGI,0,0,0,Hardware: Legacy Flip,0,57.917472,0.5,20.147,1.0,1.5,20.147
GTAIV.exe,1234,0x0,DXGI,0,0,0,Hardware: Legacy Flip,0,57.940064,0.5,22.592,1.0,1.5,22.592
GTAIV.exe,1234,0x0,DXGI,0,0,0,Hardware: Legacy Flip,0,57.959954,0.5,19.890,1.0,1.5,19.890
GTAIV.exe,1234,0x0,DXGI,0,0,0,Hardware: Legacy Flip,0,57.981530,0.5,21.577,1.0,1.5,21.577
GTAIV.exe,1234,0x0,DXGI,0,0,0,Hardware: Legacy Flip,0,58.002683,0.5,21.153,1.0,1.5,21.153
GTAIV.exe,1234,0x0,DXGI,0,0,0,Hardware: Legacy Flip,0,58.024225,0.5,21.542,1.0,1.5,21.542
GTAIV.exe,1234,0x0,DXGI,0,0,0,Hardware: Legacy Flip,0,58.045442,0.5,21.218,1.0,1.5,21.218
GTAIV.exe,1234,0x0,DXGI,0,0,0,Hardware: Legacy Flip,0,58.065173,0.5,19.730,1.0,1.5,19.730
GTAIV.exe,1234,0x0,DXGI,0,0,0,Hardware: Legacy Flip,0,58.090140,0.5,24.967,1.0,1.5,24.967
GTAIV.exe,1234,0x0,DXGI,0,0,0,Hardware: Legacy Flip,0,58.112079,0.5,21.939,1.0,1.5,21.939
GTAIV.exe,1234,0x0,DXGI,0,0,0,Hardware: Legacy Flip,0,58.132938,0.5,20.859,1.0,1.5,20.859
GTAIV.exe,1234,0x0,DXGI,0,0,0,Hardware: Legacy Flip,0,58.153985,0.5,21.047,1.0,1.5,21.047
GTAIV.exe,1234,0x0,DXGI,0,0,0,Hardware: Legacy Flip,0,58.173453,0.5,19.469,1.0,1.5,19.469
GTAIV.exe,1234,0x0,DXGI,0,0,0,Hardware: Legacy Flip,0,58.195546,0.5,22.093,1.0,1.5,22.093
GTAIV.exe,1234,0x0,DXGI,0,0,0,Hardware: Legacy Flip,0,58.217350,0.5,21.804,1.0,1.5,21.804
GTAIV.exe,1234,0x0,DXGI,0,0,0,Hardware: Legacy Flip,0,58.239510,0.5,22.160,1.0,1.5,22.160
GTAIV.exe,1234,0x0,DXGI,0,0,0,Hardware: Legacy Flip,0,58.260908,0.5,21.398,1.0,1.5,21.398
GTAIV.exe,1234,0x0,DXGI,0,0,0,Hardware: Legacy Flip,0,58.283017,0.5,22.109,1.0,1.5,22.109
GTAIV.exe,1234,0x0,DXGI,0,0,0,Hardware: Legacy Flip,0,58.304509,0.5,21.492,1.0,1.5,21.492
GTAIV.exe,1234,0x0,DXGI,0,0,0,Hardware: Legacy Flip,0,58.328124,0.5,23.615,1.0,1.5,23.615
GTAIV.exe,1234,0x0,DXGI,0,0,0,Hardware: Legacy Flip,0,58.351368,0.5,23.243,1.0,1.5,23.243
GTAIV.exe,1234,0x0,DXGI,0,0,0,Hardware: Legacy Flip,0,58.374255,0.5,22.887,1.0,1.5,22.887
GTAIV.exe,1234,0x0,DXGI,0,0,0,Hardware: Legacy Flip,0,58.396802,0.5,22.548,1.0,1.5,22.548
GTAIV.exe,1234,0x0,DXGI,0,0,0,Hardware: Legacy Flip,0,58.418983,0.5,22.181,1.0,1.5,22.181
GTAIV.exe,1234,0x0,DXGI,0,0,0,Hardware: Legacy Flip,0,58.441362,0.5,22.379,1.0,1.5,22.379
GTAIV.exe,1234,0x0,DXGI,0,0,0,Hardware: Legacy Flip,0,58.461286,0.5,19.924,1.0,1.5,19.924
GTAIV.exe,1234,0x0,DXGI,0,0,0,Hardware: Legacy Flip,0,58.481642,0.5,20.356,1.0,1.5,20.356
GTAIV.exe,1234,0x0,DXGI,0,0,0,Hardware: Legacy Flip,0,58.502536,0.5,20.895,1.0,1.5,20.895
GTAIV.exe,1234,0x0,DXGI,0,0,0,Hardware: Legacy Flip,0,58.526819,0.5,24.282,1.0,1.5,24.282
GTAIV.exe,1234,0x0,DXGI,0,0,0,Hardware: Legacy Flip,0,58.547850,0.5,21.032,1.0,1.5,21.032
GTAIV.exe,1234,0x0,DXGI,0,0,0,Hardware: Legacy Flip,0,58.569097,0.5,21.247,1.0,1.5,21.247
GTAIV.exe,1234,0x0,DXGI,0,0,0,Hardware: Legacy Flip,0,58.592898,0.5,23.800,1.0,1.5,23.800
GTAIV.exe,1234,0x0,DXGI,0,0,0,Hardware: Legacy Flip,0,58.614204,0.5,21.306,1.0,1.5,21.306
GTAIV.exe,1234,0x0,DXGI,0,0,0,Hardware: Legacy Flip,0,58.638444,0.5,24.239,1.0,1.5,24.239
GTAIV.exe,1234,0x0,DXGI,0,0,0,Hardware: Legacy Flip,0,58.658488,0.5,20.044,1.0,1.5,20.044
GTAIV.exe,1234,0x0,DXGI,0,0,0,Hardware: Legacy Flip,0,58.679313,0.5,20.825,1.0,1.5,20.825
GTAIV.exe,1234,0x0,DXGI,0,0,0,Hardware: Legacy Flip,0,58.698708,0.5,19.395,1.0,1.5,19.395
GTAIV.exe,1234,0x0,DXGI,0,0,0,Hardware: Legacy Flip,0,58.718700,0.5,19.991,1.0,1.5,19.991
GTAIV.exe,1234,0x0,DXGI,0,0,0,Hardware: Legacy Flip,0,58.741052,0.5,22.353,1.0,1.5,22.353
GTAIV.exe,1234,0x0,DXGI,0,0,0,Hardware: Legacy Flip,0,58.764124,0.5,23.072,1.0,1.5,23.072
GTAIV.exe,1234,0x0,DXGI,0,0,0,Hardware: Legacy Flip,0,58.785350,0.5,21.226,1.0,1.5,21.226
GTAIV.exe,1234,0x0,DXGI,0,0,0,Hardware: Legacy Flip,0,58.805731,0.5,20.381,1.0,1.5,20.381
GTAIV.exe,1234,0x0,DXGI,0,0,0,Hardware: Legacy Flip,0,58.825787,0.5,20.056,1.0,1.5,20.056
GTAIV.exe,1234,0x0,DXGI,0,0,0,Hardware: Legacy Flip,0,58.846787,0.5,21.000,1.0,1.5,21.000
GTAIV.exe,1234,0x0,DXGI,0,0,0,Hardware: Legacy Flip,0,58.869368,0.5,22.581,1.0,1.5,22.581
GTAIV.exe,1234,0x0,DXGI,0,0,0,Hardware: Legacy Flip,0,58.889662,0.5,20.294,1.0,1.5,20.294
GTAIV.exe,1234,0x0,DXGI,0,0,0,Hardware: Legacy Flip,0,58.908939,0.5,19.277,1.0,1.5,19.277
GTAIV.exe,1234,0x0,DXGI,0,0,0,Hardware: Legacy Flip,0,58.934137,0.5,25.198,1.0,1.5,25.198
GTAIV.exe,1234,0x0,DXGI,0,0,0,Hardware: Legacy Flip,0,58.958264,0.5,24.127,1.0,1.5,24.127
GTAIV.exe,1234,0x0,DXGI,0,0,0,Hardware: Legacy Flip,0,58.978580,0.5,20.316,1.0,1.5,20.316
GTAIV.exe,1234,0x0,DXGI,0,0,0,Hardware: Legacy Flip,0,58.998445,0.5,19.865,1.0,1.5,19.865
GTAIV.exe,1234,0x0,DXGI,0,0,0,Hardware: Legacy Flip,0,59.019027,0.5,20.581,1.0,1.5,20.581
GTAIV.exe,1234,0x0,DXGI,0,0,0,Hardware: Legacy Flip,0,59.040211,0.5,21.184,1.0,1.5,21.184
GTAIV.exe,1234,0x0,DXGI,0,0,0,Hardware: Legacy Flip,0,59.061225,0.5,21.015,1.0,1.5,21.015
GTAIV.exe,1234,0x0,DXGI,0,0,0,Hardware: Legacy Flip,0,59.081909,0.5,20.684,1.0,1.5,20.684
GTAIV.exe,1234,0x0,DXGI,0,0,0,Hardware: Legacy Flip,0,59.103156,0.5,21.246,1.0,1.5,21.246
GTAIV.exe,1234,0x0,DXGI,0,0,0,Hardware: Legacy Flip,0,59.125070,0.5,21.914,1.0,1.5,21.914
GTAIV.exe,1234,0x0,DXGI,0,0,0,Hardware: Legacy Flip,0,59.147400,0.5,22.330,1.0,1.5,22.330
GTAIV.exe,1234,0x0,DXGI,0,0,0,Hardware: Legacy Flip,0,59.170626,0.5,23.226,1.0,1.5,23.226
GTAIV.exe,1234,0x0,DXGI,0,0,0,Hardware: Legacy Flip,0,59.192881,0.5,22.255,1.0,1.5,22.255
GTAIV.exe,1234,0x0,DXGI,0,0,0,Hardware: Legacy Flip,0,59.213501,0.5,20.620,1.0,1.5,20.620
GTAIV.exe,1234,0x0,DXGI,0,0,0,Hardware: Legacy Flip,0,59.234253,0.5,20.752,1.0,1.5,20.752
GTAIV.exe,1234,0x0,DXGI,0,0,0,Hardware: Legacy Flip,0,59.254565,0.5,20.311,1.0,1.5,20.311
GTAIV.exe,1234,0x0,DXGI,0,0,0,Hardware: Legacy Flip,0,59.277128,0.5,22.564,1.0,1.5,22.564
GTAIV.exe,1234,0x0,DXGI,0,0,0,Hardware: Legacy Flip,0,59.299270,0.5,22.142,1.0,1.5,22.142
GTAIV.exe,1234,0x0,DXGI,0,0,0,Hardware: Legacy Flip,0,59.319391,0.5,20.120,1.0,1.5,20.120
GTAIV.exe,1234,0x0,DXGI,0,0,0,Hardware: Legacy Flip,0,59.342530,0.5,23.139,1.0,1.5,23.139
GTAIV.exe,1234,0x0,DXGI,0,0,0,Hardware: Legacy Flip,0,59.365867,0.5,23.337,1.0,1.5,23.337
GTAIV.exe,1234,0x0,DXGI,0,0,0,Hardware: Legacy Flip,0,59.387137,0.5,21.270,1.0,1.5,21.270
GTAIV.exe,1234,0x0,DXGI,0,0,0,Hardware: Legacy Flip,0,59.409652,0.5,22.515,1.0,1.5,22.515
GTAIV.exe,1234,0x0,DXGI,0,0,0,Hardware: Legacy Flip,0,59.432576,0.5,22.924,1.0,1.5,22.924
GTAIV.exe,1234,0x0,DXGI,0,0,0,Hardware: Legacy Flip,0,59.453397,0.5,20.822,1.0,1.5,20.822
GTAIV.exe,1234,0x0,DXGI,0,0,0,Hardware: Legacy Flip,0,59.473530,0.5,20.133,1.0,1.5,20.133
GTAIV.exe,1234,0x0,DXGI,0,0,0,Hardware: Legacy Flip,0,59.495322,0.5,21.791,1.0,1.5,21.791
GTAIV.exe,1234,0x0,DXGI,0,0,0,Hardware: Legacy Flip,0,59.518328,0.5,23.006,1.0,1.5,23.006
GTAIV.exe,1234,0x0,DXGI,0,0,0,Hardware: Legacy Flip,0,59.539897,0.5,21.569,1.0,1.5,21.569
GTAIV.exe,1234,0x0,DXGI,0,0,0,Hardware: Legacy Flip,0,59.560618,0.5,20.721,1.0,1.5,20.721
GTAIV.exe,1234,0x0,DXGI,0,0,0,Hardware: Legacy Flip,0,59.582219,0.5,21.601,1.0,1.5,21.601
GTAIV.exe,1234,0x0,DXGI,0,0,0,Hardware: Legacy Flip,0,59.606224,0.5,24.005,1.0,1.5,24.005
GTAIV.exe,1234,0x0,DXGI,0,0,0,Hardware: Legacy Flip,0,59.626302,0.5,20.079,1.0,1.5,20.079
GTAIV.exe,1234,0x0,DXGI,0,0,0,Hardware: Legacy Flip,0,59.650541,0.5,24.239,1.0,1.5,24.239
GTAIV.exe,1234,0x0,DXGI,0,0,0,Hardware: Legacy Flip,0,59.671864,0.5,21.322,1.0,1.5,21.322
GTAIV.exe,1234,0x0,DXGI,0,0,0,Hardware: Legacy Flip,0,59.693669,0.5,21.806,1.0,1.5,21.806
GTAIV.exe,1234,0x0,DXGI,0,0,0,Hardware: Legacy Flip,0,59.716296,0.5,22.627,1.0,1.5,22.627
GTAIV.exe,1234,0x0,DXGI,0,0,0,Hardware: Legacy Flip,0,59.737280,0.5,20.983,1.0,1.5,20.983
GTAIV.exe,1234,0x0,DXGI,0,0,0,Hardware: Legacy Flip,0,59.760013,0.5,22.734,1.0,1.5,22.734
GTAIV.exe,1234,0x0,DXGI,0,0,0,Hardware: Legacy Flip,0,59.780785,0.5,20.771,1.0,1.5,20.771
GTAIV.exe,1234,0x0,DXGI,0,0,0,Hardware: Legacy Flip,0,59.802951,0.5,22.167,1.0,1.5,22.167
GTAIV.exe,1234,0x0,DXGI,0,0,0,Hardware: Legacy Flip,0,59.826464,0.5,23.512,1.0,1.5,23.512
GTAIV.exe,1234,0x0,DXGI,0,0,0,Hardware: Legacy Flip,0,59.846356,0.5,19.892,1.0,1.5,19.892
GTAIV.exe,1234,0x0,DXGI,0,0,0,Hardware: Legacy Flip,0,59.867921,0.5,21.565,1.0,1.5,21.565
GTAIV.exe,1234,0x0,DXGI,0,0,0,Hardware: Legacy Flip,0,59.888291,0.5,20.369,1.0,1.5,20.369
GTAIV.exe,1234,0x0,DXGI,0,0,0,Hardware: Legacy Flip,0,59.908317,0.5,20.026,1.0,1.5,20.026
GTAIV.exe,1234,0x0,DXGI,0,0,0,Hardware: Legacy Flip,0,59.930220,0.5,21.903,1.0,1.5,21.903
GTAIV.exe,1234,0x0,DXGI,0,0,0,Hardware: Legacy Flip,0,59.951550,0.5,21.331,1.0,1.5,21.331
GTAIV.exe,1234,0x0,DXGI,0,0,0,Hardware: Legacy Flip,0,59.972169,0.5,20.618,1.0,1.5,20.618
GTAIV.exe,1234,0x0,DXGI,0,0,0,Hardware: Legacy Flip,0,59.992967,0.5,20.798,1.0,1.5,20.798
GTAIV.exe,1234,0x0,DXGI,0,0,0,Hardware: Legacy Flip,0,60.014986,0.5,22.019,1.0,1.5,22.019
GTAIV.exe,1234,0x0,DXGI,0,0,0,Hardware: Legacy Flip,0,60.037973,0.5,22.987,1.0,1.5,22.987
GTAIV.exe,1234,0x0,DXGI,0,0,0,Hardware: Legacy Flip,0,60.059899,0.5,21.926,1.0,1.5,21.926
GTAIV.exe,1234,0x0,DXGI,0,0,0,Hardware: Legacy Flip,0,60.080579,0.5,20.680,1.0,1.5,20.680
GTAIV.exe,1234,0x0,DXGI,0,0,0,Hardware: Legacy Flip,0,60.100661,0.5,20.082,1.0,1.5,20.082
GTAIV.exe,1234,0x0,DXGI,0,0,0,Hardware: Legacy Flip,0,60.122436,0.5,21.775,1.0,1.5,21.775
GTAIV.exe,1234,0x0,DXGI,0,0,0,Hardware: Legacy Flip,0,60.144715,0.5,22.279,1.0,1.5,22.279
GTAIV.exe,1234,0x0,DXGI,0,0,0,Hardware: Legacy Flip,0,60.166421,0.5,21.706,1.0,1.5,21.706
GTAIV.exe,1234,0x0,DXGI,0,0,0,Hardware: Legacy Flip,0,60.189030,0.5,22.609,1.0,1.5,22.609
GTAIV.exe,1234,0x0,DXGI,0,0,0,Hardware: Legacy Flip,0,60.210769,0.5,21.739,1.0,1.5,21.739
GTAIV.exe,1234,0x0,DXGI,0,0,0,Hardware: Legacy Flip,0,60.232449,0.5,21.680,1.0,1.5,21.680
GTAIV.exe,1234,0x0,DXGI,0,0,0,Hardware: Legacy Flip,0,60.254965,0.5,22.516,1.0,1.5,22.516
GTAIV.exe,1234,0x0,DXGI,0,0,0,Hardware: Legacy Flip,0,60.274457,0.5,19.492,1.0,1.5,19.492
GTAIV.exe,1234,0x0,DXGI,0,0,0,Hardware: Legacy Flip,0,60.295890,0.5,21.434,1.0,1.5,21.434
GTAIV.exe,1234,0x0,DXGI,0,0,0,Hardware: Legacy Flip,0,60.317180,0.5,21.290,1.0,1.5,21.290
GTAIV.exe,1234,0x0,DXGI,0,0,0,Hardware: Legacy Flip,0,60.336200,0.5,19.020,1.0,1.5,19.020
GTAIV.exe,1234,0x0,DXGI,0,0,0,Hardware: Legacy Flip,0,60.356575,0.5,20.375,1.0,1.5,20.375
GTAIV.exe,1234,0x0,DXGI,0,0,0,Hardware: Legacy Flip,0,60.375535,0.5,18.959,1.0,1.5,18.959
GTAIV.exe,1234,0x0,DXGI,0,0,0,Hardware: Legacy Flip,0,60.398030,0.5,22.495,1.0,1.5,22.495
GTAIV.exe,1234,0x0,DXGI,0,0,0,Hardware: Legacy Flip,0,60.420560,0.5,22.530,1.0,1.5,22.530
GTAIV.exe,1234,0x0,DXGI,0,0,0,Hardware: Legacy Flip,0,60.441967,0.5,21.406,1.0,1.5,21.406
GTAIV.exe,1234,0x0,DXGI,0,0,0,Hardware: Legacy Flip,0,60.464309,0.5,22.343,1.0,1.5,22.343
GTAIV.exe,1234,0x0,DXGI,0,0,0,Hardware: Legacy Flip,0,60.483997,0.5,19.687,1.0,1.5,19.687
GTAIV.exe,1234,0x0,DXGI,0,0,0,Hardware: Legacy Flip,0,60.505431,0.5,21.434,1.0,1.5,21.434
GTAIV.exe,1234,0x0,DXGI,0,0,0,Hardware: Legacy Flip,0,60.527802,0.5,22.371,1.0,1.5,22.371
GTAIV.exe,1234,0x0,DXGI,0,0,0,Hardware: Legacy Flip,0,60.550397,0.5,22.596,1.0,1.5,22.596
GTAIV.exe,1234,0x0,DXGI,0,0,0,Hardware: Legacy Flip,0,60.571274,0.5,20.877,1.0,1.5,20.877
GTAIV.exe,1234,0x0,DXGI,0,0,0,Hardware: Legacy Flip,0,60.595325,0.5,24.051,1.0,1.5,24.051
GTAIV.exe,1234,0x0,DXGI,0,0,0,Hardware: Legacy Flip,0,60.615675,0.5,20.350,1.0,1.5,20.350
GTAIV.exe,1234,0x0,DXGI,0,0,0,Hardware: Legacy Flip,0,60.636481,0.5,20.805,1.0,1.5,20.805
GTAIV.exe,1234,0x0,DXGI,0,0,0,Hardware: Legacy Flip,0,60.657114,0.5,20.633,1.0,1.5,20.633
GTAIV.exe,1234,0x0,DXGI,0,0,0,Hardware: Legacy Flip,0,60.680191,0.5,23.077,1.0,1.5,23.077
GTAIV.exe,1234,0x0,DXGI,0,0,0,Hardware: Legacy Flip,0,60.702084,0.5,21.894,1.0,1.5,21.894
GTAIV.exe,1234,0x0,DXGI,0,0,0,Hardware: Legacy Flip,0,60.721545,0.5,19.460,1.0,1.5,19.460
GTAIV.exe,1234,0x0,DXGI,0,0,0,Hardware: Legacy Flip,0,60.744208,0.5,22.663,1.0,1.5,22.663
GTAIV.exe,1234,0x0,DXGI,0,0,0,Hardware: Legacy Flip,0,60.764271,0.5,20.062,1.0,1.5,20.062
GTAIV.exe,1234,0x0,DXGI,0,0,0,Hardware: Legacy Flip,0,60.786455,0.5,22.185,1.0,1.5,22.185
GTAIV.exe,1234,0x0,DXGI,0,0,0,Hardware: Legacy Flip,0,60.808078,0.5,21.622,1.0,1.5,21.622
GTAIV.exe,1234,0x0,DXGI,0,0,0,Hardware: Legacy Flip,0,60.830837,0.5,22.759,1.0,1.5,22.759
GTAIV.exe,1234,0x0,DXGI,0,0,0,Hardware: Legacy Flip,0,60.851801,0.5,20.964,1.0,1.5,20.964
GTAIV.exe,1234,0x0,DXGI,0,0,0,Hardware: Legacy Flip,0,60.871770,0.5,19.968,1.0,1.5,19.968
GTAIV.exe,1234,0x0,DXGI,0,0,0,Hardware: Legacy Flip,0,60.893640,0.5,21.870,1.0,1.5,21.870
GTAIV.exe,1234,0x0,DXGI,0,0,0,Hardware: Legacy Flip,0,60.915302,0.5,21.663,1.0,1.5,21.663
GTAIV.exe,1234,0x0,DXGI,0,0,0,Hardware: Legacy Flip,0,60.935971,0.5,20.669,1.0,1.5,20.669
GTAIV.exe,1234,0x0,DXGI,0,0,0,Hardware: Legacy Flip,0,60.957473,0.5,21.502,1.0,1.5,21.502
GTAIV.exe,1234,0x0,DXGI,0,0,0,Hardware: Legacy Flip,0,60.978187,0.5,20.714,1.0,1.5,20.714
GTAIV.exe,1234,0x0,DXGI,0,0,0,Hardware: Legacy Flip,0,61.001120,0.5,22.933,1.0,1.5,22.933
GTAIV.exe,1234,0x0,DXGI,0,0,0,Hardware: Legacy Flip,0,61.024428,0.5,23.308,1.0,1.5,23.308
GTAIV.exe,1234,0x0,DXGI,0,0,0,Hardware: Legacy Flip,0,61.048832,0.5,24.404,1.0,1.5,24.404
GTAIV.exe,1234,0x0,DXGI,0,0,0,Hardware: Legacy Flip,0,61.070108,0.5,21.276,1.0,1.5,21.276
GTAIV.exe,1234,0x0,DXGI,0,0,0,Hardware: Legacy Flip,0,61.089519,0.5,19.411,1.0,1.5,19.411
GTAIV.exe,1234,0x0,DXGI,0,0,0,Hardware: Legacy Flip,0,61.112804,0.5,23.285,1.0,1.5,23.285
GTAIV.exe,1234,0x0,DXGI,0,0,0,Hardware: Legacy Flip,0,61.132888,0.5,20.085,1.0,1.5,20.085
GTAIV.exe,1234,0x0,DXGI,0,0,0,Hardware: Legacy Flip,0,61.156420,0.5,23.532,1.0,1.5,23.532
GTAIV.exe,1234,0x0,DXGI,0,0,0,Hardware: Legacy Flip,0,61.175769,0.5,19.349,1.0,1.5,19.349
GTAIV.exe,1234,0x0,DXGI,0,0,0,Hardware: Legacy Flip,0,61.199839,0.5,24.069,1.0,1.5,24.069
GTAIV.exe,1234,0x0,DXGI,0,0,0,Hardware: Legacy Flip,0,61.220127,0.5,20.288,1.0,1.5,20.288
GTAIV.exe,1234,0x0,DXGI,0,0,0,Hardware: Legacy Flip,0,61.242508,0.5,22.381,1.0,1.5,22.381
GTAIV.exe,1234,0x0,DXGI,0,0,0,Hardware: Legacy Flip,0,61.264672,0.5,22.165,1.0,1.5,22.165
GTAIV.exe,1234,0x0,DXGI,0,0,0,Hardware: Legacy Flip,0,61.284583,0.5,19.910,1.0,1.5,19.910
GTAIV.exe,1234,0x0,DXGI,0,0,0,Hardware: Legacy Flip,0,61.306569,0.5,21.986,1.0,1.5,21.986
GTAIV.exe,1234,0x0,DXGI,0,0,0,Hardware: Legacy Flip,0,61.323575,0.5,17.006,1.0,1.5,17.006
GTAIV.exe,1234,0x0,DXGI,0,0,0,Hardware: Legacy Flip,0,61.342528,0.5,18.953,1.0,1.5,18.953
GTAIV.exe,1234,0x0,DXGI,0,0,0,Hardware: Legacy Flip,0,61.358972,0.5,16.444,1.0,1.5,16.444
GTAIV.exe,1234,0x0,DXGI,0,0,0,Hardware: Legacy Flip,0,61.374470,0.5,15.498,1.0,1.5,15.498
GTAIV.exe,1234,0x0,DXGI,0,0,0,Hardware: Legacy Flip,0,61.391309,0.5,16.839,1.0,1.5,16.839
GTAIV.exe,1234,0x0,DXGI,0,0,0,Hardware: Legacy Flip,0,61.408222,0.5,16.912,1.0,1.5,16.912
GTAIV.exe,1234,0x0,DXGI,0,0,0,Hardware: Legacy Flip,0,61.426754,0.5,18.532,1.0,1.5,18.532
GTAIV.exe,1234,0x0,DXGI,0,0,0,Hardware: Legacy Flip,0,61.444503,0.5,17.750,1.0,1.5,17.750
GTAIV.exe,1234,0x0,DXGI,0,0,0,Hardware: Legacy Flip,0,61.461198,0.5,16.695,1.0,1.5,16.695
GTAIV.exe,1234,0x0,DXGI,0,0,0,Hardware: Legacy Flip,0,61.477611,0.5,16.413,1.0,1.5,16.413
GTAIV.exe,1234,0x0,DXGI,0,0,0,Hardware: Legacy Flip,0,61.494602,0.5,16.991,1.0,1.5,16.991
GTAIV.exe,1234,0x0,DXGI,0,0,0,Hardware: Legacy Flip,0,61.512047,0.5,17.445,1.0,1.5,17.445
GTAIV.exe,1234,0x0,DXGI,0,0,0,Hardware: Legacy Flip,0,61.529847,0.5,17.800,1.0,1.5,17.800
GTAIV.exe,1234,0x0,DXGI,0,0,0,Hardware: Legacy Flip,0,61.548683,0.5,18.836,1.0,1.5,18.836
GTAIV.exe,1234,0x0,DXGI,0,0,0,Hardware: Legacy Flip,0,61.566229,0.5,17.546,1.0,1.5,17.546
GTAIV.exe,1234,0x0,DXGI,0,0,0,Hardware: Legacy Flip,0,61.579396,0.5,13.168,1.0,1.5,13.168
GTAIV.exe,1234,0x0,DXGI,0,0,0,Hardware: Legacy Flip,0,61.596715,0.5,17.319,1.0,1.5,17.319
GTAIV.exe,1234,0x0,DXGI,0,0,0,Hardware: Legacy Flip,0,61.614090,0.5,17.375,1.0,1.5,17.375
GTAIV.exe,1234,0x0,DXGI,0,0,0,Hardware: Legacy Flip,0,61.631272,0.5,17.181,1.0,1.5,17.181
GTAIV.exe,1234,0x0,DXGI,0,0,0,Hardware: Legacy Flip,0,61.648816,0.5,17.545,1.0,1.5,17.545
GTAIV.exe,1234,0x0,DXGI,0,0,0,Hardware: Legacy Flip,0,61.665320,0.5,16.503,1.0,1.5,16.503
GTAIV.exe,1234,0x0,DXGI,0,0,0,Hardware: Legacy Flip,0,61.681406,0.5,16.086,1.0,1.5,16.086
GTAIV.exe,1234,0x0,DXGI,0,0,0,Hardware: Legacy Flip,0,61.697355,0.5,15.949,1.0,1.5,15.949
GTAIV.exe,1234,0x0,DXGI,0,0,0,Hardware: Legacy Flip,0,61.712467,0.5,15.112,1.0,1.5,15.112
GTAIV.exe,1234,0x0,DXGI,0,0,0,Hardware: Legacy Flip,0,61.730632,0.5,18.165,1.0,1.5,18.165
GTAIV.exe,1234,0x0,DXGI,0,0,0,Hardware: Legacy Flip,0,61.744807,0.5,14.175,1.0,1.5,14.175
GTAIV.exe,1234,0x0,DXGI,0,0,0,Hardware: Legacy Flip,0,61.762579,0.5,17.772,1.0,1.5,17.772
GTAIV.exe,1234,0x0,DXGI,0,0,0,Hardware: Legacy Flip,0,61.778108,0.5,15.529,1.0,1.5,15.529
GTAIV.exe,1234,0x0,DXGI,0,0,0,Hardware: Legacy Flip,0,61.792661,0.5,14.553,1.0,1.5,14.553
GTAIV.exe,1234,0x0,DXGI,0,0,0,Hardware: Legacy Flip,0,61.809761,0.5,17.100,1.0,1.5,17.100
GTAIV.exe,1234,0x0,DXGI,0,0,0,Hardware: Legacy Flip,0,61.827377,0.5,17.616,1.0,1.5,17.616
GTAIV.exe,1234,0x0,DXGI,0,0,0,Hardware: Legacy Flip,0,61.843836,0.5,16.459,1.0,1.5,16.459
GTAIV.exe,1234,0x0,DXGI,0,0,0,Hardware: Legacy Flip,0,61.861288,0.5,17.451,1.0,1.5,17.451
GTAIV.exe,1234,0x0,DXGI,0,0,0,Hardware: Legacy Flip,0,61.877309,0.5,16.022,1.0,1.5,16.022
GTAIV.exe,1234,0x0,DXGI,0,0,0,Hardware: Legacy Flip,0,61.895010,0.5,17.700,1.0,1.5,17.700
GTAIV.exe,1234,0x0,DXGI,0,0,0,Hardware: Legacy Flip,0,61.910390,0.5,15.380,1.0,1.5,15.380
GTAIV.exe,1234,0x0,DXGI,0,0,0,Hardware: Legacy Flip,0,61.926160,0.5,15.770,1.0,1.5,15.770
GTAIV.exe,1234,0x0,DXGI,0,0,0,Hardware: Legacy Flip,0,61.943308,0.5,17.148,1.0,1.5,17.148
GTAIV.exe,1234,0x0,DXGI,0,0,0,Hardware: Legacy Flip,0,61.961881,0.5,18.573,1.0,1.5,18.573
GTAIV.exe,1234,0x0,DXGI,0,0,0,Hardware: Legacy Flip,0,61.975692,0.5,13.811,1.0,1.5,13.811
GTAIV.exe,1234,0x0,DXGI,0,0,0,Hardware: Legacy Flip,0,61.991349,0.5,15.657,1.0,1.5,15.657
GTAIV.exe,1234,0x0,DXGI,0,0,0,Hardware: Legacy Flip,0,62.006689,0.5,15.341,1.0,1.5,15.341
GTAIV.exe,1234,0x0,DXGI,0,0,0,Hardware: Legacy Flip,0,62.023391,0.5,16.701,1.0,1.5,16.701
GTAIV.exe,1234,0x0,DXGI,0,0,0,Hardware: Legacy Flip,0,62.041287,0.5,17.897,1.0,1.5,17.897
GTAIV.exe,1234,0x0,DXGI,0,0,0,Hardware: Legacy Flip,0,62.060391,0.5,19.103,1.0,1.5,19.103
GTAIV.exe,1234,0x0,DXGI,0,0,0,Hardware: Legacy Flip,0,62.076380,0.5,15.989,1.0,1.5,15.989
GTAIV.exe,1234,0x0,DXGI,0,0,0,Hardware: Legacy Flip,0,62.092620,0.5,16.240,1.0,1.5,16.240
GTAIV.exe,1234,0x0,DXGI,0,0,0,Hardware: Legacy Flip,0,62.108602,0.5,15.982,1.0,1.5,15.982
GTAIV.exe,1234,0x0,DXGI,0,0,0,Hardware: Legacy Flip,0,62.123580,0.5,14.978,1.0,1.5,14.978
GTAIV.exe,1234,0x0,DXGI,0,0,0,Hardware: Legacy Flip,0,62.139226,0.5,15.646,1.0,1.5,15.646
GTAIV.exe,1234,0x0,DXGI,0,0,0,Hardware: Legacy Flip,0,62.155692,0.5,16.466,1.0,1.5,16.466
GTAIV.exe,1234,0x0,DXGI,0,0,0,Hardware: Legacy Flip,0,62.170107,0.5,14.415,1.0,1.5,14.415
GTAIV.exe,1234,0x0,DXGI,0,0,0,Hardware: Legacy Flip,0,62.186292,0.5,16.185,1.0,1.5,16.185
GTAIV.exe,1234,0x0,DXGI,0,0,0,Hardware: Legacy Flip,0,62.202712,0.5,16.420,1.0,1.5,16.420
GTAIV.exe,1234,0x0,DXGI,0,0,0,Hardware: Legacy Flip,0,62.218516,0.5,15.804,1.0,1.5,15.804
GTAIV.exe,1234,0x0,DXGI,0,0,0,Hardware: Legacy Flip,0,62.235401,0.5,16.885,1.0,1.5,16.885
GTAIV.exe,1234,0x0,DXGI,0,0,0,Hardware: Legacy Flip,0,62.253126,0.5,17.724,1.0,1.5,17.724
GTAIV.exe,1234,0x0,DXGI,0,0,0,Hardware: Legacy Flip,0,62.267668,0.5,14.542,1.0,1.5,14.542
GTAIV.exe,1234,0x0,DXGI,0,0,0,Hardware: Legacy Flip,0,62.284911,0.5,17.244,1.0,1.5,17.244
GTAIV.exe,1234,0x0,DXGI,0,0,0,Hardware: Legacy Flip,0,62.301353,0.5,16.442,1.0,1.5,16.442
GTAIV.exe,1234,0x0,DXGI,0,0,0,Hardware: Legacy Flip,0,62.317466,0.5,16.113,1.0,1.5,16.113
GTAIV.exe,1234,0x0,DXGI,0,0,0,Hardware: Legacy Flip,0,62.332897,0.5,15.431,1.0,1.5,15.431
GTAIV.exe,1234,0x0,DXGI,0,0,0,Hardware: Legacy Flip,0,62.348079,0.5,15.181,1.0,1.5,15.181
GTAIV.exe,1234,0x0,DXGI,0,0,0,Hardware: Legacy Flip,0,62.362165,0.5,14.087,1.0,1.5,14.087
GTAIV.exe,1234,0x0,DXGI,0,0,0,Hardware: Legacy Flip,0,62.379776,0.5,17.611,1.0,1.5,17.611
GTAIV.exe,1234,0x0,DXGI,0,0,0,Hardware: Legacy Flip,0,62.396660,0.5,16.884,1.0,1.5,16.884
GTAIV.exe,1234,0x0,DXGI,0,0,0,Hardware: Legacy Flip,0,62.413179,0.5,16.519,1.0,1.5,16.519
GTAIV.exe,1234,0x0,DXGI,0,0,0,Hardware: Legacy Flip,0,62.429043,0.5,15.864,1.0,1.5,15.864
GTAIV.exe,1234,0x0,DXGI,0,0,0,Hardware: Legacy Flip,0,62.443820,0.5,14.777,1.0,1.5,14.777
GTAIV.exe,1234,0x0,DXGI,0,0,0,Hardware: Legacy Flip,0,62.460635,0.5,16.815,1.0,1.5,16.815
GTAIV.exe,1234,0x0,DXGI,0,0,0,Hardware: Legacy Flip,0,62.477725,0.5,17.090,1.0,1.5,17.090
GTAIV.exe,1234,0x0,DXGI,0,0,0,Hardware: Legacy Flip,0,62.495048,0.5,17.323,1.0,1.5,17.323
GTAIV.exe,1234,0x0,DXGI,0,0,0,Hardware: Legacy Flip,0,62.510643,0.5,15.596,1.0,1.5,15.596
GTAIV.exe,1234,0x0,DXGI,0,0,0,Hardware: Legacy Flip,0,62.529277,0.5,18.633,1.0,1.5,18.633
GTAIV.exe,1234,0x0,DXGI,0,0,0,Hardware: Legacy Flip,0,62.546841,0.5,17.565,1.0,1.5,17.565
GTAIV.exe,1234,0x0,DXGI,0,0,0,Hardware: Legacy Flip,0,62.563636,0.5,16.795,1.0,1.5,16.795
GTAIV.exe,1234,0x0,DXGI,0,0,0,Hardware: Legacy Flip,0,62.581441,0.5,17.805,1.0,1.5,17.805
GTAIV.exe,1234,0x0,DXGI,0,0,0,Hardware: Legacy Flip,0,62.596357,0.5,14.916,1.0,1.5,14.916
GTAIV.exe,1234,0x0,DXGI,0,0,0,Hardware: Legacy Flip,0,62.614951,0.5,18.594,1.0,1.5,18.594
GTAIV.exe,1234,0x0,DXGI,0,0,0,Hardware: Legacy Flip,0,62.630561,0.5,15.611,1.0,1.5,15.611
GTAIV.exe,1234,0x0,DXGI,0,0,0,Hardware: Legacy Flip,0,62.646871,0.5,16.310,1.0,1.5,16.310
GTAIV.exe,1234,0x0,DXGI,0,0,0,Hardware: Legacy Flip,0,62.662856,0.5,15.985,1.0,1.5,15.985
GTAIV.exe,1234,0x0,DXGI,0,0,0,Hardware: Legacy Flip,0,62.680931,0.5,18.074,1.0,1.5,18.074
GTAIV.exe,1234,0x0,DXGI,0,0,0,Hardware: Legacy Flip,0,62.698588,0.5,17.657,1.0,1.5,17.657
GTAIV.exe,1234,0x0,DXGI,0,0,0,Hardware: Legacy Flip,0,62.713985,0.5,15.397,1.0,1.5,15.397
GTAIV.exe,1234,0x0,DXGI,0,0,0,Hardware: Legacy Flip,0,62.730626,0.5,16.641,1.0,1.5,16.641
GTAIV.exe,1234,0x0,DXGI,0,0,0,Hardware: Legacy Flip,0,62.748515,0.5,17.889,1.0,1.5,17.889
GTAIV.exe,1234,0x0,DXGI,0,0,0,Hardware: Legacy Flip,0,62.765270,0.5,16.755,1.0,1.5,16.755
GTAIV.exe,1234,0x0,DXGI,0,0,0,Hardware: Legacy Flip,0,62.779322,0.5,14.052,1.0,1.5,14.052
GTAIV.exe,1234,0x0,DXGI,0,0,0,Hardware: Legacy Flip,0,62.795604,0.5,16.282,1.0,1.5,16.282
GTAIV.exe,1234,0x0,DXGI,0,0,0,Hardware: Legacy Flip,0,62.813308,0.5,17.704,1.0,1.5,17.704
GTAIV.exe,1234,0x0,DXGI,0,0,0,Hardware: Legacy Flip,0,62.830524,0.5,17.217,1.0,1.5,17.217
GTAIV.exe,1234,0x0,DXGI,0,0,0,Hardware: Legacy Flip,0,62.845460,0.5,14.936,1.0,1.5,14.936
GTAIV.exe,1234,0x0,DXGI,0,0,0,Hardware: Legacy Flip,0,62.862397,0.5,16.937,1.0,1.5,16.937
GTAIV.exe,1234,0x0,DXGI,0,0,0,Hardware: Legacy Flip,0,62.878884,0.5,16.487,1.0,1.5,16.487
GTAIV.exe,1234,0x0,DXGI,0,0,0,Hardware: Legacy Flip,0,62.895578,0.5,16.694,1.0,1.5,16.694
GTAIV.exe,1234,0x0,DXGI,0,0,0,Hardware: Legacy Flip,0,62.911862,0.5,16.284,1.0,1.5,16.284
GTAIV.exe,1234,0x0,DXGI,0,0,0,Hardware: Legacy Flip,0,62.929261,0.5,17.399,1.0,1.5,17.399
GTAIV.exe,1234,0x0,DXGI,0,0,0,Hardware: Legacy Flip,0,62.945599,0.5,16.338,1.0,1.5,16.338
GTAIV.exe,1234,0x0,DXGI,0,0,0,Hardware: Legacy Flip,0,62.961892,0.5,16.292,1.0,1.5,16.292
GTAIV.exe,1234,0x0,DXGI,0,0,0,Hardware: Legacy Flip,0,62.976166,0.5,14.275,1.0,1.5,14.275
GTAIV.exe,1234,0x0,DXGI,0,0,0,Hardware: Legacy Flip,0,62.994537,0.5,18.371,1.0,1.5,18.371
GTAIV.exe,1234,0x0,DXGI,0,0,0,Hardware: Legacy Flip,0,63.010627,0.5,16.091,1.0,1.5,16.091
GTAIV.exe,1234,0x0,DXGI,0,0,0,Hardware: Legacy Flip,0,63.027423,0.5,16.795,1.0,1.5,16.795
GTAIV.exe,1234,0x0,DXGI,0,0,0,Hardware: Legacy Flip,0,63.042561,0.5,15.138,1.0,1.5,15.138
GTAIV.exe,1234,0x0,DXGI,0,0,0,Hardware: Legacy Flip,0,63.060359,0.5,17.799,1.0,1.5,17.799
GTAIV.exe,1234,0x0,DXGI,0,0,0,Hardware: Legacy Flip,0,63.076700,0.5,16.341,1.0,1.5,16.341
GTAIV.exe,1234,0x0,DXGI,0,0,0,Hardware: Legacy Flip,0,63.093137,0.5,16.437,1.0,1.5,16.437
GTAIV.exe,1234,0x0,DXGI,0,0,0,Hardware: Legacy Flip,0,63.109810,0.5,16.673,1.0,1.5,16.673
GTAIV.exe,1234,0x0,DXGI,0,0,0,Hardware: Legacy Flip,0,63.125954,0.5,16.144,1.0,1.5,16.144
GTAIV.exe,1234,0x0,DXGI,0,0,0,Hardware: Legacy Flip,0,63.141629,0.5,15.675,1.0,1.5,15.675
GTAIV.exe,1234,0x0,DXGI,0,0,0,Hardware: Legacy Flip,0,63.156588,0.5,14.959,1.0,1.5,14.959
GTAIV.exe,1234,0x0,DXGI,0,0,0,Hardware: Legacy Flip,0,63.171194,0.5,14.606,1.0,1.5,14.606
GTAIV.exe,1234,0x0,DXGI,0,0,0,Hardware: Legacy Flip,0,63.188274,0.5,17.080,1.0,1.5,17.080
GTAIV.exe,1234,0x0,DXGI,0,0,0,Hardware: Legacy Flip,0,63.204899,0.5,16.625,1.0,1.5,16.625
GTAIV.exe,1234,0x0,DXGI,0,0,0,Hardware: Legacy Flip,0,63.221622,0.5,16.723,1.0,1.5,16.723
GTAIV.exe,1234,0x0,DXGI,0,0,0,Hardware: Legacy Flip,0,63.238075,0.5,16.453,1.0,1.5,16.453
GTAIV.exe,1234,0x0,DXGI,0,0,0,Hardware: Legacy Flip,0,63.253921,0.5,15.845,1.0,1.5,15.845
GTAIV.exe,1234,0x0,DXGI,0,0,0,Hardware: Legacy Flip,0,63.269986,0.5,16.066,1.0,1.5,16.066
GTAIV.exe,1234,0x0,DXGI,0,0,0,Hardware: Legacy Flip,0,63.288493,0.5,18.507,1.0,1.5,18.507
GTAIV.exe,1234,0x0,DXGI,0,0,0,Hardware: Legacy Flip,0,63.306581,0.5,18.087,1.0,1.5,18.087
GTAIV.exe,1234,0x0,DXGI,0,0,0,Hardware: Legacy Flip,0,63.323344,0.5,16.763,1.0,1.5,16.763
GTAIV.exe,1234,0x0,DXGI,0,0,0,Hardware: Legacy Flip,0,63.339786,0.5,16.442,1.0,1.5,16.442
GTAIV.exe,1234,0x0,DXGI,0,0,0,Hardware: Legacy Flip,0,63.358005,0.5,18.219,1.0,1.5,18.219
GTAIV.exe,1234,0x0,DXGI,0,0,0,Hardware: Legacy Flip,0,63.375059,0.5,17.054,1.0,1.5,17.054
GTAIV.exe,1234,0x0,DXGI,0,0,0,Hardware: Legacy Flip,0,63.393903,0.5,18.844,1.0,1.5,18.844
GTAIV.exe,1234,0x0,DXGI,0,0,0,Hardware: Legacy Flip,0,63.410943,0.5,17.040,1.0,1.5,17.040
GTAIV.exe,1234,0x0,DXGI,0,0,0,Hardware: Legacy Flip,0,63.427573,0.5,16.630,1.0,1.5,16.630
GTAIV.exe,1234,0x0,DXGI,0,0,0,Hardware: Legacy Flip,0,63.444250,0.5,16.677,1.0,1.5,16.677
GTAIV.exe,1234,0x0,DXGI,0,0,0,Hardware: Legacy Flip,0,63.461120,0.5,16.870,1.0,1.5,16.870
GTAIV.exe,1234,0x0,DXGI,0,0,0,Hardware: Legacy Flip,0,63.478916,0.5,17.797,1.0,1.5,17.797
GTAIV.exe,1234,0x0,DXGI,0,0,0,Hardware: Legacy Flip,0,63.495428,0.5,16.512,1.0,1.5,16.512
GTAIV.exe,1234,0x0,DXGI,0,0,0,Hardware: Legacy Flip,0,63.511844,0.5,16.416,1.0,1.5,16.416
GTAIV.exe,1234,0x0,DXGI,0,0,0,Hardware: Legacy Flip,0,63.529110,0.5,17.266,1.0,1.5,17.266
GTAIV.exe,1234,0x0,DXGI,0,0,0,Hardware: Legacy Flip,0,63.545776,0.5,16.666,1.0,1.5,16.666
GTAIV.exe,1234,0x0,DXGI,0,0,0,Hardware: Legacy Flip,0,63.563349,0.5,17.574,1.0,1.5,17.574
GTAIV.exe,1234,0x0,DXGI,0,0,0,Hardware: Legacy Flip,0,63.580749,0.5,17.400,1.0,1.5,17.400
GTAIV.exe,1234,0x0,DXGI,0,0,0,Hardware: Legacy Flip,0,63.598038,0.5,17.289,1.0,1.5,17.289
GTAIV.exe,1234,0x0,DXGI,0,0,0,Hardware: Legacy Flip,0,63.613936,0.5,15.898,1.0,1.5,15.898
GTAIV.exe,1234,0x0,DXGI,0,0,0,Hardware: Legacy Flip,0,63.630605,0.5,16.669,1.0,1.5,16.669
GTAIV.exe,1234,0x0,DXGI,0,0,0,Hardware: Legacy Flip,0,63.646273,0.5,15.668,1.0,1.5,15.668
GTAIV.exe,1234,0x0,DXGI,0,0,0,Hardware: Legacy Flip,0,63.662537,0.5,16.264,1.0,1.5,16.264
GTAIV.exe,1234,0x0,DXGI,0,0,0,Hardware: Legacy Flip,0,63.680120,0.5,17.583,1.0,1.5,17.583
GTAIV.exe,1234,0x0,DXGI,0,0,0,Hardware: Legacy Flip,0,63.698326,0.5,18.207,1.0,1.5,18.207
GTAIV.exe,1234,0x0,DXGI,0,0,0,Hardware: Legacy Flip,0,63.715849,0.5,17.523,1.0,1.5,17.523
GTAIV.exe,1234,0x0,DXGI,0,0,0,Hardware: Legacy Flip,0,63.733595,0.5,17.746,1.0,1.5,17.746
GTAIV.exe,1234,0x0,DXGI,0,0,0,Hardware: Legacy Flip,0,63.749990,0.5,16.395,1.0,1.5,16.395
GTAIV.exe,1234,0x0,DXGI,0,0,0,Hardware: Legacy Flip,0,63.767552,0.5,17.562,1.0,1.5,17.562
GTAIV.exe,1234,0x0,DXGI,0,0,0,Hardware: Legacy Flip,0,63.785054,0.5,17.502,1.0,1.5,17.502
GTAIV.exe,1234,0x0,DXGI,0,0,0,Hardware: Legacy Flip,0,63.800153,0.5,15.099,1.0,1.5,15.099
GTAIV.exe,1234,0x0,DXGI,0,0,0,Hardware: Legacy Flip,0,63.817209,0.5,17.056,1.0,1.5,17.056
GTAIV.exe,1234,0x0,DXGI,0,0,0,Hardware: Legacy Flip,0,63.834302,0.5,17.093,1.0,1.5,17.093
GTAIV.exe,1234,0x0,DXGI,0,0,0,Hardware: Legacy Flip,0,63.851452,0.5,17.151,1.0,1.5,17.151
GTAIV.exe,1234,0x0,DXGI,0,0,0,Hardware: Legacy Flip,0,63.867873,0.5,16.421,1.0,1.5,16.421
GTAIV.exe,1234,0x0,DXGI,0,0,0,Hardware: Legacy Flip,0,63.885461,0.5,17.588,1.0,1.5,17.588
GTAIV.exe,1234,0x0,DXGI,0,0,0,Hardware: Legacy Flip,0,63.902738,0.5,17.277,1.0,1.5,17.277
GTAIV.exe,1234,0x0,DXGI,0,0,0,Hardware: Legacy Flip,0,63.919439,0.5,16.701,1.0,1.5,16.701
GTAIV.exe,1234,0x0,DXGI,0,0,0,Hardware: Legacy Flip,0,63.937888,0.5,18.449,1.0,1.5,18.449
GTAIV.exe,1234,0x0,DXGI,0,0,0,Hardware: Legacy Flip,0,63.953833,0.5,15.944,1.0,1.5,15.944
GTAIV.exe,1234,0x0,DXGI,0,0,0,Hardware: Legacy Flip,0,63.970182,0.5,16.349,1.0,1.5,16.349
GTAIV.exe,1234,0x0,DXGI,0,0,0,Hardware: Legacy Flip,0,63.986469,0.5,16.287,1.0,1.5,16.287
GTAIV.exe,1234,0x0,DXGI,0,0,0,Hardware: Legacy Flip,0,64.002762,0.5,16.293,1.0,1.5,16.293
GTAIV.exe,1234,0x0,DXGI,0,0,0,Hardware: Legacy Flip,0,64.019386,0.5,16.624,1.0,1.5,16.624
GTAIV.exe,1234,0x0,DXGI,0,0,0,Hardware: Legacy Flip,0,64.037976,0.5,18.590,1.0,1.5,18.590
GTAIV.exe,1234,0x0,DXGI,0,0,0,Hardware: Legacy Flip,0,64.053419,0.5,15.444,1.0,1.5,15.444
GTAIV.exe,1234,0x0,DXGI,0,0,0,Hardware: Legacy Flip,0,64.070760,0.5,17.341,1.0,1.5,17.341
GTAIV.exe,1234,0x0,DXGI,0,0,0,Hardware: Legacy Flip,0,64.086453,0.5,15.693,1.0,1.5,15.693
GTAIV.exe,1234,0x0,DXGI,0,0,0,Hardware: Legacy Flip,0,64.104193,0.5,17.740,1.0,1.5,17.740
GTAIV.exe,1234,0x0,DXGI,0,0,0,Hardware: Legacy Flip,0,64.120593,0.5,16.400,1.0,1.5,16.400
GTAIV.exe,1234,0x0,DXGI,0,0,0,Hardware: Legacy Flip,0,64.137474,0.5,16.881,1.0,1.5,16.881
GTAIV.exe,1234,0x0,DXGI,0,0,0,Hardware: Legacy Flip,0,64.153742,0.5,16.268,1.0,1.5,16.268
GTAIV.exe,1234,0x0,DXGI,0,0,0,Hardware: Legacy Flip,0,64.169307,0.5,15.565,1.0,1.5,15.565
GTAIV.exe,1234,0x0,DXGI,0,0,0,Hardware: Legacy Flip,0,64.183820,0.5,14.513,1.0,1.5,14.513
GTAIV.exe,1234,0x0,DXGI,0,0,0,Hardware: Legacy Flip,0,64.201728,0.5,17.908,1.0,1.5,17.908
GTAIV.exe,1234,0x0,DXGI,0,0,0,Hardware: Legacy Flip,0,64.217842,0.5,16.114,1.0,1.5,16.114
GTAIV.exe,1234,0x0,DXGI,0,0,0,Hardware: Legacy Flip,0,64.234424,0.5,16.582,1.0,1.5,16.582
GTAIV.exe,1234,0x0,DXGI,0,0,0,Hardware: Legacy Flip,0,64.249445,0.5,15.021,1.0,1.5,15.021
GTAIV.exe,1234,0x0,DXGI,0,0,0,Hardware: Legacy Flip,0,64.267135,0.5,17.690,1.0,1.5,17.690
GTAIV.exe,1234,0x0,DXGI,0,0,0,Hardware: Legacy Flip,0,64.286026,0.5,18.891,1.0,1.5,18.891
GTAIV.exe,1234,0x0,DXGI,0,0,0,Hardware: Legacy Flip,0,64.301421,0.5,15.395,1.0,1.5,15.395
GTAIV.exe,1234,0x0,DXGI,0,0,0,Hardware: Legacy Flip,0,64.318815,0.5,17.393,1.0,1.5,17.393
GTAIV.exe,1234,0x0,DXGI,0,0,0,Hardware: Legacy Flip,0,64.334335,0.5,15.521,1.0,1.5,15.521
GTAIV.exe,1234,0x0,DXGI,0,0,0,Hardware: Legacy Flip,0,64.351476,0.5,17.141,1.0,1.5,17.141
GTAIV.exe,1234,0x0,DXGI,0,0,0,Hardware: Legacy Flip,0,64.370730,0.5,19.254,1.0,1.5,19.254
GTAIV.exe,1234,0x0,DXGI,0,0,0,Hardware: Legacy Flip,0,64.388089,0.5,17.359,1.0,1.5,17.359
GTAIV.exe,1234,0x0,DXGI,0,0,0,Hardware: Legacy Flip,0,64.404895,0.5,16.806,1.0,1.5,16.806
GTAIV.exe,1234,0x0,DXGI,0,0,0,Hardware: Legacy Flip,0,64.419805,0.5,14.910,1.0,1.5,14.910
GTAIV.exe,1234,0x0,DXGI,0,0,0,Hardware: Legacy Flip,0,64.434552,0.5,14.747,1.0,1.5,14.747
GTAIV.exe,1234,0x0,DXGI,0,0,0,Hardware: Legacy Flip,0,64.450234,0.5,15.683,1.0,1.5,15.683
GTAIV.exe,1234,0x0,DXGI,0,0,0,Hardware: Legacy Flip,0,64.466786,0.5,16.551,1.0,1.5,16.551
GTAIV.exe,1234,0x0,DXGI,0,0,0,Hardware: Legacy Flip,0,64.483526,0.5,16.740,1.0,1.5,16.740
GTAIV.exe,1234,0x0,DXGI,0,0,0,Hardware: Legacy Flip,0,64.499307,0.5,15.781,1.0,1.5,15.781
GTAIV.exe,1234,0x0,DXGI,0,0,0,Hardware: Legacy Flip,0,64.516374,0.5,17.067,1.0,1.5,17.067
GTAIV.exe,1234,0x0,DXGI,0,0,0,Hardware: Legacy Flip,0,64.531735,0.5,15.360,1.0,1.5,15.360
GTAIV.exe,1234,0x0,DXGI,0,0,0,Hardware: Legacy Flip,0,64.548686,0.5,16.951,1.0,1.5,16.951
GTAIV.exe,1234,0x0,DXGI,0,0,0,Hardware: Legacy Flip,0,64.564428,0.5,15.742,1.0,1.5,15.742
GTAIV.exe,1234,0x0,DXGI,0,0,0,Hardware: Legacy Flip,0,64.580652,0.5,16.224,1.0,1.5,16.224
GTAIV.exe,1234,0x0,DXGI,0,0,0,Hardware: Legacy Flip,0,64.598996,0.5,18.344,1.0,1.5,18.344
GTAIV.exe,1234,0x0,DXGI,0,0,0,Hardware: Legacy Flip,0,64.615410,0.5,16.415,1.0,1.5,16.415
GTAIV.exe,1234,0x0,DXGI,0,0,0,Hardware: Legacy Flip,0,64.632269,0.5,16.859,1.0,1.5,16.859
GTAIV.exe,1234,0x0,DXGI,0,0,0,Hardware: Legacy Flip,0,64.649860,0.5,17.591,1.0,1.5,17.591
GTAIV.exe,1234,0x0,DXGI,0,0,0,Hardware: Legacy Flip,0,64.663838,0.5,13.978,1.0,1.5,13.978
GTAIV.exe,1234,0x0,DXGI,0,0,0,Hardware: Legacy Flip,0,64.679923,0.5,16.085,1.0,1.5,16.085
GTAIV.exe,1234,0x0,DXGI,0,0,0,Hardware: Legacy Flip,0,64.696546,0.5,16.623,1.0,1.5,16.623
GTAIV.exe,1234,0x0,DXGI,0,0,0,Hardware: Legacy Flip,0,64.712950,0.5,16.404,1.0,1.5,16.404
GTAIV.exe,1234,0x0,DXGI,0,0,0,Hardware: Legacy Flip,0,64.729608,0.5,16.658,1.0,1.5,16.658
GTAIV.exe,1234,0x0,DXGI,0,0,0,Hardware: Legacy Flip,0,64.745835,0.5,16.228,1.0,1.5,16.228
GTAIV.exe,1234,0x0,DXGI,0,0,0,Hardware: Legacy Flip,0,64.762178,0.5,16.342,1.0,1.5,16.342
GTAIV.exe,1234,0x0,DXGI,0,0,0,Hardware: Legacy Flip,0,64.777004,0.5,14.826,1.0,1.5,14.826
GTAIV.exe,1234,0x0,DXGI,0,0,0,Hardware: Legacy Flip,0,64.792066,0.5,15.062,1.0,1.5,15.062
GTAIV.exe,1234,0x0,DXGI,0,0,0,Hardware: Legacy Flip,0,64.810331,0.5,18.264,1.0,1.5,18.264
GTAIV.exe,1234,0x0,DXGI,0,0,0,Hardware: Legacy Flip,0,64.826739,0.5,16.408,1.0,1.5,16.408
GTAIV.exe,1234,0x0,DXGI,0,0,0,Hardware: Legacy Flip,0,64.842022,0.5,15.284,1.0,1.5,15.284
GTAIV.exe,1234,0x0,DXGI,0,0,0,Hardware: Legacy Flip,0,64.856411,0.5,14.388,1.0,1.5,14.388
GTAIV.exe,1234,0x0,DXGI,0,0,0,Hardware: Legacy Flip,0,64.872285,0.5,15.874,1.0,1.5,15.874
GTAIV.exe,1234,0x0,DXGI,0,0,0,Hardware: Legacy Flip,0,64.890860,0.5,18.576,1.0,1.5,18.576
GTAIV.exe,1234,0x0,DXGI,0,0,0,Hardware: Legacy Flip,0,64.907319,0.5,16.459,1.0,1.5,16.459
GTAIV.exe,1234,0x0,DXGI,0,0,0,Hardware: Legacy Flip,0,64.924287,0.5,16.968,1.0,1.5,16.968
GTAIV.exe,1234,0x0,DXGI,0,0,0,Hardware: Legacy Flip,0,64.941914,0.5,17.627,1.0,1.5,17.627
GTAIV.exe,1234,0x0,DXGI,0,0,0,Hardware: Legacy Flip,0,64.959620,0.5,17.706,1.0,1.5,17.706
GTAIV.exe,1234,0x0,DXGI,0,0,0,Hardware: Legacy Flip,0,64.974858,0.5,15.239,1.0,1.5,15.239
GTAIV.exe,1234,0x0,DXGI,0,0,0,Hardware: Legacy Flip,0,64.992099,0.5,17.240,1.0,1.5,17.240
GTAIV.exe,1234,0x0,DXGI,0,0,0,Hardware: Legacy Flip,0,65.008016,0.5,15.917,1.0,1.5,15.917
GTAIV.exe,1234,0x0,DXGI,0,0,0,Hardware: Legacy Flip,0,65.025047,0.5,17.031,1.0,1.5,17.031
GTAIV.exe,1234,0x0,DXGI,0,0,0,Hardware: Legacy Flip,0,65.041893,0.5,16.846,1.0,1.5,16.846
GTAIV.exe,1234,0x0,DXGI,0,0,0,Hardware: Legacy Flip,0,65.059209,0.5,17.317,1.0,1.5,17.317
GTAIV.exe,1234,0x0,DXGI,0,0,0,Hardware: Legacy Flip,0,65.074569,0.5,15.359,1.0,1.5,15.359
GTAIV.exe,1234,0x0,DXGI,0,0,0,Hardware: Legacy Flip,0,65.091327,0.5,16.759,1.0,1.5,16.759
GTAIV.exe,1234,0x0,DXGI,0,0,0,Hardware: Legacy Flip,0,65.108343,0.5,17.016,1.0,1.5,17.016
GTAIV.exe,1234,0x0,DXGI,0,0,0,Hardware: Legacy Flip,0,65.124484,0.5,16.141,1.0,1.5,16.141
GTAIV.exe,1234,0x0,DXGI,0,0,0,Hardware: Legacy Flip,0,65.140951,0.5,16.467,1.0,1.5,16.467
GTAIV.exe,1234,0x0,DXGI,0,0,0,Hardware: Legacy Flip,0,65.159097,0.5,18.146,1.0,1.5,18.146
GTAIV.exe,1234,0x0,DXGI,0,0,0,Hardware: Legacy Flip,0,65.177754,0.5,18.657,1.0,1.5,18.657
GTAIV.exe,1234,0x0,DXGI,0,0,0,Hardware: Legacy Flip,0,65.196960,0.5,19.206,1.0,1.5,19.206
GTAIV.exe,1234,0x0,DXGI,0,0,0,Hardware: Legacy Flip,0,65.214211,0.5,17.251,1.0,1.5,17.251
GTAIV.exe,1234,0x0,DXGI,0,0,0,Hardware: Legacy Flip,0,65.229822,0.5,15.611,1.0,1.5,15.611
GTAIV.exe,1234,0x0,DXGI,0,0,0,Hardware: Legacy Flip,0,65.246751,0.5,16.929,1.0,1.5,16.929
GTAIV.exe,1234,0x0,DXGI,0,0,0,Hardware: Legacy Flip,0,65.263750,0.5,16.999,1.0,1.5,16.999
GTAIV.exe,1234,0x0,DXGI,0,0,0,Hardware: Legacy Flip,0,65.281053,0.5,17.303,1.0,1.5,17.303
GTAIV.exe,1234,0x0,DXGI,0,0,0,Hardware: Legacy Flip,0,65.297933,0.5,16.880,1.0,1.5,16.880
GTAIV.exe,1234,0x0,DXGI,0,0,0,Hardware: Legacy Flip,0,65.314968,0.5,17.035,1.0,1.5,17.035
GTAIV.exe,1234,0x0,DXGI,0,0,0,Hardware: Legacy Flip,0,65.331991,0.5,17.023,1.0,1.5,17.023
GTAIV.exe,1234,0x0,DXGI,0,0,0,Hardware: Legacy Flip,0,65.349713,0.5,17.722,1.0,1.5,17.722
GTAIV.exe,1234,0x0,DXGI,0,0,0,Hardware: Legacy Flip,0,65.366707,0.5,16.994,1.0,1.5,16.994
GTAIV.exe,1234,0x0,DXGI,0,0,0,Hardware: Legacy Flip,0,65.384045,0.5,17.337,1.0,1.5,17.337
GTAIV.exe,1234,0x0,DXGI,0,0,0,Hardware: Legacy Flip,0,65.401311,0.5,17.266,1.0,1.5,17.266
GTAIV.exe,1234,0x0,DXGI,0,0,0,Hardware: Legacy Flip,0,65.416077,0.5,14.766,1.0,1.5,14.766
GTAIV.exe,1234,0x0,DXGI,0,0,0,Hardware: Legacy Flip,0,65.432918,0.5,16.841,1.0,1.5,16.841
GTAIV.exe,1234,0x0,DXGI,0,0,0,Hardware: Legacy Flip,0,65.447834,0.5,14.916,1.0,1.5,14.916
GTAIV.exe,1234,0x0,DXGI,0,0,0,Hardware: Legacy Flip,0,65.464837,0.5,17.003,1.0,1.5,17.003
GTAIV.exe,1234,0x0,DXGI,0,0,0,Hardware: Legacy Flip,0,65.481174,0.5,16.337,1.0,1.5,16.337
GTAIV.exe,1234,0x0,DXGI,0,0,0,Hardware: Legacy Flip,0,65.497588,0.5,16.414,1.0,1.5,16.414
GTAIV.exe,1234,0x0,DXGI,0,0,0,Hardware: Legacy Flip,0,65.515159,0.5,17.570,1.0,1.5,17.570
GTAIV.exe,1234,0x0,DXGI,0,0,0,Hardware: Legacy Flip,0,65.532772,0.5,17.613,1.0,1.5,17.613
GTAIV.exe,1234,0x0,DXGI,0,0,0,Hardware: Legacy Flip,0,65.550779,0.5,18.007,1.0,1.5,18.007
GTAIV.exe,1234,0x0,DXGI,0,0,0,Hardware: Legacy Flip,0,65.565271,0.5,14.492,1.0,1.5,14.492
GTAIV.exe,1234,0x0,DXGI,0,0,0,Hardware: Legacy Flip,0,65.582359,0.5,17.088,1.0,1.5,17.088
GTAIV.exe,1234,0x0,DXGI,0,0,0,Hardware: Legacy Flip,0,65.597419,0.5,15.060,1.0,1.5,15.060
GTAIV.exe,1234,0x0,DXGI,0,0,0,Hardware: Legacy Flip,0,65.613207,0.5,15.788,1.0,1.5,15.788
GTAIV.exe,1234,0x0,DXGI,0,0,0,Hardware: Legacy Flip,0,65.631059,0.5,17.853,1.0,1.5,17.853
GTAIV.exe,1234,0x0,DXGI,0,0,0,Hardware: Legacy Flip,0,65.647386,0.5,16.327,1.0,1.5,16.327
GTAIV.exe,1234,0x0,DXGI,0,0,0,Hardware: Legacy Flip,0,65.667108,0.5,19.721,1.0,1.5,19.721
GTAIV.exe,1234,0x0,DXGI,0,0,0,Hardware: Legacy Flip,0,65.683159,0.5,16.051,1.0,1.5,16.051
GTAIV.exe,1234,0x0,DXGI,0,0,0,Hardware: Legacy Flip,0,65.699972,0.5,16.813,1.0,1.5,16.813
GTAIV.exe,1234,0x0,DXGI,0,0,0,Hardware: Legacy Flip,0,65.716714,0.5,16.742,1.0,1.5,16.742
GTAIV.exe,1234,0x0,DXGI,0,0,0,Hardware: Legacy Flip,0,65.734921,0.5,18.206,1.0,1.5,18.206
GTAIV.exe,1234,0x0,DXGI,0,0,0,Hardware: Legacy Flip,0,65.751332,0.5,16.411,1.0,1.5,16.411
GTAIV.exe,1234,0x0,DXGI,0,0,0,Hardware: Legacy Flip,0,65.767600,0.5,16.268,1.0,1.5,16.268
GTAIV.exe,1234,0x0,DXGI,0,0,0,Hardware: Legacy Flip,0,65.784760,0.5,17.160,1.0,1.5,17.160
GTAIV.exe,1234,0x0,DXGI,0,0,0,Hardware: Legacy Flip,0,65.802737,0.5,17.976,1.0,1.5,17.976
GTAIV.exe,1234,0x0,DXGI,0,0,0,Hardware: Legacy Flip,0,65.818899,0.5,16.162,1.0,1.5,16.162
GTAIV.exe,1234,0x0,DXGI,0,0,0,Hardware: Legacy Flip,0,65.836720,0.5,17.821,1.0,1.5,17.821
GTAIV.exe,1234,0x0,DXGI,0,0,0,Hardware: Legacy Flip,0,65.853243,0.5,16.522,1.0,1.5,16.522
GTAIV.exe,1234,0x0,DXGI,0,0,0,Hardware: Legacy Flip,0,65.871334,0.5,18.091,1.0,1.5,18.091
GTAIV.exe,1234,0x0,DXGI,0,0,0,Hardware: Legacy Flip,0,65.887561,0.5,16.227,1.0,1.5,16.227
GTAIV.exe,1234,0x0,DXGI,0,0,0,Hardware: Legacy Flip,0,65.904204,0.5,16.642,1.0,1.5,16.642
GTAIV.exe,1234,0x0,DXGI,0,0,0,Hardware: Legacy Flip,0,65.920436,0.5,16.233,1.0,1.5,16.233
GTAIV.exe,1234,0x0,DXGI,0,0,0,Hardware: Legacy Flip,0,65.936461,0.5,16.025,1.0,1.5,16.025
GTAIV.exe,1234,0x0,DXGI,0,0,0,Hardware: Legacy Flip,0,65.952283,0.5,15.822,1.0,1.5,15.822
GTAIV.exe,1234,0x0,DXGI,0,0,0,Hardware: Legacy Flip,0,65.969421,0.5,17.139,1.0,1.5,17.139
GTAIV.exe,1234,0x0,DXGI,0,0,0,Hardware: Legacy Flip,0,65.986299,0.5,16.877,1.0,1.5,16.877
GTAIV.exe,1234,0x0,DXGI,0,0,0,Hardware: Legacy Flip,0,66.002115,0.5,15.816,1.0,1.5,15.816
GTAIV.exe,1234,0x0,DXGI,0,0,0,Hardware: Legacy Flip,0,66.018645,0.5,16.530,1.0,1.5,16.530
GTAIV.exe,1234,0x0,DXGI,0,0,0,Hardware: Legacy Flip,0,66.035860,0.5,17.215,1.0,1.5,17.215
GTAIV.exe,1234,0x0,DXGI,0,0,0,Hardware: Legacy Flip,0,66.051585,0.5,15.725,1.0,1.5,15.725
GTAIV.exe,1234,0x0,DXGI,0,0,0,Hardware: Legacy Flip,0,66.068939,0.5,17.354,1.0,1.5,17.354
GTAIV.exe,1234,0x0,DXGI,0,0,0,Hardware: Legacy Flip,0,66.085820,0.5,16.881,1.0,1.5,16.881
GTAIV.exe,1234,0x0,DXGI,0,0,0,Hardware: Legacy Flip,0,66.102185,0.5,16.365,1.0,1.5,16.365
GTAIV.exe,1234,0x0,DXGI,0,0,0,Hardware: Legacy Flip,0,66.117465,0.5,15.281,1.0,1.5,15.281
GTAIV.exe,1234,0x0,DXGI,0,0,0,Hardware: Legacy Flip,0,66.134618,0.5,17.152,1.0,1.5,17.152
GTAIV.exe,1234,0x0,DXGI,0,0,0,Hardware: Legacy Flip,0,66.150587,0.5,15.969,1.0,1.5,15.969
GTAIV.exe,1234,0x0,DXGI,0,0,0,Hardware: Legacy Flip,0,66.168084,0.5,17.497,1.0,1.5,17.497
GTAIV.exe,1234,0x0,DXGI,0,0,0,Hardware: Legacy Flip,0,66.185449,0.5,17.365,1.0,1.5,17.365
GTAIV.exe,1234,0x0,DXGI,0,0,0,Hardware: Legacy Flip,0,66.203419,0.5,17.970,1.0,1.5,17.970
GTAIV.exe,1234,0x0,DXGI,0,0,0,Hardware: Legacy Flip,0,66.220924,0.5,17.505,1.0,1.5,17.505
GTAIV.exe,1234,0x0,DXGI,0,0,0,Hardware: Legacy Flip,0,66.237805,0.5,16.882,1.0,1.5,16.882
GTAIV.exe,1234,0x0,DXGI,0,0,0,Hardware: Legacy Flip,0,66.255112,0.5,17.307,1.0,1.5,17.307
GTAIV.exe,1234,0x0,DXGI,0,0,0,Hardware: Legacy Flip,0,66.271486,0.5,16.375,1.0,1.5,16.375
GTAIV.exe,1234,0x0,DXGI,0,0,0,Hardware: Legacy Flip,0,66.287721,0.5,16.235,1.0,1.5,16.235
GTAIV.exe,1234,0x0,DXGI,0,0,0,Hardware: Legacy Flip,0,66.306593,0.5,18.872,1.0,1.5,18.872
GTAIV.exe,1234,0x0,DXGI,0,0,0,Hardware: Legacy Flip,0,66.321984,0.5,15.390,1.0,1.5,15.390
GTAIV.exe,1234,0x0,DXGI,0,0,0,Hardware: Legacy Flip,0,66.337274,0.5,15.291,1.0,1.5,15.291
GTAIV.exe,1234,0x0,DXGI,0,0,0,Hardware: Legacy Flip,0,66.354312,0.5,17.037,1.0,1.5,17.037
GTAIV.exe,1234,0x0,DXGI,0,0,0,Hardware: Legacy Flip,0,66.369121,0.5,14.810,1.0,1.5,14.810
GTAIV.exe,1234,0x0,DXGI,0,0,0,Hardware: Legacy Flip,0,66.387302,0.5,18.181,1.0,1.5,18.181
GTAIV.exe,1234,0x0,DXGI,0,0,0,Hardware: Legacy Flip,0,66.405851,0.5,18.549,1.0,1.5,18.549
GTAIV.exe,1234,0x0,DXGI,0,0,0,Hardware: Legacy Flip,0,66.423869,0.5,18.017,1.0,1.5,18.017
GTAIV.exe,1234,0x0,DXGI,0,0,0,Hardware: Legacy Flip,0,66.440767,0.5,16.898,1.0,1.5,16.898
GTAIV.exe,1234,0x0,DXGI,0,0,0,Hardware: Legacy Flip,0,66.459075,0.5,18.308,1.0,1.5,18.308
GTAIV.exe,1234,0x0,DXGI,0,0,0,Hardware: Legacy Flip,0,66.475109,0.5,16.034,1.0,1.5,16.034
GTAIV.exe,1234,0x0,DXGI,0,0,0,Hardware: Legacy Flip,0,66.491183,0.5,16.075,1.0,1.5,16.075
GTAIV.exe,1234,0x0,DXGI,0,0,0,Hardware: Legacy Flip,0,66.508412,0.5,17.229,1.0,1.5,17.229
GTAIV.exe,1234,0x0,DXGI,0,0,0,Hardware: Legacy Flip,0,66.526350,0.5,17.937,1.0,1.5,17.937
GTAIV.exe,1234,0x0,DXGI,0,0,0,Hardware: Legacy Flip,0,66.543170,0.5,16.820,1.0,1.5,16.820
GTAIV.exe,1234,0x0,DXGI,0,0,0,Hardware: Legacy Flip,0,66.558326,0.5,15.156,1.0,1.5,15.156
GTAIV.exe,1234,0x0,DXGI,0,0,0,Hardware: Legacy Flip,0,66.576453,0.5,18.127,1.0,1.5,18.127
GTAIV.exe,1234,0x0,DXGI,0,0,0,Hardware: Legacy Flip,0,66.593032,0.5,16.579,1.0,1.5,16.579
GTAIV.exe,1234,0x0,DXGI,0,0,0,Hardware: Legacy Flip,0,66.609942,0.5,16.909,1.0,1.5,16.909
GTAIV.exe,1234,0x0,DXGI,0,0,0,Hardware: Legacy Flip,0,66.624966,0.5,15.025,1.0,1.5,15.025
GTAIV.exe,1234,0x0,DXGI,0,0,0,Hardware: Legacy Flip,0,66.641310,0.5,16.344,1.0,1.5,16.344
GTAIV.exe,1234,0x0,DXGI,0,0,0,Hardware: Legacy Flip,0,66.657141,0.5,15.831,1.0,1.5,15.831
GTAIV.exe,1234,0x0,DXGI,0,0,0,Hardware: Legacy Flip,0,66.674276,0.5,17.134,1.0,1.5,17.134
GTAIV.exe,1234,0x0,DXGI,0,0,0,Hardware: Legacy Flip,0,66.689898,0.5,15.622,1.0,1.5,15.622
GTAIV.exe,1234,0x0,DXGI,0,0,0,Hardware: Legacy Flip,0,66.707305,0.5,17.408,1.0,1.5,17.408
GTAIV.exe,1234,0x0,DXGI,0,0,0,Hardware: Legacy Flip,0,66.722735,0.5,15.430,1.0,1.5,15.430
GTAIV.exe,1234,0x0,DXGI,0,0,0,Hardware: Legacy Flip,0,66.741260,0.5,18.525,1.0,1.5,18.525
GTAIV.exe,1234,0x0,DXGI,0,0,0,Hardware: Legacy Flip,0,66.757148,0.5,15.889,1.0,1.5,15.889
GTAIV.exe,1234,0x0,DXGI,0,0,0,Hardware: Legacy Flip,0,66.774205,0.5,17.056,1.0,1.5,17.056
GTAIV.exe,1234,0x0,DXGI,0,0,0,Hardware: Legacy Flip,0,66.790504,0.5,16.299,1.0,1.5,16.299
GTAIV.exe,1234,0x0,DXGI,0,0,0,Hardware: Legacy Flip,0,66.806291,0.5,15.787,1.0,1.5,15.787
GTAIV.exe,1234,0x0,DXGI,0,0,0,Hardware: Legacy Flip,0,66.823240,0.5,16.949,1.0,1.5,16.949
GTAIV.exe,1234,0x0,DXGI,0,0,0,Hardware: Legacy Flip,0,66.841416,0.5,18.176,1.0,1.5,18.176
GTAIV.exe,1234,0x0,DXGI,0,0,0,Hardware: Legacy Flip,0,66.857390,0.5,15.974,1.0,1.5,15.974
GTAIV.exe,1234,0x0,DXGI,0,0,0,Hardware: Legacy Flip,0,66.874950,0.5,17.560,1.0,1.5,17.560
GTAIV.exe,1234,0x0,DXGI,0,0,0,Hardware: Legacy Flip,0,66.891958,0.5,17.007,1.0,1.5,17.007
GTAIV.exe,1234,0x0,DXGI,0,0,0,Hardware: Legacy Flip,0,66.906287,0.5,14.330,1.0,1.5,14.330
GTAIV.exe,1234,0x0,DXGI,0,0,0,Hardware: Legacy Flip,0,66.921230,0.5,14.943,1.0,1.5,14.943
GTAIV.exe,1234,0x0,DXGI,0,0,0,Hardware: Legacy Flip,0,66.941346,0.5,20.116,1.0,1.5,20.116
GTAIV.exe,1234,0x0,DXGI,0,0,0,Hardware: Legacy Flip,0,66.956944,0.5,15.598,1.0,1.5,15.598
GTAIV.exe,1234,0x0,DXGI,0,0,0,Hardware: Legacy Flip,0,66.974383,0.5,17.439,1.0,1.5,17.439
GTAIV.exe,1234,0x0,DXGI,0,0,0,Hardware: Legacy Flip,0,66.989895,0.5,15.512,1.0,1.5,15.512
GTAIV.exe,1234,0x0,DXGI,0,0,0,Hardware: Legacy Flip,0,67.006205,0.5,16.310,1.0,1.5,16.310
GTAIV.exe,1234,0x0,DXGI,0,0,0,Hardware: Legacy Flip,0,67.022798,0.5,16.593,1.0,1.5,16.593
GTAIV.exe,1234,0x0,DXGI,0,0,0,Hardware: Legacy Flip,0,67.038356,0.5,15.558,1.0,1.5,15.558
GTAIV.exe,1234,0x0,DXGI,0,0,0,Hardware: Legacy Flip,0,67.053975,0.5,15.620,1.0,1.5,15.620
GTAIV.exe,1234,0x0,DXGI,0,0,0,Hardware: Legacy Flip,0,67.069089,0.5,15.113,1.0,1.5,15.113
GTAIV.exe,1234,0x0,DXGI,0,0,0,Hardware: Legacy Flip,0,67.085231,0.5,16.142,1.0,1.5,16.142
GTAIV.exe,1234,0x0,DXGI,0,0,0,Hardware: Legacy Flip,0,67.101547,0.5,16.316,1.0,1.5,16.316
GTAIV.exe,1234,0x0,DXGI,0,0,0,Hardware: Legacy Flip,0,67.151123,0.5,49.577,1.0,1.5,49.577
GTAIV.exe,1234,0x0,DXGI,0,0,0,Hardware: Legacy Flip,0,67.166263,0.5,15.140,1.0,1.5,15.140
GTAIV.exe,1234,0x0,DXGI,0,0,0,Hardware: Legacy Flip,0,67.183406,0.5,17.142,1.0,1.5,17.142
GTAIV.exe,1234,0x0,DXGI,0,0,0,Hardware: Legacy Flip,0,67.199132,0.5,15.726,1.0,1.5,15.726
GTAIV.exe,1234,0x0,DXGI,0,0,0,Hardware: Legacy Flip,0,67.216080,0.5,16.949,1.0,1.5,16.949
GTAIV.exe,1234,0x0,DXGI,0,0,0,Hardware: Legacy Flip,0,67.233743,0.5,17.663,1.0,1.5,17.663
GTAIV.exe,1234,0x0,DXGI,0,0,0,Hardware: Legacy Flip,0,67.252186,0.5,18.444,1.0,1.5,18.444
GTAIV.exe,1234,0x0,DXGI,0,0,0,Hardware: Legacy Flip,0,67.269292,0.5,17.106,1.0,1.5,17.106
GTAIV.exe,1234,0x0,DXGI,0,0,0,Hardware: Legacy Flip,0,67.286072,0.5,16.780,1.0,1.5,16.780
GTAIV.exe,1234,0x0,DXGI,0,0,0,Hardware: Legacy Flip,0,67.303854,0.5,17.781,1.0,1.5,17.781
GTAIV.exe,1234,0x0,DXGI,0,0,0,Hardware: Legacy Flip,0,67.321667,0.5,17.813,1.0,1.5,17.813
GTAIV.exe,1234,0x0,DXGI,0,0,0,Hardware: Legacy Flip,0,67.337537,0.5,15.870,1.0,1.5,15.870
GTAIV.exe,1234,0x0,DXGI,0,0,0,Hardware: Legacy Flip,0,67.355762,0.5,18.225,1.0,1.5,18.225
GTAIV.exe,1234,0x0,DXGI,0,0,0,Hardware: Legacy Flip,0,67.371260,0.5,15.497,1.0,1.5,15.497
GTAIV.exe,1234,0x0,DXGI,0,0,0,Hardware: Legacy Flip,0,67.388254,0.5,16.994,1.0,1.5,16.994
GTAIV.exe,1234,0x0,DXGI,0,0,0,Hardware: Legacy Flip,0,67.404788,0.5,16.534,1.0,1.5,16.534
GTAIV.exe,1234,0x0,DXGI,0,0,0,Hardware: Legacy Flip,0,67.420638,0.5,15.850,1.0,1.5,15.850
GTAIV.exe,1234,0x0,DXGI,0,0,0,Hardware: Legacy Flip,0,67.437958,0.5,17.320,1.0,1.5,17.320
GTAIV.exe,1234,0x0,DXGI,0,0,0,Hardware: Legacy Flip,0,67.453018,0.5,15.060,1.0,1.5,15.060
GTAIV.exe,1234,0x0,DXGI,0,0,0,Hardware: Legacy Flip,0,67.469785,0.5,16.767,1.0,1.5,16.767
GTAIV.exe,1234,0x0,DXGI,0,0,0,Hardware: Legacy Flip,0,67.487172,0.5,17.387,1.0,1.5,17.387
GTAIV.exe,1234,0x0,DXGI,0,0,0,Hardware: Legacy Flip,0,67.501921,0.5,14.749,1.0,1.5,14.749
GTAIV.exe,1234,0x0,DXGI,0,0,0,Hardware: Legacy Flip,0,67.520049,0.5,18.127,1.0,1.5,18.127
GTAIV.exe,1234,0x0,DXGI,0,0,0,Hardware: Legacy Flip,0,67.537025,0.5,16.977,1.0,1.5,16.977
GTAIV.exe,1234,0x0,DXGI,0,0,0,Hardware: Legacy Flip,0,67.551983,0.5,14.958,1.0,1.5,14.958
GTAIV.exe,1234,0x0,DXGI,0,0,0,Hardware: Legacy Flip,0,67.569148,0.5,17.164,1.0,1.5,17.164
GTAIV.exe,1234,0x0,DXGI,0,0,0,Hardware: Legacy Flip,0,67.584709,0.5,15.561,1.0,1.5,15.561
GTAIV.exe,1234,0x0,DXGI,0,0,0,Hardware: Legacy Flip,0,67.600216,0.5,15.507,1.0,1.5,15.507
GTAIV.exe,1234,0x0,DXGI,0,0,0,Hardware: Legacy Flip,0,67.617045,0.5,16.829,1.0,1.5,16.829
GTAIV.exe,1234,0x0,DXGI,0,0,0,Hardware: Legacy Flip,0,67.633432,0.5,16.387,1.0,1.5,16.387
GTAIV.exe,1234,0x0,DXGI,0,0,0,Hardware: Legacy Flip,0,67.651294,0.5,17.863,1.0,1.5,17.863
GTAIV.exe,1234,0x0,DXGI,0,0,0,Hardware: Legacy Flip,0,67.668258,0.5,16.964,1.0,1.5,16.964
GTAIV.exe,1234,0x0,DXGI,0,0,0,Hardware: Legacy Flip,0,67.683289,0.5,15.031,1.0,1.5,15.031
GTAIV.exe,1234,0x0,DXGI,0,0,0,Hardware: Legacy Flip,0,67.700003,0.5,16.715,1.0,1.5,16.715
GTAIV.exe,1234,0x0,DXGI,0,0,0,Hardware: Legacy Flip,0,67.716090,0.5,16.087,1.0,1.5,16.087
GTAIV.exe,1234,0x0,DXGI,0,0,0,Hardware: Legacy Flip,0,67.731083,0.5,14.993,1.0,1.5,14.993
GTAIV.exe,1234,0x0,DXGI,0,0,0,Hardware: Legacy Flip,0,67.747291,0.5,16.207,1.0,1.5,16.207
GTAIV.exe,1234,0x0,DXGI,0,0,0,Hardware: Legacy Flip,0,67.765941,0.5,18.651,1.0,1.5,18.651
GTAIV.exe,1234,0x0,DXGI,0,0,0,Hardware: Legacy Flip,0,67.781045,0.5,15.104,1.0,1.5,15.104
GTAIV.exe,1234,0x0,DXGI,0,0,0,Hardware: Legacy Flip,0,67.798626,0.5,17.582,1.0,1.5,17.582
GTAIV.exe,1234,0x0,DXGI,0,0,0,Hardware: Legacy Flip,0,67.811656,0.5,13.029,1.0,1.5,13.029
GTAIV.exe,1234,0x0,DXGI,0,0,0,Hardware: Legacy Flip,0,67.828580,0.5,16.924,1.0,1.5,16.924
GTAIV.exe,1234,0x0,DXGI,0,0,0,Hardware: Legacy Flip,0,67.845279,0.5,16.699,1.0,1.5,16.699
GTAIV.exe,1234,0x0,DXGI,0,0,0,Hardware: Legacy Flip,0,67.862099,0.5,16.821,1.0,1.5,16.821
GTAIV.exe,1234,0x0,DXGI,0,0,0,Hardware: Legacy Flip,0,67.878156,0.5,16.057,1.0,1.5,16.057
GTAIV.exe,1234,0x0,DXGI,0,0,0,Hardware: Legacy Flip,0,67.893767,0.5,15.610,1.0,1.5,15.610
GTAIV.exe,1234,0x0,DXGI,0,0,0,Hardware: Legacy Flip,0,67.908876,0.5,15.110,1.0,1.5,15.110
GTAIV.exe,1234,0x0,DXGI,0,0,0,Hardware: Legacy Flip,0,67.924567,0.5,15.690,1.0,1.5,15.690
GTAIV.exe,1234,0x0,DXGI,0,0,0,Hardware: Legacy Flip,0,67.940366,0.5,15.800,1.0,1.5,15.800
GTAIV.exe,1234,0x0,DXGI,0,0,0,Hardware: Legacy Flip,0,67.954579,0.5,14.213,1.0,1.5,14.213
GTAIV.exe,1234,0x0,DXGI,0,0,0,Hardware: Legacy Flip,0,67.969886,0.5,15.307,1.0,1.5,15.307
GTAIV.exe,1234,0x0,DXGI,0,0,0,Hardware: Legacy Flip,0,67.986735,0.5,16.849,1.0,1.5,16.849
GTAIV.exe,1234,0x0,DXGI,0,0,0,Hardware: Legacy Flip,0,68.005162,0.5,18.427,1.0,1.5,18.427
GTAIV.exe,1234,0x0,DXGI,0,0,0,Hardware: Legacy Flip,0,68.021464,0.5,16.302,1.0,1.5,16.302
GTAIV.exe,1234,0x0,DXGI,0,0,0,Hardware: Legacy Flip,0,68.037028,0.5,15.564,1.0,1.5,15.564
GTAIV.exe,1234,0x0,DXGI,0,0,0,Hardware: Legacy Flip,0,68.054873,0.5,17.845,1.0,1.5,17.845
GTAIV.exe,1234,0x0,DXGI,0,0,0,Hardware: Legacy Flip,0,68.070825,0.5,15.952,1.0,1.5,15.952
GTAIV.exe,1234,0x0,DXGI,0,0,0,Hardware: Legacy Flip,0,68.087825,0.5,17.000,1.0,1.5,17.000
GTAIV.exe,1234,0x0,DXGI,0,0,0,Hardware: Legacy Flip,0,68.104115,0.5,16.290,1.0,1.5,16.290
GTAIV.exe,1234,0x0,DXGI,0,0,0,Hardware: Legacy Flip,0,68.120340,0.5,16.224,1.0,1.5,16.224
GTAIV.exe,1234,0x0,DXGI,0,0,0,Hardware: Legacy Flip,0,68.137456,0.5,17.117,1.0,1.5,17.117
GTAIV.exe,1234,0x0,DXGI,0,0,0,Hardware: Legacy Flip,0,68.154322,0.5,16.865,1.0,1.5,16.865
GTAIV.exe,1234,0x0,DXGI,0,0,0,Hardware: Legacy Flip,0,68.172016,0.5,17.694,1.0,1.5,17.694
GTAIV.exe,1234,0x0,DXGI,0,0,0,Hardware: Legacy Flip,0,68.188870,0.5,16.853,1.0,1.5,16.853
GTAIV.exe,1234,0x0,DXGI,0,0,0,Hardware: Legacy Flip,0,68.204106,0.5,15.236,1.0,1.5,15.236
GTAIV.exe,1234,0x0,DXGI,0,0,0,Hardware: Legacy Flip,0,68.222080,0.5,17.974,1.0,1.5,17.974
GTAIV.exe,1234,0x0,DXGI,0,0,0,Hardware: Legacy Flip,0,68.239005,0.5,16.925,1.0,1.5,16.925
GTAIV.exe,1234,0x0,DXGI,0,0,0,Hardware: Legacy Flip,0,68.256238,0.5,17.233,1.0,1.5,17.233
GTAIV.exe,1234,0x0,DXGI,0,0,0,Hardware: Legacy Flip,0,68.271361,0.5,15.122,1.0,1.5,15.122
GTAIV.exe,1234,0x0,DXGI,0,0,0,Hardware: Legacy Flip,0,68.287835,0.5,16.474,1.0,1.5,16.474
GTAIV.exe,1234,0x0,DXGI,0,0,0,Hardware: Legacy Flip,0,68.305063,0.5,17.228,1.0,1.5,17.228
GTAIV.exe,1234,0x0,DXGI,0,0,0,Hardware: Legacy Flip,0,68.322810,0.5,17.747,1.0,1.5,17.747
GTAIV.exe,1234,0x0,DXGI,0,0,0,Hardware: Legacy Flip,0,68.339334,0.5,16.523,1.0,1.5,16.523
GTAIV.exe,1234,0x0,DXGI,0,0,0,Hardware: Legacy Flip,0,68.356984,0.5,17.650,1.0,1.5,17.650
GTAIV.exe,1234,0x0,DXGI,0,0,0,Hardware: Legacy Flip,0,68.373636,0.5,16.652,1.0,1.5,16.652
GTAIV.exe,1234,0x0,DXGI,0,0,0,Hardware: Legacy Flip,0,68.390513,0.5,16.877,1.0,1.5,16.877
GTAIV.exe,1234,0x0,DXGI,0,0,0,Hardware: Legacy Flip,0,68.408375,0.5,17.862,1.0,1.5,17.862
GTAIV.exe,1234,0x0,DXGI,0,0,0,Hardware: Legacy Flip,0,68.425858,0.5,17.482,1.0,1.5,17.482
GTAIV.exe,1234,0x0,DXGI,0,0,0,Hardware: Legacy Flip,0,68.443701,0.5,17.843,1.0,1.5,17.843
GTAIV.exe,1234,0x0,DXGI,0,0,0,Hardware: Legacy Flip,0,68.461560,0.5,17.859,1.0,1.5,17.859
GTAIV.exe,1234,0x0,DXGI,0,0,0,Hardware: Legacy Flip,0,68.480305,0.5,18.745,1.0,1.5,18.745
GTAIV.exe,1234,0x0,DXGI,0,0,0,Hardware: Legacy Flip,0,68.496245,0.5,15.940,1.0,1.5,15.940
GTAIV.exe,1234,0x0,DXGI,0,0,0,Hardware: Legacy Flip,0,68.511362,0.5,15.117,1.0,1.5,15.117
GTAIV.exe,1234,0x0,DXGI,0,0,0,Hardware: Legacy Flip,0,68.525751,0.5,14.389,1.0,1.5,14.389
GTAIV.exe,1234,0x0,DXGI,0,0,0,Hardware: Legacy Flip,0,68.542828,0.5,17.077,1.0,1.5,17.077
GTAIV.exe,1234,0x0,DXGI,0,0,0,Hardware: Legacy Flip,0,68.558813,0.5,15.985,1.0,1.5,15.985
GTAIV.exe,1234,0x0,DXGI,0,0,0,Hardware: Legacy Flip,0,68.575489,0.5,16.675,1.0,1.5,16.675
GTAIV.exe,1234,0x0,DXGI,0,0,0,Hardware: Legacy Flip,0,68.593220,0.5,17.731,1.0,1.5,17.731
GTAIV.exe,1234,0x0,DXGI,0,0,0,Hardware: Legacy Flip,0,68.608339,0.5,15.120,1.0,1.5,15.120
GTAIV.exe,1234,0x0,DXGI,0,0,0,Hardware: Legacy Flip,0,68.625200,0.5,16.861,1.0,1.5,16.861
GTAIV.exe,1234,0x0,DXGI,0,0,0,Hardware: Legacy Flip,0,68.641063,0.5,15.863,1.0,1.5,15.863
GTAIV.exe,1234,0x0,DXGI,0,0,0,Hardware: Legacy Flip,0,68.657076,0.5,16.013,1.0,1.5,16.013
GTAIV.exe,1234,0x0,DXGI,0,0,0,Hardware: Legacy Flip,0,68.673093,0.5,16.017,1.0,1.5,16.017
GTAIV.exe,1234,0x0,DXGI,0,0,0,Hardware: Legacy Flip,0,68.689370,0.5,16.277,1.0,1.5,16.277
GTAIV.exe,1234,0x0,DXGI,0,0,0,Hardware: Legacy Flip,0,68.706137,0.5,16.767,1.0,1.5,16.767
GTAIV.exe,1234,0x0,DXGI,0,0,0,Hardware: Legacy Flip,0,68.722180,0.5,16.043,1.0,1.5,16.043
GTAIV.exe,1234,0x0,DXGI,0,0,0,Hardware: Legacy Flip,0,68.737298,0.5,15.118,1.0,1.5,15.118
GTAIV.exe,1234,0x0,DXGI,0,0,0,Hardware: Legacy Flip,0,68.754850,0.5,17.552,1.0,1.5,17.552
GTAIV.exe,1234,0x0,DXGI,0,0,0,Hardware: Legacy Flip,0,68.772950,0.5,18.100,1.0,1.5,18.100
GTAIV.exe,1234,0x0,DXGI,0,0,0,Hardware: Legacy Flip,0,68.788345,0.5,15.395,1.0,1.5,15.395
GTAIV.exe,1234,0x0,DXGI,0,0,0,Hardware: Legacy Flip,0,68.805064,0.5,16.719,1.0,1.5,16.719
GTAIV.exe,1234,0x0,DXGI,0,0,0,Hardware: Legacy Flip,0,68.824684,0.5,19.620,1.0,1.5,19.620
GTAIV.exe,1234,0x0,DXGI,0,0,0,Hardware: Legacy Flip,0,68.841138,0.5,16.454,1.0,1.5,16.454
GTAIV.exe,1234,0x0,DXGI,0,0,0,Hardware: Legacy Flip,0,68.856442,0.5,15.304,1.0,1.5,15.304
GTAIV.exe,1234,0x0,DXGI,0,0,0,Hardware: Legacy Flip,0,68.872821,0.5,16.379,1.0,1.5,16.379
GTAIV.exe,1234,0x0,DXGI,0,0,0,Hardware: Legacy Flip,0,68.890483,0.5,17.662,1.0,1.5,17.662
GTAIV.exe,1234,0x0,DXGI,0,0,0,Hardware: Legacy Flip,0,68.905787,0.5,15.304,1.0,1.5,15.304
GTAIV.exe,1234,0x0,DXGI,0,0,0,Hardware: Legacy Flip,0,68.922017,0.5,16.230,1.0,1.5,16.230
GTAIV.exe,1234,0x0,DXGI,0,0,0,Hardware: Legacy Flip,0,68.937087,0.5,15.070,1.0,1.5,15.070
GTAIV.exe,1234,0x0,DXGI,0,0,0,Hardware: Legacy Flip,0,68.955575,0.5,18.488,1.0,1.5,18.488
GTAIV.exe,1234,0x0,DXGI,0,0,0,Hardware: Legacy Flip,0,68.971362,0.5,15.786,1.0,1.5,15.786
GTAIV.exe,1234,0x0,DXGI,0,0,0,Hardware: Legacy Flip,0,68.986793,0.5,15.431,1.0,1.5,15.431
GTAIV.exe,1234,0x0,DXGI,0,0,0,Hardware: Legacy Flip,0,69.005987,0.5,19.194,1.0,1.5,19.194
GTAIV.exe,1234,0x0,DXGI,0,0,0,Hardware: Legacy Flip,0,69.024097,0.5,18.110,1.0,1.5,18.110
GTAIV.exe,1234,0x0,DXGI,0,0,0,Hardware: Legacy Flip,0,69.041748,0.5,17.651,1.0,1.5,17.651
GTAIV.exe,1234,0x0,DXGI,0,0,0,Hardware: Legacy Flip,0,69.057052,0.5,15.304,1.0,1.5,15.304
GTAIV.exe,1234,0x0,DXGI,0,0,0,Hardware: Legacy Flip,0,69.073910,0.5,16.859,1.0,1.5,16.859
GTAIV.exe,1234,0x0,DXGI,0,0,0,Hardware: Legacy Flip,0,69.089732,0.5,15.822,1.0,1.5,15.822
GTAIV.exe,1234,0x0,DXGI,0,0,0,Hardware: Legacy Flip,0,69.107186,0.5,17.453,1.0,1.5,17.453
GTAIV.exe,1234,0x0,DXGI,0,0,0,Hardware: Legacy Flip,0,69.125302,0.5,18.117,1.0,1.5,18.117
GTAIV.exe,1234,0x0,DXGI,0,0,0,Hardware: Legacy Flip,0,69.142249,0.5,16.947,1.0,1.5,16.947
GTAIV.exe,1234,0x0,DXGI,0,0,0,Hardware: Legacy Flip,0,69.160300,0.5,18.050,1.0,1.5,18.050
GTAIV.exe,1234,0x0,DXGI,0,0,0,Hardware: Legacy Flip,0,69.178423,0.5,18.123,1.0,1.5,18.123
GTAIV.exe,1234,0x0,DXGI,0,0,0,Hardware: Legacy Flip,0,69.193931,0.5,15.508,1.0,1.5,15.508
GTAIV.exe,1234,0x0,DXGI,0,0,0,Hardware: Legacy Flip,0,69.210143,0.5,16.211,1.0,1.5,16.211
GTAIV.exe,1234,0x0,DXGI,0,0,0,Hardware: Legacy Flip,0,69.227966,0.5,17.824,1.0,1.5,17.824
GTAIV.exe,1234,0x0,DXGI,0,0,0,Hardware: Legacy Flip,0,69.245831,0.5,17.864,1.0,1.5,17.864
GTAIV.exe,1234,0x0,DXGI,0,0,0,Hardware: Legacy Flip,0,69.262056,0.5,16.225,1.0,1.5,16.225
GTAIV.exe,1234,0x0,DXGI,0,0,0,Hardware: Legacy Flip,0,69.278142,0.5,16.086,1.0,1.5,16.086
GTAIV.exe,1234,0x0,DXGI,0,0,0,Hardware: Legacy Flip,0,69.295051,0.5,16.909,1.0,1.5,16.909
GTAIV.exe,1234,0x0,DXGI,0,0,0,Hardware: Legacy Flip,0,69.311781,0.5,16.730,1.0,1.5,16.730
GTAIV.exe,1234,0x0,DXGI,0,0,0,Hardware: Legacy Flip,0,69.329253,0.5,17.471,1.0,1.5,17.471
GTAIV.exe,1234,0x0,DXGI,0,0,0,Hardware: Legacy Flip,0,69.345519,0.5,16.267,1.0,1.5,16.267
GTAIV.exe,1234,0x0,DXGI,0,0,0,Hardware: Legacy Flip,0,69.361885,0.5,16.365,1.0,1.5,16.365
GTAIV.exe,1234,0x0,DXGI,0,0,0,Hardware: Legacy Flip,0,69.380543,0.5,18.658,1.0,1.5,18.658
GTAIV.exe,1234,0x0,DXGI,0,0,0,Hardware: Legacy Flip,0,69.396951,0.5,16.408,1.0,1.5,16.408
GTAIV.exe,1234,0x0,DXGI,0,0,0,Hardware: Legacy Flip,0,69.415373,0.5,18.422,1.0,1.5,18.422
GTAIV.exe,1234,0x0,DXGI,0,0,0,Hardware: Legacy Flip,0,69.431683,0.5,16.310,1.0,1.5,16.310
GTAIV.exe,1234,0x0,DXGI,0,0,0,Hardware: Legacy Flip,0,69.448385,0.5,16.702,1.0,1.5,16.702
GTAIV.exe,1234,0x0,DXGI,0,0,0,Hardware: Legacy Flip,0,69.465528,0.5,17.143,1.0,1.5,17.143
GTAIV.exe,1234,0x0,DXGI,0,0,0,Hardware: Legacy Flip,0,69.481306,0.5,15.778,1.0,1.5,15.778
GTAIV.exe,1234,0x0,DXGI,0,0,0,Hardware: Legacy Flip,0,69.497825,0.5,16.519,1.0,1.5,16.519
GTAIV.exe,1234,0x0,DXGI,0,0,0,Hardware: Legacy Flip,0,69.513351,0.5,15.526,1.0,1.5,15.526
GTAIV.exe,1234,0x0,DXGI,0,0,0,Hardware: Legacy Flip,0,69.529467,0.5,16.116,1.0,1.5,16.116
GTAIV.exe,1234,0x0,DXGI,0,0,0,Hardware: Legacy Flip,0,69.545343,0.5,15.876,1.0,1.5,15.876
GTAIV.exe,1234,0x0,DXGI,0,0,0,Hardware: Legacy Flip,0,69.561621,0.5,16.278,1.0,1.5,16.278
GTAIV.exe,1234,0x0,DXGI,0,0,0,Hardware: Legacy Flip,0,69.579280,0.5,17.658,1.0,1.5,17.658
GTAIV.exe,1234,0x0,DXGI,0,0,0,Hardware: Legacy Flip,0,69.595953,0.5,16.673,1.0,1.5,16.673
GTAIV.exe,1234,0x0,DXGI,0,0,0,Hardware: Legacy Flip,0,69.612385,0.5,16.432,1.0,1.5,16.432
GTAIV.exe,1234,0x0,DXGI,0,0,0,Hardware: Legacy Flip,0,69.630645,0.5,18.260,1.0,1.5,18.260
GTAIV.exe,1234,0x0,DXGI,0,0,0,Hardware: Legacy Flip,0,69.647764,0.5,17.120,1.0,1.5,17.120
GTAIV.exe,1234,0x0,DXGI,0,0,0,Hardware: Legacy Flip,0,69.663993,0.5,16.229,1.0,1.5,16.229
GTAIV.exe,1234,0x0,DXGI,0,0,0,Hardware: Legacy Flip,0,69.680139,0.5,16.146,1.0,1.5,16.146
GTAIV.exe,1234,0x0,DXGI,0,0,0,Hardware: Legacy Flip,0,69.698466,0.5,18.327,1.0,1.5,18.327
GTAIV.exe,1234,0x0,DXGI,0,0,0,Hardware: Legacy Flip,0,69.715520,0.5,17.055,1.0,1.5,17.055
GTAIV.exe,1234,0x0,DXGI,0,0,0,Hardware: Legacy Flip,0,69.731771,0.5,16.251,1.0,1.5,16.251
GTAIV.exe,1234,0x0,DXGI,0,0,0,Hardware: Legacy Flip,0,69.748470,0.5,16.699,1.0,1.5,16.699
GTAIV.exe,1234,0x0,DXGI,0,0,0,Hardware: Legacy Flip,0,69.764140,0.5,15.670,1.0,1.5,15.670
GTAIV.exe,1234,0x0,DXGI,0,0,0,Hardware: Legacy Flip,0,69.783202,0.5,19.062,1.0,1.5,19.062
GTAIV.exe,1234,0x0,DXGI,0,0,0,Hardware: Legacy Flip,0,69.799095,0.5,15.893,1.0,1.5,15.893
GTAIV.exe,1234,0x0,DXGI,0,0,0,Hardware: Legacy Flip,0,69.815186,0.5,16.091,1.0,1.5,16.091
GTAIV.exe,1234,0x0,DXGI,0,0,0,Hardware: Legacy Flip,0,69.832001,0.5,16.815,1.0,1.5,16.815
GTAIV.exe,1234,0x0,DXGI,0,0,0,Hardware: Legacy Flip,0,69.847822,0.5,15.821,1.0,1.5,15.821
GTAIV.exe,1234,0x0,DXGI,0,0,0,Hardware: Legacy Flip,0,69.864350,0.5,16.528,1.0,1.5,16.528
GTAIV.exe,1234,0x0,DXGI,0,0,0,Hardware: Legacy Flip,0,69.881917,0.5,17.567,1.0,1.5,17.567
GTAIV.exe,1234,0x0,DXGI,0,0,0,Hardware: Legacy Flip,0,69.897016,0.5,15.099,1.0,1.5,15.099
GTAIV.exe,1234,0x0,DXGI,0,0,0,Hardware: Legacy Flip,0,69.913293,0.5,16.277,1.0,1.5,16.277
GTAIV.exe,1234,0x0,DXGI,0,0,0,Hardware: Legacy Flip,0,69.930051,0.5,16.758,1.0,1.5,16.758
GTAIV.exe,1234,0x0,DXGI,0,0,0,Hardware: Legacy Flip,0,69.945919,0.5,15.868,1.0,1.5,15.868
GTAIV.exe,1234,0x0,DXGI,0,0,0,Hardware: Legacy Flip,0,69.962345,0.5,16.426,1.0,1.5,16.426
GTAIV.exe,1234,0x0,DXGI,0,0,0,Hardware: Legacy Flip,0,69.978802,0.5,16.456,1.0,1.5,16.456
GTAIV.exe,1234,0x0,DXGI,0,0,0,Hardware: Legacy Flip,0,69.996704,0.5,17.902,1.0,1.5,17.902
GTAIV.exe,1234,0x0,DXGI,0,0,0,Hardware: Legacy Flip,0,70.012184,0.5,15.481,1.0,1.5,15.481
GTAIV.exe,1234,0x0,DXGI,0,0,0,Hardware: Legacy Flip,0,70.029191,0.5,17.007,1.0,1.5,17.007
GTAIV.exe,1234,0x0,DXGI,0,0,0,Hardware: Legacy Flip,0,70.046026,0.5,16.835,1.0,1.5,16.835
GTAIV.exe,1234,0x0,DXGI,0,0,0,Hardware: Legacy Flip,0,70.062718,0.5,16.692,1.0,1.5,16.692
GTAIV.exe,1234,0x0,DXGI,0,0,0,Hardware: Legacy Flip,0,70.079512,0.5,16.794,1.0,1.5,16.794
GTAIV.exe,1234,0x0,DXGI,0,0,0,Hardware: Legacy Flip,0,70.096412,0.5,16.900,1.0,1.5,16.900
GTAIV.exe,1234,0x0,DXGI,0,0,0,Hardware: Legacy Flip,0,70.114106,0.5,17.694,1.0,1.5,17.694
GTAIV.exe,1234,0x0,DXGI,0,0,0,Hardware: Legacy Flip,0,70.131523,0.5,17.417,1.0,1.5,17.417
GTAIV.exe,1234,0x0,DXGI,0,0,0,Hardware: Legacy Flip,0,70.147868,0.5,16.345,1.0,1.5,16.345
GTAIV.exe,1234,0x0,DXGI,0,0,0,Hardware: Legacy Flip,0,70.165419,0.5,17.552,1.0,1.5,17.552
GTAIV.exe,1234,0x0,DXGI,0,0,0,Hardware: Legacy Flip,0,70.182560,0.5,17.141,1.0,1.5,17.141
GTAIV.exe,1234,0x0,DXGI,0,0,0,Hardware: Legacy Flip,0,70.200538,0.5,17.978,1.0,1.5,17.978
GTAIV.exe,1234,0x0,DXGI,0,0,0,Hardware: Legacy Flip,0,70.216530,0.5,15.993,1.0,1.5,15.993
GTAIV.exe,1234,0x0,DXGI,0,0,0,Hardware: Legacy Flip,0,70.233221,0.5,16.691,1.0,1.5,16.691
GTAIV.exe,1234,0x0,DXGI,0,0,0,Hardware: Legacy Flip,0,70.250403,0.5,17.182,1.0,1.5,17.182
GTAIV.exe,1234,0x0,DXGI,0,0,0,Hardware: Legacy Flip,0,70.269647,0.5,19.244,1.0,1.5,19.244
GTAIV.exe,1234,0x0,DXGI,0,0,0,Hardware: Legacy Flip,0,70.288462,0.5,18.815,1.0,1.5,18.815
GTAIV.exe,1234,0x0,DXGI,0,0,0,Hardware: Legacy Flip,0,70.306838,0.5,18.376,1.0,1.5,18.376
GTAIV.exe,1234,0x0,DXGI,0,0,0,Hardware: Legacy Flip,0,70.323838,0.5,17.000,1.0,1.5,17.000
GTAIV.exe,1234,0x0,DXGI,0,0,0,Hardware: Legacy Flip,0,70.338979,0.5,15.141,1.0,1.5,15.141
GTAIV.exe,1234,0x0,DXGI,0,0,0,Hardware: Legacy Flip,0,70.356688,0.5,17.710,1.0,1.5,17.710
GTAIV.exe,1234,0x0,DXGI,0,0,0,Hardware: Legacy Flip,0,70.372749,0.5,16.060,1.0,1.5,16.060
GTAIV.exe,1234,0x0,DXGI,0,0,0,Hardware: Legacy Flip,0,70.390104,0.5,17.356,1.0,1.5,17.356
GTAIV.exe,1234,0x0,DXGI,0,0,0,Hardware: Legacy Flip,0,70.407999,0.5,17.894,1.0,1.5,17.894
GTAIV.exe,1234,0x0,DXGI,0,0,0,Hardware: Legacy Flip,0,70.423664,0.5,15.666,1.0,1.5,15.666
GTAIV.exe,1234,0x0,DXGI,0,0,0,Hardware: Legacy Flip,0,70.439241,0.5,15.577,1.0,1.5,15.577
GTAIV.exe,1234,0x0,DXGI,0,0,0,Hardware: Legacy Flip,0,70.456506,0.5,17.265,1.0,1.5,17.265
GTAIV.exe,1234,0x0,DXGI,0,0,0,Hardware: Legacy Flip,0,70.474164,0.5,17.658,1.0,1.5,17.658
GTAIV.exe,1234,0x0,DXGI,0,0,0,Hardware: Legacy Flip,0,70.489993,0.5,15.829,1.0,1.5,15.829
GTAIV.exe,1234,0x0,DXGI,0,0,0,Hardware: Legacy Flip,0,70.507748,0.5,17.754,1.0,1.5,17.754
GTAIV.exe,1234,0x0,DXGI,0,0,0,Hardware: Legacy Flip,0,70.526089,0.5,18.341,1.0,1.5,18.341
GTAIV.exe,1234,0x0,DXGI,0,0,0,Hardware: Legacy Flip,0,70.541654,0.5,15.565,1.0,1.5,15.565
GTAIV.exe,1234,0x0,DXGI,0,0,0,Hardware: Legacy Flip,0,70.557824,0.5,16.170,1.0,1.5,16.170
GTAIV.exe,1234,0x0,DXGI,0,0,0,Hardware: Legacy Flip,0,70.573139,0.5,15.315,1.0,1.5,15.315
GTAIV.exe,1234,0x0,DXGI,0,0,0,Hardware: Legacy Flip,0,70.589420,0.5,16.281,1.0,1.5,16.281
GTAIV.exe,1234,0x0,DXGI,0,0,0,Hardware: Legacy Flip,0,70.606434,0.5,17.014,1.0,1.5,17.014
GTAIV.exe,1234,0x0,DXGI,0,0,0,Hardware: Legacy Flip,0,70.625019,0.5,18.585,1.0,1.5,18.585
GTAIV.exe,1234,0x0,DXGI,0,0,0,Hardware: Legacy Flip,0,70.643551,0.5,18.532,1.0,1.5,18.532
GTAIV.exe,1234,0x0,DXGI,0,0,0,Hardware: Legacy Flip,0,70.660016,0.5,16.465,1.0,1.5,16.465
GTAIV.exe,1234,0x0,DXGI,0,0,0,Hardware: Legacy Flip,0,70.677578,0.5,17.562,1.0,1.5,17.562
GTAIV.exe,1234,0x0,DXGI,0,0,0,Hardware: Legacy Flip,0,70.693990,0.5,16.412,1.0,1.5,16.412
GTAIV.exe,1234,0x0,DXGI,0,0,0,Hardware: Legacy Flip,0,70.709172,0.5,15.182,1.0,1.5,15.182
GTAIV.exe,1234,0x0,DXGI,0,0,0,Hardware: Legacy Flip,0,70.724242,0.5,15.069,1.0,1.5,15.069
GTAIV.exe,1234,0x0,DXGI,0,0,0,Hardware: Legacy Flip,0,70.742582,0.5,18.341,1.0,1.5,18.341
GTAIV.exe,1234,0x0,DXGI,0,0,0,Hardware: Legacy Flip,0,70.757337,0.5,14.754,1.0,1.5,14.754
GTAIV.exe,1234,0x0,DXGI,0,0,0,Hardware: Legacy Flip,0,70.773779,0.5,16.442,1.0,1.5,16.442
GTAIV.exe,1234,0x0,DXGI,0,0,0,Hardware: Legacy Flip,0,70.791358,0.5,17.579,1.0,1.5,17.579
GTAIV.exe,1234,0x0,DXGI,0,0,0,Hardware: Legacy Flip,0,70.807630,0.5,16.271,1.0,1.5,16.271
GTAIV.exe,1234,0x0,DXGI,0,0,0,Hardware: Legacy Flip,0,70.825593,0.5,17.964,1.0,1.5,17.964
GTAIV.exe,1234,0x0,DXGI,0,0,0,Hardware: Legacy Flip,0,70.842916,0.5,17.322,1.0,1.5,17.322
GTAIV.exe,1234,0x0,DXGI,0,0,0,Hardware: Legacy Flip,0,70.860331,0.5,17.415,1.0,1.5,17.415
GTAIV.exe,1234,0x0,DXGI,0,0,0,Hardware: Legacy Flip,0,70.877845,0.5,17.514,1.0,1.5,17.514
GTAIV.exe,1234,0x0,DXGI,0,0,0,Hardware: Legacy Flip,0,70.896200,0.5,18.355,1.0,1.5,18.355
GTAIV.exe,1234,0x0,DXGI,0,0,0,Hardware: Legacy Flip,0,70.914095,0.5,17.895,1.0,1.5,17.895
GTAIV.exe,1234,0x0,DXGI,0,0,0,Hardware: Legacy Flip,0,70.931612,0.5,17.517,1.0,1.5,17.517
GTAIV.exe,1234,0x0,DXGI,0,0,0,Hardware: Legacy Flip,0,70.949444,0.5,17.832,1.0,1.5,17.832
GTAIV.exe,1234,0x0,DXGI,0,0,0,Hardware: Legacy Flip,0,70.965252,0.5,15.808,1.0,1.5,15.808
GTAIV.exe,1234,0x0,DXGI,0,0,0,Hardware: Legacy Flip,0,70.982915,0.5,17.663,1.0,1.5,17.663
GTAIV.exe,1234,0x0,DXGI,0,0,0,Hardware: Legacy Flip,0,70.999452,0.5,16.537,1.0,1.5,16.537
GTAIV.exe,1234,0x0,DXGI,0,0,0,Hardware: Legacy Flip,0,71.016829,0.5,17.377,1.0,1.5,17.377
GTAIV.exe,1234,0x0,DXGI,0,0,0,Hardware: Legacy Flip,0,71.033550,0.5,16.722,1.0,1.5,16.722
GTAIV.exe,1234,0x0,DXGI,0,0,0,Hardware: Legacy Flip,0,71.047077,0.5,13.527,1.0,1.5,13.527
GTAIV.exe,1234,0x0,DXGI,0,0,0,Hardware: Legacy Flip,0,71.064420,0.5,17.343,1.0,1.5,17.343
GTAIV.exe,1234,0x0,DXGI,0,0,0,Hardware: Legacy Flip,0,71.082136,0.5,17.716,1.0,1.5,17.716
GTAIV.exe,1234,0x0,DXGI,0,0,0,Hardware: Legacy Flip,0,71.099927,0.5,17.790,1.0,1.5,17.790
GTAIV.exe,1234,0x0,DXGI,0,0,0,Hardware: Legacy Flip,0,71.116014,0.5,16.088,1.0,1.5,16.088
GTAIV.exe,1234,0x0,DXGI,0,0,0,Hardware: Legacy Flip,0,71.132754,0.5,16.739,1.0,1.5,16.739
GTAIV.exe,1234,0x0,DXGI,0,0,0,Hardware: Legacy Flip,0,71.150310,0.5,17.557,1.0,1.5,17.557
GTAIV.exe,1234,0x0,DXGI,0,0,0,Hardware: Legacy Flip,0,71.165577,0.5,15.267,1.0,1.5,15.267
GTAIV.exe,1234,0x0,DXGI,0,0,0,Hardware: Legacy Flip,0,71.183135,0.5,17.558,1.0,1.5,17.558
GTAIV.exe,1234,0x0,DXGI,0,0,0,Hardware: Legacy Flip,0,71.200239,0.5,17.104,1.0,1.5,17.104
GTAIV.exe,1234,0x0,DXGI,0,0,0,Hardware: Legacy Flip,0,71.217102,0.5,16.863,1.0,1.5,16.863
GTAIV.exe,1234,0x0,DXGI,0,0,0,Hardware: Legacy Flip,0,71.232456,0.5,15.354,1.0,1.5,15.354
GTAIV.exe,1234,0x0,DXGI,0,0,0,Hardware: Legacy Flip,0,71.250574,0.5,18.118,1.0,1.5,18.118
GTAIV.exe,1234,0x0,DXGI,0,0,0,Hardware: Legacy Flip,0,71.268764,0.5,18.190,1.0,1.5,18.190
GTAIV.exe,1234,0x0,DXGI,0,0,0,Hardware: Legacy Flip,0,71.287360,0.5,18.596,1.0,1.5,18.596
GTAIV.exe,1234,0x0,DXGI,0,0,0,Hardware: Legacy Flip,0,71.306508,0.5,19.147,1.0,1.5,19.147
GTAIV.exe,1234,0x0,DXGI,0,0,0,Hardware: Legacy Flip,0,71.322913,0.5,16.405,1.0,1.5,16.405
GTAIV.exe,1234,0x0,DXGI,0,0,0,Hardware: Legacy Flip,0,71.339288,0.5,16.375,1.0,1.5,16.375
GTAIV.exe,1234,0x0,DXGI,0,0,0,Hardware: Legacy Flip,0,71.356338,0.5,17.050,1.0,1.5,17.050
GTAIV.exe,1234,0x0,DXGI,0,0,0,Hardware: Legacy Flip,0,71.369833,0.5,13.495,1.0,1.5,13.495
GTAIV.exe,1234,0x0,DXGI,0,0,0,Hardware: Legacy Flip,0,71.386231,0.5,16.398,1.0,1.5,16.398
GTAIV.exe,1234,0x0,DXGI,0,0,0,Hardware: Legacy Flip,0,71.401929,0.5,15.698,1.0,1.5,15.698
GTAIV.exe,1234,0x0,DXGI,0,0,0,Hardware: Legacy Flip,0,71.418249,0.5,16.320,1.0,1.5,16.320
GTAIV.exe,1234,0x0,DXGI,0,0,0,Hardware: Legacy Flip,0,71.436165,0.5,17.916,1.0,1.5,17.916
GTAIV.exe,1234,0x0,DXGI,0,0,0,Hardware: Legacy Flip,0,71.452658,0.5,16.494,1.0,1.5,16.494
GTAIV.exe,1234,0x0,DXGI,0,0,0,Hardware: Legacy Flip,0,71.467742,0.5,15.084,1.0,1.5,15.084
GTAIV.exe,1234,0x0,DXGI,0,0,0,Hardware: Legacy Flip,0,71.483316,0.5,15.573,1.0,1.5,15.573
GTAIV.exe,1234,0x0,DXGI,0,0,0,Hardware: Legacy Flip,0,71.499285,0.5,15.969,1.0,1.5,15.969
GTAIV.exe,1234,0x0,DXGI,0,0,0,Hardware: Legacy Flip,0,71.515792,0.5,16.507,1.0,1.5,16.507
GTAIV.exe,1234,0x0,DXGI,0,0,0,Hardware: Legacy Flip,0,71.532646,0.5,16.854,1.0,1.5,16.854
GTAIV.exe,1234,0x0,DXGI,0,0,0,Hardware: Legacy Flip,0,71.549662,0.5,17.016,1.0,1.5,17.016
GTAIV.exe,1234,0x0,DXGI,0,0,0,Hardware: Legacy Flip,0,71.566866,0.5,17.205,1.0,1.5,17.205
GTAIV.exe,1234,0x0,DXGI,0,0,0,Hardware: Legacy Flip,0,71.584525,0.5,17.659,1.0,1.5,17.659
GTAIV.exe,1234,0x0,DXGI,0,0,0,Hardware: Legacy Flip,0,71.600109,0.5,15.584,1.0,1.5,15.584
GTAIV.exe,1234,0x0,DXGI,0,0,0,Hardware: Legacy Flip,0,71.614156,0.5,14.047,1.0,1.5,14.047
GTAIV.exe,1234,0x0,DXGI,0,0,0,Hardware: Legacy Flip,0,71.630910,0.5,16.754,1.0,1.5,16.754
GTAIV.exe,1234,0x0,DXGI,0,0,0,Hardware: Legacy Flip,0,71.645144,0.5,14.235,1.0,1.5,14.235
GTAIV.exe,1234,0x0,DXGI,0,0,0,Hardware: Legacy Flip,0,71.662093,0.5,16.949,1.0,1.5,16.949
GTAIV.exe,1234,0x0,DXGI,0,0,0,Hardware: Legacy Flip,0,71.677552,0.5,15.459,1.0,1.5,15.459
GTAIV.exe,1234,0x0,DXGI,0,0,0,Hardware: Legacy Flip,0,71.694417,0.5,16.866,1.0,1.5,16.866
GTAIV.exe,1234,0x0,DXGI,0,0,0,Hardware: Legacy Flip,0,71.711284,0.5,16.867,1.0,1.5,16.867
GTAIV.exe,1234,0x0,DXGI,0,0,0,Hardware: Legacy Flip,0,71.727206,0.5,15.922,1.0,1.5,15.922
GTAIV.exe,1234,0x0,DXGI,0,0,0,Hardware: Legacy Flip,0,71.743209,0.5,16.002,1.0,1.5,16.002
GTAIV.exe,1234,0x0,DXGI,0,0,0,Hardware: Legacy Flip,0,71.759135,0.5,15.926,1.0,1.5,15.926
GTAIV.exe,1234,0x0,DXGI,0,0,0,Hardware: Legacy Flip,0,71.775174,0.5,16.039,1.0,1.5,16.039
GTAIV.exe,1234,0x0,DXGI,0,0,0,Hardware: Legacy Flip,0,71.792865,0.5,17.691,1.0,1.5,17.691
GTAIV.exe,1234,0x0,DXGI,0,0,0,Hardware: Legacy Flip,0,71.810947,0.5,18.082,1.0,1.5,18.082
GTAIV.exe,1234,0x0,DXGI,0,0,0,Hardware: Legacy Flip,0,71.825977,0.5,15.030,1.0,1.5,15.030
GTAIV.exe,1234,0x0,DXGI,0,0,0,Hardware: Legacy Flip,0,71.841432,0.5,15.455,1.0,1.5,15.455
GTAIV.exe,1234,0x0,DXGI,0,0,0,Hardware: Legacy Flip,0,71.858663,0.5,17.231,1.0,1.5,17.231
GTAIV.exe,1234,0x0,DXGI,0,0,0,Hardware: Legacy Flip,0,71.875101,0.5,16.437,1.0,1.5,16.437
GTAIV.exe,1234,0x0,DXGI,0,0,0,Hardware: Legacy Flip,0,71.892418,0.5,17.317,1.0,1.5,17.317
GTAIV.exe,1234,0x0,DXGI,0,0,0,Hardware: Legacy Flip,0,71.906234,0.5,13.816,1.0,1.5,13.816
GTAIV.exe,1234,0x0,DXGI,0,0,0,Hardware: Legacy Flip,0,71.925005,0.5,18.771,1.0,1.5,18.771
GTAIV.exe,1234,0x0,DXGI,0,0,0,Hardware: Legacy Flip,0,71.939502,0.5,14.497,1.0,1.5,14.497
GTAIV.exe,1234,0x0,DXGI,0,0,0,Hardware: Legacy Flip,0,71.954687,0.5,15.184,1.0,1.5,15.184
GTAIV.exe,1234,0x0,DXGI,0,0,0,Hardware: Legacy Flip,0,71.971609,0.5,16.923,1.0,1.5,16.923
GTAIV.exe,1234,0x0,DXGI,0,0,0,Hardware: Legacy Flip,0,71.986851,0.5,15.242,1.0,1.5,15.242
GTAIV.exe,1234,0x0,DXGI,0,0,0,Hardware: Legacy Flip,0,72.003993,0.5,17.142,1.0,1.5,17.142
GTAIV.exe,1234,0x0,DXGI,0,0,0,Hardware: Legacy Flip,0,72.020935,0.5,16.941,1.0,1.5,16.941
GTAIV.exe,1234,0x0,DXGI,0,0,0,Hardware: Legacy Flip,0,72.040747,0.5,19.813,1.0,1.5,19.813
GTAIV.exe,1234,0x0,DXGI,0,0,0,Hardware: Legacy Flip,0,72.054457,0.5,13.710,1.0,1.5,13.710
GTAIV.exe,1234,0x0,DXGI,0,0,0,Hardware: Legacy Flip,0,72.070191,0.5,15.734,1.0,1.5,15.734
GTAIV.exe,1234,0x0,DXGI,0,0,0,Hardware: Legacy Flip,0,72.086267,0.5,16.075,1.0,1.5,16.075
GTAIV.exe,1234,0x0,DXGI,0,0,0,Hardware: Legacy Flip,0,72.103182,0.5,16.915,1.0,1.5,16.915
GTAIV.exe,1234,0x0,DXGI,0,0,0,Hardware: Legacy Flip,0,72.118187,0.5,15.005,1.0,1.5,15.005
GTAIV.exe,1234,0x0,DXGI,0,0,0,Hardware: Legacy Flip,0,72.134206,0.5,16.019,1.0,1.5,16.019
GTAIV.exe,1234,0x0,DXGI,0,0,0,Hardware: Legacy Flip,0,72.151305,0.5,17.099,1.0,1.5,17.099
GTAIV.exe,1234,0x0,DXGI,0,0,0,Hardware: Legacy Flip,0,72.166371,0.5,15.066,1.0,1.5,15.066
GTAIV.exe,1234,0x0,DXGI,0,0,0,Hardware: Legacy Flip,0,72.183625,0.5,17.254,1.0,1.5,17.254
GTAIV.exe,1234,0x0,DXGI,0,0,0,Hardware: Legacy Flip,0,72.199433,0.5,15.808,1.0,1.5,15.808
GTAIV.exe,1234,0x0,DXGI,0,0,0,Hardware: Legacy Flip,0,72.216593,0.5,17.160,1.0,1.5,17.160
GTAIV.exe,1234,0x0,DXGI,0,0,0,Hardware: Legacy Flip,0,72.232217,0.5,15.624,1.0,1.5,15.624
GTAIV.exe,1234,0x0,DXGI,0,0,0,Hardware: Legacy Flip,0,72.249396,0.5,17.179,1.0,1.5,17.179
GTAIV.exe,1234,0x0,DXGI,0,0,0,Hardware: Legacy Flip,0,72.264999,0.5,15.602,1.0,1.5,15.602
GTAIV.exe,1234,0x0,DXGI,0,0,0,Hardware: Legacy Flip,0,72.280432,0.5,15.433,1.0,1.5,15.433
GTAIV.exe,1234,0x0,DXGI,0,0,0,Hardware: Legacy Flip,0,72.296411,0.5,15.978,1.0,1.5,15.978
GTAIV.exe,1234,0x0,DXGI,0,0,0,Hardware: Legacy Flip,0,72.312601,0.5,16.191,1.0,1.5,16.191
GTAIV.exe,1234,0x0,DXGI,0,0,0,Hardware: Legacy Flip,0,72.329516,0.5,16.915,1.0,1.5,16.915
GTAIV.exe,1234,0x0,DXGI,0,0,0,Hardware: Legacy Flip,0,72.348411,0.5,18.895,1.0,1.5,18.895
GTAIV.exe,1234,0x0,DXGI,0,0,0,Hardware: Legacy Flip,0,72.363821,0.5,15.409,1.0,1.5,15.409
GTAIV.exe,1234,0x0,DXGI,0,0,0,Hardware: Legacy Flip,0,72.380462,0.5,16.642,1.0,1.5,16.642
GTAIV.exe,1234,0x0,DXGI,0,0,0,Hardware: Legacy Flip,0,72.396860,0.5,16.397,1.0,1.5,16.397
GTAIV.exe,1234,0x0,DXGI,0,0,0,Hardware: Legacy Flip,0,72.412307,0.5,15.448,1.0,1.5,15.448
GTAIV.exe,1234,0x0,DXGI,0,0,0,Hardware: Legacy Flip,0,72.427913,0.5,15.606,1.0,1.5,15.606
GTAIV.exe,1234,0x0,DXGI,0,0,0,Hardware: Legacy Flip,0,72.444865,0.5,16.953,1.0,1.5,16.953
GTAIV.exe,1234,0x0,DXGI,0,0,0,Hardware: Legacy Flip,0,72.461349,0.5,16.483,1.0,1.5,16.483
GTAIV.exe,1234,0x0,DXGI,0,0,0,Hardware: Legacy Flip,0,72.478841,0.5,17.492,1.0,1.5,17.492
GTAIV.exe,1234,0x0,DXGI,0,0,0,Hardware: Legacy Flip,0,72.495996,0.5,17.155,1.0,1.5,17.155
GTAIV.exe,1234,0x0,DXGI,0,0,0,Hardware: Legacy Flip,0,72.512617,0.5,16.621,1.0,1.5,16.621
GTAIV.exe,1234,0x0,DXGI,0,0,0,Hardware: Legacy Flip,0,72.530056,0.5,17.439,1.0,1.5,17.439
GTAIV.exe,1234,0x0,DXGI,0,0,0,Hardware: Legacy Flip,0,72.545302,0.5,15.246,1.0,1.5,15.246
GTAIV.exe,1234,0x0,DXGI,0,0,0,Hardware: Legacy Flip,0,72.562239,0.5,16.936,1.0,1.5,16.936
GTAIV.exe,1234,0x0,DXGI,0,0,0,Hardware: Legacy Flip,0,72.580367,0.5,18.129,1.0,1.5,18.129
GTAIV.exe,1234,0x0,DXGI,0,0,0,Hardware: Legacy Flip,0,72.599169,0.5,18.801,1.0,1.5,18.801
GTAIV.exe,1234,0x0,DXGI,0,0,0,Hardware: Legacy Flip,0,72.616621,0.5,17.452,1.0,1.5,17.452
GTAIV.exe,1234,0x0,DXGI,0,0,0,Hardware: Legacy Flip,0,72.633100,0.5,16.479,1.0,1.5,16.479
GTAIV.exe,1234,0x0,DXGI,0,0,0,Hardware: Legacy Flip,0,72.650196,0.5,17.096,1.0,1.5,17.096
GTAIV.exe,1234,0x0,DXGI,0,0,0,Hardware: Legacy Flip,0,72.666098,0.5,15.902,1.0,1.5,15.902
GTAIV.exe,1234,0x0,DXGI,0,0,0,Hardware: Legacy Flip,0,72.683117,0.5,17.020,1.0,1.5,17.020
GTAIV.exe,1234,0x0,DXGI,0,0,0,Hardware: Legacy Flip,0,72.697422,0.5,14.305,1.0,1.5,14.305
GTAIV.exe,1234,0x0,DXGI,0,0,0,Hardware: Legacy Flip,0,72.716140,0.5,18.717,1.0,1.5,18.717
GTAIV.exe,1234,0x0,DXGI,0,0,0,Hardware: Legacy Flip,0,72.732330,0.5,16.191,1.0,1.5,16.191
GTAIV.exe,1234,0x0,DXGI,0,0,0,Hardware: Legacy Flip,0,72.746833,0.5,14.503,1.0,1.5,14.503
GTAIV.exe,1234,0x0,DXGI,0,0,0,Hardware: Legacy Flip,0,72.763279,0.5,16.446,1.0,1.5,16.446
GTAIV.exe,1234,0x0,DXGI,0,0,0,Hardware: Legacy Flip,0,72.780544,0.5,17.265,1.0,1.5,17.265
GTAIV.exe,1234,0x0,DXGI,0,0,0,Hardware: Legacy Flip,0,72.795865,0.5,15.321,1.0,1.5,15.321
GTAIV.exe,1234,0x0,DXGI,0,0,0,Hardware: Legacy Flip,0,72.811915,0.5,16.051,1.0,1.5,16.051
GTAIV.exe,1234,0x0,DXGI,0,0,0,Hardware: Legacy Flip,0,72.828495,0.5,16.580,1.0,1.5,16.580
GTAIV.exe,1234,0x0,DXGI,0,0,0,Hardware: Legacy Flip,0,72.845309,0.5,16.813,1.0,1.5,16.813
GTAIV.exe,1234,0x0,DXGI,0,0,0,Hardware: Legacy Flip,0,72.862500,0.5,17.191,1.0,1.5,17.191
GTAIV.exe,1234,0x0,DXGI,0,0,0,Hardware: Legacy Flip,0,72.878588,0.5,16.088,1.0,1.5,16.088
GTAIV.exe,1234,0x0,DXGI,0,0,0,Hardware: Legacy Flip,0,72.894652,0.5,16.064,1.0,1.5,16.064
GTAIV.exe,1234,0x0,DXGI,0,0,0,Hardware: Legacy Flip,0,72.911291,0.5,16.639,1.0,1.5,16.639
GTAIV.exe,1234,0x0,DXGI,0,0,0,Hardware: Legacy Flip,0,72.928746,0.5,17.455,1.0,1.5,17.455
GTAIV.exe,1234,0x0,DXGI,0,0,0,Hardware: Legacy Flip,0,72.947474,0.5,18.728,1.0,1.5,18.728
GTAIV.exe,1234,0x0,DXGI,0,0,0,Hardware: Legacy Flip,0,72.965240,0.5,17.766,1.0,1.5,17.766
GTAIV.exe,1234,0x0,DXGI,0,0,0,Hardware: Legacy Flip,0,72.984466,0.5,19.227,1.0,1.5,19.227
GTAIV.exe,1234,0x0,DXGI,0,0,0,Hardware: Legacy Flip,0,73.001545,0.5,17.078,1.0,1.5,17.078
GTAIV.exe,1234,0x0,DXGI,0,0,0,Hardware: Legacy Flip,0,73.016912,0.5,15.368,1.0,1.5,15.368
GTAIV.exe,1234,0x0,DXGI,0,0,0,Hardware: Legacy Flip,0,73.034371,0.5,17.458,1.0,1.5,17.458
GTAIV.exe,1234,0x0,DXGI,0,0,0,Hardware: Legacy Flip,0,73.050946,0.5,16.575,1.0,1.5,16.575
GTAIV.exe,1234,0x0,DXGI,0,0,0,Hardware: Legacy Flip,0,73.067088,0.5,16.143,1.0,1.5,16.143
GTAIV.exe,1234,0x0,DXGI,0,0,0,Hardware: Legacy Flip,0,73.083439,0.5,16.350,1.0,1.5,16.350
GTAIV.exe,1234,0x0,DXGI,0,0,0,Hardware: Legacy Flip,0,73.099781,0.5,16.342,1.0,1.5,16.342
GTAIV.exe,1234,0x0,DXGI,0,0,0,Hardware: Legacy Flip,0,73.117259,0.5,17.478,1.0,1.5,17.478
GTAIV.exe,1234,0x0,DXGI,0,0,0,Hardware: Legacy Flip,0,73.134182,0.5,16.923,1.0,1.5,16.923
GTAIV.exe,1234,0x0,DXGI,0,0,0,Hardware: Legacy Flip,0,73.150711,0.5,16.529,1.0,1.5,16.529
GTAIV.exe,1234,0x0,DXGI,0,0,0,Hardware: Legacy Flip,0,73.168794,0.5,18.082,1.0,1.5,18.082
GTAIV.exe,1234,0x0,DXGI,0,0,0,Hardware: Legacy Flip,0,73.186068,0.5,17.274,1.0,1.5,17.274
GTAIV.exe,1234,0x0,DXGI,0,0,0,Hardware: Legacy Flip,0,73.203694,0.5,17.626,1.0,1.5,17.626
GTAIV.exe,1234,0x0,DXGI,0,0,0,Hardware: Legacy Flip,0,73.220309,0.5,16.615,1.0,1.5,16.615
GTAIV.exe,1234,0x0,DXGI,0,0,0,Hardware: Legacy Flip,0,73.237192,0.5,16.883,1.0,1.5,16.883
GTAIV.exe,1234,0x0,DXGI,0,0,0,Hardware: Legacy Flip,0,73.253223,0.5,16.031,1.0,1.5,16.031
GTAIV.exe,1234,0x0,DXGI,0,0,0,Hardware: Legacy Flip,0,73.268262,0.5,15.038,1.0,1.5,15.038
GTAIV.exe,1234,0x0,DXGI,0,0,0,Hardware: Legacy Flip,0,73.284997,0.5,16.735,1.0,1.5,16.735
GTAIV.exe,1234,0x0,DXGI,0,0,0,Hardware: Legacy Flip,0,73.304528,0.5,19.531,1.0,1.5,19.531
GTAIV.exe,1234,0x0,DXGI,0,0,0,Hardware: Legacy Flip,0,73.322609,0.5,18.081,1.0,1.5,18.081
GTAIV.exe,1234,0x0,DXGI,0,0,0,Hardware: Legacy Flip,0,73.338136,0.5,15.527,1.0,1.5,15.527
GTAIV.exe,1234,0x0,DXGI,0,0,0,Hardware: Legacy Flip,0,73.355735,0.5,17.598,1.0,1.5,17.598
GTAIV.exe,1234,0x0,DXGI,0,0,0,Hardware: Legacy Flip,0,73.374086,0.5,18.352,1.0,1.5,18.352
GTAIV.exe,1234,0x0,DXGI,0,0,0,Hardware: Legacy Flip,0,73.390550,0.5,16.464,1.0,1.5,16.464
GTAIV.exe,1234,0x0,DXGI,0,0,0,Hardware: Legacy Flip,0,73.408645,0.5,18.095,1.0,1.5,18.095
GTAIV.exe,1234,0x0,DXGI,0,0,0,Hardware: Legacy Flip,0,73.422131,0.5,13.486,1.0,1.5,13.486
GTAIV.exe,1234,0x0,DXGI,0,0,0,Hardware: Legacy Flip,0,73.438918,0.5,16.787,1.0,1.5,16.787
GTAIV.exe,1234,0x0,DXGI,0,0,0,Hardware: Legacy Flip,0,73.454501,0.5,15.583,1.0,1.5,15.583
GTAIV.exe,1234,0x0,DXGI,0,0,0,Hardware: Legacy Flip,0,73.470706,0.5,16.205,1.0,1.5,16.205
GTAIV.exe,1234,0x0,DXGI,0,0,0,Hardware: Legacy Flip,0,73.489722,0.5,19.017,1.0,1.5,19.017
GTAIV.exe,1234,0x0,DXGI,0,0,0,Hardware: Legacy Flip,0,73.503738,0.5,14.015,1.0,1.5,14.015
GTAIV.exe,1234,0x0,DXGI,0,0,0,Hardware: Legacy Flip,0,73.522319,0.5,18.581,1.0,1.5,18.581
GTAIV.exe,1234,0x0,DXGI,0,0,0,Hardware: Legacy Flip,0,73.538304,0.5,15.985,1.0,1.5,15.985
GTAIV.exe,1234,0x0,DXGI,0,0,0,Hardware: Legacy Flip,0,73.553842,0.5,15.538,1.0,1.5,15.538
GTAIV.exe,1234,0x0,DXGI,0,0,0,Hardware: Legacy Flip,0,73.569659,0.5,15.817,1.0,1.5,15.817
GTAIV.exe,1234,0x0,DXGI,0,0,0,Hardware: Legacy Flip,0,73.585922,0.5,16.263,1.0,1.5,16.263
GTAIV.exe,1234,0x0,DXGI,0,0,0,Hardware: Legacy Flip,0,73.603608,0.5,17.686,1.0,1.5,17.686
GTAIV.exe,1234,0x0,DXGI,0,0,0,Hardware: Legacy Flip,0,73.620206,0.5,16.598,1.0,1.5,16.598
GTAIV.exe,1234,0x0,DXGI,0,0,0,Hardware: Legacy Flip,0,73.636779,0.5,16.573,1.0,1.5,16.573
GTAIV.exe,1234,0x0,DXGI,0,0,0,Hardware: Legacy Flip,0,73.652315,0.5,15.536,1.0,1.5,15.536
GTAIV.exe,1234,0x0,DXGI,0,0,0,Hardware: Legacy Flip,0,73.669356,0.5,17.041,1.0,1.5,17.041
GTAIV.exe,1234,0x0,DXGI,0,0,0,Hardware: Legacy Flip,0,73.686136,0.5,16.779,1.0,1.5,16.779
GTAIV.exe,1234,0x0,DXGI,0,0,0,Hardware: Legacy Flip,0,73.703582,0.5,17.446,1.0,1.5,17.446
GTAIV.exe,1234,0x0,DXGI,0,0,0,Hardware: Legacy Flip,0,73.723201,0.5,19.619,1.0,1.5,19.619
GTAIV.exe,1234,0x0,DXGI,0,0,0,Hardware: Legacy Flip,0,73.739092,0.5,15.891,1.0,1.5,15.891
GTAIV.exe,1234,0x0,DXGI,0,0,0,Hardware: Legacy Flip,0,73.756434,0.5,17.342,1.0,1.5,17.342
GTAIV.exe,1234,0x0,DXGI,0,0,0,Hardware: Legacy Flip,0,73.773228,0.5,16.794,1.0,1.5,16.794
GTAIV.exe,1234,0x0,DXGI,0,0,0,Hardware: Legacy Flip,0,73.789040,0.5,15.811,1.0,1.5,15.811
GTAIV.exe,1234,0x0,DXGI,0,0,0,Hardware: Legacy Flip,0,73.805555,0.5,16.516,1.0,1.5,16.516
GTAIV.exe,1234,0x0,DXGI,0,0,0,Hardware: Legacy Flip,0,73.820985,0.5,15.429,1.0,1.5,15.429
GTAIV.exe,1234,0x0,DXGI,0,0,0,Hardware: Legacy Flip,0,73.837940,0.5,16.955,1.0,1.5,16.955
GTAIV.exe,1234,0x0,DXGI,0,0,0,Hardware: Legacy Flip,0,73.855311,0.5,17.371,1.0,1.5,17.371
GTAIV.exe,1234,0x0,DXGI,0,0,0,Hardware: Legacy Flip,0,73.870963,0.5,15.652,1.0,1.5,15.652
GTAIV.exe,1234,0x0,DXGI,0,0,0,Hardware: Legacy Flip,0,73.888167,0.5,17.204,1.0,1.5,17.204
GTAIV.exe,1234,0x0,DXGI,0,0,0,Hardware: Legacy Flip,0,73.903607,0.5,15.440,1.0,1.5,15.440
GTAIV.exe,1234,0x0,DXGI,0,0,0,Hardware: Legacy Flip,0,73.920457,0.5,16.850,1.0,1.5,16.850
GTAIV.exe,1234,0x0,DXGI,0,0,0,Hardware: Legacy Flip,0,73.937988,0.5,17.531,1.0,1.5,17.531
GTAIV.exe,1234,0x0,DXGI,0,0,0,Hardware: Legacy Flip,0,73.956352,0.5,18.364,1.0,1.5,18.364
GTAIV.exe,1234,0x0,DXGI,0,0,0,Hardware: Legacy Flip,0,73.972612,0.5,16.260,1.0,1.5,16.260
GTAIV.exe,1234,0x0,DXGI,0,0,0,Hardware: Legacy Flip,0,73.991357,0.5,18.745,1.0,1.5,18.745
GTAIV.exe,1234,0x0,DXGI,0,0,0,Hardware: Legacy Flip,0,74.008660,0.5,17.303,1.0,1.5,17.303
GTAIV.exe,1234,0x0,DXGI,0,0,0,Hardware: Legacy Flip,0,74.025424,0.5,16.764,1.0,1.5,16.764
GTAIV.exe,1234,0x0,DXGI,0,0,0,Hardware: Legacy Flip,0,74.043442,0.5,18.018,1.0,1.5,18.018
GTAIV.exe,1234,0x0,DXGI,0,0,0,Hardware: Legacy Flip,0,74.059929,0.5,16.487,1.0,1.5,16.487
GTAIV.exe,1234,0x0,DXGI,0,0,0,Hardware: Legacy Flip,0,74.077924,0.5,17.995,1.0,1.5,17.995
GTAIV.exe,1234,0x0,DXGI,0,0,0,Hardware: Legacy Flip,0,74.094255,0.5,16.330,1.0,1.5,16.330
GTAIV.exe,1234,0x0,DXGI,0,0,0,Hardware: Legacy Flip,0,74.110128,0.5,15.873,1.0,1.5,15.873
GTAIV.exe,1234,0x0,DXGI,0,0,0,Hardware: Legacy Flip,0,74.127504,0.5,17.376,1.0,1.5,17.376
GTAIV.exe,1234,0x0,DXGI,0,0,0,Hardware: Legacy Flip,0,74.143681,0.5,16.177,1.0,1.5,16.177
GTAIV.exe,1234,0x0,DXGI,0,0,0,Hardware: Legacy Flip,0,74.161356,0.5,17.675,1.0,1.5,17.675
GTAIV.exe,1234,0x0,DXGI,0,0,0,Hardware: Legacy Flip,0,74.177615,0.5,16.260,1.0,1.5,16.260
GTAIV.exe,1234,0x0,DXGI,0,0,0,Hardware: Legacy Flip,0,74.195153,0.5,17.538,1.0,1.5,17.538
GTAIV.exe,1234,0x0,DXGI,0,0,0,Hardware: Legacy Flip,0,74.212134,0.5,16.981,1.0,1.5,16.981
GTAIV.exe,1234,0x0,DXGI,0,0,0,Hardware: Legacy Flip,0,74.229263,0.5,17.129,1.0,1.5,17.129
GTAIV.exe,1234,0x0,DXGI,0,0,0,Hardware: Legacy Flip,0,74.245456,0.5,16.193,1.0,1.5,16.193
GTAIV.exe,1234,0x0,DXGI,0,0,0,Hardware: Legacy Flip,0,74.262628,0.5,17.173,1.0,1.5,17.173
GTAIV.exe,1234,0x0,DXGI,0,0,0,Hardware: Legacy Flip,0,74.279048,0.5,16.419,1.0,1.5,16.419
GTAIV.exe,1234,0x0,DXGI,0,0,0,Hardware: Legacy Flip,0,74.297098,0.5,18.051,1.0,1.5,18.051
GTAIV.exe,1234,0x0,DXGI,0,0,0,Hardware: Legacy Flip,0,74.313572,0.5,16.474,1.0,1.5,16.474
GTAIV.exe,1234,0x0,DXGI,0,0,0,Hardware: Legacy Flip,0,74.330371,0.5,16.798,1.0,1.5,16.798
GTAIV.exe,1234,0x0,DXGI,0,0,0,Hardware: Legacy Flip,0,74.347227,0.5,16.856,1.0,1.5,16.856
GTAIV.exe,1234,0x0,DXGI,0,0,0,Hardware: Legacy Flip,0,74.574413,0.5,227.186,1.0,1.5,227.186
GTAIV.exe,1234,0x0,DXGI,0,0,0,Hardware: Legacy Flip,0,74.592451,0.5,18.039,1.0,1.5,18.039
GTAIV.exe,1234,0x0,DXGI,0,0,0,Hardware: Legacy Flip,0,74.609312,0.5,16.860,1.0,1.5,16.860
GTAIV.exe,1234,0x0,DXGI,0,0,0,Hardware: Legacy Flip,0,74.627996,0.5,18.684,1.0,1.5,18.684
GTAIV.exe,1234,0x0,DXGI,0,0,0,Hardware: Legacy Flip,0,74.645384,0.5,17.388,1.0,1.5,17.388
GTAIV.exe,1234,0x0,DXGI,0,0,0,Hardware: Legacy Flip,0,74.661337,0.5,15.953,1.0,1.5,15.953
GTAIV.exe,1234,0x0,DXGI,0,0,0,Hardware: Legacy Flip,0,74.678384,0.5,17.048,1.0,1.5,17.048
GTAIV.exe,1234,0x0,DXGI,0,0,0,Hardware: Legacy Flip,0,74.693972,0.5,15.588,1.0,1.5,15.588
GTAIV.exe,1234,0x0,DXGI,0,0,0,Hardware: Legacy Flip,0,74.710507,0.5,16.534,1.0,1.5,16.534
GTAIV.exe,1234,0x0,DXGI,0,0,0,Hardware: Legacy Flip,0,74.727995,0.5,17.488,1.0,1.5,17.488
GTAIV.exe,1234,0x0,DXGI,0,0,0,Hardware: Legacy Flip,0,74.743811,0.5,15.816,1.0,1.5,15.816
GTAIV.exe,1234,0x0,DXGI,0,0,0,Hardware: Legacy Flip,0,74.760572,0.5,16.761,1.0,1.5,16.761
GTAIV.exe,1234,0x0,DXGI,0,0,0,Hardware: Legacy Flip,0,74.776901,0.5,16.330,1.0,1.5,16.330
GTAIV.exe,1234,0x0,DXGI,0,0,0,Hardware: Legacy Flip,0,74.793291,0.5,16.390,1.0,1.5,16.390
GTAIV.exe,1234,0x0,DXGI,0,0,0,Hardware: Legacy Flip,0,74.810347,0.5,17.055,1.0,1.5,17.055
GTAIV.exe,1234,0x0,DXGI,0,0,0,Hardware: Legacy Flip,0,74.826861,0.5,16.514,1.0,1.5,16.514
GTAIV.exe,1234,0x0,DXGI,0,0,0,Hardware: Legacy Flip,0,74.844283,0.5,17.422,1.0,1.5,17.422
GTAIV.exe,1234,0x0,DXGI,0,0,0,Hardware: Legacy Flip,0,74.861395,0.5,17.112,1.0,1.5,17.112
GTAIV.exe,1234,0x0,DXGI,0,0,0,Hardware: Legacy Flip,0,74.878642,0.5,17.247,1.0,1.5,17.247
GTAIV.exe,1234,0x0,DXGI,0,0,0,Hardware: Legacy Flip,0,74.897196,0.5,18.554,1.0,1.5,18.554
GTAIV.exe,1234,0x0,DXGI,0,0,0,Hardware: Legacy Flip,0,74.912593,0.5,15.397,1.0,1.5,15.397
GTAIV.exe,1234,0x0,DXGI,0,0,0,Hardware: Legacy Flip,0,74.928763,0.5,16.170,1.0,1.5,16.170
GTAIV.exe,1234,0x0,DXGI,0,0,0,Hardware: Legacy Flip,0,74.944615,0.5,15.852,1.0,1.5,15.852
GTAIV.exe,1234,0x0,DXGI,0,0,0,Hardware: Legacy Flip,0,74.959683,0.5,15.068,1.0,1.5,15.068
GTAIV.exe,1234,0x0,DXGI,0,0,0,Hardware: Legacy Flip,0,74.976387,0.5,16.705,1.0,1.5,16.705
GTAIV.exe,1234,0x0,DXGI,0,0,0,Hardware: Legacy Flip,0,74.991195,0.5,14.808,1.0,1.5,14.808
GTAIV.exe,1234,0x0,DXGI,0,0,0,Hardware: Legacy Flip,0,75.009573,0.5,18.378,1.0,1.5,18.378
GTAIV.exe,1234,0x0,DXGI,0,0,0,Hardware: Legacy Flip,0,75.026639,0.5,17.065,1.0,1.5,17.065
GTAIV.exe,1234,0x0,DXGI,0,0,0,Hardware: Legacy Flip,0,75.045342,0.5,18.703,1.0,1.5,18.703
GTAIV.exe,1234,0x0,DXGI,0,0,0,Hardware: Legacy Flip,0,75.061521,0.5,16.179,1.0,1.5,16.179
GTAIV.exe,1234,0x0,DXGI,0,0,0,Hardware: Legacy Flip,0,75.077596,0.5,16.075,1.0,1.5,16.075
GTAIV.exe,1234,0x0,DXGI,0,0,0,Hardware: Legacy Flip,0,75.094831,0.5,17.235,1.0,1.5,17.235
GTAIV.exe,1234,0x0,DXGI,0,0,0,Hardware: Legacy Flip,0,75.111733,0.5,16.903,1.0,1.5,16.903
GTAIV.exe,1234,0x0,DXGI,0,0,0,Hardware: Legacy Flip,0,75.129457,0.5,17.723,1.0,1.5,17.723
GTAIV.exe,1234,0x0,DXGI,0,0,0,Hardware: Legacy Flip,0,75.147536,0.5,18.079,1.0,1.5,18.079
GTAIV.exe,1234,0x0,DXGI,0,0,0,Hardware: Legacy Flip,0,75.161727,0.5,14.191,1.0,1.5,14.191
GTAIV.exe,1234,0x0,DXGI,0,0,0,Hardware: Legacy Flip,0,75.180101,0.5,18.374,1.0,1.5,18.374
GTAIV.exe,1234,0x0,DXGI,0,0,0,Hardware: Legacy Flip,0,75.197629,0.5,17.528,1.0,1.5,17.528
GTAIV.exe,1234,0x0,DXGI,0,0,0,Hardware: Legacy Flip,0,75.214146,0.5,16.517,1.0,1.5,16.517
GTAIV.exe,1234,0x0,DXGI,0,0,0,Hardware: Legacy Flip,0,75.231166,0.5,17.020,1.0,1.5,17.020
GTAIV.exe,1234,0x0,DXGI,0,0,0,Hardware: Legacy Flip,0,75.248869,0.5,17.703,1.0,1.5,17.703
GTAIV.exe,1234,0x0,DXGI,0,0,0,Hardware: Legacy Flip,0,75.266338,0.5,17.469,1.0,1.5,17.469
GTAIV.exe,1234,0x0,DXGI,0,0,0,Hardware: Legacy Flip,0,75.285455,0.5,19.117,1.0,1.5,19.117
GTAIV.exe,1234,0x0,DXGI,0,0,0,Hardware: Legacy Flip,0,75.302164,0.5,16.709,1.0,1.5,16.709
GTAIV.exe,1234,0x0,DXGI,0,0,0,Hardware: Legacy Flip,0,75.320670,0.5,18.506,1.0,1.5,18.506
GTAIV.exe,1234,0x0,DXGI,0,0,0,Hardware: Legacy Flip,0,75.336471,0.5,15.801,1.0,1.5,15.801
GTAIV.exe,1234,0x0,DXGI,0,0,0,Hardware: Legacy Flip,0,75.352659,0.5,16.187,1.0,1.5,16.187
GTAIV.exe,1234,0x0,DXGI,0,0,0,Hardware: Legacy Flip,0,75.367757,0.5,15.098,1.0,1.5,15.098
GTAIV.exe,1234,0x0,DXGI,0,0,0,Hardware: Legacy Flip,0,75.385911,0.5,18.155,1.0,1.5,18.155
GTAIV.exe,1234,0x0,DXGI,0,0,0,Hardware: Legacy Flip,0,75.401944,0.5,16.033,1.0,1.5,16.033
GTAIV.exe,1234,0x0,DXGI,0,0,0,Hardware: Legacy Flip,0,75.417988,0.5,16.044,1.0,1.5,16.044
GTAIV.exe,1234,0x0,DXGI,0,0,0,Hardware: Legacy Flip,0,75.436030,0.5,18.042,1.0,1.5,18.042
GTAIV.exe,1234,0x0,DXGI,0,0,0,Hardware: Legacy Flip,0,75.452491,0.5,16.461,1.0,1.5,16.461
GTAIV.exe,1234,0x0,DXGI,0,0,0,Hardware: Legacy Flip,0,75.468771,0.5,16.279,1.0,1.5,16.279
GTAIV.exe,1234,0x0,DXGI,0,0,0,Hardware: Legacy Flip,0,75.486051,0.5,17.280,1.0,1.5,17.280
GTAIV.exe,1234,0x0,DXGI,0,0,0,Hardware: Legacy Flip,0,75.502831,0.5,16.781,1.0,1.5,16.781
GTAIV.exe,1234,0x0,DXGI,0,0,0,Hardware: Legacy Flip,0,75.519864,0.5,17.033,1.0,1.5,17.033
GTAIV.exe,1234,0x0,DXGI,0,0,0,Hardware: Legacy Flip,0,75.536596,0.5,16.732,1.0,1.5,16.732
GTAIV.exe,1234,0x0,DXGI,0,0,0,Hardware: Legacy Flip,0,75.553148,0.5,16.551,1.0,1.5,16.551
GTAIV.exe,1234,0x0,DXGI,0,0,0,Hardware: Legacy Flip,0,75.567811,0.5,14.663,1.0,1.5,14.663
GTAIV.exe,1234,0x0,DXGI,0,0,0,Hardware: Legacy Flip,0,75.584406,0.5,16.595,1.0,1.5,16.595
GTAIV.exe,1234,0x0,DXGI,0,0,0,Hardware: Legacy Flip,0,75.602567,0.5,18.161,1.0,1.5,18.161
GTAIV.exe,1234,0x0,DXGI,0,0,0,Hardware: Legacy Flip,0,75.620436,0.5,17.868,1.0,1.5,17.868
GTAIV.exe,1234,0x0,DXGI,0,0,0,Hardware: Legacy Flip,0,75.637114,0.5,16.678,1.0,1.5,16.678
GTAIV.exe,1234,0x0,DXGI,0,0,0,Hardware: Legacy Flip,0,75.654153,0.5,17.040,1.0,1.5,17.040
GTAIV.exe,1234,0x0,DXGI,0,0,0,Hardware: Legacy Flip,0,75.671589,0.5,17.435,1.0,1.5,17.435
GTAIV.exe,1234,0x0,DXGI,0,0,0,Hardware: Legacy Flip,0,75.688208,0.5,16.619,1.0,1.5,16.619
GTAIV.exe,1234,0x0,DXGI,0,0,0,Hardware: Legacy Flip,0,75.704599,0.5,16.391,1.0,1.5,16.391
GTAIV.exe,1234,0x0,DXGI,0,0,0,Hardware: Legacy Flip,0,75.720564,0.5,15.965,1.0,1.5,15.965
GTAIV.exe,1234,0x0,DXGI,0,0,0,Hardware: Legacy Flip,0,75.736551,0.5,15.987,1.0,1.5,15.987
GTAIV.exe,1234,0x0,DXGI,0,0,0,Hardware: Legacy Flip,0,75.754924,0.5,18.373,1.0,1.5,18.373
GTAIV.exe,1234,0x0,DXGI,0,0,0,Hardware: Legacy Flip,0,75.769093,0.5,14.169,1.0,1.5,14.169
GTAIV.exe,1234,0x0,DXGI,0,0,0,Hardware: Legacy Flip,0,75.786402,0.5,17.309,1.0,1.5,17.309
GTAIV.exe,1234,0x0,DXGI,0,0,0,Hardware: Legacy Flip,0,75.803900,0.5,17.498,1.0,1.5,17.498
GTAIV.exe,1234,0x0,DXGI,0,0,0,Hardware: Legacy Flip,0,75.820380,0.5,16.480,1.0,1.5,16.480
GTAIV.exe,1234,0x0,DXGI,0,0,0,Hardware: Legacy Flip,0,75.837285,0.5,16.905,1.0,1.5,16.905
GTAIV.exe,1234,0x0,DXGI,0,0,0,Hardware: Legacy Flip,0,75.854414,0.5,17.128,1.0,1.5,17.128
GTAIV.exe,1234,0x0,DXGI,0,0,0,Hardware: Legacy Flip,0,75.871331,0.5,16.917,1.0,1.5,16.917
GTAIV.exe,1234,0x0,DXGI,0,0,0,Hardware: Legacy Flip,0,75.888725,0.5,17.394,1.0,1.5,17.394
GTAIV.exe,1234,0x0,DXGI,0,0,0,Hardware: Legacy Flip,0,75.903525,0.5,14.800,1.0,1.5,14.800
GTAIV.exe,1234,0x0,DXGI,0,0,0,Hardware: Legacy Flip,0,75.920598,0.5,17.073,1.0,1.5,17.073
GTAIV.exe,1234,0x0,DXGI,0,0,0,Hardware: Legacy Flip,0,75.937519,0.5,16.922,1.0,1.5,16.922
GTAIV.exe,1234,0x0,DXGI,0,0,0,Hardware: Legacy Flip,0,75.954941,0.5,17.422,1.0,1.5,17.422
GTAIV.exe,1234,0x0,DXGI,0,0,0,Hardware: Legacy Flip,0,75.971252,0.5,16.311,1.0,1.5,16.311
GTAIV.exe,1234,0x0,DXGI,0,0,0,Hardware: Legacy Flip,0,75.987848,0.5,16.596,1.0,1.5,16.596
GTAIV.exe,1234,0x0,DXGI,0,0,0,Hardware: Legacy Flip,0,76.004399,0.5,16.551,1.0,1.5,16.551
GTAIV.exe,1234,0x0,DXGI,0,0,0,Hardware: Legacy Flip,0,76.021665,0.5,17.266,1.0,1.5,17.266
GTAIV.exe,1234,0x0,DXGI,0,0,0,Hardware: Legacy Flip,0,76.036580,0.5,14.915,1.0,1.5,14.915
GTAIV.exe,1234,0x0,DXGI,0,0,0,Hardware: Legacy Flip,0,76.052618,0.5,16.037,1.0,1.5,16.037
GTAIV.exe,1234,0x0,DXGI,0,0,0,Hardware: Legacy Flip,0,76.069038,0.5,16.420,1.0,1.5,16.420
GTAIV.exe,1234,0x0,DXGI,0,0,0,Hardware: Legacy Flip,0,76.084451,0.5,15.413,1.0,1.5,15.413
GTAIV.exe,1234,0x0,DXGI,0,0,0,Hardware: Legacy Flip,0,76.100474,0.5,16.023,1.0,1.5,16.023
GTAIV.exe,1234,0x0,DXGI,0,0,0,Hardware: Legacy Flip,0,76.118151,0.5,17.678,1.0,1.5,17.678
GTAIV.exe,1234,0x0,DXGI,0,0,0,Hardware: Legacy Flip,0,76.135141,0.5,16.990,1.0,1.5,16.990
GTAIV.exe,1234,0x0,DXGI,0,0,0,Hardware: Legacy Flip,0,76.150128,0.5,14.987,1.0,1.5,14.987
GTAIV.exe,1234,0x0,DXGI,0,0,0,Hardware: Legacy Flip,0,76.167603,0.5,17.475,1.0,1.5,17.475
GTAIV.exe,1234,0x0,DXGI,0,0,0,Hardware: Legacy Flip,0,76.182986,0.5,15.383,1.0,1.5,15.383
GTAIV.exe,1234,0x0,DXGI,0,0,0,Hardware: Legacy Flip,0,76.200492,0.5,17.506,1.0,1.5,17.506
GTAIV.exe,1234,0x0,DXGI,0,0,0,Hardware: Legacy Flip,0,76.217062,0.5,16.570,1.0,1.5,16.570
GTAIV.exe,1234,0x0,DXGI,0,0,0,Hardware: Legacy Flip,0,76.233802,0.5,16.740,1.0,1.5,16.740
GTAIV.exe,1234,0x0,DXGI,0,0,0,Hardware: Legacy Flip,0,76.251735,0.5,17.933,1.0,1.5,17.933
GTAIV.exe,1234,0x0,DXGI,0,0,0,Hardware: Legacy Flip,0,76.270180,0.5,18.446,1.0,1.5,18.446
GTAIV.exe,1234,0x0,DXGI,0,0,0,Hardware: Legacy Flip,0,76.288074,0.5,17.894,1.0,1.5,17.894
GTAIV.exe,1234,0x0,DXGI,0,0,0,Hardware: Legacy Flip,0,76.305439,0.5,17.365,1.0,1.5,17.365
GTAIV.exe,1234,0x0,DXGI,0,0,0,Hardware: Legacy Flip,0,76.320705,0.5,15.266,1.0,1.5,15.266
GTAIV.exe,1234,0x0,DXGI,0,0,0,Hardware: Legacy Flip,0,76.337646,0.5,16.941,1.0,1.5,16.941
GTAIV.exe,1234,0x0,DXGI,0,0,0,Hardware: Legacy Flip,0,76.352700,0.5,15.054,1.0,1.5,15.054
GTAIV.exe,1234,0x0,DXGI,0,0,0,Hardware: Legacy Flip,0,76.370195,0.5,17.495,1.0,1.5,17.495
GTAIV.exe,1234,0x0,DXGI,0,0,0,Hardware: Legacy Flip,0,76.386303,0.5,16.108,1.0,1.5,16.108
GTAIV.exe,1234,0x0,DXGI,0,0,0,Hardware: Legacy Flip,0,76.399654,0.5,13.351,1.0,1.5,13.351
GTAIV.exe,1234,0x0,DXGI,0,0,0,Hardware: Legacy Flip,0,76.416295,0.5,16.640,1.0,1.5,16.640
GTAIV.exe,1234,0x0,DXGI,0,0,0,Hardware: Legacy Flip,0,76.434168,0.5,17.873,1.0,1.5,17.873
GTAIV.exe,1234,0x0,DXGI,0,0,0,Hardware: Legacy Flip,0,76.450621,0.5,16.453,1.0,1.5,16.453
GTAIV.exe,1234,0x0,DXGI,0,0,0,Hardware: Legacy Flip,0,76.467722,0.5,17.101,1.0,1.5,17.101
GTAIV.exe,1234,0x0,DXGI,0,0,0,Hardware: Legacy Flip,0,76.485431,0.5,17.709,1.0,1.5,17.709
GTAIV.exe,1234,0x0,DXGI,0,0,0,Hardware: Legacy Flip,0,76.500760,0.5,15.329,1.0,1.5,15.329
GTAIV.exe,1234,0x0,DXGI,0,0,0,Hardware: Legacy Flip,0,76.517072,0.5,16.312,1.0,1.5,16.312
GTAIV.exe,1234,0x0,DXGI,0,0,0,Hardware: Legacy Flip,0,76.533751,0.5,16.679,1.0,1.5,16.679
GTAIV.exe,1234,0x0,DXGI,0,0,0,Hardware: Legacy Flip,0,76.550098,0.5,16.347,1.0,1.5,16.347
GTAIV.exe,1234,0x0,DXGI,0,0,0,Hardware: Legacy Flip,0,76.565480,0.5,15.382,1.0,1.5,15.382
GTAIV.exe,1234,0x0,DXGI,0,0,0,Hardware: Legacy Flip,0,76.583097,0.5,17.618,1.0,1.5,17.618
GTAIV.exe,1234,0x0,DXGI,0,0,0,Hardware: Legacy Flip,0,76.598266,0.5,15.169,1.0,1.5,15.169
GTAIV.exe,1234,0x0,DXGI,0,0,0,Hardware: Legacy Flip,0,76.613879,0.5,15.613,1.0,1.5,15.613
GTAIV.exe,1234,0x0,DXGI,0,0,0,Hardware: Legacy Flip,0,76.631852,0.5,17.973,1.0,1.5,17.973
GTAIV.exe,1234,0x0,DXGI,0,0,0,Hardware: Legacy Flip,0,76.649112,0.5,17.259,1.0,1.5,17.259
GTAIV.exe,1234,0x0,DXGI,0,0,0,Hardware: Legacy Flip,0,76.665377,0.5,16.266,1.0,1.5,16.266
GTAIV.exe,1234,0x0,DXGI,0,0,0,Hardware: Legacy Flip,0,76.680805,0.5,15.427,1.0,1.5,15.427
GTAIV.exe,1234,0x0,DXGI,0,0,0,Hardware: Legacy Flip,0,76.696430,0.5,15.626,1.0,1.5,15.626
GTAIV.exe,1234,0x0,DXGI,0,0,0,Hardware: Legacy Flip,0,76.714373,0.5,17.942,1.0,1.5,17.942
GTAIV.exe,1234,0x0,DXGI,0,0,0,Hardware: Legacy Flip,0,76.730150,0.5,15.777,1.0,1.5,15.777
GTAIV.exe,1234,0x0,DXGI,0,0,0,Hardware: Legacy Flip,0,76.748061,0.5,17.911,1.0,1.5,17.911
GTAIV.exe,1234,0x0,DXGI,0,0,0,Hardware: Legacy Flip,0,76.763754,0.5,15.693,1.0,1.5,15.693
GTAIV.exe,1234,0x0,DXGI,0,0,0,Hardware: Legacy Flip,0,76.780894,0.5,17.140,1.0,1.5,17.140
GTAIV.exe,1234,0x0,DXGI,0,0,0,Hardware: Legacy Flip,0,76.797048,0.5,16.154,1.0,1.5,16.154
GTAIV.exe,1234,0x0,DXGI,0,0,0,Hardware: Legacy Flip,0,76.813773,0.5,16.724,1.0,1.5,16.724
GTAIV.exe,1234,0x0,DXGI,0,0,0,Hardware: Legacy Flip,0,76.831383,0.5,17.610,1.0,1.5,17.610
GTAIV.exe,1234,0x0,DXGI,0,0,0,Hardware: Legacy Flip,0,76.848905,0.5,17.522,1.0,1.5,17.522
GTAIV.exe,1234,0x0,DXGI,0,0,0,Hardware: Legacy Flip,0,76.865640,0.5,16.735,1.0,1.5,16.735
GTAIV.exe,1234,0x0,DXGI,0,0,0,Hardware: Legacy Flip,0,76.882792,0.5,17.152,1.0,1.5,17.152
GTAIV.exe,1234,0x0,DXGI,0,0,0,Hardware: Legacy Flip,0,76.897866,0.5,15.075,1.0,1.5,15.075
GTAIV.exe,1234,0x0,DXGI,0,0,0,Hardware: Legacy Flip,0,76.913413,0.5,15.546,1.0,1.5,15.546
GTAIV.exe,1234,0x0,DXGI,0,0,0,Hardware: Legacy Flip,0,76.930357,0.5,16.944,1.0,1.5,16.944
GTAIV.exe,1234,0x0,DXGI,0,0,0,Hardware: Legacy Flip,0,76.948871,0.5,18.515,1.0,1.5,18.515
GTAIV.exe,1234,0x0,DXGI,0,0,0,Hardware: Legacy Flip,0,76.966216,0.5,17.344,1.0,1.5,17.344
GTAIV.exe,1234,0x0,DXGI,0,0,0,Hardware: Legacy Flip,0,76.981823,0.5,15.607,1.0,1.5,15.607
GTAIV.exe,1234,0x0,DXGI,0,0,0,Hardware: Legacy Flip,0,76.996819,0.5,14.996,1.0,1.5,14.996
GTAIV.exe,1234,0x0,DXGI,0,0,0,Hardware: Legacy Flip,0,77.014006,0.5,17.187,1.0,1.5,17.187
GTAIV.exe,1234,0x0,DXGI,0,0,0,Hardware: Legacy Flip,0,77.029234,0.5,15.228,1.0,1.5,15.228
GTAIV.exe,1234,0x0,DXGI,0,0,0,Hardware: Legacy Flip,0,77.047205,0.5,17.971,1.0,1.5,17.971
GTAIV.exe,1234,0x0,DXGI,0,0,0,Hardware: Legacy Flip,0,77.064945,0.5,17.740,1.0,1.5,17.740
GTAIV.exe,1234,0x0,DXGI,0,0,0,Hardware: Legacy Flip,0,77.083206,0.5,18.261,1.0,1.5,18.261
GTAIV.exe,1234,0x0,DXGI,0,0,0,Hardware: Legacy Flip,0,77.100280,0.5,17.074,1.0,1.5,17.074
GTAIV.exe,1234,0x0,DXGI,0,0,0,Hardware: Legacy Flip,0,77.116525,0.5,16.245,1.0,1.5,16.245
GTAIV.exe,1234,0x0,DXGI,0,0,0,Hardware: Legacy Flip,0,77.133503,0.5,16.977,1.0,1.5,16.977
GTAIV.exe,1234,0x0,DXGI,0,0,0,Hardware: Legacy Flip,0,77.150300,0.5,16.798,1.0,1.5,16.798
GTAIV.exe,1234,0x0,DXGI,0,0,0,Hardware: Legacy Flip,0,77.166927,0.5,16.627,1.0,1.5,16.627
GTAIV.exe,1234,0x0,DXGI,0,0,0,Hardware: Legacy Flip,0,77.183678,0.5,16.751,1.0,1.5,16.751
GTAIV.exe,1234,0x0,DXGI,0,0,0,Hardware: Legacy Flip,0,77.199623,0.5,15.945,1.0,1.5,15.945
GTAIV.exe,1234,0x0,DXGI,0,0,0,Hardware: Legacy Flip,0,77.217880,0.5,18.257,1.0,1.5,18.257
GTAIV.exe,1234,0x0,DXGI,0,0,0,Hardware: Legacy Flip,0,77.234242,0.5,16.362,1.0,1.5,16.362
GTAIV.exe,1234,0x0,DXGI,0,0,0,Hardware: Legacy Flip,0,77.252524,0.5,18.282,1.0,1.5,18.282
GTAIV.exe,1234,0x0,DXGI,0,0,0,Hardware: Legacy Flip,0,77.269125,0.5,16.601,1.0,1.5,16.601
GTAIV.exe,1234,0x0,DXGI,0,0,0,Hardware: Legacy Flip,0,77.286826,0.5,17.701,1.0,1.5,17.701
GTAIV.exe,1234,0x0,DXGI,0,0,0,Hardware: Legacy Flip,0,77.303963,0.5,17.137,1.0,1.5,17.137
GTAIV.exe,1234,0x0,DXGI,0,0,0,Hardware: Legacy Flip,0,77.321159,0.5,17.196,1.0,1.5,17.196
GTAIV.exe,1234,0x0,DXGI,0,0,0,Hardware: Legacy Flip,0,77.336328,0.5,15.169,1.0,1.5,15.169
GTAIV.exe,1234,0x0,DXGI,0,0,0,Hardware: Legacy Flip,0,77.354921,0.5,18.593,1.0,1.5,18.593
GTAIV.exe,1234,0x0,DXGI,0,0,0,Hardware: Legacy Flip,0,77.371114,0.5,16.193,1.0,1.5,16.193
GTAIV.exe,1234,0x0,DXGI,0,0,0,Hardware: Legacy Flip,0,77.387091,0.5,15.977,1.0,1.5,15.977
GTAIV.exe,1234,0x0,DXGI,0,0,0,Hardware: Legacy Flip,0,77.404634,0.5,17.543,1.0,1.5,17.543
GTAIV.exe,1234,0x0,DXGI,0,0,0,Hardware: Legacy Flip,0,77.421423,0.5,16.789,1.0,1.5,16.789
GTAIV.exe,1234,0x0,DXGI,0,0,0,Hardware: Legacy Flip,0,77.437460,0.5,16.037,1.0,1.5,16.037
GTAIV.exe,1234,0x0,DXGI,0,0,0,Hardware: Legacy Flip,0,77.453251,0.5,15.792,1.0,1.5,15.792
GTAIV.exe,1234,0x0,DXGI,0,0,0,Hardware: Legacy Flip,0,77.471047,0.5,17.796,1.0,1.5,17.796
GTAIV.exe,1234,0x0,DXGI,0,0,0,Hardware: Legacy Flip,0,77.488117,0.5,17.070,1.0,1.5,17.070
GTAIV.exe,1234,0x0,DXGI,0,0,0,Hardware: Legacy Flip,0,77.505346,0.5,17.229,1.0,1.5,17.229
GTAIV.exe,1234,0x0,DXGI,0,0,0,Hardware: Legacy Flip,0,77.521460,0.5,16.115,1.0,1.5,16.115
GTAIV.exe,1234,0x0,DXGI,0,0,0,Hardware: Legacy Flip,0,77.539243,0.5,17.783,1.0,1.5,17.783
GTAIV.exe,1234,0x0,DXGI,0,0,0,Hardware: Legacy Flip,0,77.556028,0.5,16.785,1.0,1.5,16.785
GTAIV.exe,1234,0x0,DXGI,0,0,0,Hardware: Legacy Flip,0,77.573203,0.5,17.175,1.0,1.5,17.175
GTAIV.exe,1234,0x0,DXGI,0,0,0,Hardware: Legacy Flip,0,77.589557,0.5,16.354,1.0,1.5,16.354
GTAIV.exe,1234,0x0,DXGI,0,0,0,Hardware: Legacy Flip,0,77.604852,0.5,15.295,1.0,1.5,15.295
GTAIV.exe,1234,0x0,DXGI,0,0,0,Hardware: Legacy Flip,0,77.622137,0.5,17.285,1.0,1.5,17.285
GTAIV.exe,1234,0x0,DXGI,0,0,0,Hardware: Legacy Flip,0,77.639792,0.5,17.656,1.0,1.5,17.656
GTAIV.exe,1234,0x0,DXGI,0,0,0,Hardware: Legacy Flip,0,77.655969,0.5,16.176,1.0,1.5,16.176
GTAIV.exe,1234,0x0,DXGI,0,0,0,Hardware: Legacy Flip,0,77.671528,0.5,15.559,1.0,1.5,15.559
GTAIV.exe,1234,0x0,DXGI,0,0,0,Hardware: Legacy Flip,0,77.690057,0.5,18.529,1.0,1.5,18.529
GTAIV.exe,1234,0x0,DXGI,0,0,0,Hardware: Legacy Flip,0,77.708273,0.5,18.216,1.0,1.5,18.216
GTAIV.exe,1234,0x0,DXGI,0,0,0,Hardware: Legacy Flip,0,77.724494,0.5,16.221,1.0,1.5,16.221
GTAIV.exe,1234,0x0,DXGI,0,0,0,Hardware: Legacy Flip,0,77.742944,0.5,18.450,1.0,1.5,18.450
GTAIV.exe,1234,0x0,DXGI,0,0,0,Hardware: Legacy Flip,0,77.759259,0.5,16.314,1.0,1.5,16.314
GTAIV.exe,1234,0x0,DXGI,0,0,0,Hardware: Legacy Flip,0,77.775434,0.5,16.175,1.0,1.5,16.175
GTAIV.exe,1234,0x0,DXGI,0,0,0,Hardware: Legacy Flip,0,77.790543,0.5,15.110,1.0,1.5,15.110
GTAIV.exe,1234,0x0,DXGI,0,0,0,Hardware: Legacy Flip,0,77.806463,0.5,15.919,1.0,1.5,15.919
GTAIV.exe,1234,0x0,DXGI,0,0,0,Hardware: Legacy Flip,0,77.825090,0.5,18.627,1.0,1.5,18.627
GTAIV.exe,1234,0x0,DXGI,0,0,0,Hardware: Legacy Flip,0,77.841028,0.5,15.938,1.0,1.5,15.938
GTAIV.exe,1234,0x0,DXGI,0,0,0,Hardware: Legacy Flip,0,77.859135,0.5,18.107,1.0,1.5,18.107
GTAIV.exe,1234,0x0,DXGI,0,0,0,Hardware: Legacy Flip,0,77.874538,0.5,15.404,1.0,1.5,15.404
GTAIV.exe,1234,0x0,DXGI,0,0,0,Hardware: Legacy Flip,0,77.891380,0.5,16.842,1.0,1.5,16.842
GTAIV.exe,1234,0x0,DXGI,0,0,0,Hardware: Legacy Flip,0,77.907692,0.5,16.313,1.0,1.5,16.313
GTAIV.exe,1234,0x0,DXGI,0,0,0,Hardware: Legacy Flip,0,77.924078,0.5,16.385,1.0,1.5,16.385
GTAIV.exe,1234,0x0,DXGI,0,0,0,Hardware: Legacy Flip,0,77.941078,0.5,17.000,1.0,1.5,17.000
GTAIV.exe,1234,0x0,DXGI,0,0,0,Hardware: Legacy Flip,0,77.958101,0.5,17.024,1.0,1.5,17.024
GTAIV.exe,1234,0x0,DXGI,0,0,0,Hardware: Legacy Flip,0,77.974257,0.5,16.156,1.0,1.5,16.156
GTAIV.exe,1234,0x0,DXGI,0,0,0,Hardware: Legacy Flip,0,77.991091,0.5,16.833,1.0,1.5,16.833
GTAIV.exe,1234,0x0,DXGI,0,0,0,Hardware: Legacy Flip,0,78.007377,0.5,16.286,1.0,1.5,16.286
GTAIV.exe,1234,0x0,DXGI,0,0,0,Hardware: Legacy Flip,0,78.022968,0.5,15.591,1.0,1.5,15.591
GTAIV.exe,1234,0x0,DXGI,0,0,0,Hardware: Legacy Flip,0,78.041350,0.5,18.382,1.0,1.5,18.382
GTAIV.exe,1234,0x0,DXGI,0,0,0,Hardware: Legacy Flip,0,78.057400,0.5,16.050,1.0,1.5,16.050
GTAIV.exe,1234,0x0,DXGI,0,0,0,Hardware: Legacy Flip,0,78.073295,0.5,15.895,1.0,1.5,15.895
GTAIV.exe,1234,0x0,DXGI,0,0,0,Hardware: Legacy Flip,0,78.089513,0.5,16.219,1.0,1.5,16.219
GTAIV.exe,1234,0x0,DXGI,0,0,0,Hardware: Legacy Flip,0,78.106806,0.5,17.292,1.0,1.5,17.292
GTAIV.exe,1234,0x0,DXGI,0,0,0,Hardware: Legacy Flip,0,78.124202,0.5,17.396,1.0,1.5,17.396
GTAIV.exe,1234,0x0,DXGI,0,0,0,Hardware: Legacy Flip,0,78.141613,0.5,17.411,1.0,1.5,17.411
GTAIV.exe,1234,0x0,DXGI,0,0,0,Hardware: Legacy Flip,0,78.158479,0.5,16.866,1.0,1.5,16.866
GTAIV.exe,1234,0x0,DXGI,0,0,0,Hardware: Legacy Flip,0,78.177712,0.5,19.233,1.0,1.5,19.233
GTAIV.exe,1234,0x0,DXGI,0,0,0,Hardware: Legacy Flip,0,78.191598,0.5,13.886,1.0,1.5,13.886
GTAIV.exe,1234,0x0,DXGI,0,0,0,Hardware: Legacy Flip,0,78.208127,0.5,16.528,1.0,1.5,16.528
GTAIV.exe,1234,0x0,DXGI,0,0,0,Hardware: Legacy Flip,0,78.223750,0.5,15.623,1.0,1.5,15.623
GTAIV.exe,1234,0x0,DXGI,0,0,0,Hardware: Legacy Flip,0,78.240030,0.5,16.280,1.0,1.5,16.280
GTAIV.exe,1234,0x0,DXGI,0,0,0,Hardware: Legacy Flip,0,78.255868,0.5,15.838,1.0,1.5,15.838
GTAIV.exe,1234,0x0,DXGI,0,0,0,Hardware: Legacy Flip,0,78.272856,0.5,16.988,1.0,1.5,16.988
GTAIV.exe,1234,0x0,DXGI,0,0,0,Hardware: Legacy Flip,0,78.286753,0.5,13.897,1.0,1.5,13.897
GTAIV.exe,1234,0x0,DXGI,0,0,0,Hardware: Legacy Flip,0,78.303007,0.5,16.254,1.0,1.5,16.254
GTAIV.exe,1234,0x0,DXGI,0,0,0,Hardware: Legacy Flip,0,78.320468,0.5,17.461,1.0,1.5,17.461
GTAIV.exe,1234,0x0,DXGI,0,0,0,Hardware: Legacy Flip,0,78.337079,0.5,16.610,1.0,1.5,16.610
GTAIV.exe,1234,0x0,DXGI,0,0,0,Hardware: Legacy Flip,0,78.353934,0.5,16.855,1.0,1.5,16.855
GTAIV.exe,1234,0x0,DXGI,0,0,0,Hardware: Legacy Flip,0,78.369418,0.5,15.485,1.0,1.5,15.485
GTAIV.exe,1234,0x0,DXGI,0,0,0,Hardware: Legacy Flip,0,78.386185,0.5,16.767,1.0,1.5,16.767
GTAIV.exe,1234,0x0,DXGI,0,0,0,Hardware: Legacy Flip,0,78.403755,0.5,17.569,1.0,1.5,17.569
GTAIV.exe,1234,0x0,DXGI,0,0,0,Hardware: Legacy Flip,0,78.423591,0.5,19.837,1.0,1.5,19.837
GTAIV.exe,1234,0x0,DXGI,0,0,0,Hardware: Legacy Flip,0,78.440336,0.5,16.745,1.0,1.5,16.745
GTAIV.exe,1234,0x0,DXGI,0,0,0,Hardware: Legacy Flip,0,78.456477,0.5,16.141,1.0,1.5,16.141
GTAIV.exe,1234,0x0,DXGI,0,0,0,Hardware: Legacy Flip,0,78.471980,0.5,15.504,1.0,1.5,15.504
GTAIV.exe,1234,0x0,DXGI,0,0,0,Hardware: Legacy Flip,0,78.489848,0.5,17.867,1.0,1.5,17.867
GTAIV.exe,1234,0x0,DXGI,0,0,0,Hardware: Legacy Flip,0,78.505821,0.5,15.974,1.0,1.5,15.974
GTAIV.exe,1234,0x0,DXGI,0,0,0,Hardware: Legacy Flip,0,78.522232,0.5,16.410,1.0,1.5,16.410
GTAIV.exe,1234,0x0,DXGI,0,0,0,Hardware: Legacy Flip,0,78.539155,0.5,16.923,1.0,1.5,16.923
GTAIV.exe,1234,0x0,DXGI,0,0,0,Hardware: Legacy Flip,0,78.558292,0.5,19.138,1.0,1.5,19.138
GTAIV.exe,1234,0x0,DXGI,0,0,0,Hardware: Legacy Flip,0,78.574039,0.5,15.746,1.0,1.5,15.746
GTAIV.exe,1234,0x0,DXGI,0,0,0,Hardware: Legacy Flip,0,78.590612,0.5,16.574,1.0,1.5,16.574
GTAIV.exe,1234,0x0,DXGI,0,0,0,Hardware: Legacy Flip,0,78.605317,0.5,14.704,1.0,1.5,14.704
GTAIV.exe,1234,0x0,DXGI,0,0,0,Hardware: Legacy Flip,0,78.621173,0.5,15.856,1.0,1.5,15.856
GTAIV.exe,1234,0x0,DXGI,0,0,0,Hardware: Legacy Flip,0,78.635907,0.5,14.735,1.0,1.5,14.735
GTAIV.exe,1234,0x0,DXGI,0,0,0,Hardware: Legacy Flip,0,78.651350,0.5,15.443,1.0,1.5,15.443
GTAIV.exe,1234,0x0,DXGI,0,0,0,Hardware: Legacy Flip,0,78.667364,0.5,16.013,1.0,1.5,16.013
GTAIV.exe,1234,0x0,DXGI,0,0,0,Hardware: Legacy Flip,0,78.683436,0.5,16.072,1.0,1.5,16.072
GTAIV.exe,1234,0x0,DXGI,0,0,0,Hardware: Legacy Flip,0,78.702100,0.5,18.664,1.0,1.5,18.664
GTAIV.exe,1234,0x0,DXGI,0,0,0,Hardware: Legacy Flip,0,78.717405,0.5,15.305,1.0,1.5,15.305
GTAIV.exe,1234,0x0,DXGI,0,0,0,Hardware: Legacy Flip,0,78.735376,0.5,17.971,1.0,1.5,17.971
GTAIV.exe,1234,0x0,DXGI,0,0,0,Hardware: Legacy Flip,0,78.753852,0.5,18.476,1.0,1.5,18.476
GTAIV.exe,1234,0x0,DXGI,0,0,0,Hardware: Legacy Flip,0,78.770217,0.5,16.364,1.0,1.5,16.364
GTAIV.exe,1234,0x0,DXGI,0,0,0,Hardware: Legacy Flip,0,78.786116,0.5,15.899,1.0,1.5,15.899
GTAIV.exe,1234,0x0,DXGI,0,0,0,Hardware: Legacy Flip,0,78.803766,0.5,17.650,1.0,1.5,17.650
GTAIV.exe,1234,0x0,DXGI,0,0,0,Hardware: Legacy Flip,0,78.823046,0.5,19.279,1.0,1.5,19.279
GTAIV.exe,1234,0x0,DXGI,0,0,0,Hardware: Legacy Flip,0,78.840049,0.5,17.003,1.0,1.5,17.003
GTAIV.exe,1234,0x0,DXGI,0,0,0,Hardware: Legacy Flip,0,78.858196,0.5,18.147,1.0,1.5,18.147
GTAIV.exe,1234,0x0,DXGI,0,0,0,Hardware: Legacy Flip,0,78.873934,0.5,15.738,1.0,1.5,15.738
GTAIV.exe,1234,0x0,DXGI,0,0,0,Hardware: Legacy Flip,0,78.891482,0.5,17.547,1.0,1.5,17.547
GTAIV.exe,1234,0x0,DXGI,0,0,0,Hardware: Legacy Flip,0,78.909440,0.5,17.959,1.0,1.5,17.959
GTAIV.exe,1234,0x0,DXGI,0,0,0,Hardware: Legacy Flip,0,78.926703,0.5,17.263,1.0,1.5,17.263
GTAIV.exe,1234,0x0,DXGI,0,0,0,Hardware: Legacy Flip,0,78.945578,0.5,18.875,1.0,1.5,18.875
GTAIV.exe,1234,0x0,DXGI,0,0,0,Hardware: Legacy Flip,0,78.962760,0.5,17.182,1.0,1.5,17.182
GTAIV.exe,1234,0x0,DXGI,0,0,0,Hardware: Legacy Flip,0,78.981630,0.5,18.870,1.0,1.5,18.870
GTAIV.exe,1234,0x0,DXGI,0,0,0,Hardware: Legacy Flip,0,78.997381,0.5,15.750,1.0,1.5,15.750
GTAIV.exe,1234,0x0,DXGI,0,0,0,Hardware: Legacy Flip,0,79.015202,0.5,17.821,1.0,1.5,17.821
GTAIV.exe,1234,0x0,DXGI,0,0,0,Hardware: Legacy Flip,0,79.031540,0.5,16.338,1.0,1.5,16.338
GTAIV.exe,1234,0x0,DXGI,0,0,0,Hardware: Legacy Flip,0,79.047899,0.5,16.360,1.0,1.5,16.360
GTAIV.exe,1234,0x0,DXGI,0,0,0,Hardware: Legacy Flip,0,79.064206,0.5,16.307,1.0,1.5,16.307
GTAIV.exe,1234,0x0,DXGI,0,0,0,Hardware: Legacy Flip,0,79.079968,0.5,15.762,1.0,1.5,15.762
GTAIV.exe,1234,0x0,DXGI,0,0,0,Hardware: Legacy Flip,0,79.096947,0.5,16.978,1.0,1.5,16.978
GTAIV.exe,1234,0x0,DXGI,0,0,0,Hardware: Legacy Flip,0,79.113065,0.5,16.118,1.0,1.5,16.118
GTAIV.exe,1234,0x0,DXGI,0,0,0,Hardware: Legacy Flip,0,79.128652,0.5,15.587,1.0,1.5,15.587
GTAIV.exe,1234,0x0,DXGI,0,0,0,Hardware: Legacy Flip,0,79.145105,0.5,16.453,1.0,1.5,16.453
GTAIV.exe,1234,0x0,DXGI,0,0,0,Hardware: Legacy Flip,0,79.162636,0.5,17.531,1.0,1.5,17.531
GTAIV.exe,1234,0x0,DXGI,0,0,0,Hardware: Legacy Flip,0,79.179006,0.5,16.370,1.0,1.5,16.370
GTAIV.exe,1234,0x0,DXGI,0,0,0,Hardware: Legacy Flip,0,79.195153,0.5,16.146,1.0,1.5,16.146
GTAIV.exe,1234,0x0,DXGI,0,0,0,Hardware: Legacy Flip,0,79.211889,0.5,16.736,1.0,1.5,16.736
GTAIV.exe,1234,0x0,DXGI,0,0,0,Hardware: Legacy Flip,0,79.227031,0.5,15.142,1.0,1.5,15.142
GTAIV.exe,1234,0x0,DXGI,0,0,0,Hardware: Legacy Flip,0,79.241967,0.5,14.936,1.0,1.5,14.936
GTAIV.exe,1234,0x0,DXGI,0,0,0,Hardware: Legacy Flip,0,79.258494,0.5,16.528,1.0,1.5,16.528
GTAIV.exe,1234,0x0,DXGI,0,0,0,Hardware: Legacy Flip,0,79.274295,0.5,15.801,1.0,1.5,15.801
GTAIV.exe,1234,0x0,DXGI,0,0,0,Hardware: Legacy Flip,0,79.291282,0.5,16.986,1.0,1.5,16.986
GTAIV.exe,1234,0x0,DXGI,0,0,0,Hardware: Legacy Flip,0,79.307117,0.5,15.836,1.0,1.5,15.836
GTAIV.exe,1234,0x0,DXGI,0,0,0,Hardware: Legacy Flip,0,79.323580,0.5,16.463,1.0,1.5,16.463
GTAIV.exe,1234,0x0,DXGI,0,0,0,Hardware: Legacy Flip,0,79.338657,0.5,15.077,1.0,1.5,15.077
GTAIV.exe,1234,0x0,DXGI,0,0,0,Hardware: Legacy Flip,0,79.354568,0.5,15.911,1.0,1.5,15.911
GTAIV.exe,1234,0x0,DXGI,0,0,0,Hardware: Legacy Flip,0,79.371343,0.5,16.774,1.0,1.5,16.774
GTAIV.exe,1234,0x0,DXGI,0,0,0,Hardware: Legacy Flip,0,79.389148,0.5,17.805,1.0,1.5,17.805
GTAIV.exe,1234,0x0,DXGI,0,0,0,Hardware: Legacy Flip,0,79.406552,0.5,17.404,1.0,1.5,17.404
GTAIV.exe,1234,0x0,DXGI,0,0,0,Hardware: Legacy Flip,0,79.424510,0.5,17.958,1.0,1.5,17.958
GTAIV.exe,1234,0x0,DXGI,0,0,0,Hardware: Legacy Flip,0,79.440262,0.5,15.752,1.0,1.5,15.752
GTAIV.exe,1234,0x0,DXGI,0,0,0,Hardware: Legacy Flip,0,79.458018,0.5,17.757,1.0,1.5,17.757
GTAIV.exe,1234,0x0,DXGI,0,0,0,Hardware: Legacy Flip,0,79.475482,0.5,17.464,1.0,1.5,17.464
GTAIV.exe,1234,0x0,DXGI,0,0,0,Hardware: Legacy Flip,0,79.491753,0.5,16.271,1.0,1.5,16.271
GTAIV.exe,1234,0x0,DXGI,0,0,0,Hardware: Legacy Flip,0,79.509738,0.5,17.985,1.0,1.5,17.985
GTAIV.exe,1234,0x0,DXGI,0,0,0,Hardware: Legacy Flip,0,79.526311,0.5,16.572,1.0,1.5,16.572
GTAIV.exe,1234,0x0,DXGI,0,0,0,Hardware: Legacy Flip,0,79.541521,0.5,15.211,1.0,1.5,15.211
GTAIV.exe,1234,0x0,DXGI,0,0,0,Hardware: Legacy Flip,0,79.555989,0.5,14.467,1.0,1.5,14.467
GTAIV.exe,1234,0x0,DXGI,0,0,0,Hardware: Legacy Flip,0,79.573507,0.5,17.518,1.0,1.5,17.518
GTAIV.exe,1234,0x0,DXGI,0,0,0,Hardware: Legacy Flip,0,79.589895,0.5,16.388,1.0,1.5,16.388
GTAIV.exe,1234,0x0,DXGI,0,0,0,Hardware: Legacy Flip,0,79.606293,0.5,16.399,1.0,1.5,16.399
GTAIV.exe,1234,0x0,DXGI,0,0,0,Hardware: Legacy Flip,0,79.622796,0.5,16.503,1.0,1.5,16.503
GTAIV.exe,1234,0x0,DXGI,0,0,0,Hardware: Legacy Flip,0,79.637383,0.5,14.587,1.0,1.5,14.587
GTAIV.exe,1234,0x0,DXGI,0,0,0,Hardware: Legacy Flip,0,79.652547,0.5,15.164,1.0,1.5,15.164
GTAIV.exe,1234,0x0,DXGI,0,0,0,Hardware: Legacy Flip,0,79.668225,0.5,15.678,1.0,1.5,15.678
GTAIV.exe,1234,0x0,DXGI,0,0,0,Hardware: Legacy Flip,0,79.684285,0.5,16.061,1.0,1.5,16.061
GTAIV.exe,1234,0x0,DXGI,0,0,0,Hardware: Legacy Flip,0,79.700784,0.5,16.498,1.0,1.5,16.498
GTAIV.exe,1234,0x0,DXGI,0,0,0,Hardware: Legacy Flip,0,79.717260,0.5,16.477,1.0,1.5,16.477
GTAIV.exe,1234,0x0,DXGI,0,0,0,Hardware: Legacy Flip,0,79.735185,0.5,17.925,1.0,1.5,17.925
GTAIV.exe,1234,0x0,DXGI,0,0,0,Hardware: Legacy Flip,0,79.750930,0.5,15.745,1.0,1.5,15.745
GTAIV.exe,1234,0x0,DXGI,0,0,0,Hardware: Legacy Flip,0,79.768181,0.5,17.250,1.0,1.5,17.250
GTAIV.exe,1234,0x0,DXGI,0,0,0,Hardware: Legacy Flip,0,79.783033,0.5,14.853,1.0,1.5,14.853
GTAIV.exe,1234,0x0,DXGI,0,0,0,Hardware: Legacy Flip,0,79.797565,0.5,14.531,1.0,1.5,14.531
GTAIV.exe,1234,0x0,DXGI,0,0,0,Hardware: Legacy Flip,0,79.813292,0.5,15.727,1.0,1.5,15.727
GTAIV.exe,1234,0x0,DXGI,0,0,0,Hardware: Legacy Flip,0,79.830348,0.5,17.056,1.0,1.5,17.056
GTAIV.exe,1234,0x0,DXGI,0,0,0,Hardware: Legacy Flip,0,79.846842,0.5,16.494,1.0,1.5,16.494
GTAIV.exe,1234,0x0,DXGI,0,0,0,Hardware: Legacy Flip,0,79.865050,0.5,18.208,1.0,1.5,18.208
GTAIV.exe,1234,0x0,DXGI,0,0,0,Hardware: Legacy Flip,0,79.882909,0.5,17.859,1.0,1.5,17.859
GTAIV.exe,1234,0x0,DXGI,0,0,0,Hardware: Legacy Flip,0,79.899640,0.5,16.731,1.0,1.5,16.731
GTAIV.exe,1234,0x0,DXGI,0,0,0,Hardware: Legacy Flip,0,79.913730,0.5,14.090,1.0,1.5,14.090
GTAIV.exe,1234,0x0,DXGI,0,0,0,Hardware: Legacy Flip,0,79.929813,0.5,16.083,1.0,1.5,16.083
GTAIV.exe,1234,0x0,DXGI,0,0,0,Hardware: Legacy Flip,0,79.946638,0.5,16.825,1.0,1.5,16.825
GTAIV.exe,1234,0x0,DXGI,0,0,0,Hardware: Legacy Flip,0,79.963223,0.5,16.585,1.0,1.5,16.585
GTAIV.exe,1234,0x0,DXGI,0,0,0,Hardware: Legacy Flip,0,79.979357,0.5,16.135,1.0,1.5,16.135
GTAIV.exe,1234,0x0,DXGI,0,0,0,Hardware: Legacy Flip,0,79.995910,0.5,16.553,1.0,1.5,16.553
GTAIV.exe,1234,0x0,DXGI,0,0,0,Hardware: Legacy Flip,0,80.011253,0.5,15.343,1.0,1.5,15.343
GTAIV.exe,1234,0x0,DXGI,0,0,0,Hardware: Legacy Flip,0,80.026847,0.5,15.594,1.0,1.5,15.594
GTAIV.exe,1234,0x0,DXGI,0,0,0,Hardware: Legacy Flip,0,80.043912,0.5,17.065,1.0,1.5,17.065
GTAIV.exe,1234,0x0,DXGI,0,0,0,Hardware: Legacy Flip,0,80.061336,0.5,17.423,1.0,1.5,17.423
GTAIV.exe,1234,0x0,DXGI,0,0,0,Hardware: Legacy Flip,0,80.078332,0.5,16.996,1.0,1.5,16.996
GTAIV.exe,1234,0x0,DXGI,0,0,0,Hardware: Legacy Flip,0,80.095965,0.5,17.633,1.0,1.5,17.633
GTAIV.exe,1234,0x0,DXGI,0,0,0,Hardware: Legacy Flip,0,80.111667,0.5,15.701,1.0,1.5,15.701
GTAIV.exe,1234,0x0,DXGI,0,0,0,Hardware: Legacy Flip,0,80.127770,0.5,16.103,1.0,1.5,16.103
GTAIV.exe,1234,0x0,DXGI,0,0,0,Hardware: Legacy Flip,0,80.145322,0.5,17.552,1.0,1.5,17.552
GTAIV.exe,1234,0x0,DXGI,0,0,0,Hardware: Legacy Flip,0,80.160010,0.5,14.689,1.0,1.5,14.689
GTAIV.exe,1234,0x0,DXGI,0,0,0,Hardware: Legacy Flip,0,80.177159,0.5,17.148,1.0,1.5,17.148
GTAIV.exe,1234,0x0,DXGI,0,0,0,Hardware: Legacy Flip,0,80.194023,0.5,16.864,1.0,1.5,16.864
GTAIV.exe,1234,0x0,DXGI,0,0,0,Hardware: Legacy Flip,0,80.211787,0.5,17.764,1.0,1.5,17.764
GTAIV.exe,1234,0x0,DXGI,0,0,0,Hardware: Legacy Flip,0,80.228492,0.5,16.705,1.0,1.5,16.705
GTAIV.exe,1234,0x0,DXGI,0,0,0,Hardware: Legacy Flip,0,80.243841,0.5,15.349,1.0,1.5,15.349
GTAIV.exe,1234,0x0,DXGI,0,0,0,Hardware: Legacy Flip,0,80.258133,0.5,14.292,1.0,1.5,14.292
GTAIV.exe,1234,0x0,DXGI,0,0,0,Hardware: Legacy Flip,0,80.275633,0.5,17.500,1.0,1.5,17.500
GTAIV.exe,1234,0x0,DXGI,0,0,0,Hardware: Legacy Flip,0,80.292133,0.5,16.500,1.0,1.5,16.500
GTAIV.exe,1234,0x0,DXGI,0,0,0,Hardware: Legacy Flip,0,80.309748,0.5,17.615,1.0,1.5,17.615
GTAIV.exe,1234,0x0,DXGI,0,0,0,Hardware: Legacy Flip,0,80.327690,0.5,17.942,1.0,1.5,17.942
GTAIV.exe,1234,0x0,DXGI,0,0,0,Hardware: Legacy Flip,0,80.346283,0.5,18.594,1.0,1.5,18.594
GTAIV.exe,1234,0x0,DXGI,0,0,0,Hardware: Legacy Flip,0,80.364642,0.5,18.358,1.0,1.5,18.358
GTAIV.exe,1234,0x0,DXGI,0,0,0,Hardware: Legacy Flip,0,80.381365,0.5,16.723,1.0,1.5,16.723
GTAIV.exe,1234,0x0,DXGI,0,0,0,Hardware: Legacy Flip,0,80.400171,0.5,18.807,1.0,1.5,18.807
GTAIV.exe,1234,0x0,DXGI,0,0,0,Hardware: Legacy Flip,0,80.416897,0.5,16.725,1.0,1.5,16.725
GTAIV.exe,1234,0x0,DXGI,0,0,0,Hardware: Legacy Flip,0,80.432972,0.5,16.076,1.0,1.5,16.076
GTAIV.exe,1234,0x0,DXGI,0,0,0,Hardware: Legacy Flip,0,80.450493,0.5,17.521,1.0,1.5,17.521
GTAIV.exe,1234,0x0,DXGI,0,0,0,Hardware: Legacy Flip,0,80.468330,0.5,17.837,1.0,1.5,17.837
GTAIV.exe,1234,0x0,DXGI,0,0,0,Hardware: Legacy Flip,0,80.486245,0.5,17.915,1.0,1.5,17.915
GTAIV.exe,1234,0x0,DXGI,0,0,0,Hardware: Legacy Flip,0,80.505360,0.5,19.115,1.0,1.5,19.115
GTAIV.exe,1234,0x0,DXGI,0,0,0,Hardware: Legacy Flip,0,80.521462,0.5,16.102,1.0,1.5,16.102
GTAIV.exe,1234,0x0,DXGI,0,0,0,Hardware: Legacy Flip,0,80.539423,0.5,17.961,1.0,1.5,17.961
GTAIV.exe,1234,0x0,DXGI,0,0,0,Hardware: Legacy Flip,0,80.554932,0.5,15.509,1.0,1.5,15.509
GTAIV.exe,1234,0x0,DXGI,0,0,0,Hardware: Legacy Flip,0,80.570981,0.5,16.049,1.0,1.5,16.049
GTAIV.exe,1234,0x0,DXGI,0,0,0,Hardware: Legacy Flip,0,80.588332,0.5,17.351,1.0,1.5,17.351
GTAIV.exe,1234,0x0,DXGI,0,0,0,Hardware: Legacy Flip,0,80.606963,0.5,18.631,1.0,1.5,18.631
GTAIV.exe,1234,0x0,DXGI,0,0,0,Hardware: Legacy Flip,0,80.625887,0.5,18.923,1.0,1.5,18.923
GTAIV.exe,1234,0x0,DXGI,0,0,0,Hardware: Legacy Flip,0,80.643950,0.5,18.063,1.0,1.5,18.063
GTAIV.exe,1234,0x0,DXGI,0,0,0,Hardware: Legacy Flip,0,80.660379,0.5,16.429,1.0,1.5,16.429
GTAIV.exe,1234,0x0,DXGI,0,0,0,Hardware: Legacy Flip,0,80.677169,0.5,16.790,1.0,1.5,16.790
GTAIV.exe,1234,0x0,DXGI,0,0,0,Hardware: Legacy Flip,0,80.695453,0.5,18.285,1.0,1.5,18.285
GTAIV.exe,1234,0x0,DXGI,0,0,0,Hardware: Legacy Flip,0,80.711806,0.5,16.352,1.0,1.5,16.352
GTAIV.exe,1234,0x0,DXGI,0,0,0,Hardware: Legacy Flip,0,80.730001,0.5,18.195,1.0,1.5,18.195
GTAIV.exe,1234,0x0,DXGI,0,0,0,Hardware: Legacy Flip,0,80.746976,0.5,16.976,1.0,1.5,16.976
GTAIV.exe,1234,0x0,DXGI,0,0,0,Hardware: Legacy Flip,0,80.765125,0.5,18.148,1.0,1.5,18.148
GTAIV.exe,1234,0x0,DXGI,0,0,0,Hardware: Legacy Flip,0,80.780854,0.5,15.730,1.0,1.5,15.730
GTAIV.exe,1234,0x0,DXGI,0,0,0,Hardware: Legacy Flip,0,80.797373,0.5,16.519,1.0,1.5,16.519
GTAIV.exe,1234,0x0,DXGI,0,0,0,Hardware: Legacy Flip,0,80.813688,0.5,16.315,1.0,1.5,16.315
GTAIV.exe,1234,0x0,DXGI,0,0,0,Hardware: Legacy Flip,0,80.831246,0.5,17.557,1.0,1.5,17.557
GTAIV.exe,1234,0x0,DXGI,0,0,0,Hardware: Legacy Flip,0,80.848668,0.5,17.423,1.0,1.5,17.423
GTAIV.exe,1234,0x0,DXGI,0,0,0,Hardware: Legacy Flip,0,80.867932,0.5,19.264,1.0,1.5,19.264
GTAIV.exe,1234,0x0,DXGI,0,0,0,Hardware: Legacy Flip,0,80.886286,0.5,18.354,1.0,1.5,18.354
GTAIV.exe,1234,0x0,DXGI,0,0,0,Hardware: Legacy Flip,0,80.903544,0.5,17.258,1.0,1.5,17.258
GTAIV.exe,1234,0x0,DXGI,0,0,0,Hardware: Legacy Flip,0,80.919381,0.5,15.837,1.0,1.5,15.837
GTAIV.exe,1234,0x0,DXGI,0,0,0,Hardware: Legacy Flip,0,80.935771,0.5,16.391,1.0,1.5,16.391
GTAIV.exe,1234,0x0,DXGI,0,0,0,Hardware: Legacy Flip,0,80.952288,0.5,16.517,1.0,1.5,16.517
GTAIV.exe,1234,0x0,DXGI,0,0,0,Hardware: Legacy Flip,0,80.971555,0.5,19.267,1.0,1.5,19.267
GTAIV.exe,1234,0x0,DXGI,0,0,0,Hardware: Legacy Flip,0,80.985851,0.5,14.297,1.0,1.5,14.297
GTAIV.exe,1234,0x0,DXGI,0,0,0,Hardware: Legacy Flip,0,81.001376,0.5,15.525,1.0,1.5,15.525
GTAIV.exe,1234,0x0,DXGI,0,0,0,Hardware: Legacy Flip,0,81.017847,0.5,16.471,1.0,1.5,16.471
GTAIV.exe,1234,0x0,DXGI,0,0,0,Hardware: Legacy Flip,0,81.034715,0.5,16.868,1.0,1.5,16.868
GTAIV.exe,1234,0x0,DXGI,0,0,0,Hardware: Legacy Flip,0,81.049672,0.5,14.957,1.0,1.5,14.957
GTAIV.exe,1234,0x0,DXGI,0,0,0,Hardware: Legacy Flip,0,81.067379,0.5,17.707,1.0,1.5,17.707
GTAIV.exe,1234,0x0,DXGI,0,0,0,Hardware: Legacy Flip,0,81.082819,0.5,15.440,1.0,1.5,15.440
GTAIV.exe,1234,0x0,DXGI,0,0,0,Hardware: Legacy Flip,0,81.099067,0.5,16.247,1.0,1.5,16.247
GTAIV.exe,1234,0x0,DXGI,0,0,0,Hardware: Legacy Flip,0,81.116078,0.5,17.011,1.0,1.5,17.011
GTAIV.exe,1234,0x0,DXGI,0,0,0,Hardware: Legacy Flip,0,81.134173,0.5,18.095,1.0,1.5,18.095
GTAIV.exe,1234,0x0,DXGI,0,0,0,Hardware: Legacy Flip,0,81.151941,0.5,17.768,1.0,1.5,17.768
GTAIV.exe,1234,0x0,DXGI,0,0,0,Hardware: Legacy Flip,0,81.168251,0.5,16.310,1.0,1.5,16.310
GTAIV.exe,1234,0x0,DXGI,0,0,0,Hardware: Legacy Flip,0,81.184637,0.5,16.386,1.0,1.5,16.386
GTAIV.exe,1234,0x0,DXGI,0,0,0,Hardware: Legacy Flip,0,81.199732,0.5,15.095,1.0,1.5,15.095
GTAIV.exe,1234,0x0,DXGI,0,0,0,Hardware: Legacy Flip,0,81.214678,0.5,14.946,1.0,1.5,14.946
GTAIV.exe,1234,0x0,DXGI,0,0,0,Hardware: Legacy Flip,0,81.229448,0.5,14.769,1.0,1.5,14.769
GTAIV.exe,1234,0x0,DXGI,0,0,0,Hardware: Legacy Flip,0,81.246737,0.5,17.289,1.0,1.5,17.289
GTAIV.exe,1234,0x0,DXGI,0,0,0,Hardware: Legacy Flip,0,81.263813,0.5,17.076,1.0,1.5,17.076
GTAIV.exe,1234,0x0,DXGI,0,0,0,Hardware: Legacy Flip,0,81.281524,0.5,17.711,1.0,1.5,17.711
GTAIV.exe,1234,0x0,DXGI,0,0,0,Hardware: Legacy Flip,0,81.298746,0.5,17.222,1.0,1.5,17.222
GTAIV.exe,1234,0x0,DXGI,0,0,0,Hardware: Legacy Flip,0,81.314632,0.5,15.886,1.0,1.5,15.886
GTAIV.exe,1234,0x0,DXGI,0,0,0,Hardware: Legacy Flip,0,81.329699,0.5,15.067,1.0,1.5,15.067
GTAIV.exe,1234,0x0,DXGI,0,0,0,Hardware: Legacy Flip,0,81.347093,0.5,17.394,1.0,1.5,17.394
GTAIV.exe,1234,0x0,DXGI,0,0,0,Hardware: Legacy Flip,0,81.364649,0.5,17.556,1.0,1.5,17.556
GTAIV.exe,1234,0x0,DXGI,0,0,0,Hardware: Legacy Flip,0,81.383053,0.5,18.404,1.0,1.5,18.404
GTAIV.exe,1234,0x0,DXGI,0,0,0,Hardware: Legacy Flip,0,81.401469,0.5,18.416,1.0,1.5,18.416
GTAIV.exe,1234,0x0,DXGI,0,0,0,Hardware: Legacy Flip,0,81.420197,0.5,18.727,1.0,1.5,18.727
GTAIV.exe,1234,0x0,DXGI,0,0,0,Hardware: Legacy Flip,0,81.436068,0.5,15.872,1.0,1.5,15.872
GTAIV.exe,1234,0x0,DXGI,0,0,0,Hardware: Legacy Flip,0,81.454253,0.5,18.185,1.0,1.5,18.185
GTAIV.exe,1234,0x0,DXGI,0,0,0,Hardware: Legacy Flip,0,81.468403,0.5,14.150,1.0,1.5,14.150
GTAIV.exe,1234,0x0,DXGI,0,0,0,Hardware: Legacy Flip,0,81.485565,0.5,17.162,1.0,1.5,17.162
GTAIV.exe,1234,0x0,DXGI,0,0,0,Hardware: Legacy Flip,0,81.503392,0.5,17.827,1.0,1.5,17.827
GTAIV.exe,1234,0x0,DXGI,0,0,0,Hardware: Legacy Flip,0,81.520883,0.5,17.491,1.0,1.5,17.491
GTAIV.exe,1234,0x0,DXGI,0,0,0,Hardware: Legacy Flip,0,81.536603,0.5,15.720,1.0,1.5,15.720
GTAIV.exe,1234,0x0,DXGI,0,0,0,Hardware: Legacy Flip,0,81.551886,0.5,15.283,1.0,1.5,15.283
GTAIV.exe,1234,0x0,DXGI,0,0,0,Hardware: Legacy Flip,0,81.566117,0.5,14.231,1.0,1.5,14.231
GTAIV.exe,1234,0x0,DXGI,0,0,0,Hardware: Legacy Flip,0,81.580688,0.5,14.571,1.0,1.5,14.571
GTAIV.exe,1234,0x0,DXGI,0,0,0,Hardware: Legacy Flip,0,81.596947,0.5,16.258,1.0,1.5,16.258
GTAIV.exe,1234,0x0,DXGI,0,0,0,Hardware: Legacy Flip,0,81.613507,0.5,16.560,1.0,1.5,16.560
GTAIV.exe,1234,0x0,DXGI,0,0,0,Hardware: Legacy Flip,0,81.629604,0.5,16.097,1.0,1.5,16.097
GTAIV.exe,1234,0x0,DXGI,0,0,0,Hardware: Legacy Flip,0,81.646355,0.5,16.751,1.0,1.5,16.751
GTAIV.exe,1234,0x0,DXGI,0,0,0,Hardware: Legacy Flip,0,81.664546,0.5,18.190,1.0,1.5,18.190
GTAIV.exe,1234,0x0,DXGI,0,0,0,Hardware: Legacy Flip,0,81.680825,0.5,16.280,1.0,1.5,16.280
GTAIV.exe,1234,0x0,DXGI,0,0,0,Hardware: Legacy Flip,0,81.698794,0.5,17.969,1.0,1.5,17.969
GTAIV.exe,1234,0x0,DXGI,0,0,0,Hardware: Legacy Flip,0,81.714750,0.5,15.956,1.0,1.5,15.956
GTAIV.exe,1234,0x0,DXGI,0,0,0,Hardware: Legacy Flip,0,81.732199,0.5,17.449,1.0,1.5,17.449
GTAIV.exe,1234,0x0,DXGI,0,0,0,Hardware: Legacy Flip,0,81.749624,0.5,17.426,1.0,1.5,17.426
GTAIV.exe,1234,0x0,DXGI,0,0,0,Hardware: Legacy Flip,0,81.765659,0.5,16.035,1.0,1.5,16.035
GTAIV.exe,1234,0x0,DXGI,0,0,0,Hardware: Legacy Flip,0,81.782294,0.5,16.635,1.0,1.5,16.635
GTAIV.exe,1234,0x0,DXGI,0,0,0,Hardware: Legacy Flip,0,81.798902,0.5,16.609,1.0,1.5,16.609
GTAIV.exe,1234,0x0,DXGI,0,0,0,Hardware: Legacy Flip,0,81.817915,0.5,19.013,1.0,1.5,19.013
GTAIV.exe,1234,0x0,DXGI,0,0,0,Hardware: Legacy Flip,0,81.835699,0.5,17.784,1.0,1.5,17.784
GTAIV.exe,1234,0x0,DXGI,0,0,0,Hardware: Legacy Flip,0,81.853134,0.5,17.435,1.0,1.5,17.435
GTAIV.exe,1234,0x0,DXGI,0,0,0,Hardware: Legacy Flip,0,81.869687,0.5,16.553,1.0,1.5,16.553
GTAIV.exe,1234,0x0,DXGI,0,0,0,Hardware: Legacy Flip,0,81.886144,0.5,16.457,1.0,1.5,16.457
GTAIV.exe,1234,0x0,DXGI,0,0,0,Hardware: Legacy Flip,0,81.902760,0.5,16.616,1.0,1.5,16.616
GTAIV.exe,1234,0x0,DXGI,0,0,0,Hardware: Legacy Flip,0,81.918180,0.5,15.420,1.0,1.5,15.420
GTAIV.exe,1234,0x0,DXGI,0,0,0,Hardware: Legacy Flip,0,81.934711,0.5,16.531,1.0,1.5,16.531
GTAIV.exe,1234,0x0,DXGI,0,0,0,Hardware: Legacy Flip,0,81.952412,0.5,17.701,1.0,1.5,17.701
GTAIV.exe,1234,0x0,DXGI,0,0,0,Hardware: Legacy Flip,0,81.968940,0.5,16.528,1.0,1.5,16.528
GTAIV.exe,1234,0x0,DXGI,0,0,0,Hardware: Legacy Flip,0,81.984294,0.5,15.354,1.0,1.5,15.354
GTAIV.exe,1234,0x0,DXGI,0,0,0,Hardware: Legacy Flip,0,82.002090,0.5,17.796,1.0,1.5,17.796
GTAIV.exe,1234,0x0,DXGI,0,0,0,Hardware: Legacy Flip,0,82.018653,0.5,16.562,1.0,1.5,16.562
GTAIV.exe,1234,0x0,DXGI,0,0,0,Hardware: Legacy Flip,0,82.037309,0.5,18.656,1.0,1.5,18.656
GTAIV.exe,1234,0x0,DXGI,0,0,0,Hardware: Legacy Flip,0,82.054875,0.5,17.565,1.0,1.5,17.565
GTAIV.exe,1234,0x0,DXGI,0,0,0,Hardware: Legacy Flip,0,82.070653,0.5,15.778,1.0,1.5,15.778
GTAIV.exe,1234,0x0,DXGI,0,0,0,Hardware: Legacy Flip,0,82.086083,0.5,15.430,1.0,1.5,15.430
GTAIV.exe,1234,0x0,DXGI,0,0,0,Hardware: Legacy Flip,0,82.102232,0.5,16.149,1.0,1.5,16.149
GTAIV.exe,1234,0x0,DXGI,0,0,0,Hardware: Legacy Flip,0,82.118534,0.5,16.302,1.0,1.5,16.302
GTAIV.exe,1234,0x0,DXGI,0,0,0,Hardware: Legacy Flip,0,82.134623,0.5,16.089,1.0,1.5,16.089
GTAIV.exe,1234,0x0,DXGI,0,0,0,Hardware: Legacy Flip,0,82.149466,0.5,14.843,1.0,1.5,14.843
GTAIV.exe,1234,0x0,DXGI,0,0,0,Hardware: Legacy Flip,0,82.165545,0.5,16.080,1.0,1.5,16.080
GTAIV.exe,1234,0x0,DXGI,0,0,0,Hardware: Legacy Flip,0,82.183368,0.5,17.823,1.0,1.5,17.823
GTAIV.exe,1234,0x0,DXGI,0,0,0,Hardware: Legacy Flip,0,82.198477,0.5,15.109,1.0,1.5,15.109
GTAIV.exe,1234,0x0,DXGI,0,0,0,Hardware: Legacy Flip,0,82.216986,0.5,18.509,1.0,1.5,18.509
GTAIV.exe,1234,0x0,DXGI,0,0,0,Hardware: Legacy Flip,0,82.231468,0.5,14.482,1.0,1.5,14.482
GTAIV.exe,1234,0x0,DXGI,0,0,0,Hardware: Legacy Flip,0,82.247882,0.5,16.414,1.0,1.5,16.414
GTAIV.exe,1234,0x0,DXGI,0,0,0,Hardware: Legacy Flip,0,82.262775,0.5,14.894,1.0,1.5,14.894
GTAIV.exe,1234,0x0,DXGI,0,0,0,Hardware: Legacy Flip,0,82.279166,0.5,16.391,1.0,1.5,16.391
GTAIV.exe,1234,0x0,DXGI,0,0,0,Hardware: Legacy Flip,0,82.296282,0.5,17.116,1.0,1.5,17.116
GTAIV.exe,1234,0x0,DXGI,0,0,0,Hardware: Legacy Flip,0,82.313331,0.5,17.049,1.0,1.5,17.049
GTAIV.exe,1234,0x0,DXGI,0,0,0,Hardware: Legacy Flip,0,82.330189,0.5,16.858,1.0,1.5,16.858
GTAIV.exe,1234,0x0,DXGI,0,0,0,Hardware: Legacy Flip,0,82.346742,0.5,16.553,1.0,1.5,16.553
GTAIV.exe,1234,0x0,DXGI,0,0,0,Hardware: Legacy Flip,0,82.364070,0.5,17.328,1.0,1.5,17.328
GTAIV.exe,1234,0x0,DXGI,0,0,0,Hardware: Legacy Flip,0,82.380833,0.5,16.763,1.0,1.5,16.763
GTAIV.exe,1234,0x0,DXGI,0,0,0,Hardware: Legacy Flip,0,82.399012,0.5,18.179,1.0,1.5,18.179
GTAIV.exe,1234,0x0,DXGI,0,0,0,Hardware: Legacy Flip,0,82.416348,0.5,17.335,1.0,1.5,17.335
GTAIV.exe,1234,0x0,DXGI,0,0,0,Hardware: Legacy Flip,0,82.433561,0.5,17.213,1.0,1.5,17.213
GTAIV.exe,1234,0x0,DXGI,0,0,0,Hardware: Legacy Flip,0,82.450284,0.5,16.723,1.0,1.5,16.723
GTAIV.exe,1234,0x0,DXGI,0,0,0,Hardware: Legacy Flip,0,82.467546,0.5,17.262,1.0,1.5,17.262
GTAIV.exe,1234,0x0,DXGI,0,0,0,Hardware: Legacy Flip,0,82.482470,0.5,14.925,1.0,1.5,14.925
GTAIV.exe,1234,0x0,DXGI,0,0,0,Hardware: Legacy Flip,0,82.500172,0.5,17.702,1.0,1.5,17.702
GTAIV.exe,1234,0x0,DXGI,0,0,0,Hardware: Legacy Flip,0,82.517085,0.5,16.913,1.0,1.5,16.913
GTAIV.exe,1234,0x0,DXGI,0,0,0,Hardware: Legacy Flip,0,82.533403,0.5,16.318,1.0,1.5,16.318
GTAIV.exe,1234,0x0,DXGI,0,0,0,Hardware: Legacy Flip,0,82.551895,0.5,18.493,1.0,1.5,18.493
GTAIV.exe,1234,0x0,DXGI,0,0,0,Hardware: Legacy Flip,0,82.569330,0.5,17.435,1.0,1.5,17.435
GTAIV.exe,1234,0x0,DXGI,0,0,0,Hardware: Legacy Flip,0,82.585882,0.5,16.552,1.0,1.5,16.552
GTAIV.exe,1234,0x0,DXGI,0,0,0,Hardware: Legacy Flip,0,82.605295,0.5,19.412,1.0,1.5,19.412
GTAIV.exe,1234,0x0,DXGI,0,0,0,Hardware: Legacy Flip,0,82.622467,0.5,17.172,1.0,1.5,17.172
GTAIV.exe,1234,0x0,DXGI,0,0,0,Hardware: Legacy Flip,0,82.637627,0.5,15.160,1.0,1.5,15.160
GTAIV.exe,1234,0x0,DXGI,0,0,0,Hardware: Legacy Flip,0,82.654208,0.5,16.581,1.0,1.5,16.581
GTAIV.exe,1234,0x0,DXGI,0,0,0,Hardware: Legacy Flip,0,82.670758,0.5,16.551,1.0,1.5,16.551
GTAIV.exe,1234,0x0,DXGI,0,0,0,Hardware: Legacy Flip,0,82.688124,0.5,17.365,1.0,1.5,17.365
GTAIV.exe,1234,0x0,DXGI,0,0,0,Hardware: Legacy Flip,0,82.706075,0.5,17.951,1.0,1.5,17.951
GTAIV.exe,1234,0x0,DXGI,0,0,0,Hardware: Legacy Flip,0,82.721952,0.5,15.877,1.0,1.5,15.877
GTAIV.exe,1234,0x0,DXGI,0,0,0,Hardware: Legacy Flip,0,82.738791,0.5,16.839,1.0,1.5,16.839
GTAIV.exe,1234,0x0,DXGI,0,0,0,Hardware: Legacy Flip,0,82.755205,0.5,16.414,1.0,1.5,16.414
GTAIV.exe,1234,0x0,DXGI,0,0,0,Hardware: Legacy Flip,0,82.772305,0.5,17.100,1.0,1.5,17.100
GTAIV.exe,1234,0x0,DXGI,0,0,0,Hardware: Legacy Flip,0,82.787625,0.5,15.319,1.0,1.5,15.319
GTAIV.exe,1234,0x0,DXGI,0,0,0,Hardware: Legacy Flip,0,82.804600,0.5,16.975,1.0,1.5,16.975
GTAIV.exe,1234,0x0,DXGI,0,0,0,Hardware: Legacy Flip,0,82.822320,0.5,17.720,1.0,1.5,17.720
GTAIV.exe,1234,0x0,DXGI,0,0,0,Hardware: Legacy Flip,0,82.838391,0.5,16.071,1.0,1.5,16.071
GTAIV.exe,1234,0x0,DXGI,0,0,0,Hardware: Legacy Flip,0,82.857195,0.5,18.804,1.0,1.5,18.804
GTAIV.exe,1234,0x0,DXGI,0,0,0,Hardware: Legacy Flip,0,82.873571,0.5,16.376,1.0,1.5,16.376
GTAIV.exe,1234,0x0,DXGI,0,0,0,Hardware: Legacy Flip,0,82.889240,0.5,15.669,1.0,1.5,15.669
GTAIV.exe,1234,0x0,DXGI,0,0,0,Hardware: Legacy Flip,0,82.905917,0.5,16.677,1.0,1.5,16.677
GTAIV.exe,1234,0x0,DXGI,0,0,0,Hardware: Legacy Flip,0,82.921452,0.5,15.535,1.0,1.5,15.535
GTAIV.exe,1234,0x0,DXGI,0,0,0,Hardware: Legacy Flip,0,82.936962,0.5,15.510,1.0,1.5,15.510
GTAIV.exe,1234,0x0,DXGI,0,0,0,Hardware: Legacy Flip,0,82.952400,0.5,15.437,1.0,1.5,15.437
GTAIV.exe,1234,0x0,DXGI,0,0,0,Hardware: Legacy Flip,0,82.971154,0.5,18.754,1.0,1.5,18.754
GTAIV.exe,1234,0x0,DXGI,0,0,0,Hardware: Legacy Flip,0,82.989828,0.5,18.674,1.0,1.5,18.674
GTAIV.exe,1234,0x0,DXGI,0,0,0,Hardware: Legacy Flip,0,83.005557,0.5,15.729,1.0,1.5,15.729
GTAIV.exe,1234,0x0,DXGI,0,0,0,Hardware: Legacy Flip,0,83.023343,0.5,17.786,1.0,1.5,17.786
GTAIV.exe,1234,0x0,DXGI,0,0,0,Hardware: Legacy Flip,0,83.039860,0.5,16.517,1.0,1.5,16.517
GTAIV.exe,1234,0x0,DXGI,0,0,0,Hardware: Legacy Flip,0,83.056232,0.5,16.372,1.0,1.5,16.372
GTAIV.exe,1234,0x0,DXGI,0,0,0,Hardware: Legacy Flip,0,83.073848,0.5,17.616,1.0,1.5,17.616
GTAIV.exe,1234,0x0,DXGI,0,0,0,Hardware: Legacy Flip,0,83.091091,0.5,17.243,1.0,1.5,17.243
GTAIV.exe,1234,0x0,DXGI,0,0,0,Hardware: Legacy Flip,0,83.156484,0.5,65.393,1.0,1.5,65.393
GTAIV.exe,1234,0x0,DXGI,0,0,0,Hardware: Legacy Flip,0,83.171363,0.5,14.879,1.0,1.5,14.879
GTAIV.exe,1234,0x0,DXGI,0,0,0,Hardware: Legacy Flip,0,83.186521,0.5,15.158,1.0,1.5,15.158
GTAIV.exe,1234,0x0,DXGI,0,0,0,Hardware: Legacy Flip,0,83.205283,0.5,18.762,1.0,1.5,18.762
GTAIV.exe,1234,0x0,DXGI,0,0,0,Hardware: Legacy Flip,0,83.220605,0.5,15.323,1.0,1.5,15.323
GTAIV.exe,1234,0x0,DXGI,0,0,0,Hardware: Legacy Flip,0,83.235695,0.5,15.089,1.0,1.5,15.089
GTAIV.exe,1234,0x0,DXGI,0,0,0,Hardware: Legacy Flip,0,83.251884,0.5,16.189,1.0,1.5,16.189
GTAIV.exe,1234,0x0,DXGI,0,0,0,Hardware: Legacy Flip,0,83.269666,0.5,17.782,1.0,1.5,17.782
GTAIV.exe,1234,0x0,DXGI,0,0,0,Hardware: Legacy Flip,0,83.286808,0.5,17.142,1.0,1.5,17.142
GTAIV.exe,1234,0x0,DXGI,0,0,0,Hardware: Legacy Flip,0,83.304571,0.5,17.763,1.0,1.5,17.763
GTAIV.exe,1234,0x0,DXGI,0,0,0,Hardware: Legacy Flip,0,83.320428,0.5,15.857,1.0,1.5,15.857
GTAIV.exe,1234,0x0,DXGI,0,0,0,Hardware: Legacy Flip,0,83.337449,0.5,17.021,1.0,1.5,17.021
GTAIV.exe,1234,0x0,DXGI,0,0,0,Hardware: Legacy Flip,0,83.354369,0.5,16.920,1.0,1.5,16.920
GTAIV.exe,1234,0x0,DXGI,0,0,0,Hardware: Legacy Flip,0,83.371798,0.5,17.429,1.0,1.5,17.429
GTAIV.exe,1234,0x0,DXGI,0,0,0,Hardware: Legacy Flip,0,83.390117,0.5,18.319,1.0,1.5,18.319
GTAIV.exe,1234,0x0,DXGI,0,0,0,Hardware: Legacy Flip,0,83.407735,0.5,17.618,1.0,1.5,17.618
GTAIV.exe,1234,0x0,DXGI,0,0,0,Hardware: Legacy Flip,0,83.425413,0.5,17.678,1.0,1.5,17.678
GTAIV.exe,1234,0x0,DXGI,0,0,0,Hardware: Legacy Flip,0,83.440106,0.5,14.693,1.0,1.5,14.693
GTAIV.exe,1234,0x0,DXGI,0,0,0,Hardware: Legacy Flip,0,83.457482,0.5,17.375,1.0,1.5,17.375
GTAIV.exe,1234,0x0,DXGI,0,0,0,Hardware: Legacy Flip,0,83.474895,0.5,17.413,1.0,1.5,17.413
GTAIV.exe,1234,0x0,DXGI,0,0,0,Hardware: Legacy Flip,0,83.491911,0.5,17.016,1.0,1.5,17.016
GTAIV.exe,1234,0x0,DXGI,0,0,0,Hardware: Legacy Flip,0,83.509049,0.5,17.139,1.0,1.5,17.139
GTAIV.exe,1234,0x0,DXGI,0,0,0,Hardware: Legacy Flip,0,83.524175,0.5,15.125,1.0,1.5,15.125
GTAIV.exe,1234,0x0,DXGI,0,0,0,Hardware: Legacy Flip,0,83.539487,0.5,15.312,1.0,1.5,15.312
GTAIV.exe,1234,0x0,DXGI,0,0,0,Hardware: Legacy Flip,0,83.554363,0.5,14.876,1.0,1.5,14.876
GTAIV.exe,1234,0x0,DXGI,0,0,0,Hardware: Legacy Flip,0,83.571361,0.5,16.998,1.0,1.5,16.998
GTAIV.exe,1234,0x0,DXGI,0,0,0,Hardware: Legacy Flip,0,83.586486,0.5,15.125,1.0,1.5,15.125
GTAIV.exe,1234,0x0,DXGI,0,0,0,Hardware: Legacy Flip,0,83.601748,0.5,15.262,1.0,1.5,15.262
GTAIV.exe,1234,0x0,DXGI,0,0,0,Hardware: Legacy Flip,0,83.616796,0.5,15.048,1.0,1.5,15.048
GTAIV.exe,1234,0x0,DXGI,0,0,0,Hardware: Legacy Flip,0,83.631799,0.5,15.002,1.0,1.5,15.002
GTAIV.exe,1234,0x0,DXGI,0,0,0,Hardware: Legacy Flip,0,83.648775,0.5,16.976,1.0,1.5,16.976
GTAIV.exe,1234,0x0,DXGI,0,0,0,Hardware: Legacy Flip,0,83.664225,0.5,15.450,1.0,1.5,15.450
GTAIV.exe,1234,0x0,DXGI,0,0,0,Hardware: Legacy Flip,0,83.681469,0.5,17.244,1.0,1.5,17.244
GTAIV.exe,1234,0x0,DXGI,0,0,0,Hardware: Legacy Flip,0,83.698510,0.5,17.041,1.0,1.5,17.041
GTAIV.exe,1234,0x0,DXGI,0,0,0,Hardware: Legacy Flip,0,83.714763,0.5,16.253,1.0,1.5,16.253
GTAIV.exe,1234,0x0,DXGI,0,0,0,Hardware: Legacy Flip,0,83.728874,0.5,14.111,1.0,1.5,14.111
GTAIV.exe,1234,0x0,DXGI,0,0,0,Hardware: Legacy Flip,0,83.743654,0.5,14.781,1.0,1.5,14.781
GTAIV.exe,1234,0x0,DXGI,0,0,0,Hardware: Legacy Flip,0,83.761204,0.5,17.549,1.0,1.5,17.549
GTAIV.exe,1234,0x0,DXGI,0,0,0,Hardware: Legacy Flip,0,83.777740,0.5,16.536,1.0,1.5,16.536
GTAIV.exe,1234,0x0,DXGI,0,0,0,Hardware: Legacy Flip,0,83.794234,0.5,16.494,1.0,1.5,16.494
GTAIV.exe,1234,0x0,DXGI,0,0,0,Hardware: Legacy Flip,0,83.809276,0.5,15.042,1.0,1.5,15.042
GTAIV.exe,1234,0x0,DXGI,0,0,0,Hardware: Legacy Flip,0,83.824269,0.5,14.994,1.0,1.5,14.994
GTAIV.exe,1234,0x0,DXGI,0,0,0,Hardware: Legacy Flip,0,83.843720,0.5,19.450,1.0,1.5,19.450
GTAIV.exe,1234,0x0,DXGI,0,0,0,Hardware: Legacy Flip,0,83.860399,0.5,16.679,1.0,1.5,16.679
GTAIV.exe,1234,0x0,DXGI,0,0,0,Hardware: Legacy Flip,0,83.878239,0.5,17.840,1.0,1.5,17.840
GTAIV.exe,1234,0x0,DXGI,0,0,0,Hardware: Legacy Flip,0,83.893937,0.5,15.698,1.0,1.5,15.698
GTAIV.exe,1234,0x0,DXGI,0,0,0,Hardware: Legacy Flip,0,83.909930,0.5,15.993,1.0,1.5,15.993
GTAIV.exe,1234,0x0,DXGI,0,0,0,Hardware: Legacy Flip,0,83.926173,0.5,16.242,1.0,1.5,16.242
GTAIV.exe,1234,0x0,DXGI,0,0,0,Hardware: Legacy Flip,0,83.943737,0.5,17.565,1.0,1.5,17.565
GTAIV.exe,1234,0x0,DXGI,0,0,0,Hardware: Legacy Flip,0,83.958346,0.5,14.609,1.0,1.5,14.609
GTAIV.exe,1234,0x0,DXGI,0,0,0,Hardware: Legacy Flip,0,83.974769,0.5,16.423,1.0,1.5,16.423
GTAIV.exe,1234,0x0,DXGI,0,0,0,Hardware: Legacy Flip,0,83.991298,0.5,16.529,1.0,1.5,16.529
GTAIV.exe,1234,0x0,DXGI,0,0,0,Hardware: Legacy Flip,0,84.009082,0.5,17.783,1.0,1.5,17.783
GTAIV.exe,1234,0x0,DXGI,0,0,0,Hardware: Legacy Flip,0,84.025515,0.5,16.433,1.0,1.5,16.433
GTAIV.exe,1234,0x0,DXGI,0,0,0,Hardware: Legacy Flip,0,84.041503,0.5,15.988,1.0,1.5,15.988
GTAIV.exe,1234,0x0,DXGI,0,0,0,Hardware: Legacy Flip,0,84.058810,0.5,17.307,1.0,1.5,17.307
GTAIV.exe,1234,0x0,DXGI,0,0,0,Hardware: Legacy Flip,0,84.075662,0.5,16.853,1.0,1.5,16.853
GTAIV.exe,1234,0x0,DXGI,0,0,0,Hardware: Legacy Flip,0,84.092060,0.5,16.398,1.0,1.5,16.398
GTAIV.exe,1234,0x0,DXGI,0,0,0,Hardware: Legacy Flip,0,84.110330,0.5,18.270,1.0,1.5,18.270
GTAIV.exe,1234,0x0,DXGI,0,0,0,Hardware: Legacy Flip,0,84.129901,0.5,19.571,1.0,1.5,19.571
GTAIV.exe,1234,0x0,DXGI,0,0,0,Hardware: Legacy Flip,0,84.146928,0.5,17.027,1.0,1.5,17.027
GTAIV.exe,1234,0x0,DXGI,0,0,0,Hardware: Legacy Flip,0,84.162589,0.5,15.661,1.0,1.5,15.661
GTAIV.exe,1234,0x0,DXGI,0,0,0,Hardware: Legacy Flip,0,84.177486,0.5,14.898,1.0,1.5,14.898
GTAIV.exe,1234,0x0,DXGI,0,0,0,Hardware: Legacy Flip,0,84.192288,0.5,14.802,1.0,1.5,14.802
GTAIV.exe,1234,0x0,DXGI,0,0,0,Hardware: Legacy Flip,0,84.210466,0.5,18.178,1.0,1.5,18.178
GTAIV.exe,1234,0x0,DXGI,0,0,0,Hardware: Legacy Flip,0,84.225872,0.5,15.405,1.0,1.5,15.405
GTAIV.exe,1234,0x0,DXGI,0,0,0,Hardware: Legacy Flip,0,84.245495,0.5,19.623,1.0,1.5,19.623
GTAIV.exe,1234,0x0,DXGI,0,0,0,Hardware: Legacy Flip,0,84.261943,0.5,16.448,1.0,1.5,16.448
GTAIV.exe,1234,0x0,DXGI,0,0,0,Hardware: Legacy Flip,0,84.277842,0.5,15.899,1.0,1.5,15.899
GTAIV.exe,1234,0x0,DXGI,0,0,0,Hardware: Legacy Flip,0,84.294813,0.5,16.970,1.0,1.5,16.970
GTAIV.exe,1234,0x0,DXGI,0,0,0,Hardware: Legacy Flip,0,84.310744,0.5,15.931,1.0,1.5,15.931
GTAIV.exe,1234,0x0,DXGI,0,0,0,Hardware: Legacy Flip,0,84.328244,0.5,17.500,1.0,1.5,17.500
GTAIV.exe,1234,0x0,DXGI,0,0,0,Hardware: Legacy Flip,0,84.343885,0.5,15.642,1.0,1.5,15.642
GTAIV.exe,1234,0x0,DXGI,0,0,0,Hardware: Legacy Flip,0,84.360929,0.5,17.043,1.0,1.5,17.043
GTAIV.exe,1234,0x0,DXGI,0,0,0,Hardware: Legacy Flip,0,84.377262,0.5,16.333,1.0,1.5,16.333
GTAIV.exe,1234,0x0,DXGI,0,0,0,Hardware: Legacy Flip,0,84.394572,0.5,17.310,1.0,1.5,17.310
GTAIV.exe,1234,0x0,DXGI,0,0,0,Hardware: Legacy Flip,0,84.411918,0.5,17.346,1.0,1.5,17.346
GTAIV.exe,1234,0x0,DXGI,0,0,0,Hardware: Legacy Flip,0,84.429107,0.5,17.189,1.0,1.5,17.189
GTAIV.exe,1234,0x0,DXGI,0,0,0,Hardware: Legacy Flip,0,84.445951,0.5,16.844,1.0,1.5,16.844
GTAIV.exe,1234,0x0,DXGI,0,0,0,Hardware: Legacy Flip,0,84.463124,0.5,17.173,1.0,1.5,17.173
GTAIV.exe,1234,0x0,DXGI,0,0,0,Hardware: Legacy Flip,0,84.479252,0.5,16.128,1.0,1.5,16.128
GTAIV.exe,1234,0x0,DXGI,0,0,0,Hardware: Legacy Flip,0,84.497844,0.5,18.591,1.0,1.5,18.591
GTAIV.exe,1234,0x0,DXGI,0,0,0,Hardware: Legacy Flip,0,84.513269,0.5,15.426,1.0,1.5,15.426
GTAIV.exe,1234,0x0,DXGI,0,0,0,Hardware: Legacy Flip,0,84.528792,0.5,15.523,1.0,1.5,15.523
GTAIV.exe,1234,0x0,DXGI,0,0,0,Hardware: Legacy Flip,0,84.547160,0.5,18.368,1.0,1.5,18.368
GTAIV.exe,1234,0x0,DXGI,0,0,0,Hardware: Legacy Flip,0,84.564579,0.5,17.419,1.0,1.5,17.419
GTAIV.exe,1234,0x0,DXGI,0,0,0,Hardware: Legacy Flip,0,84.579882,0.5,15.303,1.0,1.5,15.303
GTAIV.exe,1234,0x0,DXGI,0,0,0,Hardware: Legacy Flip,0,84.596654,0.5,16.772,1.0,1.5,16.772
GTAIV.exe,1234,0x0,DXGI,0,0,0,Hardware: Legacy Flip,0,84.615074,0.5,18.420,1.0,1.5,18.420
GTAIV.exe,1234,0x0,DXGI,0,0,0,Hardware: Legacy Flip,0,84.629745,0.5,14.671,1.0,1.5,14.671
GTAIV.exe,1234,0x0,DXGI,0,0,0,Hardware: Legacy Flip,0,84.645557,0.5,15.812,1.0,1.5,15.812
GTAIV.exe,1234,0x0,DXGI,0,0,0,Hardware: Legacy Flip,0,84.662966,0.5,17.410,1.0,1.5,17.410
GTAIV.exe,1234,0x0,DXGI,0,0,0,Hardware: Legacy Flip,0,84.678689,0.5,15.723,1.0,1.5,15.723
GTAIV.exe,1234,0x0,DXGI,0,0,0,Hardware: Legacy Flip,0,84.695022,0.5,16.333,1.0,1.5,16.333
GTAIV.exe,1234,0x0,DXGI,0,0,0,Hardware: Legacy Flip,0,84.711047,0.5,16.024,1.0,1.5,16.024
GTAIV.exe,1234,0x0,DXGI,0,0,0,Hardware: Legacy Flip,0,84.728751,0.5,17.704,1.0,1.5,17.704
GTAIV.exe,1234,0x0,DXGI,0,0,0,Hardware: Legacy Flip,0,84.745939,0.5,17.188,1.0,1.5,17.188
GTAIV.exe,1234,0x0,DXGI,0,0,0,Hardware: Legacy Flip,0,84.762559,0.5,16.620,1.0,1.5,16.620
GTAIV.exe,1234,0x0,DXGI,0,0,0,Hardware: Legacy Flip,0,84.780556,0.5,17.996,1.0,1.5,17.996
GTAIV.exe,1234,0x0,DXGI,0,0,0,Hardware: Legacy Flip,0,84.799484,0.5,18.928,1.0,1.5,18.928
GTAIV.exe,1234,0x0,DXGI,0,0,0,Hardware: Legacy Flip,0,84.815137,0.5,15.653,1.0,1.5,15.653
GTAIV.exe,1234,0x0,DXGI,0,0,0,Hardware: Legacy Flip,0,84.832131,0.5,16.994,1.0,1.5,16.994
GTAIV.exe,1234,0x0,DXGI,0,0,0,Hardware: Legacy Flip,0,84.849652,0.5,17.520,1.0,1.5,17.520
GTAIV.exe,1234,0x0,DXGI,0,0,0,Hardware: Legacy Flip,0,84.866471,0.5,16.820,1.0,1.5,16.820
GTAIV.exe,1234,0x0,DXGI,0,0,0,Hardware: Legacy Flip,0,84.883710,0.5,17.239,1.0,1.5,17.239
GTAIV.exe,1234,0x0,DXGI,0,0,0,Hardware: Legacy Flip,0,84.901359,0.5,17.649,1.0,1.5,17.649
GTAIV.exe,1234,0x0,DXGI,0,0,0,Hardware: Legacy Flip,0,84.919179,0.5,17.819,1.0,1.5,17.819
GTAIV.exe,1234,0x0,DXGI,0,0,0,Hardware: Legacy Flip,0,84.936398,0.5,17.219,1.0,1.5,17.219
GTAIV.exe,1234,0x0,DXGI,0,0,0,Hardware: Legacy Flip,0,84.952808,0.5,16.410,1.0,1.5,16.410
GTAIV.exe,1234,0x0,DXGI,0,0,0,Hardware: Legacy Flip,0,84.971007,0.5,18.199,1.0,1.5,18.199
GTAIV.exe,1234,0x0,DXGI,0,0,0,Hardware: Legacy Flip,0,84.989291,0.5,18.284,1.0,1.5,18.284
GTAIV.exe,1234,0x0,DXGI,0,0,0,Hardware: Legacy Flip,0,85.006343,0.5,17.052,1.0,1.5,17.052
GTAIV.exe,1234,0x0,DXGI,0,0,0,Hardware: Legacy Flip,0,85.022143,0.5,15.800,1.0,1.5,15.800
GTAIV.exe,1234,0x0,DXGI,0,0,0,Hardware: Legacy Flip,0,85.039204,0.5,17.061,1.0,1.5,17.061
GTAIV.exe,1234,0x0,DXGI,0,0,0,Hardware: Legacy Flip,0,85.056400,0.5,17.196,1.0,1.5,17.196
GTAIV.exe,1234,0x0,DXGI,0,0,0,Hardware: Legacy Flip,0,85.074074,0.5,17.674,1.0,1.5,17.674
GTAIV.exe,1234,0x0,DXGI,0,0,0,Hardware: Legacy Flip,0,85.091421,0.5,17.346,1.0,1.5,17.346
GTAIV.exe,1234,0x0,DXGI,0,0,0,Hardware: Legacy Flip,0,85.109024,0.5,17.603,1.0,1.5,17.603
GTAIV.exe,1234,0x0,DXGI,0,0,0,Hardware: Legacy Flip,0,85.124730,0.5,15.706,1.0,1.5,15.706
GTAIV.exe,1234,0x0,DXGI,0,0,0,Hardware: Legacy Flip,0,85.141671,0.5,16.941,1.0,1.5,16.941
GTAIV.exe,1234,0x0,DXGI,0,0,0,Hardware: Legacy Flip,0,85.158186,0.5,16.515,1.0,1.5,16.515
GTAIV.exe,1234,0x0,DXGI,0,0,0,Hardware: Legacy Flip,0,85.176217,0.5,18.030,1.0,1.5,18.030
GTAIV.exe,1234,0x0,DXGI,0,0,0,Hardware: Legacy Flip,0,85.191759,0.5,15.542,1.0,1.5,15.542
GTAIV.exe,1234,0x0,DXGI,0,0,0,Hardware: Legacy Flip,0,85.208369,0.5,16.610,1.0,1.5,16.610
GTAIV.exe,1234,0x0,DXGI,0,0,0,Hardware: Legacy Flip,0,85.226353,0.5,17.984,1.0,1.5,17.984
GTAIV.exe,1234,0x0,DXGI,0,0,0,Hardware: Legacy Flip,0,85.244639,0.5,18.286,1.0,1.5,18.286
GTAIV.exe,1234,0x0,DXGI,0,0,0,Hardware: Legacy Flip,0,85.262645,0.5,18.006,1.0,1.5,18.006
GTAIV.exe,1234,0x0,DXGI,0,0,0,Hardware: Legacy Flip,0,85.279386,0.5,16.741,1.0,1.5,16.741
GTAIV.exe,1234,0x0,DXGI,0,0,0,Hardware: Legacy Flip,0,85.295739,0.5,16.354,1.0,1.5,16.354
GTAIV.exe,1234,0x0,DXGI,0,0,0,Hardware: Legacy Flip,0,85.312914,0.5,17.175,1.0,1.5,17.175
GTAIV.exe,1234,0x0,DXGI,0,0,0,Hardware: Legacy Flip,0,85.328956,0.5,16.042,1.0,1.5,16.042
GTAIV.exe,1234,0x0,DXGI,0,0,0,Hardware: Legacy Flip,0,85.346606,0.5,17.651,1.0,1.5,17.651
GTAIV.exe,1234,0x0,DXGI,0,0,0,Hardware: Legacy Flip,0,85.362974,0.5,16.367,1.0,1.5,16.367
GTAIV.exe,1234,0x0,DXGI,0,0,0,Hardware: Legacy Flip,0,85.378662,0.5,15.689,1.0,1.5,15.689
GTAIV.exe,1234,0x0,DXGI,0,0,0,Hardware: Legacy Flip,0,85.394082,0.5,15.420,1.0,1.5,15.420
GTAIV.exe,1234,0x0,DXGI,0,0,0,Hardware: Legacy Flip,0,85.410113,0.5,16.031,1.0,1.5,16.031
GTAIV.exe,1234,0x0,DXGI,0,0,0,Hardware: Legacy Flip,0,85.425631,0.5,15.517,1.0,1.5,15.517
GTAIV.exe,1234,0x0,DXGI,0,0,0,Hardware: Legacy Flip,0,85.442075,0.5,16.444,1.0,1.5,16.444
GTAIV.exe,1234,0x0,DXGI,0,0,0,Hardware: Legacy Flip,0,85.458147,0.5,16.072,1.0,1.5,16.072
GTAIV.exe,1234,0x0,DXGI,0,0,0,Hardware: Legacy Flip,0,85.474382,0.5,16.235,1.0,1.5,16.235
GTAIV.exe,1234,0x0,DXGI,0,0,0,Hardware: Legacy Flip,0,85.490832,0.5,16.449,1.0,1.5,16.449
GTAIV.exe,1234,0x0,DXGI,0,0,0,Hardware: Legacy Flip,0,85.508330,0.5,17.499,1.0,1.5,17.499
GTAIV.exe,1234,0x0,DXGI,0,0,0,Hardware: Legacy Flip,0,85.524491,0.5,16.161,1.0,1.5,16.161
GTAIV.exe,1234,0x0,DXGI,0,0,0,Hardware: Legacy Flip,0,85.540867,0.5,16.376,1.0,1.5,16.376
GTAIV.exe,1234,0x0,DXGI,0,0,0,Hardware: Legacy Flip,0,85.555635,0.5,14.768,1.0,1.5,14.768
GTAIV.exe,1234,0x0,DXGI,0,0,0,Hardware: Legacy Flip,0,85.574127,0.5,18.492,1.0,1.5,18.492
GTAIV.exe,1234,0x0,DXGI,0,0,0,Hardware: Legacy Flip,0,85.591689,0.5,17.562,1.0,1.5,17.562
GTAIV.exe,1234,0x0,DXGI,0,0,0,Hardware: Legacy Flip,0,85.609484,0.5,17.795,1.0,1.5,17.795
GTAIV.exe,1234,0x0,DXGI,0,0,0,Hardware: Legacy Flip,0,85.625160,0.5,15.676,1.0,1.5,15.676
GTAIV.exe,1234,0x0,DXGI,0,0,0,Hardware: Legacy Flip,0,85.642953,0.5,17.793,1.0,1.5,17.793
GTAIV.exe,1234,0x0,DXGI,0,0,0,Hardware: Legacy Flip,0,85.660098,0.5,17.145,1.0,1.5,17.145
GTAIV.exe,1234,0x0,DXGI,0,0,0,Hardware: Legacy Flip,0,85.678953,0.5,18.855,1.0,1.5,18.855
GTAIV.exe,1234,0x0,DXGI,0,0,0,Hardware: Legacy Flip,0,85.696998,0.5,18.044,1.0,1.5,18.044
GTAIV.exe,1234,0x0,DXGI,0,0,0,Hardware: Legacy Flip,0,85.714133,0.5,17.136,1.0,1.5,17.136
GTAIV.exe,1234,0x0,DXGI,0,0,0,Hardware: Legacy Flip,0,85.732232,0.5,18.099,1.0,1.5,18.099
GTAIV.exe,1234,0x0,DXGI,0,0,0,Hardware: Legacy Flip,0,85.750071,0.5,17.838,1.0,1.5,17.838
GTAIV.exe,1234,0x0,DXGI,0,0,0,Hardware: Legacy Flip,0,85.765514,0.5,15.443,1.0,1.5,15.443
GTAIV.exe,1234,0x0,DXGI,0,0,0,Hardware: Legacy Flip,0,85.783429,0.5,17.915,1.0,1.5,17.915
GTAIV.exe,1234,0x0,DXGI,0,0,0,Hardware: Legacy Flip,0,85.797417,0.5,13.988,1.0,1.5,13.988
GTAIV.exe,1234,0x0,DXGI,0,0,0,Hardware: Legacy Flip,0,85.813667,0.5,16.250,1.0,1.5,16.250
GTAIV.exe,1234,0x0,DXGI,0,0,0,Hardware: Legacy Flip,0,85.829264,0.5,15.597,1.0,1.5,15.597
GTAIV.exe,1234,0x0,DXGI,0,0,0,Hardware: Legacy Flip,0,85.844376,0.5,15.112,1.0,1.5,15.112
GTAIV.exe,1234,0x0,DXGI,0,0,0,Hardware: Legacy Flip,0,85.859525,0.5,15.149,1.0,1.5,15.149
GTAIV.exe,1234,0x0,DXGI,0,0,0,Hardware: Legacy Flip,0,85.876494,0.5,16.969,1.0,1.5,16.969
GTAIV.exe,1234,0x0,DXGI,0,0,0,Hardware: Legacy Flip,0,85.892596,0.5,16.102,1.0,1.5,16.102
GTAIV.exe,1234,0x0,DXGI,0,0,0,Hardware: Legacy Flip,0,85.907966,0.5,15.370,1.0,1.5,15.370
GTAIV.exe,1234,0x0,DXGI,0,0,0,Hardware: Legacy Flip,0,85.924426,0.5,16.459,1.0,1.5,16.459
GTAIV.exe,1234,0x0,DXGI,0,0,0,Hardware: Legacy Flip,0,85.943647,0.5,19.221,1.0,1.5,19.221
GTAIV.exe,1234,0x0,DXGI,0,0,0,Hardware: Legacy Flip,0,85.960723,0.5,17.076,1.0,1.5,17.076
GTAIV.exe,1234,0x0,DXGI,0,0,0,Hardware: Legacy Flip,0,85.975071,0.5,14.347,1.0,1.5,14.347
GTAIV.exe,1234,0x0,DXGI,0,0,0,Hardware: Legacy Flip,0,85.993618,0.5,18.547,1.0,1.5,18.547
GTAIV.exe,1234,0x0,DXGI,0,0,0,Hardware: Legacy Flip,0,86.009701,0.5,16.083,1.0,1.5,16.083
GTAIV.exe,1234,0x0,DXGI,0,0,0,Hardware: Legacy Flip,0,86.025888,0.5,16.187,1.0,1.5,16.187
GTAIV.exe,1234,0x0,DXGI,0,0,0,Hardware: Legacy Flip,0,86.041371,0.5,15.483,1.0,1.5,15.483
GTAIV.exe,1234,0x0,DXGI,0,0,0,Hardware: Legacy Flip,0,86.059355,0.5,17.984,1.0,1.5,17.984
GTAIV.exe,1234,0x0,DXGI,0,0,0,Hardware: Legacy Flip,0,86.075134,0.5,15.778,1.0,1.5,15.778
GTAIV.exe,1234,0x0,DXGI,0,0,0,Hardware: Legacy Flip,0,86.092257,0.5,17.124,1.0,1.5,17.124
GTAIV.exe,1234,0x0,DXGI,0,0,0,Hardware: Legacy Flip,0,86.109046,0.5,16.789,1.0,1.5,16.789
GTAIV.exe,1234,0x0,DXGI,0,0,0,Hardware: Legacy Flip,0,86.125260,0.5,16.214,1.0,1.5,16.214
GTAIV.exe,1234,0x0,DXGI,0,0,0,Hardware: Legacy Flip,0,86.141824,0.5,16.564,1.0,1.5,16.564
GTAIV.exe,1234,0x0,DXGI,0,0,0,Hardware: Legacy Flip,0,86.157602,0.5,15.778,1.0,1.5,15.778
GTAIV.exe,1234,0x0,DXGI,0,0,0,Hardware: Legacy Flip,0,86.174121,0.5,16.518,1.0,1.5,16.518
GTAIV.exe,1234,0x0,DXGI,0,0,0,Hardware: Legacy Flip,0,86.191066,0.5,16.945,1.0,1.5,16.945
GTAIV.exe,1234,0x0,DXGI,0,0,0,Hardware: Legacy Flip,0,86.208773,0.5,17.708,1.0,1.5,17.708
GTAIV.exe,1234,0x0,DXGI,0,0,0,Hardware: Legacy Flip,0,86.225215,0.5,16.442,1.0,1.5,16.442
GTAIV.exe,1234,0x0,DXGI,0,0,0,Hardware: Legacy Flip,0,86.243430,0.5,18.214,1.0,1.5,18.214
GTAIV.exe,1234,0x0,DXGI,0,0,0,Hardware: Legacy Flip,0,86.260649,0.5,17.219,1.0,1.5,17.219
GTAIV.exe,1234,0x0,DXGI,0,0,0,Hardware: Legacy Flip,0,86.277935,0.5,17.286,1.0,1.5,17.286
GTAIV.exe,1234,0x0,DXGI,0,0,0,Hardware: Legacy Flip,0,86.294422,0.5,16.488,1.0,1.5,16.488
GTAIV.exe,1234,0x0,DXGI,0,0,0,Hardware: Legacy Flip,0,86.313419,0.5,18.997,1.0,1.5,18.997
GTAIV.exe,1234,0x0,DXGI,0,0,0,Hardware: Legacy Flip,0,86.329532,0.5,16.112,1.0,1.5,16.112
GTAIV.exe,1234,0x0,DXGI,0,0,0,Hardware: Legacy Flip,0,86.346407,0.5,16.876,1.0,1.5,16.876
GTAIV.exe,1234,0x0,DXGI,0,0,0,Hardware: Legacy Flip,0,86.363874,0.5,17.467,1.0,1.5,17.467
GTAIV.exe,1234,0x0,DXGI,0,0,0,Hardware: Legacy Flip,0,86.383354,0.5,19.480,1.0,1.5,19.480
GTAIV.exe,1234,0x0,DXGI,0,0,0,Hardware: Legacy Flip,0,86.400739,0.5,17.385,1.0,1.5,17.385
GTAIV.exe,1234,0x0,DXGI,0,0,0,Hardware: Legacy Flip,0,86.417232,0.5,16.494,1.0,1.5,16.494
GTAIV.exe,1234,0x0,DXGI,0,0,0,Hardware: Legacy Flip,0,86.431301,0.5,14.069,1.0,1.5,14.069
GTAIV.exe,1234,0x0,DXGI,0,0,0,Hardware: Legacy Flip,0,86.447055,0.5,15.753,1.0,1.5,15.753
GTAIV.exe,1234,0x0,DXGI,0,0,0,Hardware: Legacy Flip,0,86.463781,0.5,16.726,1.0,1.5,16.726
GTAIV.exe,1234,0x0,DXGI,0,0,0,Hardware: Legacy Flip,0,86.479342,0.5,15.561,1.0,1.5,15.561
GTAIV.exe,1234,0x0,DXGI,0,0,0,Hardware: Legacy Flip,0,86.494793,0.5,15.451,1.0,1.5,15.451
GTAIV.exe,1234,0x0,DXGI,0,0,0,Hardware: Legacy Flip,0,86.511245,0.5,16.452,1.0,1.5,16.452
GTAIV.exe,1234,0x0,DXGI,0,0,0,Hardware: Legacy Flip,0,86.528011,0.5,16.766,1.0,1.5,16.766
GTAIV.exe,1234,0x0,DXGI,0,0,0,Hardware: Legacy Flip,0,86.543829,0.5,15.818,1.0,1.5,15.818
GTAIV.exe,1234,0x0,DXGI,0,0,0,Hardware: Legacy Flip,0,86.561289,0.5,17.460,1.0,1.5,17.460
GTAIV.exe,1234,0x0,DXGI,0,0,0,Hardware: Legacy Flip,0,86.577519,0.5,16.230,1.0,1.5,16.230
GTAIV.exe,1234,0x0,DXGI,0,0,0,Hardware: Legacy Flip,0,86.592174,0.5,14.655,1.0,1.5,14.655
GTAIV.exe,1234,0x0,DXGI,0,0,0,Hardware: Legacy Flip,0,86.608566,0.5,16.392,1.0,1.5,16.392
GTAIV.exe,1234,0x0,DXGI,0,0,0,Hardware: Legacy Flip,0,86.626182,0.5,17.616,1.0,1.5,17.616
GTAIV.exe,1234,0x0,DXGI,0,0,0,Hardware: Legacy Flip,0,86.642819,0.5,16.636,1.0,1.5,16.636
GTAIV.exe,1234,0x0,DXGI,0,0,0,Hardware: Legacy Flip,0,86.660129,0.5,17.310,1.0,1.5,17.310
GTAIV.exe,1234,0x0,DXGI,0,0,0,Hardware: Legacy Flip,0,86.677770,0.5,17.641,1.0,1.5,17.641
GTAIV.exe,1234,0x0,DXGI,0,0,0,Hardware: Legacy Flip,0,86.693717,0.5,15.947,1.0,1.5,15.947
GTAIV.exe,1234,0x0,DXGI,0,0,0,Hardware: Legacy Flip,0,86.709911,0.5,16.194,1.0,1.5,16.194
GTAIV.exe,1234,0x0,DXGI,0,0,0,Hardware: Legacy Flip,0,86.727441,0.5,17.530,1.0,1.5,17.530
GTAIV.exe,1234,0x0,DXGI,0,0,0,Hardware: Legacy Flip,0,86.745439,0.5,17.998,1.0,1.5,17.998
GTAIV.exe,1234,0x0,DXGI,0,0,0,Hardware: Legacy Flip,0,86.761688,0.5,16.249,1.0,1.5,16.249
GTAIV.exe,1234,0x0,DXGI,0,0,0,Hardware: Legacy Flip,0,86.779203,0.5,17.515,1.0,1.5,17.515
GTAIV.exe,1234,0x0,DXGI,0,0,0,Hardware: Legacy Flip,0,86.795323,0.5,16.119,1.0,1.5,16.119
GTAIV.exe,1234,0x0,DXGI,0,0,0,Hardware: Legacy Flip,0,86.811560,0.5,16.237,1.0,1.5,16.237
GTAIV.exe,1234,0x0,DXGI,0,0,0,Hardware: Legacy Flip,0,86.829956,0.5,18.396,1.0,1.5,18.396
GTAIV.exe,1234,0x0,DXGI,0,0,0,Hardware: Legacy Flip,0,86.846145,0.5,16.189,1.0,1.5,16.189
GTAIV.exe,1234,0x0,DXGI,0,0,0,Hardware: Legacy Flip,0,86.862925,0.5,16.781,1.0,1.5,16.781
GTAIV.exe,1234,0x0,DXGI,0,0,0,Hardware: Legacy Flip,0,86.879063,0.5,16.138,1.0,1.5,16.138
GTAIV.exe,1234,0x0,DXGI,0,0,0,Hardware: Legacy Flip,0,86.896920,0.5,17.857,1.0,1.5,17.857
GTAIV.exe,1234,0x0,DXGI,0,0,0,Hardware: Legacy Flip,0,86.913232,0.5,16.312,1.0,1.5,16.312
GTAIV.exe,1234,0x0,DXGI,0,0,0,Hardware: Legacy Flip,0,86.929529,0.5,16.297,1.0,1.5,16.297
GTAIV.exe,1234,0x0,DXGI,0,0,0,Hardware: Legacy Flip,0,86.947196,0.5,17.668,1.0,1.5,17.668
GTAIV.exe,1234,0x0,DXGI,0,0,0,Hardware: Legacy Flip,0,86.961211,0.5,14.015,1.0,1.5,14.015
GTAIV.exe,1234,0x0,DXGI,0,0,0,Hardware: Legacy Flip,0,86.978225,0.5,17.014,1.0,1.5,17.014
GTAIV.exe,1234,0x0,DXGI,0,0,0,Hardware: Legacy Flip,0,86.995278,0.5,17.052,1.0,1.5,17.052
GTAIV.exe,1234,0x0,DXGI,0,0,0,Hardware: Legacy Flip,0,87.010263,0.5,14.985,1.0,1.5,14.985
GTAIV.exe,1234,0x0,DXGI,0,0,0,Hardware: Legacy Flip,0,87.027207,0.5,16.943,1.0,1.5,16.943
GTAIV.exe,1234,0x0,DXGI,0,0,0,Hardware: Legacy Flip,0,87.043183,0.5,15.976,1.0,1.5,15.976
GTAIV.exe,1234,0x0,DXGI,0,0,0,Hardware: Legacy Flip,0,87.060057,0.5,16.875,1.0,1.5,16.875
GTAIV.exe,1234,0x0,DXGI,0,0,0,Hardware: Legacy Flip,0,87.077546,0.5,17.489,1.0,1.5,17.489
GTAIV.exe,1234,0x0,DXGI,0,0,0,Hardware: Legacy Flip,0,87.092441,0.5,14.895,1.0,1.5,14.895
GTAIV.exe,1234,0x0,DXGI,0,0,0,Hardware: Legacy Flip,0,87.109856,0.5,17.415,1.0,1.5,17.415
GTAIV.exe,1234,0x0,DXGI,0,0,0,Hardware: Legacy Flip,0,87.125467,0.5,15.611,1.0,1.5,15.611
GTAIV.exe,1234,0x0,DXGI,0,0,0,Hardware: Legacy Flip,0,87.142523,0.5,17.055,1.0,1.5,17.055
GTAIV.exe,1234,0x0,DXGI,0,0,0,Hardware: Legacy Flip,0,87.159576,0.5,17.054,1.0,1.5,17.054
GTAIV.exe,1234,0x0,DXGI,0,0,0,Hardware: Legacy Flip,0,87.175152,0.5,15.576,1.0,1.5,15.576
GTAIV.exe,1234,0x0,DXGI,0,0,0,Hardware: Legacy Flip,0,87.189570,0.5,14.418,1.0,1.5,14.418
GTAIV.exe,1234,0x0,DXGI,0,0,0,Hardware: Legacy Flip,0,87.207408,0.5,17.838,1.0,1.5,17.838
GTAIV.exe,1234,0x0,DXGI,0,0,0,Hardware: Legacy Flip,0,87.221892,0.5,14.484,1.0,1.5,14.484
GTAIV.exe,1234,0x0,DXGI,0,0,0,Hardware: Legacy Flip,0,87.236565,0.5,14.673,1.0,1.5,14.673
GTAIV.exe,1234,0x0,DXGI,0,0,0,Hardware: Legacy Flip,0,87.253425,0.5,16.860,1.0,1.5,16.860
GTAIV.exe,1234,0x0,DXGI,0,0,0,Hardware: Legacy Flip,0,87.272325,0.5,18.900,1.0,1.5,18.900
GTAIV.exe,1234,0x0,DXGI,0,0,0,Hardware: Legacy Flip,0,87.288840,0.5,16.515,1.0,1.5,16.515
GTAIV.exe,1234,0x0,DXGI,0,0,0,Hardware: Legacy Flip,0,87.305806,0.5,16.965,1.0,1.5,16.965
GTAIV.exe,1234,0x0,DXGI,0,0,0,Hardware: Legacy Flip,0,87.324017,0.5,18.211,1.0,1.5,18.211
GTAIV.exe,1234,0x0,DXGI,0,0,0,Hardware: Legacy Flip,0,87.340366,0.5,16.350,1.0,1.5,16.350
GTAIV.exe,1234,0x0,DXGI,0,0,0,Hardware: Legacy Flip,0,87.358934,0.5,18.568,1.0,1.5,18.568
GTAIV.exe,1234,0x0,DXGI,0,0,0,Hardware: Legacy Flip,0,87.375009,0.5,16.075,1.0,1.5,16.075
GTAIV.exe,1234,0x0,DXGI,0,0,0,Hardware: Legacy Flip,0,87.392064,0.5,17.054,1.0,1.5,17.054
GTAIV.exe,1234,0x0,DXGI,0,0,0,Hardware: Legacy Flip,0,87.407921,0.5,15.858,1.0,1.5,15.858
GTAIV.exe,1234,0x0,DXGI,0,0,0,Hardware: Legacy Flip,0,87.424732,0.5,16.810,1.0,1.5,16.810
GTAIV.exe,1234,0x0,DXGI,0,0,0,Hardware: Legacy Flip,0,87.441000,0.5,16.268,1.0,1.5,16.268
GTAIV.exe,1234,0x0,DXGI,0,0,0,Hardware: Legacy Flip,0,87.456462,0.5,15.462,1.0,1.5,15.462
GTAIV.exe,1234,0x0,DXGI,0,0,0,Hardware: Legacy Flip,0,87.475054,0.5,18.592,1.0,1.5,18.592
GTAIV.exe,1234,0x0,DXGI,0,0,0,Hardware: Legacy Flip,0,87.490094,0.5,15.040,1.0,1.5,15.040
GTAIV.exe,1234,0x0,DXGI,0,0,0,Hardware: Legacy Flip,0,87.507629,0.5,17.534,1.0,1.5,17.534
GTAIV.exe,1234,0x0,DXGI,0,0,0,Hardware: Legacy Flip,0,87.524684,0.5,17.055,1.0,1.5,17.055
GTAIV.exe,1234,0x0,DXGI,0,0,0,Hardware: Legacy Flip,0,87.540831,0.5,16.148,1.0,1.5,16.148
GTAIV.exe,1234,0x0,DXGI,0,0,0,Hardware: Legacy Flip,0,87.558064,0.5,17.232,1.0,1.5,17.232
GTAIV.exe,1234,0x0,DXGI,0,0,0,Hardware: Legacy Flip,0,87.576344,0.5,18.280,1.0,1.5,18.280
GTAIV.exe,1234,0x0,DXGI,0,0,0,Hardware: Legacy Flip,0,87.593620,0.5,17.277,1.0,1.5,17.277
GTAIV.exe,1234,0x0,DXGI,0,0,0,Hardware: Legacy Flip,0,87.610853,0.5,17.233,1.0,1.5,17.233
GTAIV.exe,1234,0x0,DXGI,0,0,0,Hardware: Legacy Flip,0,87.625221,0.5,14.368,1.0,1.5,14.368
GTAIV.exe,1234,0x0,DXGI,0,0,0,Hardware: Legacy Flip,0,87.642162,0.5,16.940,1.0,1.5,16.940
GTAIV.exe,1234,0x0,DXGI,0,0,0,Hardware: Legacy Flip,0,87.662276,0.5,20.114,1.0,1.5,20.114
GTAIV.exe,1234,0x0,DXGI,0,0,0,Hardware: Legacy Flip,0,87.679714,0.5,17.438,1.0,1.5,17.438
GTAIV.exe,1234,0x0,DXGI,0,0,0,Hardware: Legacy Flip,0,87.697529,0.5,17.815,1.0,1.5,17.815
GTAIV.exe,1234,0x0,DXGI,0,0,0,Hardware: Legacy Flip,0,87.713572,0.5,16.043,1.0,1.5,16.043
GTAIV.exe,1234,0x0,DXGI,0,0,0,Hardware: Legacy Flip,0,87.731509,0.5,17.937,1.0,1.5,17.937
GTAIV.exe,1234,0x0,DXGI,0,0,0,Hardware: Legacy Flip,0,87.749701,0.5,18.192,1.0,1.5,18.192
GTAIV.exe,1234,0x0,DXGI,0,0,0,Hardware: Legacy Flip,0,87.766001,0.5,16.301,1.0,1.5,16.301
GTAIV.exe,1234,0x0,DXGI,0,0,0,Hardware: Legacy Flip,0,87.782399,0.5,16.398,1.0,1.5,16.398
GTAIV.exe,1234,0x0,DXGI,0,0,0,Hardware: Legacy Flip,0,87.798648,0.5,16.249,1.0,1.5,16.249
GTAIV.exe,1234,0x0,DXGI,0,0,0,Hardware: Legacy Flip,0,87.814927,0.5,16.279,1.0,1.5,16.279
GTAIV.exe,1234,0x0,DXGI,0,0,0,Hardware: Legacy Flip,0,87.831506,0.5,16.580,1.0,1.5,16.580
GTAIV.exe,1234,0x0,DXGI,0,0,0,Hardware: Legacy Flip,0,87.848773,0.5,17.266,1.0,1.5,17.266
GTAIV.exe,1234,0x0,DXGI,0,0,0,Hardware: Legacy Flip,0,87.866826,0.5,18.053,1.0,1.5,18.053
GTAIV.exe,1234,0x0,DXGI,0,0,0,Hardware: Legacy Flip,0,87.885964,0.5,19.138,1.0,1.5,19.138
GTAIV.exe,1234,0x0,DXGI,0,0,0,Hardware: Legacy Flip,0,87.900825,0.5,14.861,1.0,1.5,14.861
GTAIV.exe,1234,0x0,DXGI,0,0,0,Hardware: Legacy Flip,0,87.917041,0.5,16.217,1.0,1.5,16.217
GTAIV.exe,1234,0x0,DXGI,0,0,0,Hardware: Legacy Flip,0,87.931859,0.5,14.817,1.0,1.5,14.817
GTAIV.exe,1234,0x0,DXGI,0,0,0,Hardware: Legacy Flip,0,87.948363,0.5,16.504,1.0,1.5,16.504
GTAIV.exe,1234,0x0,DXGI,0,0,0,Hardware: Legacy Flip,0,87.963646,0.5,15.283,1.0,1.5,15.283
GTAIV.exe,1234,0x0,DXGI,0,0,0,Hardware: Legacy Flip,0,87.979340,0.5,15.694,1.0,1.5,15.694
GTAIV.exe,1234,0x0,DXGI,0,0,0,Hardware: Legacy Flip,0,87.997496,0.5,18.156,1.0,1.5,18.156
GTAIV.exe,1234,0x0,DXGI,0,0,0,Hardware: Legacy Flip,0,88.014372,0.5,16.876,1.0,1.5,16.876
GTAIV.exe,1234,0x0,DXGI,0,0,0,Hardware: Legacy Flip,0,88.029757,0.5,15.385,1.0,1.5,15.385
GTAIV.exe,1234,0x0,DXGI,0,0,0,Hardware: Legacy Flip,0,88.046126,0.5,16.369,1.0,1.5,16.369
GTAIV.exe,1234,0x0,DXGI,0,0,0,Hardware: Legacy Flip,0,88.063119,0.5,16.993,1.0,1.5,16.993
GTAIV.exe,1234,0x0,DXGI,0,0,0,Hardware: Legacy Flip,0,88.079511,0.5,16.392,1.0,1.5,16.392
GTAIV.exe,1234,0x0,DXGI,0,0,0,Hardware: Legacy Flip,0,88.096352,0.5,16.840,1.0,1.5,16.840
GTAIV.exe,1234,0x0,DXGI,0,0,0,Hardware: Legacy Flip,0,88.113981,0.5,17.629,1.0,1.5,17.629
GTAIV.exe,1234,0x0,DXGI,0,0,0,Hardware: Legacy Flip,0,88.129954,0.5,15.973,1.0,1.5,15.973
GTAIV.exe,1234,0x0,DXGI,0,0,0,Hardware: Legacy Flip,0,88.145282,0.5,15.327,1.0,1.5,15.327
GTAIV.exe,1234,0x0,DXGI,0,0,0,Hardware: Legacy Flip,0,88.162007,0.5,16.726,1.0,1.5,16.726
GTAIV.exe,1234,0x0,DXGI,0,0,0,Hardware: Legacy Flip,0,88.176972,0.5,14.965,1.0,1.5,14.965
GTAIV.exe,1234,0x0,DXGI,0,0,0,Hardware: Legacy Flip,0,88.194207,0.5,17.234,1.0,1.5,17.234
GTAIV.exe,1234,0x0,DXGI,0,0,0,Hardware: Legacy Flip,0,88.210126,0.5,15.919,1.0,1.5,15.919
GTAIV.exe,1234,0x0,DXGI,0,0,0,Hardware: Legacy Flip,0,88.224564,0.5,14.439,1.0,1.5,14.439
GTAIV.exe,1234,0x0,DXGI,0,0,0,Hardware: Legacy Flip,0,88.241224,0.5,16.659,1.0,1.5,16.659
GTAIV.exe,1234,0x0,DXGI,0,0,0,Hardware: Legacy Flip,0,88.255891,0.5,14.668,1.0,1.5,14.668
GTAIV.exe,1234,0x0,DXGI,0,0,0,Hardware: Legacy Flip,0,88.274853,0.5,18.962,1.0,1.5,18.962
GTAIV.exe,1234,0x0,DXGI,0,0,0,Hardware: Legacy Flip,0,88.292817,0.5,17.964,1.0,1.5,17.964
GTAIV.exe,1234,0x0,DXGI,0,0,0,Hardware: Legacy Flip,0,88.308839,0.5,16.021,1.0,1.5,16.021
GTAIV.exe,1234,0x0,DXGI,0,0,0,Hardware: Legacy Flip,0,88.324475,0.5,15.636,1.0,1.5,15.636
GTAIV.exe,1234,0x0,DXGI,0,0,0,Hardware: Legacy Flip,0,88.341451,0.5,16.977,1.0,1.5,16.977
GTAIV.exe,1234,0x0,DXGI,0,0,0,Hardware: Legacy Flip,0,88.357373,0.5,15.922,1.0,1.5,15.922
GTAIV.exe,1234,0x0,DXGI,0,0,0,Hardware: Legacy Flip,0,88.372545,0.5,15.171,1.0,1.5,15.171
GTAIV.exe,1234,0x0,DXGI,0,0,0,Hardware: Legacy Flip,0,88.387739,0.5,15.194,1.0,1.5,15.194
GTAIV.exe,1234,0x0,DXGI,0,0,0,Hardware: Legacy Flip,0,88.403640,0.5,15.901,1.0,1.5,15.901
GTAIV.exe,1234,0x0,DXGI,0,0,0,Hardware: Legacy Flip,0,88.419368,0.5,15.729,1.0,1.5,15.729
GTAIV.exe,1234,0x0,DXGI,0,0,0,Hardware: Legacy Flip,0,88.436252,0.5,16.883,1.0,1.5,16.883
GTAIV.exe,1234,0x0,DXGI,0,0,0,Hardware: Legacy Flip,0,88.451919,0.5,15.667,1.0,1.5,15.667
GTAIV.exe,1234,0x0,DXGI,0,0,0,Hardware: Legacy Flip,0,88.468324,0.5,16.405,1.0,1.5,16.405
GTAIV.exe,1234,0x0,DXGI,0,0,0,Hardware: Legacy Flip,0,88.484942,0.5,16.619,1.0,1.5,16.619
GTAIV.exe,1234,0x0,DXGI,0,0,0,Hardware: Legacy Flip,0,88.502465,0.5,17.522,1.0,1.5,17.522
GTAIV.exe,1234,0x0,DXGI,0,0,0,Hardware: Legacy Flip,0,88.517853,0.5,15.388,1.0,1.5,15.388
GTAIV.exe,1234,0x0,DXGI,0,0,0,Hardware: Legacy Flip,0,88.534491,0.5,16.638,1.0,1.5,16.638
GTAIV.exe,1234,0x0,DXGI,0,0,0,Hardware: Legacy Flip,0,88.553600,0.5,19.109,1.0,1.5,19.109
GTAIV.exe,1234,0x0,DXGI,0,0,0,Hardware: Legacy Flip,0,88.570263,0.5,16.663,1.0,1.5,16.663
GTAIV.exe,1234,0x0,DXGI,0,0,0,Hardware: Legacy Flip,0,88.586471,0.5,16.208,1.0,1.5,16.208
GTAIV.exe,1234,0x0,DXGI,0,0,0,Hardware: Legacy Flip,0,88.604192,0.5,17.720,1.0,1.5,17.720
GTAIV.exe,1234,0x0,DXGI,0,0,0,Hardware: Legacy Flip,0,88.621315,0.5,17.124,1.0,1.5,17.124
GTAIV.exe,1234,0x0,DXGI,0,0,0,Hardware: Legacy Flip,0,88.639286,0.5,17.970,1.0,1.5,17.970
GTAIV.exe,1234,0x0,DXGI,0,0,0,Hardware: Legacy Flip,0,88.655227,0.5,15.941,1.0,1.5,15.941
GTAIV.exe,1234,0x0,DXGI,0,0,0,Hardware: Legacy Flip,0,88.672586,0.5,17.359,1.0,1.5,17.359
GTAIV.exe,1234,0x0,DXGI,0,0,0,Hardware: Legacy Flip,0,88.689019,0.5,16.433,1.0,1.5,16.433
GTAIV.exe,1234,0x0,DXGI,0,0,0,Hardware: Legacy Flip,0,88.704955,0.5,15.936,1.0,1.5,15.936
GTAIV.exe,1234,0x0,DXGI,0,0,0,Hardware: Legacy Flip,0,88.721731,0.5,16.777,1.0,1.5,16.777
GTAIV.exe,1234,0x0,DXGI,0,0,0,Hardware: Legacy Flip,0,88.739663,0.5,17.931,1.0,1.5,17.931
GTAIV.exe,1234,0x0,DXGI,0,0,0,Hardware: Legacy Flip,0,88.845551,0.5,105.888,1.0,1.5,105.888
GTAIV.exe,1234,0x0,DXGI,0,0,0,Hardware: Legacy Flip,0,88.861849,0.5,16.298,1.0,1.5,16.298
GTAIV.exe,1234,0x0,DXGI,0,0,0,Hardware: Legacy Flip,0,88.879213,0.5,17.364,1.0,1.5,17.364
GTAIV.exe,1234,0x0,DXGI,0,0,0,Hardware: Legacy Flip,0,88.896566,0.5,17.353,1.0,1.5,17.353
GTAIV.exe,1234,0x0,DXGI,0,0,0,Hardware: Legacy Flip,0,88.912772,0.5,16.205,1.0,1.5,16.205
GTAIV.exe,1234,0x0,DXGI,0,0,0,Hardware: Legacy Flip,0,88.929607,0.5,16.836,1.0,1.5,16.836
GTAIV.exe,1234,0x0,DXGI,0,0,0,Hardware: Legacy Flip,0,88.944675,0.5,15.068,1.0,1.5,15.068
GTAIV.exe,1234,0x0,DXGI,0,0,0,Hardware: Legacy Flip,0,88.960447,0.5,15.772,1.0,1.5,15.772
GTAIV.exe,1234,0x0,DXGI,0,0,0,Hardware: Legacy Flip,0,88.977866,0.5,17.419,1.0,1.5,17.419
GTAIV.exe,1234,0x0,DXGI,0,0,0,Hardware: Legacy Flip,0,88.994650,0.5,16.784,1.0,1.5,16.784
GTAIV.exe,1234,0x0,DXGI,0,0,0,Hardware: Legacy Flip,0,89.009981,0.5,15.331,1.0,1.5,15.331
GTAIV.exe,1234,0x0,DXGI,0,0,0,Hardware: Legacy Flip,0,89.027688,0.5,17.707,1.0,1.5,17.707
GTAIV.exe,1234,0x0,DXGI,0,0,0,Hardware: Legacy Flip,0,89.044611,0.5,16.923,1.0,1.5,16.923
GTAIV.exe,1234,0x0,DXGI,0,0,0,Hardware: Legacy Flip,0,89.060911,0.5,16.300,1.0,1.5,16.300
GTAIV.exe,1234,0x0,DXGI,0,0,0,Hardware: Legacy Flip,0,89.077842,0.5,16.932,1.0,1.5,16.932
GTAIV.exe,1234,0x0,DXGI,0,0,0,Hardware: Legacy Flip,0,89.095537,0.5,17.694,1.0,1.5,17.694
GTAIV.exe,1234,0x0,DXGI,0,0,0,Hardware: Legacy Flip,0,89.113744,0.5,18.207,1.0,1.5,18.207
GTAIV.exe,1234,0x0,DXGI,0,0,0,Hardware: Legacy Flip,0,89.129986,0.5,16.242,1.0,1.5,16.242
GTAIV.exe,1234,0x0,DXGI,0,0,0,Hardware: Legacy Flip,0,89.146534,0.5,16.548,1.0,1.5,16.548
GTAIV.exe,1234,0x0,DXGI,0,0,0,Hardware: Legacy Flip,0,89.164253,0.5,17.719,1.0,1.5,17.719
GTAIV.exe,1234,0x0,DXGI,0,0,0,Hardware: Legacy Flip,0,89.180639,0.5,16.386,1.0,1.5,16.386
GTAIV.exe,1234,0x0,DXGI,0,0,0,Hardware: Legacy Flip,0,89.196472,0.5,15.833,1.0,1.5,15.833
GTAIV.exe,1234,0x0,DXGI,0,0,0,Hardware: Legacy Flip,0,89.212742,0.5,16.270,1.0,1.5,16.270
GTAIV.exe,1234,0x0,DXGI,0,0,0,Hardware: Legacy Flip,0,89.229931,0.5,17.189,1.0,1.5,17.189
GTAIV.exe,1234,0x0,DXGI,0,0,0,Hardware: Legacy Flip,0,89.246476,0.5,16.545,1.0,1.5,16.545
GTAIV.exe,1234,0x0,DXGI,0,0,0,Hardware: Legacy Flip,0,89.263926,0.5,17.449,1.0,1.5,17.449
GTAIV.exe,1234,0x0,DXGI,0,0,0,Hardware: Legacy Flip,0,89.282587,0.5,18.662,1.0,1.5,18.662
GTAIV.exe,1234,0x0,DXGI,0,0,0,Hardware: Legacy Flip,0,89.299151,0.5,16.564,1.0,1.5,16.564
GTAIV.exe,1234,0x0,DXGI,0,0,0,Hardware: Legacy Flip,0,89.316559,0.5,17.409,1.0,1.5,17.409
GTAIV.exe,1234,0x0,DXGI,0,0,0,Hardware: Legacy Flip,0,89.332836,0.5,16.276,1.0,1.5,16.276
GTAIV.exe,1234,0x0,DXGI,0,0,0,Hardware: Legacy Flip,0,89.349523,0.5,16.688,1.0,1.5,16.688
GTAIV.exe,1234,0x0,DXGI,0,0,0,Hardware: Legacy Flip,0,89.367635,0.5,18.112,1.0,1.5,18.112
GTAIV.exe,1234,0x0,DXGI,0,0,0,Hardware: Legacy Flip,0,89.383974,0.5,16.339,1.0,1.5,16.339
GTAIV.exe,1234,0x0,DXGI,0,0,0,Hardware: Legacy Flip,0,89.398266,0.5,14.292,1.0,1.5,14.292
GTAIV.exe,1234,0x0,DXGI,0,0,0,Hardware: Legacy Flip,0,89.415322,0.5,17.056,1.0,1.5,17.056
GTAIV.exe,1234,0x0,DXGI,0,0,0,Hardware: Legacy Flip,0,89.431338,0.5,16.016,1.0,1.5,16.016
GTAIV.exe,1234,0x0,DXGI,0,0,0,Hardware: Legacy Flip,0,89.447321,0.5,15.983,1.0,1.5,15.983
GTAIV.exe,1234,0x0,DXGI,0,0,0,Hardware: Legacy Flip,0,89.463660,0.5,16.339,1.0,1.5,16.339
GTAIV.exe,1234,0x0,DXGI,0,0,0,Hardware: Legacy Flip,0,89.482679,0.5,19.019,1.0,1.5,19.019
GTAIV.exe,1234,0x0,DXGI,0,0,0,Hardware: Legacy Flip,0,89.498682,0.5,16.003,1.0,1.5,16.003
GTAIV.exe,1234,0x0,DXGI,0,0,0,Hardware: Legacy Flip,0,89.514137,0.5,15.455,1.0,1.5,15.455
GTAIV.exe,1234,0x0,DXGI,0,0,0,Hardware: Legacy Flip,0,89.531513,0.5,17.376,1.0,1.5,17.376
GTAIV.exe,1234,0x0,DXGI,0,0,0,Hardware: Legacy Flip,0,89.548008,0.5,16.495,1.0,1.5,16.495
GTAIV.exe,1234,0x0,DXGI,0,0,0,Hardware: Legacy Flip,0,89.565751,0.5,17.743,1.0,1.5,17.743
GTAIV.exe,1234,0x0,DXGI,0,0,0,Hardware: Legacy Flip,0,89.583407,0.5,17.656,1.0,1.5,17.656
GTAIV.exe,1234,0x0,DXGI,0,0,0,Hardware: Legacy Flip,0,89.599616,0.5,16.209,1.0,1.5,16.209
GTAIV.exe,1234,0x0,DXGI,0,0,0,Hardware: Legacy Flip,0,89.617179,0.5,17.563,1.0,1.5,17.563
GTAIV.exe,1234,0x0,DXGI,0,0,0,Hardware: Legacy Flip,0,89.634579,0.5,17.400,1.0,1.5,17.400
GTAIV.exe,1234,0x0,DXGI,0,0,0,Hardware: Legacy Flip,0,89.653658,0.5,19.079,1.0,1.5,19.079
GTAIV.exe,1234,0x0,DXGI,0,0,0,Hardware: Legacy Flip,0,89.669582,0.5,15.923,1.0,1.5,15.923
GTAIV.exe,1234,0x0,DXGI,0,0,0,Hardware: Legacy Flip,0,89.686167,0.5,16.586,1.0,1.5,16.586
GTAIV.exe,1234,0x0,DXGI,0,0,0,Hardware: Legacy Flip,0,89.701798,0.5,15.631,1.0,1.5,15.631
GTAIV.exe,1234,0x0,DXGI,0,0,0,Hardware: Legacy Flip,0,89.717894,0.5,16.096,1.0,1.5,16.096
GTAIV.exe,1234,0x0,DXGI,0,0,0,Hardware: Legacy Flip,0,89.735916,0.5,18.022,1.0,1.5,18.022
GTAIV.exe,1234,0x0,DXGI,0,0,0,Hardware: Legacy Flip,0,89.752919,0.5,17.002,1.0,1.5,17.002
GTAIV.exe,1234,0x0,DXGI,0,0,0,Hardware: Legacy Flip,0,89.769973,0.5,17.054,1.0,1.5,17.054
GTAIV.exe,1234,0x0,DXGI,0,0,0,Hardware: Legacy Flip,0,89.786011,0.5,16.038,1.0,1.5,16.038
GTAIV.exe,1234,0x0,DXGI,0,0,0,Hardware: Legacy Flip,0,89.804258,0.5,18.246,1.0,1.5,18.246
GTAIV.exe,1234,0x0,DXGI,0,0,0,Hardware: Legacy Flip,0,89.820468,0.5,16.210,1.0,1.5,16.210
GTAIV.exe,1234,0x0,DXGI,0,0,0,Hardware: Legacy Flip,0,89.838165,0.5,17.697,1.0,1.5,17.697
GTAIV.exe,1234,0x0,DXGI,0,0,0,Hardware: Legacy Flip,0,89.853779,0.5,15.615,1.0,1.5,15.615
GTAIV.exe,1234,0x0,DXGI,0,0,0,Hardware: Legacy Flip,0,89.869831,0.5,16.052,1.0,1.5,16.052
GTAIV.exe,1234,0x0,DXGI,0,0,0,Hardware: Legacy Flip,0,89.887722,0.5,17.891,1.0,1.5,17.891
GTAIV.exe,1234,0x0,DXGI,0,0,0,Hardware: Legacy Flip,0,89.903308,0.5,15.586,1.0,1.5,15.586
GTAIV.exe,1234,0x0,DXGI,0,0,0,Hardware: Legacy Flip,0,89.919321,0.5,16.013,1.0,1.5,16.013
GTAIV.exe,1234,0x0,DXGI,0,0,0,Hardware: Legacy Flip,0,89.935107,0.5,15.787,1.0,1.5,15.787
GTAIV.exe,1234,0x0,DXGI,0,0,0,Hardware: Legacy Flip,0,89.950629,0.5,15.521,1.0,1.5,15.521
GTAIV.exe,1234,0x0,DXGI,0,0,0,Hardware: Legacy Flip,0,89.966877,0.5,16.248,1.0,1.5,16.248
GTAIV.exe,1234,0x0,DXGI,0,0,0,Hardware: Legacy Flip,0,89.982161,0.5,15.285,1.0,1.5,15.285
GTAIV.exe,1234,0x0,DXGI,0,0,0,Hardware: Legacy Flip,0,89.998455,0.5,16.294,1.0,1.5,16.294
GTAIV.exe,1234,0x0,DXGI,0,0,0,Hardware: Legacy Flip,0,90.016441,0.5,17.986,1.0,1.5,17.986
GTAIV.exe,1234,0x0,DXGI,0,0,0,Hardware: Legacy Flip,0,90.034797,0.5,18.356,1.0,1.5,18.356
GTAIV.exe,1234,0x0,DXGI,0,0,0,Hardware: Legacy Flip,0,90.052075,0.5,17.279,1.0,1.5,17.279
GTAIV.exe,1234,0x0,DXGI,0,0,0,Hardware: Legacy Flip,0,90.068943,0.5,16.867,1.0,1.5,16.867
GTAIV.exe,1234,0x0,DXGI,0,0,0,Hardware: Legacy Flip,0,90.087692,0.5,18.750,1.0,1.5,18.750
GTAIV.exe,1234,0x0,DXGI,0,0,0,Hardware: Legacy Flip,0,90.104669,0.5,16.977,1.0,1.5,16.977
GTAIV.exe,1234,0x0,DXGI,0,0,0,Hardware: Legacy Flip,0,90.122055,0.5,17.386,1.0,1.5,17.386
GTAIV.exe,1234,0x0,DXGI,0,0,0,Hardware: Legacy Flip,0,90.139282,0.5,17.226,1.0,1.5,17.226
GTAIV.exe,1234,0x0,DXGI,0,0,0,Hardware: Legacy Flip,0,90.158578,0.5,19.296,1.0,1.5,19.296
GTAIV.exe,1234,0x0,DXGI,0,0,0,Hardware: Legacy Flip,0,90.173972,0.5,15.395,1.0,1.5,15.395
GTAIV.exe,1234,0x0,DXGI,0,0,0,Hardware: Legacy Flip,0,90.190206,0.5,16.234,1.0,1.5,16.234
GTAIV.exe,1234,0x0,DXGI,0,0,0,Hardware: Legacy Flip,0,90.206272,0.5,16.066,1.0,1.5,16.066
GTAIV.exe,1234,0x0,DXGI,0,0,0,Hardware: Legacy Flip,0,90.220852,0.5,14.581,1.0,1.5,14.581
GTAIV.exe,1234,0x0,DXGI,0,0,0,Hardware: Legacy Flip,0,90.237519,0.5,16.667,1.0,1.5,16.667
GTAIV.exe,1234,0x0,DXGI,0,0,0,Hardware: Legacy Flip,0,90.255147,0.5,17.627,1.0,1.5,17.627
GTAIV.exe,1234,0x0,DXGI,0,0,0,Hardware: Legacy Flip,0,90.272863,0.5,17.716,1.0,1.5,17.716
GTAIV.exe,1234,0x0,DXGI,0,0,0,Hardware: Legacy Flip,0,90.290629,0.5,17.766,1.0,1.5,17.766
GTAIV.exe,1234,0x0,DXGI,0,0,0,Hardware: Legacy Flip,0,90.308483,0.5,17.853,1.0,1.5,17.853
GTAIV.exe,1234,0x0,DXGI,0,0,0,Hardware: Legacy Flip,0,90.325321,0.5,16.838,1.0,1.5,16.838
GTAIV.exe,1234,0x0,DXGI,0,0,0,Hardware: Legacy Flip,0,90.342714,0.5,17.394,1.0,1.5,17.394
GTAIV.exe,1234,0x0,DXGI,0,0,0,Hardware: Legacy Flip,0,90.359008,0.5,16.294,1.0,1.5,16.294
GTAIV.exe,1234,0x0,DXGI,0,0,0,Hardware: Legacy Flip,0,90.376669,0.5,17.661,1.0,1.5,17.661
GTAIV.exe,1234,0x0,DXGI,0,0,0,Hardware: Legacy Flip,0,90.393508,0.5,16.839,1.0,1.5,16.839
GTAIV.exe,1234,0x0,DXGI,0,0,0,Hardware: Legacy Flip,0,90.409731,0.5,16.223,1.0,1.5,16.223
GTAIV.exe,1234,0x0,DXGI,0,0,0,Hardware: Legacy Flip,0,90.426902,0.5,17.171,1.0,1.5,17.171
GTAIV.exe,1234,0x0,DXGI,0,0,0,Hardware: Legacy Flip,0,90.443672,0.5,16.770,1.0,1.5,16.770
GTAIV.exe,1234,0x0,DXGI,0,0,0,Hardware: Legacy Flip,0,90.459006,0.5,15.335,1.0,1.5,15.335
GTAIV.exe,1234,0x0,DXGI,0,0,0,Hardware: Legacy Flip,0,90.474953,0.5,15.947,1.0,1.5,15.947
GTAIV.exe,1234,0x0,DXGI,0,0,0,Hardware: Legacy Flip,0,90.490298,0.5,15.345,1.0,1.5,15.345
GTAIV.exe,1234,0x0,DXGI,0,0,0,Hardware: Legacy Flip,0,90.509173,0.5,18.875,1.0,1.5,18.875
GTAIV.exe,1234,0x0,DXGI,0,0,0,Hardware: Legacy Flip,0,90.525242,0.5,16.069,1.0,1.5,16.069
GTAIV.exe,1234,0x0,DXGI,0,0,0,Hardware: Legacy Flip,0,90.541439,0.5,16.197,1.0,1.5,16.197
GTAIV.exe,1234,0x0,DXGI,0,0,0,Hardware: Legacy Flip,0,90.557625,0.5,16.186,1.0,1.5,16.186
GTAIV.exe,1234,0x0,DXGI,0,0,0,Hardware: Legacy Flip,0,90.576400,0.5,18.775,1.0,1.5,18.775
GTAIV.exe,1234,0x0,DXGI,0,0,0,Hardware: Legacy Flip,0,90.591806,0.5,15.407,1.0,1.5,15.407
GTAIV.exe,1234,0x0,DXGI,0,0,0,Hardware: Legacy Flip,0,90.607015,0.5,15.209,1.0,1.5,15.209
GTAIV.exe,1234,0x0,DXGI,0,0,0,Hardware: Legacy Flip,0,90.623874,0.5,16.859,1.0,1.5,16.859
GTAIV.exe,1234,0x0,DXGI,0,0,0,Hardware: Legacy Flip,0,90.640159,0.5,16.286,1.0,1.5,16.286
GTAIV.exe,1234,0x0,DXGI,0,0,0,Hardware: Legacy Flip,0,90.656343,0.5,16.184,1.0,1.5,16.184
GTAIV.exe,1234,0x0,DXGI,0,0,0,Hardware: Legacy Flip,0,90.672445,0.5,16.102,1.0,1.5,16.102
GTAIV.exe,1234,0x0,DXGI,0,0,0,Hardware: Legacy Flip,0,90.688744,0.5,16.299,1.0,1.5,16.299
GTAIV.exe,1234,0x0,DXGI,0,0,0,Hardware: Legacy Flip,0,90.704574,0.5,15.830,1.0,1.5,15.830
GTAIV.exe,1234,0x0,DXGI,0,0,0,Hardware: Legacy Flip,0,90.719897,0.5,15.322,1.0,1.5,15.322
GTAIV.exe,1234,0x0,DXGI,0,0,0,Hardware: Legacy Flip,0,90.735368,0.5,15.471,1.0,1.5,15.471
GTAIV.exe,1234,0x0,DXGI,0,0,0,Hardware: Legacy Flip,0,90.749959,0.5,14.592,1.0,1.5,14.592
GTAIV.exe,1234,0x0,DXGI,0,0,0,Hardware: Legacy Flip,0,90.765631,0.5,15.672,1.0,1.5,15.672
GTAIV.exe,1234,0x0,DXGI,0,0,0,Hardware: Legacy Flip,0,90.779509,0.5,13.878,1.0,1.5,13.878
GTAIV.exe,1234,0x0,DXGI,0,0,0,Hardware: Legacy Flip,0,90.797046,0.5,17.536,1.0,1.5,17.536
GTAIV.exe,1234,0x0,DXGI,0,0,0,Hardware: Legacy Flip,0,90.814076,0.5,17.031,1.0,1.5,17.031
GTAIV.exe,1234,0x0,DXGI,0,0,0,Hardware: Legacy Flip,0,90.831434,0.5,17.358,1.0,1.5,17.358
GTAIV.exe,1234,0x0,DXGI,0,0,0,Hardware: Legacy Flip,0,90.847534,0.5,16.100,1.0,1.5,16.100
GTAIV.exe,1234,0x0,DXGI,0,0,0,Hardware: Legacy Flip,0,90.863762,0.5,16.228,1.0,1.5,16.228
GTAIV.exe,1234,0x0,DXGI,0,0,0,Hardware: Legacy Flip,0,90.879497,0.5,15.736,1.0,1.5,15.736
GTAIV.exe,1234,0x0,DXGI,0,0,0,Hardware: Legacy Flip,0,90.895948,0.5,16.451,1.0,1.5,16.451
GTAIV.exe,1234,0x0,DXGI,0,0,0,Hardware: Legacy Flip,0,90.913743,0.5,17.794,1.0,1.5,17.794
GTAIV.exe,1234,0x0,DXGI,0,0,0,Hardware: Legacy Flip,0,90.930807,0.5,17.065,1.0,1.5,17.065
GTAIV.exe,1234,0x0,DXGI,0,0,0,Hardware: Legacy Flip,0,90.945947,0.5,15.140,1.0,1.5,15.140
GTAIV.exe,1234,0x0,DXGI,0,0,0,Hardware: Legacy Flip,0,90.964455,0.5,18.508,1.0,1.5,18.508
GTAIV.exe,1234,0x0,DXGI,0,0,0,Hardware: Legacy Flip,0,90.980490,0.5,16.035,1.0,1.5,16.035
GTAIV.exe,1234,0x0,DXGI,0,0,0,Hardware: Legacy Flip,0,90.994721,0.5,14.231,1.0,1.5,14.231
GTAIV.exe,1234,0x0,DXGI,0,0,0,Hardware: Legacy Flip,0,91.011266,0.5,16.545,1.0,1.5,16.545
GTAIV.exe,1234,0x0,DXGI,0,0,0,Hardware: Legacy Flip,0,91.029903,0.5,18.637,1.0,1.5,18.637
GTAIV.exe,1234,0x0,DXGI,0,0,0,Hardware: Legacy Flip,0,91.048304,0.5,18.401,1.0,1.5,18.401
GTAIV.exe,1234,0x0,DXGI,0,0,0,Hardware: Legacy Flip,0,91.066167,0.5,17.863,1.0,1.5,17.863
GTAIV.exe,1234,0x0,DXGI,0,0,0,Hardware: Legacy Flip,0,91.083073,0.5,16.906,1.0,1.5,16.906
GTAIV.exe,1234,0x0,DXGI,0,0,0,Hardware: Legacy Flip,0,91.100231,0.5,17.158,1.0,1.5,17.158
GTAIV.exe,1234,0x0,DXGI,0,0,0,Hardware: Legacy Flip,0,91.116433,0.5,16.202,1.0,1.5,16.202
GTAIV.exe,1234,0x0,DXGI,0,0,0,Hardware: Legacy Flip,0,91.135626,0.5,19.193,1.0,1.5,19.193
GTAIV.exe,1234,0x0,DXGI,0,0,0,Hardware: Legacy Flip,0,91.151514,0.5,15.888,1.0,1.5,15.888
GTAIV.exe,1234,0x0,DXGI,0,0,0,Hardware: Legacy Flip,0,91.169141,0.5,17.627,1.0,1.5,17.627
GTAIV.exe,1234,0x0,DXGI,0,0,0,Hardware: Legacy Flip,0,91.186142,0.5,17.001,1.0,1.5,17.001
GTAIV.exe,1234,0x0,DXGI,0,0,0,Hardware: Legacy Flip,0,91.203315,0.5,17.174,1.0,1.5,17.174
GTAIV.exe,1234,0x0,DXGI,0,0,0,Hardware: Legacy Flip,0,91.220036,0.5,16.721,1.0,1.5,16.721
GTAIV.exe,1234,0x0,DXGI,0,0,0,Hardware: Legacy Flip,0,91.235427,0.5,15.391,1.0,1.5,15.391
GTAIV.exe,1234,0x0,DXGI,0,0,0,Hardware: Legacy Flip,0,91.250134,0.5,14.706,1.0,1.5,14.706
GTAIV.exe,1234,0x0,DXGI,0,0,0,Hardware: Legacy Flip,0,91.266671,0.5,16.538,1.0,1.5,16.538
GTAIV.exe,1234,0x0,DXGI,0,0,0,Hardware: Legacy Flip,0,91.282295,0.5,15.624,1.0,1.5,15.624
GTAIV.exe,1234,0x0,DXGI,0,0,0,Hardware: Legacy Flip,0,91.297420,0.5,15.125,1.0,1.5,15.125
GTAIV.exe,1234,0x0,DXGI,0,0,0,Hardware: Legacy Flip,0,91.314693,0.5,17.273,1.0,1.5,17.273
GTAIV.exe,1234,0x0,DXGI,0,0,0,Hardware: Legacy Flip,0,91.332171,0.5,17.478,1.0,1.5,17.478
GTAIV.exe,1234,0x0,DXGI,0,0,0,Hardware: Legacy Flip,0,91.349135,0.5,16.964,1.0,1.5,16.964
GTAIV.exe,1234,0x0,DXGI,0,0,0,Hardware: Legacy Flip,0,91.365449,0.5,16.314,1.0,1.5,16.314
GTAIV.exe,1234,0x0,DXGI,0,0,0,Hardware: Legacy Flip,0,91.383361,0.5,17.912,1.0,1.5,17.912
GTAIV.exe,1234,0x0,DXGI,0,0,0,Hardware: Legacy Flip,0,91.400381,0.5,17.020,1.0,1.5,17.020
GTAIV.exe,1234,0x0,DXGI,0,0,0,Hardware: Legacy Flip,0,91.417252,0.5,16.870,1.0,1.5,16.870
GTAIV.exe,1234,0x0,DXGI,0,0,0,Hardware: Legacy Flip,0,91.434118,0.5,16.866,1.0,1.5,16.866
GTAIV.exe,1234,0x0,DXGI,0,0,0,Hardware: Legacy Flip,0,91.449975,0.5,15.857,1.0,1.5,15.857
GTAIV.exe,1234,0x0,DXGI,0,0,0,Hardware: Legacy Flip,0,91.466372,0.5,16.398,1.0,1.5,16.398
GTAIV.exe,1234,0x0,DXGI,0,0,0,Hardware: Legacy Flip,0,91.483392,0.5,17.020,1.0,1.5,17.020
GTAIV.exe,1234,0x0,DXGI,0,0,0,Hardware: Legacy Flip,0,91.498905,0.5,15.513,1.0,1.5,15.513
GTAIV.exe,1234,0x0,DXGI,0,0,0,Hardware: Legacy Flip,0,91.515512,0.5,16.607,1.0,1.5,16.607
GTAIV.exe,1234,0x0,DXGI,0,0,0,Hardware: Legacy Flip,0,91.531392,0.5,15.880,1.0,1.5,15.880
GTAIV.exe,1234,0x0,DXGI,0,0,0,Hardware: Legacy Flip,0,91.546844,0.5,15.451,1.0,1.5,15.451
GTAIV.exe,1234,0x0,DXGI,0,0,0,Hardware: Legacy Flip,0,91.562569,0.5,15.725,1.0,1.5,15.725
GTAIV.exe,1234,0x0,DXGI,0,0,0,Hardware: Legacy Flip,0,91.577621,0.5,15.052,1.0,1.5,15.052
GTAIV.exe,1234,0x0,DXGI,0,0,0,Hardware: Legacy Flip,0,91.592201,0.5,14.580,1.0,1.5,14.580
GTAIV.exe,1234,0x0,DXGI,0,0,0,Hardware: Legacy Flip,0,91.608146,0.5,15.945,1.0,1.5,15.945
GTAIV.exe,1234,0x0,DXGI,0,0,0,Hardware: Legacy Flip,0,91.625370,0.5,17.223,1.0,1.5,17.223
GTAIV.exe,1234,0x0,DXGI,0,0,0,Hardware: Legacy Flip,0,91.640662,0.5,15.293,1.0,1.5,15.293
GTAIV.exe,1234,0x0,DXGI,0,0,0,Hardware: Legacy Flip,0,91.657406,0.5,16.744,1.0,1.5,16.744
GTAIV.exe,1234,0x0,DXGI,0,0,0,Hardware: Legacy Flip,0,91.673821,0.5,16.415,1.0,1.5,16.415
GTAIV.exe,1234,0x0,DXGI,0,0,0,Hardware: Legacy Flip,0,91.689403,0.5,15.581,1.0,1.5,15.581
GTAIV.exe,1234,0x0,DXGI,0,0,0,Hardware: Legacy Flip,0,91.705872,0.5,16.469,1.0,1.5,16.469
GTAIV.exe,1234,0x0,DXGI,0,0,0,Hardware: Legacy Flip,0,91.724886,0.5,19.014,1.0,1.5,19.014
GTAIV.exe,1234,0x0,DXGI,0,0,0,Hardware: Legacy Flip,0,91.741485,0.5,16.599,1.0,1.5,16.599
GTAIV.exe,1234,0x0,DXGI,0,0,0,Hardware: Legacy Flip,0,91.759064,0.5,17.579,1.0,1.5,17.579
GTAIV.exe,1234,0x0,DXGI,0,0,0,Hardware: Legacy Flip,0,91.775087,0.5,16.023,1.0,1.5,16.023
GTAIV.exe,1234,0x0,DXGI,0,0,0,Hardware: Legacy Flip,0,91.793704,0.5,18.617,1.0,1.5,18.617
GTAIV.exe,1234,0x0,DXGI,0,0,0,Hardware: Legacy Flip,0,91.808915,0.5,15.211,1.0,1.5,15.211
GTAIV.exe,1234,0x0,DXGI,0,0,0,Hardware: Legacy Flip,0,91.823503,0.5,14.588,1.0,1.5,14.588
GTAIV.exe,1234,0x0,DXGI,0,0,0,Hardware: Legacy Flip,0,91.839903,0.5,16.400,1.0,1.5,16.400
GTAIV.exe,1234,0x0,DXGI,0,0,0,Hardware: Legacy Flip,0,91.855607,0.5,15.704,1.0,1.5,15.704
GTAIV.exe,1234,0x0,DXGI,0,0,0,Hardware: Legacy Flip,0,91.871319,0.5,15.712,1.0,1.5,15.712
GTAIV.exe,1234,0x0,DXGI,0,0,0,Hardware: Legacy Flip,0,91.887289,0.5,15.969,1.0,1.5,15.969
GTAIV.exe,1234,0x0,DXGI,0,0,0,Hardware: Legacy Flip,0,91.903980,0.5,16.691,1.0,1.5,16.691
GTAIV.exe,1234,0x0,DXGI,0,0,0,Hardware: Legacy Flip,0,91.920950,0.5,16.970,1.0,1.5,16.970
GTAIV.exe,1234,0x0,DXGI,0,0,0,Hardware: Legacy Flip,0,91.936562,0.5,15.612,1.0,1.5,15.612
GTAIV.exe,1234,0x0,DXGI,0,0,0,Hardware: Legacy Flip,0,91.952386,0.5,15.825,1.0,1.5,15.825
GTAIV.exe,1234,0x0,DXGI,0,0,0,Hardware: Legacy Flip,0,91.968531,0.5,16.144,1.0,1.5,16.144
GTAIV.exe,1234,0x0,DXGI,0,0,0,Hardware: Legacy Flip,0,91.984492,0.5,15.961,1.0,1.5,15.961
GTAIV.exe,1234,0x0,DXGI,0,0,0,Hardware: Legacy Flip,0,92.001108,0.5,16.616,1.0,1.5,16.616
GTAIV.exe,1234,0x0,DXGI,0,0,0,Hardware: Legacy Flip,0,92.018493,0.5,17.385,1.0,1.5,17.385
GTAIV.exe,1234,0x0,DXGI,0,0,0,Hardware: Legacy Flip,0,92.035449,0.5,16.956,1.0,1.5,16.956
GTAIV.exe,1234,0x0,DXGI,0,0,0,Hardware: Legacy Flip,0,92.053380,0.5,17.931,1.0,1.5,17.931
GTAIV.exe,1234,0x0,DXGI,0,0,0,Hardware: Legacy Flip,0,92.069718,0.5,16.338,1.0,1.5,16.338
GTAIV.exe,1234,0x0,DXGI,0,0,0,Hardware: Legacy Flip,0,92.085605,0.5,15.887,1.0,1.5,15.887
GTAIV.exe,1234,0x0,DXGI,0,0,0,Hardware: Legacy Flip,0,92.101171,0.5,15.566,1.0,1.5,15.566
GTAIV.exe,1234,0x0,DXGI,0,0,0,Hardware: Legacy Flip,0,92.117293,0.5,16.122,1.0,1.5,16.122
GTAIV.exe,1234,0x0,DXGI,0,0,0,Hardware: Legacy Flip,0,92.133882,0.5,16.590,1.0,1.5,16.590
GTAIV.exe,1234,0x0,DXGI,0,0,0,Hardware: Legacy Flip,0,92.151557,0.5,17.674,1.0,1.5,17.674
GTAIV.exe,1234,0x0,DXGI,0,0,0,Hardware: Legacy Flip,0,92.168991,0.5,17.434,1.0,1.5,17.434
GTAIV.exe,1234,0x0,DXGI,0,0,0,Hardware: Legacy Flip,0,92.185665,0.5,16.674,1.0,1.5,16.674
GTAIV.exe,1234,0x0,DXGI,0,0,0,Hardware: Legacy Flip,0,92.201649,0.5,15.984,1.0,1.5,15.984
GTAIV.exe,1234,0x0,DXGI,0,0,0,Hardware: Legacy Flip,0,92.219280,0.5,17.631,1.0,1.5,17.631
GTAIV.exe,1234,0x0,DXGI,0,0,0,Hardware: Legacy Flip,0,92.235129,0.5,15.849,1.0,1.5,15.849
GTAIV.exe,1234,0x0,DXGI,0,0,0,Hardware: Legacy Flip,0,92.251415,0.5,16.286,1.0,1.5,16.286
GTAIV.exe,1234,0x0,DXGI,0,0,0,Hardware: Legacy Flip,0,92.266997,0.5,15.583,1.0,1.5,15.583
GTAIV.exe,1234,0x0,DXGI,0,0,0,Hardware: Legacy Flip,0,92.284008,0.5,17.011,1.0,1.5,17.011
GTAIV.exe,1234,0x0,DXGI,0,0,0,Hardware: Legacy Flip,0,92.300373,0.5,16.365,1.0,1.5,16.365
GTAIV.exe,1234,0x0,DXGI,0,0,0,Hardware: Legacy Flip,0,92.318319,0.5,17.946,1.0,1.5,17.946
GTAIV.exe,1234,0x0,DXGI,0,0,0,Hardware: Legacy Flip,0,92.334345,0.5,16.026,1.0,1.5,16.026
GTAIV.exe,1234,0x0,DXGI,0,0,0,Hardware: Legacy Flip,0,92.352299,0.5,17.954,1.0,1.5,17.954
GTAIV.exe,1234,0x0,DXGI,0,0,0,Hardware: Legacy Flip,0,92.369523,0.5,17.224,1.0,1.5,17.224
GTAIV.exe,1234,0x0,DXGI,0,0,0,Hardware: Legacy Flip,0,92.386987,0.5,17.464,1.0,1.5,17.464
GTAIV.exe,1234,0x0,DXGI,0,0,0,Hardware: Legacy Flip,0,92.402409,0.5,15.422,1.0,1.5,15.422
GTAIV.exe,1234,0x0,DXGI,0,0,0,Hardware: Legacy Flip,0,92.418343,0.5,15.935,1.0,1.5,15.935
GTAIV.exe,1234,0x0,DXGI,0,0,0,Hardware: Legacy Flip,0,92.437457,0.5,19.114,1.0,1.5,19.114
GTAIV.exe,1234,0x0,DXGI,0,0,0,Hardware: Legacy Flip,0,92.454930,0.5,17.474,1.0,1.5,17.474
GTAIV.exe,1234,0x0,DXGI,0,0,0,Hardware: Legacy Flip,0,92.472609,0.5,17.678,1.0,1.5,17.678
GTAIV.exe,1234,0x0,DXGI,0,0,0,Hardware: Legacy Flip,0,92.490611,0.5,18.003,1.0,1.5,18.003
GTAIV.exe,1234,0x0,DXGI,0,0,0,Hardware: Legacy Flip,0,92.505517,0.5,14.906,1.0,1.5,14.906
GTAIV.exe,1234,0x0,DXGI,0,0,0,Hardware: Legacy Flip,0,92.523676,0.5,18.159,1.0,1.5,18.159
GTAIV.exe,1234,0x0,DXGI,0,0,0,Hardware: Legacy Flip,0,92.538827,0.5,15.151,1.0,1.5,15.151
GTAIV.exe,1234,0x0,DXGI,0,0,0,Hardware: Legacy Flip,0,92.556248,0.5,17.420,1.0,1.5,17.420
GTAIV.exe,1234,0x0,DXGI,0,0,0,Hardware: Legacy Flip,0,92.574056,0.5,17.808,1.0,1.5,17.808
GTAIV.exe,1234,0x0,DXGI,0,0,0,Hardware: Legacy Flip,0,92.590616,0.5,16.560,1.0,1.5,16.560
GTAIV.exe,1234,0x0,DXGI,0,0,0,Hardware: Legacy Flip,0,92.606459,0.5,15.844,1.0,1.5,15.844
GTAIV.exe,1234,0x0,DXGI,0,0,0,Hardware: Legacy Flip,0,92.621446,0.5,14.986,1.0,1.5,14.986
GTAIV.exe,1234,0x0,DXGI,0,0,0,Hardware: Legacy Flip,0,92.638098,0.5,16.652,1.0,1.5,16.652
GTAIV.exe,1234,0x0,DXGI,0,0,0,Hardware: Legacy Flip,0,92.656379,0.5,18.280,1.0,1.5,18.280
GTAIV.exe,1234,0x0,DXGI,0,0,0,Hardware: Legacy Flip,0,92.673415,0.5,17.036,1.0,1.5,17.036
GTAIV.exe,1234,0x0,DXGI,0,0,0,Hardware: Legacy Flip,0,92.692122,0.5,18.707,1.0,1.5,18.707
GTAIV.exe,1234,0x0,DXGI,0,0,0,Hardware: Legacy Flip,0,92.708843,0.5,16.721,1.0,1.5,16.721
GTAIV.exe,1234,0x0,DXGI,0,0,0,Hardware: Legacy Flip,0,92.724829,0.5,15.985,1.0,1.5,15.985
GTAIV.exe,1234,0x0,DXGI,0,0,0,Hardware: Legacy Flip,0,92.739910,0.5,15.081,1.0,1.5,15.081
GTAIV.exe,1234,0x0,DXGI,0,0,0,Hardware: Legacy Flip,0,92.754253,0.5,14.344,1.0,1.5,14.344
GTAIV.exe,1234,0x0,DXGI,0,0,0,Hardware: Legacy Flip,0,92.771200,0.5,16.947,1.0,1.5,16.947
GTAIV.exe,1234,0x0,DXGI,0,0,0,Hardware: Legacy Flip,0,92.789244,0.5,18.044,1.0,1.5,18.044
GTAIV.exe,1234,0x0,DXGI,0,0,0,Hardware: Legacy Flip,0,92.805219,0.5,15.975,1.0,1.5,15.975
GTAIV.exe,1234,0x0,DXGI,0,0,0,Hardware: Legacy Flip,0,92.820417,0.5,15.198,1.0,1.5,15.198
GTAIV.exe,1234,0x0,DXGI,0,0,0,Hardware: Legacy Flip,0,92.837011,0.5,16.594,1.0,1.5,16.594
GTAIV.exe,1234,0x0,DXGI,0,0,0,Hardware: Legacy Flip,0,92.852896,0.5,15.885,1.0,1.5,15.885
GTAIV.exe,1234,0x0,DXGI,0,0,0,Hardware: Legacy Flip,0,92.871457,0.5,18.561,1.0,1.5,18.561
GTAIV.exe,1234,0x0,DXGI,0,0,0,Hardware: Legacy Flip,0,92.890098,0.5,18.641,1.0,1.5,18.641
GTAIV.exe,1234,0x0,DXGI,0,0,0,Hardware: Legacy Flip,0,92.908107,0.5,18.008,1.0,1.5,18.008
GTAIV.exe,1234,0x0,DXGI,0,0,0,Hardware: Legacy Flip,0,92.922298,0.5,14.191,1.0,1.5,14.191
GTAIV.exe,1234,0x0,DXGI,0,0,0,Hardware: Legacy Flip,0,92.939168,0.5,16.871,1.0,1.5,16.871
GTAIV.exe,1234,0x0,DXGI,0,0,0,Hardware: Legacy Flip,0,92.957343,0.5,18.175,1.0,1.5,18.175
GTAIV.exe,1234,0x0,DXGI,0,0,0,Hardware: Legacy Flip,0,92.977490,0.5,20.146,1.0,1.5,20.146
GTAIV.exe,1234,0x0,DXGI,0,0,0,Hardware: Legacy Flip,0,92.993585,0.5,16.096,1.0,1.5,16.096
GTAIV.exe,1234,0x0,DXGI,0,0,0,Hardware: Legacy Flip,0,93.010495,0.5,16.910,1.0,1.5,16.910
GTAIV.exe,1234,0x0,DXGI,0,0,0,Hardware: Legacy Flip,0,93.025574,0.5,15.079,1.0,1.5,15.079
GTAIV.exe,1234,0x0,DXGI,0,0,0,Hardware: Legacy Flip,0,93.041431,0.5,15.857,1.0,1.5,15.857
GTAIV.exe,1234,0x0,DXGI,0,0,0,Hardware: Legacy Flip,0,93.057483,0.5,16.051,1.0,1.5,16.051
GTAIV.exe,1234,0x0,DXGI,0,0,0,Hardware: Legacy Flip,0,93.074379,0.5,16.896,1.0,1.5,16.896
GTAIV.exe,1234,0x0,DXGI,0,0,0,Hardware: Legacy Flip,0,93.091852,0.5,17.473,1.0,1.5,17.473
GTAIV.exe,1234,0x0,DXGI,0,0,0,Hardware: Legacy Flip,0,93.106102,0.5,14.249,1.0,1.5,14.249
GTAIV.exe,1234,0x0,DXGI,0,0,0,Hardware: Legacy Flip,0,93.123587,0.5,17.486,1.0,1.5,17.486
GTAIV.exe,1234,0x0,DXGI,0,0,0,Hardware: Legacy Flip,0,93.138373,0.5,14.786,1.0,1.5,14.786
GTAIV.exe,1234,0x0,DXGI,0,0,0,Hardware: Legacy Flip,0,93.156211,0.5,17.837,1.0,1.5,17.837
GTAIV.exe,1234,0x0,DXGI,0,0,0,Hardware: Legacy Flip,0,93.171568,0.5,15.358,1.0,1.5,15.358
GTAIV.exe,1234,0x0,DXGI,0,0,0,Hardware: Legacy Flip,0,93.187373,0.5,15.804,1.0,1.5,15.804
GTAIV.exe,1234,0x0,DXGI,0,0,0,Hardware: Legacy Flip,0,93.201101,0.5,13.729,1.0,1.5,13.729
GTAIV.exe,1234,0x0,DXGI,0,0,0,Hardware: Legacy Flip,0,93.219282,0.5,18.181,1.0,1.5,18.181
GTAIV.exe,1234,0x0,DXGI,0,0,0,Hardware: Legacy Flip,0,93.236390,0.5,17.108,1.0,1.5,17.108
GTAIV.exe,1234,0x0,DXGI,0,0,0,Hardware: Legacy Flip,0,93.251641,0.5,15.251,1.0,1.5,15.251
GTAIV.exe,1234,0x0,DXGI,0,0,0,Hardware: Legacy Flip,0,93.268223,0.5,16.582,1.0,1.5,16.582
GTAIV.exe,1234,0x0,DXGI,0,0,0,Hardware: Legacy Flip,0,93.284606,0.5,16.382,1.0,1.5,16.382
GTAIV.exe,1234,0x0,DXGI,0,0,0,Hardware: Legacy Flip,0,93.301847,0.5,17.241,1.0,1.5,17.241
GTAIV.exe,1234,0x0,DXGI,0,0,0,Hardware: Legacy Flip,0,93.316849,0.5,15.003,1.0,1.5,15.003
GTAIV.exe,1234,0x0,DXGI,0,0,0,Hardware: Legacy Flip,0,93.333671,0.5,16.821,1.0,1.5,16.821
GTAIV.exe,1234,0x0,DXGI,0,0,0,Hardware: Legacy Flip,0,93.350893,0.5,17.222,1.0,1.5,17.222
GTAIV.exe,1234,0x0,DXGI,0,0,0,Hardware: Legacy Flip,0,93.367828,0.5,16.935,1.0,1.5,16.935
GTAIV.exe,1234,0x0,DXGI,0,0,0,Hardware: Legacy Flip,0,93.383487,0.5,15.660,1.0,1.5,15.660
GTAIV.exe,1234,0x0,DXGI,0,0,0,Hardware: Legacy Flip,0,93.399106,0.5,15.619,1.0,1.5,15.619
GTAIV.exe,1234,0x0,DXGI,0,0,0,Hardware: Legacy Flip,0,93.417213,0.5,18.108,1.0,1.5,18.108
GTAIV.exe,1234,0x0,DXGI,0,0,0,Hardware: Legacy Flip,0,93.433945,0.5,16.732,1.0,1.5,16.732
GTAIV.exe,1234,0x0,DXGI,0,0,0,Hardware: Legacy Flip,0,93.451825,0.5,17.879,1.0,1.5,17.879
GTAIV.exe,1234,0x0,DXGI,0,0,0,Hardware: Legacy Flip,0,93.467879,0.5,16.055,1.0,1.5,16.055
GTAIV.exe,1234,0x0,DXGI,0,0,0,Hardware: Legacy Flip,0,93.484835,0.5,16.956,1.0,1.5,16.956
GTAIV.exe,1234,0x0,DXGI,0,0,0,Hardware: Legacy Flip,0,93.501080,0.5,16.245,1.0,1.5,16.245
GTAIV.exe,1234,0x0,DXGI,0,0,0,Hardware: Legacy Flip,0,93.519495,0.5,18.415,1.0,1.5,18.415
GTAIV.exe,1234,0x0,DXGI,0,0,0,Hardware: Legacy Flip,0,93.536078,0.5,16.583,1.0,1.5,16.583
GTAIV.exe,1234,0x0,DXGI,0,0,0,Hardware: Legacy Flip,0,93.549726,0.5,13.649,1.0,1.5,13.649
GTAIV.exe,1234,0x0,DXGI,0,0,0,Hardware: Legacy Flip,0,93.567488,0.5,17.762,1.0,1.5,17.762
GTAIV.exe,1234,0x0,DXGI,0,0,0,Hardware: Legacy Flip,0,93.584676,0.5,17.188,1.0,1.5,17.188
GTAIV.exe,1234,0x0,DXGI,0,0,0,Hardware: Legacy Flip,0,93.602013,0.5,17.337,1.0,1.5,17.337
GTAIV.exe,1234,0x0,DXGI,0,0,0,Hardware: Legacy Flip,0,93.618529,0.5,16.516,1.0,1.5,16.516
GTAIV.exe,1234,0x0,DXGI,0,0,0,Hardware: Legacy Flip,0,93.635077,0.5,16.548,1.0,1.5,16.548
GTAIV.exe,1234,0x0,DXGI,0,0,0,Hardware: Legacy Flip,0,93.654189,0.5,19.111,1.0,1.5,19.111
GTAIV.exe,1234,0x0,DXGI,0,0,0,Hardware: Legacy Flip,0,93.670046,0.5,15.858,1.0,1.5,15.858
GTAIV.exe,1234,0x0,DXGI,0,0,0,Hardware: Legacy Flip,0,93.687144,0.5,17.098,1.0,1.5,17.098
GTAIV.exe,1234,0x0,DXGI,0,0,0,Hardware: Legacy Flip,0,93.702798,0.5,15.653,1.0,1.5,15.653
GTAIV.exe,1234,0x0,DXGI,0,0,0,Hardware: Legacy Flip,0,93.718253,0.5,15.455,1.0,1.5,15.455
GTAIV.exe,1234,0x0,DXGI,0,0,0,Hardware: Legacy Flip,1,93.718253,0,0,0,0,0
