Application,ProcessID,SwapChainAddress,Runtime,SyncInterval,PresentFlags,AllowsTearing,PresentMode,Dropped,TimeInSeconds,msInPresentAPI,msBetweenPresents,msUntilRenderComplete,msUntilDisplayed,msBetweenDisplayChange
GTAIV.exe,1234,0x0,DXGI,0,0,0,Hardware: Legacy Flip,0,0.017105,0.5,17.105,1.0,1.5,17.105
GTAIV.exe,1234,0x0,DXGI,0,0,0,Hardware: Legacy Flip,0,0.034062,0.5,16.957,1.0,1.5,16.957
GTAIV.exe,1234,0x0,DXGI,0,0,0,Hardware: Legacy Flip,0,0.050435,0.5,16.373,1.0,1.5,16.373
GTAIV.exe,1234,0x0,DXGI,0,0,0,Hardware: Legacy Flip,0,0.066557,0.5,16.123,1.0,1.5,16.123
GTAIV.exe,1234,0x0,DXGI,0,0,0,Hardware: Legacy Flip,0,0.084070,0.5,17.512,1.0,1.5,17.512
GTAIV.exe,1234,0x0,DXGI,0,0,0,Hardware: Legacy Flip,0,0.101590,0.5,17.520,1.0,1.5,17.520
GTAIV.exe,1234,0x0,DXGI,0,0,0,Hardware: Legacy Flip,0,0.117925,0.5,16.335,1.0,1.5,16.335
GTAIV.exe,1234,0x0,DXGI,0,0,0,Hardware: Legacy Flip,0,0.134777,0.5,16.852,1.0,1.5,16.852
GTAIV.exe,1234,0x0,DXGI,0,0,0,Hardware: Legacy Flip,0,0.151513,0.5,16.737,1.0,1.5,16.737
GTAIV.exe,1234,0x0,DXGI,0,0,0,Hardware: Legacy Flip,0,0.169883,0.5,18.370,1.0,1.5,18.370
GTAIV.exe,1234,0x0,DXGI,0,0,0,Hardware: Legacy Flip,0,0.186950,0.5,17.067,1.0,1.5,17.067
GTAIV.exe,1234,0x0,DXGI,0,0,0,Hardware: Legacy Flip,0,0.202542,0.5,15.592,1.0,1.5,15.592
GTAIV.exe,1234,0x0,DXGI,0,0,0,Hardware: Legacy Flip,0,0.219076,0.5,16.534,1.0,1.5,16.534
GTAIV.exe,1234,0x0,DXGI,0,0,0,Hardware: Legacy Flip,0,0.238533,0.5,19.456,1.0,1.5,19.456
GTAIV.exe,1234,0x0,DXGI,0,0,0,Hardware: Legacy Flip,0,0.254285,0.5,15.752,1.0,1.5,15.752
GTAIV.exe,1234,0x0,DXGI,0,0,0,Hardware: Legacy Flip,0,0.269562,0.5,15.278,1.0,1.5,15.278
GTAIV.exe,1234,0x0,DXGI,0,0,0,Hardware: Legacy Flip,0,0.285456,0.5,15.894,1.0,1.5,15.894
GTAIV.exe,1234,0x0,DXGI,0,0,0,Hardware: Legacy Flip,0,0.301142,0.5,15.686,1.0,1.5,15.686
GTAIV.exe,1234,0x0,DXGI,0,0,0,Hardware: Legacy Flip,0,0.318269,0.5,17.127,1.0,1.5,17.127
GTAIV.exe,1234,0x0,DXGI,0,0,0,Hardware: Legacy Flip,0,0.335525,0.5,17.257,1.0,1.5,17.257
GTAIV.exe,1234,0x0,DXGI,0,0,0,Hardware: Legacy Flip,0,0.351241,0.5,15.716,1.0,1.5,15.716
GTAIV.exe,1234,0x0,DXGI,0,0,0,Hardware: Legacy Flip,0,0.367964,0.5,16.723,1.0,1.5,16.723
GTAIV.exe,1234,0x0,DXGI,0,0,0,Hardware: Legacy Flip,0,0.382756,0.5,14.793,1.0,1.5,14.793
GTAIV.exe,1234,0x0,DXGI,0,0,0,Hardware: Legacy Flip,0,0.399825,0.5,17.068,1.0,1.5,17.068
GTAIV.exe,1234,0x0,DXGI,0,0,0,Hardware: Legacy Flip,0,0.416835,0.5,17.010,1.0,1.5,17.010
GTAIV.exe,1234,0x0,DXGI,0,0,0,Hardware: Legacy Flip,0,0.433285,0.5,16.450,1.0,1.5,16.450
GTAIV.exe,1234,0x0,DXGI,0,0,0,Hardware: Legacy Flip,0,0.448992,0.5,15.707,1.0,1.5,15.707
GTAIV.exe,1234,0x0,DXGI,0,0,0,Hardware: Legacy Flip,0,0.467133,0.5,18.142,1.0,1.5,18.142
GTAIV.exe,1234,0x0,DXGI,0,0,0,Hardware: Legacy Flip,0,0.483130,0.5,15.996,1.0,1.5,15.996
GTAIV.exe,1234,0x0,DXGI,0,0,0,Hardware: Legacy Flip,0,0.499232,0.5,16.103,1.0,1.5,16.103
GTAIV.exe,1234,0x0,DXGI,0,0,0,Hardware: Legacy Flip,0,0.514295,0.5,15.062,1.0,1.5,15.062
GTAIV.exe,1234,0x0,DXGI,0,0,0,Hardware: Legacy Flip,0,0.530177,0.5,15.883,1.0,1.5,15.883
GTAIV.exe,1234,0x0,DXGI,0,0,0,Hardware: Legacy Flip,0,0.547898,0.5,17.721,1.0,1.5,17.721
GTAIV.exe,1234,0x0,DXGI,0,0,0,Hardware: Legacy Flip,0,0.566338,0.5,18.440,1.0,1.5,18.440
GTAIV.exe,1234,0x0,DXGI,0,0,0,Hardware: Legacy Flip,0,0.583215,0.5,16.877,1.0,1.5,16.877
GTAIV.exe,1234,0x0,DXGI,0,0,0,Hardware: Legacy Flip,0,0.601853,0.5,18.638,1.0,1.5,18.638
GTAIV.exe,1234,0x0,DXGI,0,0,0,Hardware: Legacy Flip,0,0.618345,0.5,16.492,1.0,1.5,16.492
GTAIV.exe,1234,0x0,DXGI,0,0,0,Hardware: Legacy Flip,0,0.636208,0.5,17.863,1.0,1.5,17.863
GTAIV.exe,1234,0x0,DXGI,0,0,0,Hardware: Legacy Flip,0,0.649837,0.5,13.629,1.0,1.5,13.629
GTAIV.exe,1234,0x0,DXGI,0,0,0,Hardware: Legacy Flip,0,0.666285,0.5,16.448,1.0,1.5,16.448
GTAIV.exe,1234,0x0,DXGI,0,0,0,Hardware: Legacy Flip,0,0.682521,0.5,16.236,1.0,1.5,16.236
GTAIV.exe,1234,0x0,DXGI,0,0,0,Hardware: Legacy Flip,0,0.699897,0.5,17.376,1.0,1.5,17.376
GTAIV.exe,1234,0x0,DXGI,0,0,0,Hardware: Legacy Flip,0,0.716128,0.5,16.231,1.0,1.5,16.231
GTAIV.exe,1234,0x0,DXGI,0,0,0,Hardware: Legacy Flip,0,0.734253,0.5,18.125,1.0,1.5,18.125
GTAIV.exe,1234,0x0,DXGI,0,0,0,Hardware: Legacy Flip,0,0.749611,0.5,15.358,1.0,1.5,15.358
GTAIV.exe,1234,0x0,DXGI,0,0,0,Hardware: Legacy Flip,0,0.764787,0.5,15.176,1.0,1.5,15.176
GTAIV.exe,1234,0x0,DXGI,0,0,0,Hardware: Legacy Flip,0,0.782119,0.5,17.332,1.0,1.5,17.332
GTAIV.exe,1234,0x0,DXGI,0,0,0,Hardware: Legacy Flip,0,0.796661,0.5,14.543,1.0,1.5,14.543
GTAIV.exe,1234,0x0,DXGI,0,0,0,Hardware: Legacy Flip,0,0.814713,0.5,18.052,1.0,1.5,18.052
GTAIV.exe,1234,0x0,DXGI,0,0,0,Hardware: Legacy Flip,0,0.831810,0.5,17.096,1.0,1.5,17.096
GTAIV.exe,1234,0x0,DXGI,0,0,0,Hardware: Legacy Flip,0,0.848344,0.5,16.534,1.0,1.5,16.534
GTAIV.exe,1234,0x0,DXGI,0,0,0,Hardware: Legacy Flip,0,0.864896,0.5,16.552,1.0,1.5,16.552
GTAIV.exe,1234,0x0,DXGI,0,0,0,Hardware: Legacy Flip,0,0.880553,0.5,15.657,1.0,1.5,15.657
GTAIV.exe,1234,0x0,DXGI,0,0,0,Hardware: Legacy Flip,0,0.898283,0.5,17.730,1.0,1.5,17.730
GTAIV.exe,1234,0x0,DXGI,0,0,0,Hardware: Legacy Flip,0,0.914438,0.5,16.155,1.0,1.5,16.155
GTAIV.exe,1234,0x0,DXGI,0,0,0,Hardware: Legacy Flip,0,0.930368,0.5,15.930,1.0,1.5,15.930
GTAIV.exe,1234,0x0,DXGI,0,0,0,Hardware: Legacy Flip,0,0.947969,0.5,17.601,1.0,1.5,17.601
GTAIV.exe,1234,0x0,DXGI,0,0,0,Hardware: Legacy Flip,0,0.963724,0.5,15.755,1.0,1.5,15.755
GTAIV.exe,1234,0x0,DXGI,0,0,0,Hardware: Legacy Flip,0,0.980294,0.5,16.570,1.0,1.5,16.570
GTAIV.exe,1234,0x0,DXGI,0,0,0,Hardware: Legacy Flip,0,0.994450,0.5,14.156,1.0,1.5,14.156
GTAIV.exe,1234,0x0,DXGI,0,0,0,Hardware: Legacy Flip,0,1.010459,0.5,16.009,1.0,1.5,16.009
GTAIV.exe,1234,0x0,DXGI,0,0,0,Hardware: Legacy Flip,0,1.026859,0.5,16.400,1.0,1.5,16.400
GTAIV.exe,1234,0x0,DXGI,0,0,0,Hardware: Legacy Flip,0,1.044451,0.5,17.592,1.0,1.5,17.592
GTAIV.exe,1234,0x0,DXGI,0,0,0,Hardware: Legacy Flip,0,1.061765,0.5,17.313,1.0,1.5,17.313
GTAIV.exe,1234,0x0,DXGI,0,0,0,Hardware: Legacy Flip,0,1.078012,0.5,16.247,1.0,1.5,16.247
GTAIV.exe,1234,0x0,DXGI,0,0,0,Hardware: Legacy Flip,0,1.094222,0.5,16.210,1.0,1.5,16.210
GTAIV.exe,1234,0x0,DXGI,0,0,0,Hardware: Legacy Flip,0,1.109350,0.5,15.129,1.0,1.5,15.129
GTAIV.exe,1234,0x0,DXGI,0,0,0,Hardware: Legacy Flip,0,1.124675,0.5,15.325,1.0,1.5,15.325
GTAIV.exe,1234,0x0,DXGI,0,0,0,Hardware: Legacy Flip,0,1.142265,0.5,17.590,1.0,1.5,17.590
GTAIV.exe,1234,0x0,DXGI,0,0,0,Hardware: Legacy Flip,0,1.158407,0.5,16.142,1.0,1.5,16.142
GTAIV.exe,1234,0x0,DXGI,0,0,0,Hardware: Legacy Flip,0,1.175789,0.5,17.382,1.0,1.5,17.382
GTAIV.exe,1234,0x0,DXGI,0,0,0,Hardware: Legacy Flip,0,1.192189,0.5,16.400,1.0,1.5,16.400
GTAIV.exe,1234,0x0,DXGI,0,0,0,Hardware: Legacy Flip,0,1.209751,0.5,17.562,1.0,1.5,17.562
GTAIV.exe,1234,0x0,DXGI,0,0,0,Hardware: Legacy Flip,0,1.226599,0.5,16.848,1.0,1.5,16.848
GTAIV.exe,1234,0x0,DXGI,0,0,0,Hardware: Legacy Flip,0,1.244445,0.5,17.846,1.0,1.5,17.846
GTAIV.exe,1234,0x0,DXGI,0,0,0,Hardware: Legacy Flip,0,1.261087,0.5,16.642,1.0,1.5,16.642
GTAIV.exe,1234,0x0,DXGI,0,0,0,Hardware: Legacy Flip,0,1.277306,0.5,16.219,1.0,1.5,16.219
GTAIV.exe,1234,0x0,DXGI,0,0,0,Hardware: Legacy Flip,0,1.294038,0.5,16.733,1.0,1.5,16.733
GTAIV.exe,1234,0x0,DXGI,0,0,0,Hardware: Legacy Flip,0,1.311018,0.5,16.980,1.0,1.5,16.980
GTAIV.exe,1234,0x0,DXGI,0,0,0,Hardware: Legacy Flip,0,1.327847,0.5,16.829,1.0,1.5,16.829
GTAIV.exe,1234,0x0,DXGI,0,0,0,Hardware: Legacy Flip,0,1.344355,0.5,16.508,1.0,1.5,16.508
GTAIV.exe,1234,0x0,DXGI,0,0,0,Hardware: Legacy Flip,0,1.361237,0.5,16.882,1.0,1.5,16.882
GTAIV.exe,1234,0x0,DXGI,0,0,0,Hardware: Legacy Flip,0,1.378847,0.5,17.610,1.0,1.5,17.610
GTAIV.exe,1234,0x0,DXGI,0,0,0,Hardware: Legacy Flip,0,1.396940,0.5,18.093,1.0,1.5,18.093
GTAIV.exe,1234,0x0,DXGI,0,0,0,Hardware: Legacy Flip,0,1.414188,0.5,17.248,1.0,1.5,17.248
GTAIV.exe,1234,0x0,DXGI,0,0,0,Hardware: Legacy Flip,0,1.431687,0.5,17.499,1.0,1.5,17.499
GTAIV.exe,1234,0x0,DXGI,0,0,0,Hardware: Legacy Flip,0,1.448641,0.5,16.954,1.0,1.5,16.954
GTAIV.exe,1234,0x0,DXGI,0,0,0,Hardware: Legacy Flip,0,1.465879,0.5,17.238,1.0,1.5,17.238
GTAIV.exe,1234,0x0,DXGI,0,0,0,Hardware: Legacy Flip,0,1.481398,0.5,15.520,1.0,1.5,15.520
GTAIV.exe,1234,0x0,DXGI,0,0,0,Hardware: Legacy Flip,0,1.498472,0.5,17.074,1.0,1.5,17.074
GTAIV.exe,1234,0x0,DXGI,0,0,0,Hardware: Legacy Flip,0,1.515456,0.5,16.984,1.0,1.5,16.984
GTAIV.exe,1234,0x0,DXGI,0,0,0,Hardware: Legacy Flip,0,1.531458,0.5,16.003,1.0,1.5,16.003
GTAIV.exe,1234,0x0,DXGI,0,0,0,Hardware: Legacy Flip,0,1.547459,0.5,16.000,1.0,1.5,16.000
GTAIV.exe,1234,0x0,DXGI,0,0,0,Hardware: Legacy Flip,0,1.563649,0.5,16.191,1.0,1.5,16.191
GTAIV.exe,1234,0x0,DXGI,0,0,0,Hardware: Legacy Flip,0,1.578744,0.5,15.095,1.0,1.5,15.095
GTAIV.exe,1234,0x0,DXGI,0,0,0,Hardware: Legacy Flip,0,1.595360,0.5,16.616,1.0,1.5,16.616
GTAIV.exe,1234,0x0,DXGI,0,0,0,Hardware: Legacy Flip,0,1.612708,0.5,17.348,1.0,1.5,17.348
GTAIV.exe,1234,0x0,DXGI,0,0,0,Hardware: Legacy Flip,0,1.630369,0.5,17.661,1.0,1.5,17.661
GTAIV.exe,1234,0x0,DXGI,0,0,0,Hardware: Legacy Flip,0,1.646796,0.5,16.427,1.0,1.5,16.427
GTAIV.exe,1234,0x0,DXGI,0,0,0,Hardware: Legacy Flip,0,1.663306,0.5,16.510,1.0,1.5,16.510
GTAIV.exe,1234,0x0,DXGI,0,0,0,Hardware: Legacy Flip,0,1.680130,0.5,16.824,1.0,1.5,16.824
GTAIV.exe,1234,0x0,DXGI,0,0,0,Hardware: Legacy Flip,0,1.693609,0.5,13.479,1.0,1.5,13.479
GTAIV.exe,1234,0x0,DXGI,0,0,0,Hardware: Legacy Flip,0,1.711619,0.5,18.011,1.0,1.5,18.011
GTAIV.exe,1234,0x0,DXGI,0,0,0,Hardware: Legacy Flip,0,1.727222,0.5,15.603,1.0,1.5,15.603
GTAIV.exe,1234,0x0,DXGI,0,0,0,Hardware: Legacy Flip,0,1.744168,0.5,16.946,1.0,1.5,16.946
GTAIV.exe,1234,0x0,DXGI,0,0,0,Hardware: Legacy Flip,0,1.761982,0.5,17.814,1.0,1.5,17.814
GTAIV.exe,1234,0x0,DXGI,0,0,0,Hardware: Legacy Flip,0,1.779391,0.5,17.409,1.0,1.5,17.409
GTAIV.exe,1234,0x0,DXGI,0,0,0,Hardware: Legacy Flip,0,1.796893,0.5,17.502,1.0,1.5,17.502
GTAIV.exe,1234,0x0,DXGI,0,0,0,Hardware: Legacy Flip,0,1.811817,0.5,14.924,1.0,1.5,14.924
GTAIV.exe,1234,0x0,DXGI,0,0,0,Hardware: Legacy Flip,0,1.827204,0.5,15.387,1.0,1.5,15.387
GTAIV.exe,1234,0x0,DXGI,0,0,0,Hardware: Legacy Flip,0,1.844297,0.5,17.093,1.0,1.5,17.093
GTAIV.exe,1234,0x0,DXGI,0,0,0,Hardware: Legacy Flip,0,1.859337,0.5,15.040,1.0,1.5,15.040
GTAIV.exe,1234,0x0,DXGI,0,0,0,Hardware: Legacy Flip,0,1.875373,0.5,16.037,1.0,1.5,16.037
GTAIV.exe,1234,0x0,DXGI,0,0,0,Hardware: Legacy Flip,0,1.892052,0.5,16.679,1.0,1.5,16.679
GTAIV.exe,1234,0x0,DXGI,0,0,0,Hardware: Legacy Flip,0,1.908260,0.5,16.208,1.0,1.5,16.208
GTAIV.exe,1234,0x0,DXGI,0,0,0,Hardware: Legacy Flip,0,1.925261,0.5,17.001,1.0,1.5,17.001
GTAIV.exe,1234,0x0,DXGI,0,0,0,Hardware: Legacy Flip,0,1.942833,0.5,17.572,1.0,1.5,17.572
GTAIV.exe,1234,0x0,DXGI,0,0,0,Hardware: Legacy Flip,0,1.960048,0.5,17.215,1.0,1.5,17.215
GTAIV.exe,1234,0x0,DXGI,0,0,0,Hardware: Legacy Flip,0,1.976687,0.5,16.639,1.0,1.5,16.639
GTAIV.exe,1234,0x0,DXGI,0,0,0,Hardware: Legacy Flip,0,1.992595,0.5,15.908,1.0,1.5,15.908
GTAIV.exe,1234,0x0,DXGI,0,0,0,Hardware: Legacy Flip,0,2.007080,0.5,14.485,1.0,1.5,14.485
GTAIV.exe,1234,0x0,DXGI,0,0,0,Hardware: Legacy Flip,0,2.021606,0.5,14.526,1.0,1.5,14.526
GTAIV.exe,1234,0x0,DXGI,0,0,0,Hardware: Legacy Flip,0,2.037857,0.5,16.250,1.0,1.5,16.250
GTAIV.exe,1234,0x0,DXGI,0,0,0,Hardware: Legacy Flip,0,2.055521,0.5,17.664,1.0,1.5,17.664
GTAIV.exe,1234,0x0,DXGI,0,0,0,Hardware: Legacy Flip,0,2.072878,0.5,17.357,1.0,1.5,17.357
GTAIV.exe,1234,0x0,DXGI,0,0,0,Hardware: Legacy Flip,0,2.090910,0.5,18.032,1.0,1.5,18.032
GTAIV.exe,1234,0x0,DXGI,0,0,0,Hardware: Legacy Flip,0,2.106759,0.5,15.848,1.0,1.5,15.848
GTAIV.exe,1234,0x0,DXGI,0,0,0,Hardware: Legacy Flip,0,2.121308,0.5,14.550,1.0,1.5,14.550
GTAIV.exe,1234,0x0,DXGI,0,0,0,Hardware: Legacy Flip,0,2.139306,0.5,17.997,1.0,1.5,17.997
GTAIV.exe,1234,0x0,DXGI,0,0,0,Hardware: Legacy Flip,0,2.156748,0.5,17.442,1.0,1.5,17.442
GTAIV.exe,1234,0x0,DXGI,0,0,0,Hardware: Legacy Flip,0,2.172596,0.5,15.848,1.0,1.5,15.848
GTAIV.exe,1234,0x0,DXGI,0,0,0,Hardware: Legacy Flip,0,2.190090,0.5,17.494,1.0,1.5,17.494
GTAIV.exe,1234,0x0,DXGI,0,0,0,Hardware: Legacy Flip,0,2.208958,0.5,18.868,1.0,1.5,18.868
GTAIV.exe,1234,0x0,DXGI,0,0,0,Hardware: Legacy Flip,0,2.225838,0.5,16.880,1.0,1.5,16.880
GTAIV.exe,1234,0x0,DXGI,0,0,0,Hardware: Legacy Flip,0,2.242544,0.5,16.707,1.0,1.5,16.707
GTAIV.exe,1234,0x0,DXGI,0,0,0,Hardware: Legacy Flip,0,2.258285,0.5,15.740,1.0,1.5,15.740
GTAIV.exe,1234,0x0,DXGI,0,0,0,Hardware: Legacy Flip,0,2.275246,0.5,16.962,1.0,1.5,16.962
GTAIV.exe,1234,0x0,DXGI,0,0,0,Hardware: Legacy Flip,0,2.290315,0.5,15.069,1.0,1.5,15.069
GTAIV.exe,1234,0x0,DXGI,0,0,0,Hardware: Legacy Flip,0,2.305758,0.5,15.443,1.0,1.5,15.443
GTAIV.exe,1234,0x0,DXGI,0,0,0,Hardware: Legacy Flip,0,2.321656,0.5,15.898,1.0,1.5,15.898
GTAIV.exe,1234,0x0,DXGI,0,0,0,Hardware: Legacy Flip,0,2.339552,0.5,17.896,1.0,1.5,17.896
GTAIV.exe,1234,0x0,DXGI,0,0,0,Hardware: Legacy Flip,0,2.356388,0.5,16.836,1.0,1.5,16.836
GTAIV.exe,1234,0x0,DXGI,0,0,0,Hardware: Legacy Flip,0,2.372832,0.5,16.444,1.0,1.5,16.444
GTAIV.exe,1234,0x0,DXGI,0,0,0,Hardware: Legacy Flip,0,2.389166,0.5,16.334,1.0,1.5,16.334
GTAIV.exe,1234,0x0,DXGI,0,0,0,Hardware: Legacy Flip,0,2.404645,0.5,15.479,1.0,1.5,15.479
GTAIV.exe,1234,0x0,DXGI,0,0,0,Hardware: Legacy Flip,0,2.422415,0.5,17.770,1.0,1.5,17.770
GTAIV.exe,1234,0x0,DXGI,0,0,0,Hardware: Legacy Flip,0,2.440212,0.5,17.798,1.0,1.5,17.798
GTAIV.exe,1234,0x0,DXGI,0,0,0,Hardware: Legacy Flip,0,2.456028,0.5,15.815,1.0,1.5,15.815
GTAIV.exe,1234,0x0,DXGI,0,0,0,Hardware: Legacy Flip,0,2.472055,0.5,16.027,1.0,1.5,16.027
GTAIV.exe,1234,0x0,DXGI,0,0,0,Hardware: Legacy Flip,0,2.489058,0.5,17.003,1.0,1.5,17.003
GTAIV.exe,1234,0x0,DXGI,0,0,0,Hardware: Legacy Flip,0,2.505716,0.5,16.658,1.0,1.5,16.658
GTAIV.exe,1234,0x0,DXGI,0,0,0,Hardware: Legacy Flip,0,2.521540,0.5,15.824,1.0,1.5,15.824
GTAIV.exe,1234,0x0,DXGI,0,0,0,Hardware: Legacy Flip,0,2.537365,0.5,15.825,1.0,1.5,15.825
GTAIV.exe,1234,0x0,DXGI,0,0,0,Hardware: Legacy Flip,0,2.553312,0.5,15.947,1.0,1.5,15.947
GTAIV.exe,1234,0x0,DXGI,0,0,0,Hardware: Legacy Flip,0,2.570924,0.5,17.612,1.0,1.5,17.612
GTAIV.exe,1234,0x0,DXGI,0,0,0,Hardware: Legacy Flip,0,2.589279,0.5,18.355,1.0,1.5,18.355
GTAIV.exe,1234,0x0,DXGI,0,0,0,Hardware: Legacy Flip,0,2.605586,0.5,16.307,1.0,1.5,16.307
GTAIV.exe,1234,0x0,DXGI,0,0,0,Hardware: Legacy Flip,0,2.621826,0.5,16.240,1.0,1.5,16.240
GTAIV.exe,1234,0x0,DXGI,0,0,0,Hardware: Legacy Flip,0,2.638957,0.5,17.131,1.0,1.5,17.131
GTAIV.exe,1234,0x0,DXGI,0,0,0,Hardware: Legacy Flip,0,2.655462,0.5,16.505,1.0,1.5,16.505
GTAIV.exe,1234,0x0,DXGI,0,0,0,Hardware: Legacy Flip,0,2.671367,0.5,15.906,1.0,1.5,15.906
GTAIV.exe,1234,0x0,DXGI,0,0,0,Hardware: Legacy Flip,0,2.686163,0.5,14.796,1.0,1.5,14.796
GTAIV.exe,1234,0x0,DXGI,0,0,0,Hardware: Legacy Flip,0,2.701759,0.5,15.596,1.0,1.5,15.596
GTAIV.exe,1234,0x0,DXGI,0,0,0,Hardware: Legacy Flip,0,2.719318,0.5,17.559,1.0,1.5,17.559
GTAIV.exe,1234,0x0,DXGI,0,0,0,Hardware: Legacy Flip,0,2.735113,0.5,15.796,1.0,1.5,15.796
GTAIV.exe,1234,0x0,DXGI,0,0,0,Hardware: Legacy Flip,0,2.752666,0.5,17.552,1.0,1.5,17.552
GTAIV.exe,1234,0x0,DXGI,0,0,0,Hardware: Legacy Flip,0,2.771382,0.5,18.716,1.0,1.5,18.716
GTAIV.exe,1234,0x0,DXGI,0,0,0,Hardware: Legacy Flip,0,2.787541,0.5,16.159,1.0,1.5,16.159
GTAIV.exe,1234,0x0,DXGI,0,0,0,Hardware: Legacy Flip,0,2.804663,0.5,17.123,1.0,1.5,17.123
GTAIV.exe,1234,0x0,DXGI,0,0,0,Hardware: Legacy Flip,0,2.822662,0.5,17.999,1.0,1.5,17.999
GTAIV.exe,1234,0x0,DXGI,0,0,0,Hardware: Legacy Flip,0,2.839259,0.5,16.597,1.0,1.5,16.597
GTAIV.exe,1234,0x0,DXGI,0,0,0,Hardware: Legacy Flip,0,2.855966,0.5,16.707,1.0,1.5,16.707
GTAIV.exe,1234,0x0,DXGI,0,0,0,Hardware: Legacy Flip,0,2.872311,0.5,16.345,1.0,1.5,16.345
GTAIV.exe,1234,0x0,DXGI,0,0,0,Hardware: Legacy Flip,0,2.888517,0.5,16.206,1.0,1.5,16.206
GTAIV.exe,1234,0x0,DXGI,0,0,0,Hardware: Legacy Flip,0,2.905048,0.5,16.531,1.0,1.5,16.531
GTAIV.exe,1234,0x0,DXGI,0,0,0,Hardware: Legacy Flip,0,2.920591,0.5,15.543,1.0,1.5,15.543
GTAIV.exe,1234,0x0,DXGI,0,0,0,Hardware: Legacy Flip,0,2.935696,0.5,15.105,1.0,1.5,15.105
GTAIV.exe,1234,0x0,DXGI,0,0,0,Hardware: Legacy Flip,0,2.951046,0.5,15.350,1.0,1.5,15.350
GTAIV.exe,1234,0x0,DXGI,0,0,0,Hardware: Legacy Flip,0,2.970431,0.5,19.385,1.0,1.5,19.385
GTAIV.exe,1234,0x0,DXGI,0,0,0,Hardware: Legacy Flip,0,2.988534,0.5,18.103,1.0,1.5,18.103
GTAIV.exe,1234,0x0,DXGI,0,0,0,Hardware: Legacy Flip,0,3.004218,0.5,15.684,1.0,1.5,15.684
GTAIV.exe,1234,0x0,DXGI,0,0,0,Hardware: Legacy Flip,0,3.021493,0.5,17.275,1.0,1.5,17.275
GTAIV.exe,1234,0x0,DXGI,0,0,0,Hardware: Legacy Flip,0,3.037888,0.5,16.395,1.0,1.5,16.395
GTAIV.exe,1234,0x0,DXGI,0,0,0,Hardware: Legacy Flip,0,3.053487,0.5,15.599,1.0,1.5,15.599
GTAIV.exe,1234,0x0,DXGI,0,0,0,Hardware: Legacy Flip,0,3.069974,0.5,16.488,1.0,1.5,16.488
GTAIV.exe,1234,0x0,DXGI,0,0,0,Hardware: Legacy Flip,0,3.087421,0.5,17.447,1.0,1.5,17.447
GTAIV.exe,1234,0x0,DXGI,0,0,0,Hardware: Legacy Flip,0,3.103955,0.5,16.534,1.0,1.5,16.534
GTAIV.exe,1234,0x0,DXGI,0,0,0,Hardware: Legacy Flip,0,3.119472,0.5,15.517,1.0,1.5,15.517
GTAIV.exe,1234,0x0,DXGI,0,0,0,Hardware: Legacy Flip,0,3.136254,0.5,16.783,1.0,1.5,16.783
GTAIV.exe,1234,0x0,DXGI,0,0,0,Hardware: Legacy Flip,0,3.153002,0.5,16.747,1.0,1.5,16.747
GTAIV.exe,1234,0x0,DXGI,0,0,0,Hardware: Legacy Flip,0,3.171117,0.5,18.115,1.0,1.5,18.115
GTAIV.exe,1234,0x0,DXGI,0,0,0,Hardware: Legacy Flip,0,3.188428,0.5,17.311,1.0,1.5,17.311
GTAIV.exe,1234,0x0,DXGI,0,0,0,Hardware: Legacy Flip,0,3.204956,0.5,16.528,1.0,1.5,16.528
GTAIV.exe,1234,0x0,DXGI,0,0,0,Hardware: Legacy Flip,0,3.220091,0.5,15.135,1.0,1.5,15.135
GTAIV.exe,1234,0x0,DXGI,0,0,0,Hardware: Legacy Flip,0,3.237970,0.5,17.879,1.0,1.5,17.879
GTAIV.exe,1234,0x0,DXGI,0,0,0,Hardware: Legacy Flip,0,3.253954,0.5,15.984,1.0,1.5,15.984
GTAIV.exe,1234,0x0,DXGI,0,0,0,Hardware: Legacy Flip,0,3.271218,0.5,17.264,1.0,1.5,17.264
GTAIV.exe,1234,0x0,DXGI,0,0,0,Hardware: Legacy Flip,0,3.290186,0.5,18.969,1.0,1.5,18.969
GTAIV.exe,1234,0x0,DXGI,0,0,0,Hardware: Legacy Flip,0,3.307481,0.5,17.295,1.0,1.5,17.295
GTAIV.exe,1234,0x0,DXGI,0,0,0,Hardware: Legacy Flip,0,3.322696,0.5,15.215,1.0,1.5,15.215
GTAIV.exe,1234,0x0,DXGI,0,0,0,Hardware: Legacy Flip,0,3.339873,0.5,17.176,1.0,1.5,17.176
GTAIV.exe,1234,0x0,DXGI,0,0,0,Hardware: Legacy Flip,0,3.354803,0.5,14.930,1.0,1.5,14.930
GTAIV.exe,1234,0x0,DXGI,0,0,0,Hardware: Legacy Flip,0,3.371457,0.5,16.654,1.0,1.5,16.654
GTAIV.exe,1234,0x0,DXGI,0,0,0,Hardware: Legacy Flip,0,3.387304,0.5,15.847,1.0,1.5,15.847
GTAIV.exe,1234,0x0,DXGI,0,0,0,Hardware: Legacy Flip,0,3.404857,0.5,17.553,1.0,1.5,17.553
GTAIV.exe,1234,0x0,DXGI,0,0,0,Hardware: Legacy Flip,0,3.422910,0.5,18.053,1.0,1.5,18.053
GTAIV.exe,1234,0x0,DXGI,0,0,0,Hardware: Legacy Flip,0,3.437828,0.5,14.918,1.0,1.5,14.918
GTAIV.exe,1234,0x0,DXGI,0,0,0,Hardware: Legacy Flip,0,3.454671,0.5,16.844,1.0,1.5,16.844
GTAIV.exe,1234,0x0,DXGI,0,0,0,Hardware: Legacy Flip,0,3.471807,0.5,17.136,1.0,1.5,17.136
GTAIV.exe,1234,0x0,DXGI,0,0,0,Hardware: Legacy Flip,0,3.490405,0.5,18.598,1.0,1.5,18.598
GTAIV.exe,1234,0x0,DXGI,0,0,0,Hardware: Legacy Flip,0,3.506286,0.5,15.882,1.0,1.5,15.882
GTAIV.exe,1234,0x0,DXGI,0,0,0,Hardware: Legacy Flip,0,3.521319,0.5,15.033,1.0,1.5,15.033
GTAIV.exe,1234,0x0,DXGI,0,0,0,Hardware: Legacy Flip,0,3.538847,0.5,17.528,1.0,1.5,17.528
GTAIV.exe,1234,0x0,DXGI,0,0,0,Hardware: Legacy Flip,0,3.555653,0.5,16.806,1.0,1.5,16.806
GTAIV.exe,1234,0x0,DXGI,0,0,0,Hardware: Legacy Flip,0,3.572036,0.5,16.383,1.0,1.5,16.383
GTAIV.exe,1234,0x0,DXGI,0,0,0,Hardware: Legacy Flip,0,3.587769,0.5,15.733,1.0,1.5,15.733
GTAIV.exe,1234,0x0,DXGI,0,0,0,Hardware: Legacy Flip,0,3.604677,0.5,16.908,1.0,1.5,16.908
GTAIV.exe,1234,0x0,DXGI,0,0,0,Hardware: Legacy Flip,0,3.622149,0.5,17.473,1.0,1.5,17.473
GTAIV.exe,1234,0x0,DXGI,0,0,0,Hardware: Legacy Flip,0,3.638545,0.5,16.395,1.0,1.5,16.395
GTAIV.exe,1234,0x0,DXGI,0,0,0,Hardware: Legacy Flip,0,3.656735,0.5,18.191,1.0,1.5,18.191
GTAIV.exe,1234,0x0,DXGI,0,0,0,Hardware: Legacy Flip,0,3.673250,0.5,16.514,1.0,1.5,16.514
GTAIV.exe,1234,0x0,DXGI,0,0,0,Hardware: Legacy Flip,0,3.687523,0.5,14.273,1.0,1.5,14.273
GTAIV.exe,1234,0x0,DXGI,0,0,0,Hardware: Legacy Flip,0,3.705328,0.5,17.806,1.0,1.5,17.806
GTAIV.exe,1234,0x0,DXGI,0,0,0,Hardware: Legacy Flip,0,3.720484,0.5,15.155,1.0,1.5,15.155
GTAIV.exe,1234,0x0,DXGI,0,0,0,Hardware: Legacy Flip,0,3.737943,0.5,17.459,1.0,1.5,17.459
GTAIV.exe,1234,0x0,DXGI,0,0,0,Hardware: Legacy Flip,0,3.754518,0.5,16.575,1.0,1.5,16.575
GTAIV.exe,1234,0x0,DXGI,0,0,0,Hardware: Legacy Flip,0,3.770953,0.5,16.435,1.0,1.5,16.435
GTAIV.exe,1234,0x0,DXGI,0,0,0,Hardware: Legacy Flip,0,3.788237,0.5,17.284,1.0,1.5,17.284
GTAIV.exe,1234,0x0,DXGI,0,0,0,Hardware: Legacy Flip,0,3.805120,0.5,16.883,1.0,1.5,16.883
GTAIV.exe,1234,0x0,DXGI,0,0,0,Hardware: Legacy Flip,0,3.821810,0.5,16.690,1.0,1.5,16.690
GTAIV.exe,1234,0x0,DXGI,0,0,0,Hardware: Legacy Flip,0,3.838248,0.5,16.437,1.0,1.5,16.437
GTAIV.exe,1234,0x0,DXGI,0,0,0,Hardware: Legacy Flip,0,3.853348,0.5,15.100,1.0,1.5,15.100
GTAIV.exe,1234,0x0,DXGI,0,0,0,Hardware: Legacy Flip,0,3.871673,0.5,18.325,1.0,1.5,18.325
GTAIV.exe,1234,0x0,DXGI,0,0,0,Hardware: Legacy Flip,0,3.886136,0.5,14.463,1.0,1.5,14.463
GTAIV.exe,1234,0x0,DXGI,0,0,0,Hardware: Legacy Flip,0,3.903026,0.5,16.890,1.0,1.5,16.890
GTAIV.exe,1234,0x0,DXGI,0,0,0,Hardware: Legacy Flip,0,3.918103,0.5,15.077,1.0,1.5,15.077
GTAIV.exe,1234,0x0,DXGI,0,0,0,Hardware: Legacy Flip,0,3.933260,0.5,15.157,1.0,1.5,15.157
GTAIV.exe,1234,0x0,DXGI,0,0,0,Hardware: Legacy Flip,0,3.949189,0.5,15.929,1.0,1.5,15.929
GTAIV.exe,1234,0x0,DXGI,0,0,0,Hardware: Legacy Flip,0,3.965624,0.5,16.435,1.0,1.5,16.435
GTAIV.exe,1234,0x0,DXGI,0,0,0,Hardware: Legacy Flip,0,3.981097,0.5,15.472,1.0,1.5,15.472
GTAIV.exe,1234,0x0,DXGI,0,0,0,Hardware: Legacy Flip,0,3.996768,0.5,15.671,1.0,1.5,15.671
GTAIV.exe,1234,0x0,DXGI,0,0,0,Hardware: Legacy Flip,0,4.014704,0.5,17.936,1.0,1.5,17.936
GTAIV.exe,1234,0x0,DXGI,0,0,0,Hardware: Legacy Flip,0,4.030816,0.5,16.111,1.0,1.5,16.111
GTAIV.exe,1234,0x0,DXGI,0,0,0,Hardware: Legacy Flip,0,4.047643,0.5,16.827,1.0,1.5,16.827
GTAIV.exe,1234,0x0,DXGI,0,0,0,Hardware: Legacy Flip,0,4.066360,0.5,18.717,1.0,1.5,18.717
GTAIV.exe,1234,0x0,DXGI,0,0,0,Hardware: Legacy Flip,0,4.084740,0.5,18.380,1.0,1.5,18.380
GTAIV.exe,1234,0x0,DXGI,0,0,0,Hardware: Legacy Flip,0,4.101923,0.5,17.183,1.0,1.5,17.183
GTAIV.exe,1234,0x0,DXGI,0,0,0,Hardware: Legacy Flip,0,4.120482,0.5,18.560,1.0,1.5,18.560
GTAIV.exe,1234,0x0,DXGI,0,0,0,Hardware: Legacy Flip,0,4.135703,0.5,15.220,1.0,1.5,15.220
GTAIV.exe,1234,0x0,DXGI,0,0,0,Hardware: Legacy Flip,0,4.151876,0.5,16.173,1.0,1.5,16.173
GTAIV.exe,1234,0x0,DXGI,0,0,0,Hardware: Legacy Flip,0,4.167523,0.5,15.647,1.0,1.5,15.647
GTAIV.exe,1234,0x0,DXGI,0,0,0,Hardware: Legacy Flip,0,4.182821,0.5,15.298,1.0,1.5,15.298
GTAIV.exe,1234,0x0,DXGI,0,0,0,Hardware: Legacy Flip,0,4.200182,0.5,17.361,1.0,1.5,17.361
GTAIV.exe,1234,0x0,DXGI,0,0,0,Hardware: Legacy Flip,0,4.215360,0.5,15.177,1.0,1.5,15.177
GTAIV.exe,1234,0x0,DXGI,0,0,0,Hardware: Legacy Flip,0,4.231906,0.5,16.546,1.0,1.5,16.546
GTAIV.exe,1234,0x0,DXGI,0,0,0,Hardware: Legacy Flip,0,4.248607,0.5,16.701,1.0,1.5,16.701
GTAIV.exe,1234,0x0,DXGI,0,0,0,Hardware: Legacy Flip,0,4.266210,0.5,17.603,1.0,1.5,17.603
GTAIV.exe,1234,0x0,DXGI,0,0,0,Hardware: Legacy Flip,0,4.281878,0.5,15.668,1.0,1.5,15.668
GTAIV.exe,1234,0x0,DXGI,0,0,0,Hardware: Legacy Flip,0,4.299070,0.5,17.192,1.0,1.5,17.192
GTAIV.exe,1234,0x0,DXGI,0,0,0,Hardware: Legacy Flip,0,4.315526,0.5,16.456,1.0,1.5,16.456
GTAIV.exe,1234,0x0,DXGI,0,0,0,Hardware: Legacy Flip,0,4.330343,0.5,14.816,1.0,1.5,14.816
GTAIV.exe,1234,0x0,DXGI,0,0,0,Hardware: Legacy Flip,0,4.347383,0.5,17.041,1.0,1.5,17.041
GTAIV.exe,1234,0x0,DXGI,0,0,0,Hardware: Legacy Flip,0,4.364794,0.5,17.411,1.0,1.5,17.411
GTAIV.exe,1234,0x0,DXGI,0,0,0,Hardware: Legacy Flip,0,4.380603,0.5,15.809,1.0,1.5,15.809
GTAIV.exe,1234,0x0,DXGI,0,0,0,Hardware: Legacy Flip,0,4.398693,0.5,18.090,1.0,1.5,18.090
GTAIV.exe,1234,0x0,DXGI,0,0,0,Hardware: Legacy Flip,0,4.414549,0.5,15.856,1.0,1.5,15.856
GTAIV.exe,1234,0x0,DXGI,0,0,0,Hardware: Legacy Flip,0,4.430958,0.5,16.410,1.0,1.5,16.410
GTAIV.exe,1234,0x0,DXGI,0,0,0,Hardware: Legacy Flip,0,4.447845,0.5,16.887,1.0,1.5,16.887
GTAIV.exe,1234,0x0,DXGI,0,0,0,Hardware: Legacy Flip,0,4.464995,0.5,17.149,1.0,1.5,17.149
GTAIV.exe,1234,0x0,DXGI,0,0,0,Hardware: Legacy Flip,0,4.482104,0.5,17.109,1.0,1.5,17.109
GTAIV.exe,1234,0x0,DXGI,0,0,0,Hardware: Legacy Flip,0,4.496688,0.5,14.584,1.0,1.5,14.584
GTAIV.exe,1234,0x0,DXGI,0,0,0,Hardware: Legacy Flip,0,4.513492,0.5,16.804,1.0,1.5,16.804
GTAIV.exe,1234,0x0,DXGI,0,0,0,Hardware: Legacy Flip,0,4.529498,0.5,16.006,1.0,1.5,16.006
GTAIV.exe,1234,0x0,DXGI,0,0,0,Hardware: Legacy Flip,0,4.545118,0.5,15.620,1.0,1.5,15.620
GTAIV.exe,1234,0x0,DXGI,0,0,0,Hardware: Legacy Flip,0,4.561429,0.5,16.311,1.0,1.5,16.311
GTAIV.exe,1234,0x0,DXGI,0,0,0,Hardware: Legacy Flip,0,4.577937,0.5,16.508,1.0,1.5,16.508
GTAIV.exe,1234,0x0,DXGI,0,0,0,Hardware: Legacy Flip,0,4.594870,0.5,16.934,1.0,1.5,16.934
GTAIV.exe,1234,0x0,DXGI,0,0,0,Hardware: Legacy Flip,0,4.612467,0.5,17.597,1.0,1.5,17.597
GTAIV.exe,1234,0x0,DXGI,0,0,0,Hardware: Legacy Flip,0,4.627791,0.5,15.324,1.0,1.5,15.324
GTAIV.exe,1234,0x0,DXGI,0,0,0,Hardware: Legacy Flip,0,4.645063,0.5,17.272,1.0,1.5,17.272
GTAIV.exe,1234,0x0,DXGI,0,0,0,Hardware: Legacy Flip,0,4.662037,0.5,16.974,1.0,1.5,16.974
GTAIV.exe,1234,0x0,DXGI,0,0,0,Hardware: Legacy Flip,0,4.679425,0.5,17.388,1.0,1.5,17.388
GTAIV.exe,1234,0x0,DXGI,0,0,0,Hardware: Legacy Flip,0,4.696665,0.5,17.240,1.0,1.5,17.240
GTAIV.exe,1234,0x0,DXGI,0,0,0,Hardware: Legacy Flip,0,4.716322,0.5,19.657,1.0,1.5,19.657
GTAIV.exe,1234,0x0,DXGI,0,0,0,Hardware: Legacy Flip,0,4.731918,0.5,15.596,1.0,1.5,15.596
GTAIV.exe,1234,0x0,DXGI,0,0,0,Hardware: Legacy Flip,0,4.748910,0.5,16.992,1.0,1.5,16.992
GTAIV.exe,1234,0x0,DXGI,0,0,0,Hardware: Legacy Flip,0,4.763287,0.5,14.377,1.0,1.5,14.377
GTAIV.exe,1234,0x0,DXGI,0,0,0,Hardware: Legacy Flip,0,4.781123,0.5,17.836,1.0,1.5,17.836
GTAIV.exe,1234,0x0,DXGI,0,0,0,Hardware: Legacy Flip,0,4.796199,0.5,15.076,1.0,1.5,15.076
GTAIV.exe,1234,0x0,DXGI,0,0,0,Hardware: Legacy Flip,0,4.814024,0.5,17.825,1.0,1.5,17.825
GTAIV.exe,1234,0x0,DXGI,0,0,0,Hardware: Legacy Flip,0,4.831155,0.5,17.131,1.0,1.5,17.131
GTAIV.exe,1234,0x0,DXGI,0,0,0,Hardware: Legacy Flip,0,4.848053,0.5,16.899,1.0,1.5,16.899
GTAIV.exe,1234,0x0,DXGI,0,0,0,Hardware: Legacy Flip,0,4.866071,0.5,18.018,1.0,1.5,18.018
GTAIV.exe,1234,0x0,DXGI,0,0,0,Hardware: Legacy Flip,0,4.883936,0.5,17.865,1.0,1.5,17.865
GTAIV.exe,1234,0x0,DXGI,0,0,0,Hardware: Legacy Flip,0,4.900711,0.5,16.776,1.0,1.5,16.776
GTAIV.exe,1234,0x0,DXGI,0,0,0,Hardware: Legacy Flip,0,4.916936,0.5,16.225,1.0,1.5,16.225
GTAIV.exe,1234,0x0,DXGI,0,0,0,Hardware: Legacy Flip,0,4.932045,0.5,15.109,1.0,1.5,15.109
GTAIV.exe,1234,0x0,DXGI,0,0,0,Hardware: Legacy Flip,0,4.947896,0.5,15.851,1.0,1.5,15.851
GTAIV.exe,1234,0x0,DXGI,0,0,0,Hardware: Legacy Flip,0,4.963821,0.5,15.925,1.0,1.5,15.925
GTAIV.exe,1234,0x0,DXGI,0,0,0,Hardware: Legacy Flip,0,4.979008,0.5,15.186,1.0,1.5,15.186
GTAIV.exe,1234,0x0,DXGI,0,0,0,Hardware: Legacy Flip,0,4.994866,0.5,15.858,1.0,1.5,15.858
GTAIV.exe,1234,0x0,DXGI,0,0,0,Hardware: Legacy Flip,0,5.010411,0.5,15.545,1.0,1.5,15.545
GTAIV.exe,1234,0x0,DXGI,0,0,0,Hardware: Legacy Flip,0,5.025844,0.5,15.433,1.0,1.5,15.433
GTAIV.exe,1234,0x0,DXGI,0,0,0,Hardware: Legacy Flip,0,5.042286,0.5,16.442,1.0,1.5,16.442
GTAIV.exe,1234,0x0,DXGI,0,0,0,Hardware: Legacy Flip,0,5.058554,0.5,16.268,1.0,1.5,16.268
GTAIV.exe,1234,0x0,DXGI,0,0,0,Hardware: Legacy Flip,0,5.074931,0.5,16.376,1.0,1.5,16.376
GTAIV.exe,1234,0x0,DXGI,0,0,0,Hardware: Legacy Flip,0,5.091581,0.5,16.650,1.0,1.5,16.650
GTAIV.exe,1234,0x0,DXGI,0,0,0,Hardware: Legacy Flip,0,5.108887,0.5,17.306,1.0,1.5,17.306
GTAIV.exe,1234,0x0,DXGI,0,0,0,Hardware: Legacy Flip,0,5.124573,0.5,15.685,1.0,1.5,15.685
GTAIV.exe,1234,0x0,DXGI,0,0,0,Hardware: Legacy Flip,0,5.140329,0.5,15.757,1.0,1.5,15.757
GTAIV.exe,1234,0x0,DXGI,0,0,0,Hardware: Legacy Flip,0,5.157102,0.5,16.772,1.0,1.5,16.772
GTAIV.exe,1234,0x0,DXGI,0,0,0,Hardware: Legacy Flip,0,5.174693,0.5,17.591,1.0,1.5,17.591
GTAIV.exe,1234,0x0,DXGI,0,0,0,Hardware: Legacy Flip,0,5.191320,0.5,16.627,1.0,1.5,16.627
GTAIV.exe,1234,0x0,DXGI,0,0,0,Hardware: Legacy Flip,0,5.207775,0.5,16.455,1.0,1.5,16.455
GTAIV.exe,1234,0x0,DXGI,0,0,0,Hardware: Legacy Flip,0,5.224595,0.5,16.820,1.0,1.5,16.820
GTAIV.exe,1234,0x0,DXGI,0,0,0,Hardware: Legacy Flip,0,5.241230,0.5,16.635,1.0,1.5,16.635
GTAIV.exe,1234,0x0,DXGI,0,0,0,Hardware: Legacy Flip,0,5.257079,0.5,15.848,1.0,1.5,15.848
GTAIV.exe,1234,0x0,DXGI,0,0,0,Hardware: Legacy Flip,0,5.273000,0.5,15.921,1.0,1.5,15.921
GTAIV.exe,1234,0x0,DXGI,0,0,0,Hardware: Legacy Flip,0,5.289641,0.5,16.642,1.0,1.5,16.642
GTAIV.exe,1234,0x0,DXGI,0,0,0,Hardware: Legacy Flip,0,5.306752,0.5,17.111,1.0,1.5,17.111
GTAIV.exe,1234,0x0,DXGI,0,0,0,Hardware: Legacy Flip,0,5.321657,0.5,14.905,1.0,1.5,14.905
GTAIV.exe,1234,0x0,DXGI,0,0,0,Hardware: Legacy Flip,0,5.338345,0.5,16.688,1.0,1.5,16.688
GTAIV.exe,1234,0x0,DXGI,0,0,0,Hardware: Legacy Flip,0,5.354536,0.5,16.191,1.0,1.5,16.191
GTAIV.exe,1234,0x0,DXGI,0,0,0,Hardware: Legacy Flip,0,5.371028,0.5,16.492,1.0,1.5,16.492
GTAIV.exe,1234,0x0,DXGI,0,0,0,Hardware: Legacy Flip,0,5.386848,0.5,15.820,1.0,1.5,15.820
GTAIV.exe,1234,0x0,DXGI,0,0,0,Hardware: Legacy Flip,0,5.405570,0.5,18.722,1.0,1.5,18.722
GTAIV.exe,1234,0x0,DXGI,0,0,0,Hardware: Legacy Flip,0,5.420514,0.5,14.944,1.0,1.5,14.944
GTAIV.exe,1234,0x0,DXGI,0,0,0,Hardware: Legacy Flip,0,5.436648,0.5,16.134,1.0,1.5,16.134
GTAIV.exe,1234,0x0,DXGI,0,0,0,Hardware: Legacy Flip,0,5.452187,0.5,15.539,1.0,1.5,15.539
GTAIV.exe,1234,0x0,DXGI,0,0,0,Hardware: Legacy Flip,0,5.469120,0.5,16.932,1.0,1.5,16.932
GTAIV.exe,1234,0x0,DXGI,0,0,0,Hardware: Legacy Flip,0,5.487338,0.5,18.218,1.0,1.5,18.218
GTAIV.exe,1234,0x0,DXGI,0,0,0,Hardware: Legacy Flip,0,5.505995,0.5,18.657,1.0,1.5,18.657
GTAIV.exe,1234,0x0,DXGI,0,0,0,Hardware: Legacy Flip,0,5.522521,0.5,16.526,1.0,1.5,16.526
GTAIV.exe,1234,0x0,DXGI,0,0,0,Hardware: Legacy Flip,0,5.538977,0.5,16.456,1.0,1.5,16.456
GTAIV.exe,1234,0x0,DXGI,0,0,0,Hardware: Legacy Flip,0,5.555968,0.5,16.990,1.0,1.5,16.990
GTAIV.exe,1234,0x0,DXGI,0,0,0,Hardware: Legacy Flip,0,5.572704,0.5,16.737,1.0,1.5,16.737
GTAIV.exe,1234,0x0,DXGI,0,0,0,Hardware: Legacy Flip,0,5.589695,0.5,16.991,1.0,1.5,16.991
GTAIV.exe,1234,0x0,DXGI,0,0,0,Hardware: Legacy Flip,0,5.606080,0.5,16.385,1.0,1.5,16.385
GTAIV.exe,1234,0x0,DXGI,0,0,0,Hardware: Legacy Flip,0,5.622258,0.5,16.178,1.0,1.5,16.178
GTAIV.exe,1234,0x0,DXGI,0,0,0,Hardware: Legacy Flip,0,5.636460,0.5,14.202,1.0,1.5,14.202
GTAIV.exe,1234,0x0,DXGI,0,0,0,Hardware: Legacy Flip,0,5.652241,0.5,15.781,1.0,1.5,15.781
GTAIV.exe,1234,0x0,DXGI,0,0,0,Hardware: Legacy Flip,0,5.669368,0.5,17.127,1.0,1.5,17.127
GTAIV.exe,1234,0x0,DXGI,0,0,0,Hardware: Legacy Flip,0,5.685835,0.5,16.467,1.0,1.5,16.467
GTAIV.exe,1234,0x0,DXGI,0,0,0,Hardware: Legacy Flip,0,5.702934,0.5,17.099,1.0,1.5,17.099
GTAIV.exe,1234,0x0,DXGI,0,0,0,Hardware: Legacy Flip,0,5.721768,0.5,18.834,1.0,1.5,18.834
GTAIV.exe,1234,0x0,DXGI,0,0,0,Hardware: Legacy Flip,0,5.736818,0.5,15.051,1.0,1.5,15.051
GTAIV.exe,1234,0x0,DXGI,0,0,0,Hardware: Legacy Flip,0,5.753732,0.5,16.914,1.0,1.5,16.914
GTAIV.exe,1234,0x0,DXGI,0,0,0,Hardware: Legacy Flip,0,5.770270,0.5,16.538,1.0,1.5,16.538
GTAIV.exe,1234,0x0,DXGI,0,0,0,Hardware: Legacy Flip,0,5.787712,0.5,17.442,1.0,1.5,17.442
GTAIV.exe,1234,0x0,DXGI,0,0,0,Hardware: Legacy Flip,0,5.804249,0.5,16.537,1.0,1.5,16.537
GTAIV.exe,1234,0x0,DXGI,0,0,0,Hardware: Legacy Flip,0,5.821044,0.5,16.795,1.0,1.5,16.795
GTAIV.exe,1234,0x0,DXGI,0,0,0,Hardware: Legacy Flip,0,5.838683,0.5,17.639,1.0,1.5,17.639
GTAIV.exe,1234,0x0,DXGI,0,0,0,Hardware: Legacy Flip,0,5.854540,0.5,15.857,1.0,1.5,15.857
GTAIV.exe,1234,0x0,DXGI,0,0,0,Hardware: Legacy Flip,0,5.871005,0.5,16.465,1.0,1.5,16.465
GTAIV.exe,1234,0x0,DXGI,0,0,0,Hardware: Legacy Flip,0,5.887545,0.5,16.539,1.0,1.5,16.539
GTAIV.exe,1234,0x0,DXGI,0,0,0,Hardware: Legacy Flip,0,5.905335,0.5,17.790,1.0,1.5,17.790
GTAIV.exe,1234,0x0,DXGI,0,0,0,Hardware: Legacy Flip,0,5.922087,0.5,16.752,1.0,1.5,16.752
GTAIV.exe,1234,0x0,DXGI,0,0,0,Hardware: Legacy Flip,0,5.938258,0.5,16.172,1.0,1.5,16.172
GTAIV.exe,1234,0x0,DXGI,0,0,0,Hardware: Legacy Flip,0,5.956050,0.5,17.791,1.0,1.5,17.791
GTAIV.exe,1234,0x0,DXGI,0,0,0,Hardware: Legacy Flip,0,5.972329,0.5,16.280,1.0,1.5,16.280
GTAIV.exe,1234,0x0,DXGI,0,0,0,Hardware: Legacy Flip,0,5.987671,0.5,15.342,1.0,1.5,15.342
GTAIV.exe,1234,0x0,DXGI,0,0,0,Hardware: Legacy Flip,0,6.002365,0.5,14.693,1.0,1.5,14.693
GTAIV.exe,1234,0x0,DXGI,0,0,0,Hardware: Legacy Flip,0,6.021975,0.5,19.610,1.0,1.5,19.610
GTAIV.exe,1234,0x0,DXGI,0,0,0,Hardware: Legacy Flip,0,6.038537,0.5,16.562,1.0,1.5,16.562
GTAIV.exe,1234,0x0,DXGI,0,0,0,Hardware: Legacy Flip,0,6.054289,0.5,15.753,1.0,1.5,15.753
GTAIV.exe,1234,0x0,DXGI,0,0,0,Hardware: Legacy Flip,0,6.071692,0.5,17.402,1.0,1.5,17.402
GTAIV.exe,1234,0x0,DXGI,0,0,0,Hardware: Legacy Flip,0,6.088331,0.5,16.639,1.0,1.5,16.639
GTAIV.exe,1234,0x0,DXGI,0,0,0,Hardware: Legacy Flip,0,6.105594,0.5,17.263,1.0,1.5,17.263
GTAIV.exe,1234,0x0,DXGI,0,0,0,Hardware: Legacy Flip,0,6.120113,0.5,14.520,1.0,1.5,14.520
GTAIV.exe,1234,0x0,DXGI,0,0,0,Hardware: Legacy Flip,0,6.137376,0.5,17.263,1.0,1.5,17.263
GTAIV.exe,1234,0x0,DXGI,0,0,0,Hardware: Legacy Flip,0,6.155912,0.5,18.536,1.0,1.5,18.536
GTAIV.exe,1234,0x0,DXGI,0,0,0,Hardware: Legacy Flip,0,6.173063,0.5,17.150,1.0,1.5,17.150
GTAIV.exe,1234,0x0,DXGI,0,0,0,Hardware: Legacy Flip,0,6.189686,0.5,16.623,1.0,1.5,16.623
GTAIV.exe,1234,0x0,DXGI,0,0,0,Hardware: Legacy Flip,0,6.205588,0.5,15.903,1.0,1.5,15.903
GTAIV.exe,1234,0x0,DXGI,0,0,0,Hardware: Legacy Flip,0,6.221417,0.5,15.828,1.0,1.5,15.828
GTAIV.exe,1234,0x0,DXGI,0,0,0,Hardware: Legacy Flip,0,6.239655,0.5,18.239,1.0,1.5,18.239
GTAIV.exe,1234,0x0,DXGI,0,0,0,Hardware: Legacy Flip,0,6.258597,0.5,18.941,1.0,1.5,18.941
GTAIV.exe,1234,0x0,DXGI,0,0,0,Hardware: Legacy Flip,0,6.274256,0.5,15.659,1.0,1.5,15.659
GTAIV.exe,1234,0x0,DXGI,0,0,0,Hardware: Legacy Flip,0,6.291590,0.5,17.334,1.0,1.5,17.334
GTAIV.exe,1234,0x0,DXGI,0,0,0,Hardware: Legacy Flip,0,6.309135,0.5,17.545,1.0,1.5,17.545
GTAIV.exe,1234,0x0,DXGI,0,0,0,Hardware: Legacy Flip,0,6.326527,0.5,17.391,1.0,1.5,17.391
GTAIV.exe,1234,0x0,DXGI,0,0,0,Hardware: Legacy Flip,0,6.343920,0.5,17.393,1.0,1.5,17.393
GTAIV.exe,1234,0x0,DXGI,0,0,0,Hardware: Legacy Flip,0,6.361046,0.5,17.127,1.0,1.5,17.127
GTAIV.exe,1234,0x0,DXGI,0,0,0,Hardware: Legacy Flip,0,6.377884,0.5,16.838,1.0,1.5,16.838
GTAIV.exe,1234,0x0,DXGI,0,0,0,Hardware: Legacy Flip,0,6.394490,0.5,16.606,1.0,1.5,16.606
GTAIV.exe,1234,0x0,DXGI,0,0,0,Hardware: Legacy Flip,0,6.410792,0.5,16.302,1.0,1.5,16.302
GTAIV.exe,1234,0x0,DXGI,0,0,0,Hardware: Legacy Flip,0,6.426846,0.5,16.054,1.0,1.5,16.054
GTAIV.exe,1234,0x0,DXGI,0,0,0,Hardware: Legacy Flip,0,6.441222,0.5,14.376,1.0,1.5,14.376
GTAIV.exe,1234,0x0,DXGI,0,0,0,Hardware: Legacy Flip,0,6.459484,0.5,18.262,1.0,1.5,18.262
GTAIV.exe,1234,0x0,DXGI,0,0,0,Hardware: Legacy Flip,0,6.475580,0.5,16.096,1.0,1.5,16.096
GTAIV.exe,1234,0x0,DXGI,0,0,0,Hardware: Legacy Flip,0,6.493344,0.5,17.764,1.0,1.5,17.764
GTAIV.exe,1234,0x0,DXGI,0,0,0,Hardware: Legacy Flip,0,6.510235,0.5,16.891,1.0,1.5,16.891
GTAIV.exe,1234,0x0,DXGI,0,0,0,Hardware: Legacy Flip,0,6.525331,0.5,15.096,1.0,1.5,15.096
GTAIV.exe,1234,0x0,DXGI,0,0,0,Hardware: Legacy Flip,0,6.541307,0.5,15.975,1.0,1.5,15.975
GTAIV.exe,1234,0x0,DXGI,0,0,0,Hardware: Legacy Flip,0,6.558160,0.5,16.853,1.0,1.5,16.853
GTAIV.exe,1234,0x0,DXGI,0,0,0,Hardware: Legacy Flip,0,6.574786,0.5,16.626,1.0,1.5,16.626
GTAIV.exe,1234,0x0,DXGI,0,0,0,Hardware: Legacy Flip,0,6.592585,0.5,17.799,1.0,1.5,17.799
GTAIV.exe,1234,0x0,DXGI,0,0,0,Hardware: Legacy Flip,0,6.607896,0.5,15.311,1.0,1.5,15.311
GTAIV.exe,1234,0x0,DXGI,0,0,0,Hardware: Legacy Flip,0,6.624386,0.5,16.490,1.0,1.5,16.490
GTAIV.exe,1234,0x0,DXGI,0,0,0,Hardware: Legacy Flip,0,6.640609,0.5,16.223,1.0,1.5,16.223
GTAIV.exe,1234,0x0,DXGI,0,0,0,Hardware: Legacy Flip,0,6.655560,0.5,14.951,1.0,1.5,14.951
GTAIV.exe,1234,0x0,DXGI,0,0,0,Hardware: Legacy Flip,0,6.672965,0.5,17.405,1.0,1.5,17.405
GTAIV.exe,1234,0x0,DXGI,0,0,0,Hardware: Legacy Flip,0,6.689013,0.5,16.048,1.0,1.5,16.048
GTAIV.exe,1234,0x0,DXGI,0,0,0,Hardware: Legacy Flip,0,6.704560,0.5,15.547,1.0,1.5,15.547
GTAIV.exe,1234,0x0,DXGI,0,0,0,Hardware: Legacy Flip,0,6.721263,0.5,16.703,1.0,1.5,16.703
GTAIV.exe,1234,0x0,DXGI,0,0,0,Hardware: Legacy Flip,0,6.738077,0.5,16.814,1.0,1.5,16.814
GTAIV.exe,1234,0x0,DXGI,0,0,0,Hardware: Legacy Flip,0,6.754594,0.5,16.517,1.0,1.5,16.517
GTAIV.exe,1234,0x0,DXGI,0,0,0,Hardware: Legacy Flip,0,6.773573,0.5,18.979,1.0,1.5,18.979
GTAIV.exe,1234,0x0,DXGI,0,0,0,Hardware: Legacy Flip,0,6.789845,0.5,16.272,1.0,1.5,16.272
GTAIV.exe,1234,0x0,DXGI,0,0,0,Hardware: Legacy Flip,0,6.803377,0.5,13.532,1.0,1.5,13.532
GTAIV.exe,1234,0x0,DXGI,0,0,0,Hardware: Legacy Flip,0,6.820956,0.5,17.579,1.0,1.5,17.579
GTAIV.exe,1234,0x0,DXGI,0,0,0,Hardware: Legacy Flip,0,6.838326,0.5,17.369,1.0,1.5,17.369
GTAIV.exe,1234,0x0,DXGI,0,0,0,Hardware: Legacy Flip,0,6.854925,0.5,16.599,1.0,1.5,16.599
GTAIV.exe,1234,0x0,DXGI,0,0,0,Hardware: Legacy Flip,0,6.870937,0.5,16.012,1.0,1.5,16.012
GTAIV.exe,1234,0x0,DXGI,0,0,0,Hardware: Legacy Flip,0,6.887281,0.5,16.344,1.0,1.5,16.344
GTAIV.exe,1234,0x0,DXGI,0,0,0,Hardware: Legacy Flip,0,6.906152,0.5,18.871,1.0,1.5,18.871
GTAIV.exe,1234,0x0,DXGI,0,0,0,Hardware: Legacy Flip,0,6.922983,0.5,16.831,1.0,1.5,16.831
GTAIV.exe,1234,0x0,DXGI,0,0,0,Hardware: Legacy Flip,0,6.940193,0.5,17.210,1.0,1.5,17.210
GTAIV.exe,1234,0x0,DXGI,0,0,0,Hardware: Legacy Flip,0,6.955882,0.5,15.689,1.0,1.5,15.689
GTAIV.exe,1234,0x0,DXGI,0,0,0,Hardware: Legacy Flip,0,6.973197,0.5,17.315,1.0,1.5,17.315
GTAIV.exe,1234,0x0,DXGI,0,0,0,Hardware: Legacy Flip,0,6.987642,0.5,14.445,1.0,1.5,14.445
GTAIV.exe,1234,0x0,DXGI,0,0,0,Hardware: Legacy Flip,0,7.004162,0.5,16.519,1.0,1.5,16.519
GTAIV.exe,1234,0x0,DXGI,0,0,0,Hardware: Legacy Flip,0,7.021352,0.5,17.190,1.0,1.5,17.190
GTAIV.exe,1234,0x0,DXGI,0,0,0,Hardware: Legacy Flip,0,7.039352,0.5,18.000,1.0,1.5,18.000
GTAIV.exe,1234,0x0,DXGI,0,0,0,Hardware: Legacy Flip,0,7.056464,0.5,17.112,1.0,1.5,17.112
GTAIV.exe,1234,0x0,DXGI,0,0,0,Hardware: Legacy Flip,0,7.073348,0.5,16.885,1.0,1.5,16.885
GTAIV.exe,1234,0x0,DXGI,0,0,0,Hardware: Legacy Flip,0,7.089238,0.5,15.890,1.0,1.5,15.890
GTAIV.exe,1234,0x0,DXGI,0,0,0,Hardware: Legacy Flip,0,7.106171,0.5,16.933,1.0,1.5,16.933
GTAIV.exe,1234,0x0,DXGI,0,0,0,Hardware: Legacy Flip,0,7.121346,0.5,15.175,1.0,1.5,15.175
GTAIV.exe,1234,0x0,DXGI,0,0,0,Hardware: Legacy Flip,0,7.137867,0.5,16.521,1.0,1.5,16.521
GTAIV.exe,1234,0x0,DXGI,0,0,0,Hardware: Legacy Flip,0,7.157658,0.5,19.791,1.0,1.5,19.791
GTAIV.exe,1234,0x0,DXGI,0,0,0,Hardware: Legacy Flip,0,7.173767,0.5,16.109,1.0,1.5,16.109
GTAIV.exe,1234,0x0,DXGI,0,0,0,Hardware: Legacy Flip,0,7.191339,0.5,17.572,1.0,1.5,17.572
GTAIV.exe,1234,0x0,DXGI,0,0,0,Hardware: Legacy Flip,0,7.207930,0.5,16.591,1.0,1.5,16.591
GTAIV.exe,1234,0x0,DXGI,0,0,0,Hardware: Legacy Flip,0,7.223065,0.5,15.134,1.0,1.5,15.134
GTAIV.exe,1234,0x0,DXGI,0,0,0,Hardware: Legacy Flip,0,7.238503,0.5,15.439,1.0,1.5,15.439
GTAIV.exe,1234,0x0,DXGI,0,0,0,Hardware: Legacy Flip,0,7.256766,0.5,18.263,1.0,1.5,18.263
GTAIV.exe,1234,0x0,DXGI,0,0,0,Hardware: Legacy Flip,0,7.273608,0.5,16.842,1.0,1.5,16.842
GTAIV.exe,1234,0x0,DXGI,0,0,0,Hardware: Legacy Flip,0,7.291564,0.5,17.956,1.0,1.5,17.956
GTAIV.exe,1234,0x0,DXGI,0,0,0,Hardware: Legacy Flip,0,7.310280,0.5,18.716,1.0,1.5,18.716
GTAIV.exe,1234,0x0,DXGI,0,0,0,Hardware: Legacy Flip,0,7.328696,0.5,18.416,1.0,1.5,18.416
GTAIV.exe,1234,0x0,DXGI,0,0,0,Hardware: Legacy Flip,0,7.345608,0.5,16.911,1.0,1.5,16.911
GTAIV.exe,1234,0x0,DXGI,0,0,0,Hardware: Legacy Flip,0,7.362995,0.5,17.388,1.0,1.5,17.388
GTAIV.exe,1234,0x0,DXGI,0,0,0,Hardware: Legacy Flip,0,7.379638,0.5,16.643,1.0,1.5,16.643
GTAIV.exe,1234,0x0,DXGI,0,0,0,Hardware: Legacy Flip,0,7.396003,0.5,16.364,1.0,1.5,16.364
GTAIV.exe,1234,0x0,DXGI,0,0,0,Hardware: Legacy Flip,0,7.413564,0.5,17.561,1.0,1.5,17.561
GTAIV.exe,1234,0x0,DXGI,0,0,0,Hardware: Legacy Flip,0,7.431215,0.5,17.651,1.0,1.5,17.651
GTAIV.exe,1234,0x0,DXGI,0,0,0,Hardware: Legacy Flip,0,7.447263,0.5,16.048,1.0,1.5,16.048
GTAIV.exe,1234,0x0,DXGI,0,0,0,Hardware: Legacy Flip,0,7.463258,0.5,15.995,1.0,1.5,15.995
GTAIV.exe,1234,0x0,DXGI,0,0,0,Hardware: Legacy Flip,0,7.480446,0.5,17.188,1.0,1.5,17.188
GTAIV.exe,1234,0x0,DXGI,0,0,0,Hardware: Legacy Flip,0,7.496177,0.5,15.731,1.0,1.5,15.731
GTAIV.exe,1234,0x0,DXGI,0,0,0,Hardware: Legacy Flip,0,7.512461,0.5,16.284,1.0,1.5,16.284
GTAIV.exe,1234,0x0,DXGI,0,0,0,Hardware: Legacy Flip,0,7.528253,0.5,15.792,1.0,1.5,15.792
GTAIV.exe,1234,0x0,DXGI,0,0,0,Hardware: Legacy Flip,0,7.544818,0.5,16.565,1.0,1.5,16.565
GTAIV.exe,1234,0x0,DXGI,0,0,0,Hardware: Legacy Flip,0,7.560352,0.5,15.534,1.0,1.5,15.534
GTAIV.exe,1234,0x0,DXGI,0,0,0,Hardware: Legacy Flip,0,7.576561,0.5,16.209,1.0,1.5,16.209
GTAIV.exe,1234,0x0,DXGI,0,0,0,Hardware: Legacy Flip,0,7.591465,0.5,14.904,1.0,1.5,14.904
GTAIV.exe,1234,0x0,DXGI,0,0,0,Hardware: Legacy Flip,0,7.609494,0.5,18.029,1.0,1.5,18.029
GTAIV.exe,1234,0x0,DXGI,0,0,0,Hardware: Legacy Flip,0,7.627368,0.5,17.874,1.0,1.5,17.874
GTAIV.exe,1234,0x0,DXGI,0,0,0,Hardware: Legacy Flip,0,7.645255,0.5,17.886,1.0,1.5,17.886
GTAIV.exe,1234,0x0,DXGI,0,0,0,Hardware: Legacy Flip,0,7.661091,0.5,15.836,1.0,1.5,15.836
GTAIV.exe,1234,0x0,DXGI,0,0,0,Hardware: Legacy Flip,0,7.677543,0.5,16.453,1.0,1.5,16.453
GTAIV.exe,1234,0x0,DXGI,0,0,0,Hardware: Legacy Flip,0,7.694894,0.5,17.350,1.0,1.5,17.350
GTAIV.exe,1234,0x0,DXGI,0,0,0,Hardware: Legacy Flip,0,7.711214,0.5,16.320,1.0,1.5,16.320
GTAIV.exe,1234,0x0,DXGI,0,0,0,Hardware: Legacy Flip,0,7.728379,0.5,17.165,1.0,1.5,17.165
GTAIV.exe,1234,0x0,DXGI,0,0,0,Hardware: Legacy Flip,0,7.746015,0.5,17.636,1.0,1.5,17.636
GTAIV.exe,1234,0x0,DXGI,0,0,0,Hardware: Legacy Flip,0,7.763141,0.5,17.125,1.0,1.5,17.125
GTAIV.exe,1234,0x0,DXGI,0,0,0,Hardware: Legacy Flip,0,7.779685,0.5,16.544,1.0,1.5,16.544
GTAIV.exe,1234,0x0,DXGI,0,0,0,Hardware: Legacy Flip,0,7.795760,0.5,16.075,1.0,1.5,16.075
GTAIV.exe,1234,0x0,DXGI,0,0,0,Hardware: Legacy Flip,0,7.812157,0.5,16.398,1.0,1.5,16.398
GTAIV.exe,1234,0x0,DXGI,0,0,0,Hardware: Legacy Flip,0,7.830040,0.5,17.883,1.0,1.5,17.883
GTAIV.exe,1234,0x0,DXGI,0,0,0,Hardware: Legacy Flip,0,7.845430,0.5,15.390,1.0,1.5,15.390
GTAIV.exe,1234,0x0,DXGI,0,0,0,Hardware: Legacy Flip,0,7.861090,0.5,15.660,1.0,1.5,15.660
GTAIV.exe,1234,0x0,DXGI,0,0,0,Hardware: Legacy Flip,0,7.877201,0.5,16.111,1.0,1.5,16.111
GTAIV.exe,1234,0x0,DXGI,0,0,0,Hardware: Legacy Flip,0,7.892083,0.5,14.882,1.0,1.5,14.882
GTAIV.exe,1234,0x0,DXGI,0,0,0,Hardware: Legacy Flip,0,7.908304,0.5,16.221,1.0,1.5,16.221
GTAIV.exe,1234,0x0,DXGI,0,0,0,Hardware: Legacy Flip,0,7.927162,0.5,18.858,1.0,1.5,18.858
GTAIV.exe,1234,0x0,DXGI,0,0,0,Hardware: Legacy Flip,0,7.944755,0.5,17.593,1.0,1.5,17.593
GTAIV.exe,1234,0x0,DXGI,0,0,0,Hardware: Legacy Flip,0,7.962179,0.5,17.424,1.0,1.5,17.424
GTAIV.exe,1234,0x0,DXGI,0,0,0,Hardware: Legacy Flip,0,7.980524,0.5,18.346,1.0,1.5,18.346
GTAIV.exe,1234,0x0,DXGI,0,0,0,Hardware: Legacy Flip,0,7.998493,0.5,17.969,1.0,1.5,17.969
GTAIV.exe,1234,0x0,DXGI,0,0,0,Hardware: Legacy Flip,0,8.015155,0.5,16.662,1.0,1.5,16.662
GTAIV.exe,1234,0x0,DXGI,0,0,0,Hardware: Legacy Flip,0,8.032066,0.5,16.911,1.0,1.5,16.911
GTAIV.exe,1234,0x0,DXGI,0,0,0,Hardware: Legacy Flip,0,8.049065,0.5,16.999,1.0,1.5,16.999
GTAIV.exe,1234,0x0,DXGI,0,0,0,Hardware: Legacy Flip,0,8.064116,0.5,15.051,1.0,1.5,15.051
GTAIV.exe,1234,0x0,DXGI,0,0,0,Hardware: Legacy Flip,0,8.079921,0.5,15.805,1.0,1.5,15.805
GTAIV.exe,1234,0x0,DXGI,0,0,0,Hardware: Legacy Flip,0,8.097637,0.5,17.716,1.0,1.5,17.716
GTAIV.exe,1234,0x0,DXGI,0,0,0,Hardware: Legacy Flip,0,8.113028,0.5,15.391,1.0,1.5,15.391
GTAIV.exe,1234,0x0,DXGI,0,0,0,Hardware: Legacy Flip,0,8.130241,0.5,17.214,1.0,1.5,17.214
GTAIV.exe,1234,0x0,DXGI,0,0,0,Hardware: Legacy Flip,0,8.145671,0.5,15.430,1.0,1.5,15.430
GTAIV.exe,1234,0x0,DXGI,0,0,0,Hardware: Legacy Flip,0,8.163855,0.5,18.184,1.0,1.5,18.184
GTAIV.exe,1234,0x0,DXGI,0,0,0,Hardware: Legacy Flip,0,8.182377,0.5,18.522,1.0,1.5,18.522
GTAIV.exe,1234,0x0,DXGI,0,0,0,Hardware: Legacy Flip,0,8.199434,0.5,17.057,1.0,1.5,17.057
GTAIV.exe,1234,0x0,DXGI,0,0,0,Hardware: Legacy Flip,0,8.215051,0.5,15.617,1.0,1.5,15.617
GTAIV.exe,1234,0x0,DXGI,0,0,0,Hardware: Legacy Flip,0,8.231776,0.5,16.725,1.0,1.5,16.725
GTAIV.exe,1234,0x0,DXGI,0,0,0,Hardware: Legacy Flip,0,8.249403,0.5,17.627,1.0,1.5,17.627
GTAIV.exe,1234,0x0,DXGI,0,0,0,Hardware: Legacy Flip,0,8.267620,0.5,18.218,1.0,1.5,18.218
GTAIV.exe,1234,0x0,DXGI,0,0,0,Hardware: Legacy Flip,0,8.285897,0.5,18.276,1.0,1.5,18.276
GTAIV.exe,1234,0x0,DXGI,0,0,0,Hardware: Legacy Flip,0,8.301239,0.5,15.342,1.0,1.5,15.342
GTAIV.exe,1234,0x0,DXGI,0,0,0,Hardware: Legacy Flip,0,8.318082,0.5,16.843,1.0,1.5,16.843
GTAIV.exe,1234,0x0,DXGI,0,0,0,Hardware: Legacy Flip,0,8.333785,0.5,15.703,1.0,1.5,15.703
GTAIV.exe,1234,0x0,DXGI,0,0,0,Hardware: Legacy Flip,0,8.352205,0.5,18.420,1.0,1.5,18.420
GTAIV.exe,1234,0x0,DXGI,0,0,0,Hardware: Legacy Flip,0,8.368878,0.5,16.673,1.0,1.5,16.673
GTAIV.exe,1234,0x0,DXGI,0,0,0,Hardware: Legacy Flip,0,8.387194,0.5,18.316,1.0,1.5,18.316
GTAIV.exe,1234,0x0,DXGI,0,0,0,Hardware: Legacy Flip,0,8.403044,0.5,15.850,1.0,1.5,15.850
GTAIV.exe,1234,0x0,DXGI,0,0,0,Hardware: Legacy Flip,0,8.420269,0.5,17.225,1.0,1.5,17.225
GTAIV.exe,1234,0x0,DXGI,0,0,0,Hardware: Legacy Flip,0,8.437151,0.5,16.882,1.0,1.5,16.882
GTAIV.exe,1234,0x0,DXGI,0,0,0,Hardware: Legacy Flip,0,8.453010,0.5,15.859,1.0,1.5,15.859
GTAIV.exe,1234,0x0,DXGI,0,0,0,Hardware: Legacy Flip,0,8.468025,0.5,15.015,1.0,1.5,15.015
GTAIV.exe,1234,0x0,DXGI,0,0,0,Hardware: Legacy Flip,0,8.485879,0.5,17.854,1.0,1.5,17.854
GTAIV.exe,1234,0x0,DXGI,0,0,0,Hardware: Legacy Flip,0,8.504605,0.5,18.726,1.0,1.5,18.726
GTAIV.exe,1234,0x0,DXGI,0,0,0,Hardware: Legacy Flip,0,8.520919,0.5,16.314,1.0,1.5,16.314
GTAIV.exe,1234,0x0,DXGI,0,0,0,Hardware: Legacy Flip,0,8.538746,0.5,17.827,1.0,1.5,17.827
GTAIV.exe,1234,0x0,DXGI,0,0,0,Hardware: Legacy Flip,0,8.556654,0.5,17.909,1.0,1.5,17.909
GTAIV.exe,1234,0x0,DXGI,0,0,0,Hardware: Legacy Flip,0,8.574968,0.5,18.314,1.0,1.5,18.314
GTAIV.exe,1234,0x0,DXGI,0,0,0,Hardware: Legacy Flip,0,8.590414,0.5,15.446,1.0,1.5,15.446
GTAIV.exe,1234,0x0,DXGI,0,0,0,Hardware: Legacy Flip,0,8.607814,0.5,17.400,1.0,1.5,17.400
GTAIV.exe,1234,0x0,DXGI,0,0,0,Hardware: Legacy Flip,0,8.622490,0.5,14.675,1.0,1.5,14.675
GTAIV.exe,1234,0x0,DXGI,0,0,0,Hardware: Legacy Flip,0,8.639872,0.5,17.382,1.0,1.5,17.382
GTAIV.exe,1234,0x0,DXGI,0,0,0,Hardware: Legacy Flip,0,8.656798,0.5,16.926,1.0,1.5,16.926
GTAIV.exe,1234,0x0,DXGI,0,0,0,Hardware: Legacy Flip,0,8.673781,0.5,16.983,1.0,1.5,16.983
GTAIV.exe,1234,0x0,DXGI,0,0,0,Hardware: Legacy Flip,0,8.691435,0.5,17.654,1.0,1.5,17.654
GTAIV.exe,1234,0x0,DXGI,0,0,0,Hardware: Legacy Flip,0,8.708372,0.5,16.937,1.0,1.5,16.937
GTAIV.exe,1234,0x0,DXGI,0,0,0,Hardware: Legacy Flip,0,8.727281,0.5,18.908,1.0,1.5,18.908
GTAIV.exe,1234,0x0,DXGI,0,0,0,Hardware: Legacy Flip,0,8.744951,0.5,17.670,1.0,1.5,17.670
GTAIV.exe,1234,0x0,DXGI,0,0,0,Hardware: Legacy Flip,0,8.762238,0.5,17.287,1.0,1.5,17.287
GTAIV.exe,1234,0x0,DXGI,0,0,0,Hardware: Legacy Flip,0,8.778083,0.5,15.844,1.0,1.5,15.844
GTAIV.exe,1234,0x0,DXGI,0,0,0,Hardware: Legacy Flip,0,8.794755,0.5,16.673,1.0,1.5,16.673
GTAIV.exe,1234,0x0,DXGI,0,0,0,Hardware: Legacy Flip,0,8.811487,0.5,16.732,1.0,1.5,16.732
GTAIV.exe,1234,0x0,DXGI,0,0,0,Hardware: Legacy Flip,0,8.830253,0.5,18.766,1.0,1.5,18.766
GTAIV.exe,1234,0x0,DXGI,0,0,0,Hardware: Legacy Flip,0,8.846217,0.5,15.964,1.0,1.5,15.964
GTAIV.exe,1234,0x0,DXGI,0,0,0,Hardware: Legacy Flip,0,8.864445,0.5,18.228,1.0,1.5,18.228
GTAIV.exe,1234,0x0,DXGI,0,0,0,Hardware: Legacy Flip,0,8.881554,0.5,17.109,1.0,1.5,17.109
GTAIV.exe,1234,0x0,DXGI,0,0,0,Hardware: Legacy Flip,0,8.897892,0.5,16.338,1.0,1.5,16.338
GTAIV.exe,1234,0x0,DXGI,0,0,0,Hardware: Legacy Flip,0,8.914528,0.5,16.636,1.0,1.5,16.636
GTAIV.exe,1234,0x0,DXGI,0,0,0,Hardware: Legacy Flip,0,8.932251,0.5,17.723,1.0,1.5,17.723
GTAIV.exe,1234,0x0,DXGI,0,0,0,Hardware: Legacy Flip,0,8.949110,0.5,16.859,1.0,1.5,16.859
GTAIV.exe,1234,0x0,DXGI,0,0,0,Hardware: Legacy Flip,0,8.964057,0.5,14.947,1.0,1.5,14.947
GTAIV.exe,1234,0x0,DXGI,0,0,0,Hardware: Legacy Flip,0,8.980278,0.5,16.221,1.0,1.5,16.221
GTAIV.exe,1234,0x0,DXGI,0,0,0,Hardware: Legacy Flip,0,8.995382,0.5,15.104,1.0,1.5,15.104
GTAIV.exe,1234,0x0,DXGI,0,0,0,Hardware: Legacy Flip,0,9.013013,0.5,17.630,1.0,1.5,17.630
GTAIV.exe,1234,0x0,DXGI,0,0,0,Hardware: Legacy Flip,0,9.029717,0.5,16.705,1.0,1.5,16.705
GTAIV.exe,1234,0x0,DXGI,0,0,0,Hardware: Legacy Flip,0,9.046519,0.5,16.802,1.0,1.5,16.802
GTAIV.exe,1234,0x0,DXGI,0,0,0,Hardware: Legacy Flip,0,9.064762,0.5,18.243,1.0,1.5,18.243
GTAIV.exe,1234,0x0,DXGI,0,0,0,Hardware: Legacy Flip,0,9.080444,0.5,15.681,1.0,1.5,15.681
GTAIV.exe,1234,0x0,DXGI,0,0,0,Hardware: Legacy Flip,0,9.097875,0.5,17.432,1.0,1.5,17.432
GTAIV.exe,1234,0x0,DXGI,0,0,0,Hardware: Legacy Flip,0,9.115319,0.5,17.444,1.0,1.5,17.444
GTAIV.exe,1234,0x0,DXGI,0,0,0,Hardware: Legacy Flip,0,9.132479,0.5,17.159,1.0,1.5,17.159
GTAIV.exe,1234,0x0,DXGI,0,0,0,Hardware: Legacy Flip,0,9.150220,0.5,17.742,1.0,1.5,17.742
GTAIV.exe,1234,0x0,DXGI,0,0,0,Hardware: Legacy Flip,0,9.167228,0.5,17.007,1.0,1.5,17.007
GTAIV.exe,1234,0x0,DXGI,0,0,0,Hardware: Legacy Flip,0,9.184199,0.5,16.972,1.0,1.5,16.972
GTAIV.exe,1234,0x0,DXGI,0,0,0,Hardware: Legacy Flip,0,9.200947,0.5,16.748,1.0,1.5,16.748
GTAIV.exe,1234,0x0,DXGI,0,0,0,Hardware: Legacy Flip,0,9.217819,0.5,16.872,1.0,1.5,16.872
GTAIV.exe,1234,0x0,DXGI,0,0,0,Hardware: Legacy Flip,0,9.234391,0.5,16.572,1.0,1.5,16.572
GTAIV.exe,1234,0x0,DXGI,0,0,0,Hardware: Legacy Flip,0,9.250632,0.5,16.241,1.0,1.5,16.241
GTAIV.exe,1234,0x0,DXGI,0,0,0,Hardware: Legacy Flip,0,9.266861,0.5,16.229,1.0,1.5,16.229
GTAIV.exe,1234,0x0,DXGI,0,0,0,Hardware: Legacy Flip,0,9.284112,0.5,17.251,1.0,1.5,17.251
GTAIV.exe,1234,0x0,DXGI,0,0,0,Hardware: Legacy Flip,0,9.301343,0.5,17.231,1.0,1.5,17.231
GTAIV.exe,1234,0x0,DXGI,0,0,0,Hardware: Legacy Flip,0,9.319125,0.5,17.782,1.0,1.5,17.782
GTAIV.exe,1234,0x0,DXGI,0,0,0,Hardware: Legacy Flip,0,9.335592,0.5,16.467,1.0,1.5,16.467
GTAIV.exe,1234,0x0,DXGI,0,0,0,Hardware: Legacy Flip,0,9.352181,0.5,16.589,1.0,1.5,16.589
GTAIV.exe,1234,0x0,DXGI,0,0,0,Hardware: Legacy Flip,0,9.372037,0.5,19.856,1.0,1.5,19.856
GTAIV.exe,1234,0x0,DXGI,0,0,0,Hardware: Legacy Flip,0,9.389495,0.5,17.458,1.0,1.5,17.458
GTAIV.exe,1234,0x0,DXGI,0,0,0,Hardware: Legacy Flip,0,9.402375,0.5,12.881,1.0,1.5,12.881
GTAIV.exe,1234,0x0,DXGI,0,0,0,Hardware: Legacy Flip,0,9.418286,0.5,15.910,1.0,1.5,15.910
GTAIV.exe,1234,0x0,DXGI,0,0,0,Hardware: Legacy Flip,0,9.435911,0.5,17.625,1.0,1.5,17.625
GTAIV.exe,1234,0x0,DXGI,0,0,0,Hardware: Legacy Flip,0,9.452494,0.5,16.583,1.0,1.5,16.583
GTAIV.exe,1234,0x0,DXGI,0,0,0,Hardware: Legacy Flip,0,9.468139,0.5,15.645,1.0,1.5,15.645
GTAIV.exe,1234,0x0,DXGI,0,0,0,Hardware: Legacy Flip,0,9.485537,0.5,17.398,1.0,1.5,17.398
GTAIV.exe,1234,0x0,DXGI,0,0,0,Hardware: Legacy Flip,0,9.503080,0.5,17.543,1.0,1.5,17.543
GTAIV.exe,1234,0x0,DXGI,0,0,0,Hardware: Legacy Flip,0,9.519710,0.5,16.630,1.0,1.5,16.630
GTAIV.exe,1234,0x0,DXGI,0,0,0,Hardware: Legacy Flip,0,9.534603,0.5,14.893,1.0,1.5,14.893
GTAIV.exe,1234,0x0,DXGI,0,0,0,Hardware: Legacy Flip,0,9.551450,0.5,16.847,1.0,1.5,16.847
GTAIV.exe,1234,0x0,DXGI,0,0,0,Hardware: Legacy Flip,0,9.568718,0.5,17.268,1.0,1.5,17.268
GTAIV.exe,1234,0x0,DXGI,0,0,0,Hardware: Legacy Flip,0,9.584407,0.5,15.688,1.0,1.5,15.688
GTAIV.exe,1234,0x0,DXGI,0,0,0,Hardware: Legacy Flip,0,9.600303,0.5,15.896,1.0,1.5,15.896
GTAIV.exe,1234,0x0,DXGI,0,0,0,Hardware: Legacy Flip,0,9.618076,0.5,17.773,1.0,1.5,17.773
GTAIV.exe,1234,0x0,DXGI,0,0,0,Hardware: Legacy Flip,0,9.633955,0.5,15.879,1.0,1.5,15.879
GTAIV.exe,1234,0x0,DXGI,0,0,0,Hardware: Legacy Flip,0,9.650073,0.5,16.118,1.0,1.5,16.118
GTAIV.exe,1234,0x0,DXGI,0,0,0,Hardware: Legacy Flip,0,9.667027,0.5,16.955,1.0,1.5,16.955
GTAIV.exe,1234,0x0,DXGI,0,0,0,Hardware: Legacy Flip,0,9.684115,0.5,17.087,1.0,1.5,17.087
GTAIV.exe,1234,0x0,DXGI,0,0,0,Hardware: Legacy Flip,0,9.700725,0.5,16.610,1.0,1.5,16.610
GTAIV.exe,1234,0x0,DXGI,0,0,0,Hardware: Legacy Flip,0,9.716508,0.5,15.783,1.0,1.5,15.783
GTAIV.exe,1234,0x0,DXGI,0,0,0,Hardware: Legacy Flip,0,9.734662,0.5,18.154,1.0,1.5,18.154
GTAIV.exe,1234,0x0,DXGI,0,0,0,Hardware: Legacy Flip,0,9.750748,0.5,16.087,1.0,1.5,16.087
GTAIV.exe,1234,0x0,DXGI,0,0,0,Hardware: Legacy Flip,0,9.767460,0.5,16.712,1.0,1.5,16.712
GTAIV.exe,1234,0x0,DXGI,0,0,0,Hardware: Legacy Flip,0,9.784852,0.5,17.391,1.0,1.5,17.391
GTAIV.exe,1234,0x0,DXGI,0,0,0,Hardware: Legacy Flip,0,9.801500,0.5,16.648,1.0,1.5,16.648
GTAIV.exe,1234,0x0,DXGI,0,0,0,Hardware: Legacy Flip,0,9.818195,0.5,16.695,1.0,1.5,16.695
GTAIV.exe,1234,0x0,DXGI,0,0,0,Hardware: Legacy Flip,0,9.834289,0.5,16.094,1.0,1.5,16.094
GTAIV.exe,1234,0x0,DXGI,0,0,0,Hardware: Legacy Flip,0,9.851510,0.5,17.221,1.0,1.5,17.221
GTAIV.exe,1234,0x0,DXGI,0,0,0,Hardware: Legacy Flip,0,9.870159,0.5,18.649,1.0,1.5,18.649
GTAIV.exe,1234,0x0,DXGI,0,0,0,Hardware: Legacy Flip,0,9.885965,0.5,15.805,1.0,1.5,15.805
GTAIV.exe,1234,0x0,DXGI,0,0,0,Hardware: Legacy Flip,0,9.902510,0.5,16.546,1.0,1.5,16.546
GTAIV.exe,1234,0x0,DXGI,0,0,0,Hardware: Legacy Flip,0,9.918925,0.5,16.415,1.0,1.5,16.415
GTAIV.exe,1234,0x0,DXGI,0,0,0,Hardware: Legacy Flip,0,9.934343,0.5,15.418,1.0,1.5,15.418
GTAIV.exe,1234,0x0,DXGI,0,0,0,Hardware: Legacy Flip,0,9.950496,0.5,16.153,1.0,1.5,16.153
GTAIV.exe,1234,0x0,DXGI,0,0,0,Hardware: Legacy Flip,0,9.967745,0.5,17.249,1.0,1.5,17.249
GTAIV.exe,1234,0x0,DXGI,0,0,0,Hardware: Legacy Flip,0,9.983960,0.5,16.215,1.0,1.5,16.215
GTAIV.exe,1234,0x0,DXGI,0,0,0,Hardware: Legacy Flip,0,10.001142,0.5,17.182,1.0,1.5,17.182
GTAIV.exe,1234,0x0,DXGI,0,0,0,Hardware: Legacy Flip,0,10.017543,0.5,16.402,1.0,1.5,16.402
GTAIV.exe,1234,0x0,DXGI,0,0,0,Hardware: Legacy Flip,0,10.033690,0.5,16.147,1.0,1.5,16.147
GTAIV.exe,1234,0x0,DXGI,0,0,0,Hardware: Legacy Flip,0,10.050424,0.5,16.733,1.0,1.5,16.733
GTAIV.exe,1234,0x0,DXGI,0,0,0,Hardware: Legacy Flip,0,10.067319,0.5,16.896,1.0,1.5,16.896
GTAIV.exe,1234,0x0,DXGI,0,0,0,Hardware: Legacy Flip,0,10.082616,0.5,15.297,1.0,1.5,15.297
GTAIV.exe,1234,0x0,DXGI,0,0,0,Hardware: Legacy Flip,0,10.099155,0.5,16.539,1.0,1.5,16.539
GTAIV.exe,1234,0x0,DXGI,0,0,0,Hardware: Legacy Flip,0,10.115635,0.5,16.481,1.0,1.5,16.481
GTAIV.exe,1234,0x0,DXGI,0,0,0,Hardware: Legacy Flip,0,10.132642,0.5,17.007,1.0,1.5,17.007
GTAIV.exe,1234,0x0,DXGI,0,0,0,Hardware: Legacy Flip,0,10.147882,0.5,15.240,1.0,1.5,15.240
GTAIV.exe,1234,0x0,DXGI,0,0,0,Hardware: Legacy Flip,0,10.163822,0.5,15.940,1.0,1.5,15.940
GTAIV.exe,1234,0x0,DXGI,0,0,0,Hardware: Legacy Flip,0,10.179267,0.5,15.445,1.0,1.5,15.445
GTAIV.exe,1234,0x0,DXGI,0,0,0,Hardware: Legacy Flip,0,10.195010,0.5,15.743,1.0,1.5,15.743
GTAIV.exe,1234,0x0,DXGI,0,0,0,Hardware: Legacy Flip,0,10.212517,0.5,17.506,1.0,1.5,17.506
GTAIV.exe,1234,0x0,DXGI,0,0,0,Hardware: Legacy Flip,0,10.229204,0.5,16.688,1.0,1.5,16.688
GTAIV.exe,1234,0x0,DXGI,0,0,0,Hardware: Legacy Flip,0,10.246602,0.5,17.397,1.0,1.5,17.397
GTAIV.exe,1234,0x0,DXGI,0,0,0,Hardware: Legacy Flip,0,10.265524,0.5,18.923,1.0,1.5,18.923
GTAIV.exe,1234,0x0,DXGI,0,0,0,Hardware: Legacy Flip,0,10.282873,0.5,17.349,1.0,1.5,17.349
GTAIV.exe,1234,0x0,DXGI,0,0,0,Hardware: Legacy Flip,0,10.300741,0.5,17.868,1.0,1.5,17.868
GTAIV.exe,1234,0x0,DXGI,0,0,0,Hardware: Legacy Flip,0,10.317269,0.5,16.528,1.0,1.5,16.528
GTAIV.exe,1234,0x0,DXGI,0,0,0,Hardware: Legacy Flip,0,10.336131,0.5,18.863,1.0,1.5,18.863
GTAIV.exe,1234,0x0,DXGI,0,0,0,Hardware: Legacy Flip,0,10.353679,0.5,17.548,1.0,1.5,17.548
GTAIV.exe,1234,0x0,DXGI,0,0,0,Hardware: Legacy Flip,0,10.370784,0.5,17.104,1.0,1.5,17.104
GTAIV.exe,1234,0x0,DXGI,0,0,0,Hardware: Legacy Flip,0,10.384929,0.5,14.146,1.0,1.5,14.146
GTAIV.exe,1234,0x0,DXGI,0,0,0,Hardware: Legacy Flip,0,10.401258,0.5,16.328,1.0,1.5,16.328
GTAIV.exe,1234,0x0,DXGI,0,0,0,Hardware: Legacy Flip,0,10.416851,0.5,15.593,1.0,1.5,15.593
GTAIV.exe,1234,0x0,DXGI,0,0,0,Hardware: Legacy Flip,0,10.433065,0.5,16.214,1.0,1.5,16.214
GTAIV.exe,1234,0x0,DXGI,0,0,0,Hardware: Legacy Flip,0,10.448962,0.5,15.897,1.0,1.5,15.897
GTAIV.exe,1234,0x0,DXGI,0,0,0,Hardware: Legacy Flip,0,10.464944,0.5,15.982,1.0,1.5,15.982
GTAIV.exe,1234,0x0,DXGI,0,0,0,Hardware: Legacy Flip,0,10.482497,0.5,17.553,1.0,1.5,17.553
GTAIV.exe,1234,0x0,DXGI,0,0,0,Hardware: Legacy Flip,0,10.499229,0.5,16.732,1.0,1.5,16.732
GTAIV.exe,1234,0x0,DXGI,0,0,0,Hardware: Legacy Flip,0,10.517448,0.5,18.219,1.0,1.5,18.219
GTAIV.exe,1234,0x0,DXGI,0,0,0,Hardware: Legacy Flip,0,10.536317,0.5,18.869,1.0,1.5,18.869
GTAIV.exe,1234,0x0,DXGI,0,0,0,Hardware: Legacy Flip,0,10.551898,0.5,15.581,1.0,1.5,15.581
GTAIV.exe,1234,0x0,DXGI,0,0,0,Hardware: Legacy Flip,0,10.570177,0.5,18.280,1.0,1.5,18.280
GTAIV.exe,1234,0x0,DXGI,0,0,0,Hardware: Legacy Flip,0,10.588252,0.5,18.075,1.0,1.5,18.075
GTAIV.exe,1234,0x0,DXGI,0,0,0,Hardware: Legacy Flip,0,10.603442,0.5,15.190,1.0,1.5,15.190
GTAIV.exe,1234,0x0,DXGI,0,0,0,Hardware: Legacy Flip,0,10.620693,0.5,17.251,1.0,1.5,17.251
GTAIV.exe,1234,0x0,DXGI,0,0,0,Hardware: Legacy Flip,0,10.637077,0.5,16.384,1.0,1.5,16.384
GTAIV.exe,1234,0x0,DXGI,0,0,0,Hardware: Legacy Flip,0,10.653667,0.5,16.590,1.0,1.5,16.590
GTAIV.exe,1234,0x0,DXGI,0,0,0,Hardware: Legacy Flip,0,10.671177,0.5,17.509,1.0,1.5,17.509
GTAIV.exe,1234,0x0,DXGI,0,0,0,Hardware: Legacy Flip,0,10.688085,0.5,16.908,1.0,1.5,16.908
GTAIV.exe,1234,0x0,DXGI,0,0,0,Hardware: Legacy Flip,0,10.705253,0.5,17.168,1.0,1.5,17.168
GTAIV.exe,1234,0x0,DXGI,0,0,0,Hardware: Legacy Flip,0,10.721538,0.5,16.285,1.0,1.5,16.285
GTAIV.exe,1234,0x0,DXGI,0,0,0,Hardware: Legacy Flip,0,10.738202,0.5,16.663,1.0,1.5,16.663
GTAIV.exe,1234,0x0,DXGI,0,0,0,Hardware: Legacy Flip,0,10.755098,0.5,16.896,1.0,1.5,16.896
GTAIV.exe,1234,0x0,DXGI,0,0,0,Hardware: Legacy Flip,0,10.772333,0.5,17.235,1.0,1.5,17.235
GTAIV.exe,1234,0x0,DXGI,0,0,0,Hardware: Legacy Flip,0,10.789917,0.5,17.584,1.0,1.5,17.584
GTAIV.exe,1234,0x0,DXGI,0,0,0,Hardware: Legacy Flip,0,10.805749,0.5,15.832,1.0,1.5,15.832
GTAIV.exe,1234,0x0,DXGI,0,0,0,Hardware: Legacy Flip,0,10.820466,0.5,14.718,1.0,1.5,14.718
GTAIV.exe,1234,0x0,DXGI,0,0,0,Hardware: Legacy Flip,0,10.836253,0.5,15.787,1.0,1.5,15.787
GTAIV.exe,1234,0x0,DXGI,0,0,0,Hardware: Legacy Flip,0,10.853554,0.5,17.301,1.0,1.5,17.301
GTAIV.exe,1234,0x0,DXGI,0,0,0,Hardware: Legacy Flip,0,10.868786,0.5,15.232,1.0,1.5,15.232
GTAIV.exe,1234,0x0,DXGI,0,0,0,Hardware: Legacy Flip,0,10.886428,0.5,17.642,1.0,1.5,17.642
GTAIV.exe,1234,0x0,DXGI,0,0,0,Hardware: Legacy Flip,0,10.902995,0.5,16.567,1.0,1.5,16.567
GTAIV.exe,1234,0x0,DXGI,0,0,0,Hardware: Legacy Flip,0,10.920184,0.5,17.188,1.0,1.5,17.188
GTAIV.exe,1234,0x0,DXGI,0,0,0,Hardware: Legacy Flip,0,10.937044,0.5,16.860,1.0,1.5,16.860
GTAIV.exe,1234,0x0,DXGI,0,0,0,Hardware: Legacy Flip,0,10.953851,0.5,16.807,1.0,1.5,16.807
GTAIV.exe,1234,0x0,DXGI,0,0,0,Hardware: Legacy Flip,0,10.970754,0.5,16.903,1.0,1.5,16.903
GTAIV.exe,1234,0x0,DXGI,0,0,0,Hardware: Legacy Flip,0,10.986606,0.5,15.852,1.0,1.5,15.852
GTAIV.exe,1234,0x0,DXGI,0,0,0,Hardware: Legacy Flip,0,11.003774,0.5,17.168,1.0,1.5,17.168
GTAIV.exe,1234,0x0,DXGI,0,0,0,Hardware: Legacy Flip,0,11.021457,0.5,17.683,1.0,1.5,17.683
GTAIV.exe,1234,0x0,DXGI,0,0,0,Hardware: Legacy Flip,0,11.037645,0.5,16.188,1.0,1.5,16.188
GTAIV.exe,1234,0x0,DXGI,0,0,0,Hardware: Legacy Flip,0,11.052636,0.5,14.991,1.0,1.5,14.991
GTAIV.exe,1234,0x0,DXGI,0,0,0,Hardware: Legacy Flip,0,11.069940,0.5,17.304,1.0,1.5,17.304
GTAIV.exe,1234,0x0,DXGI,0,0,0,Hardware: Legacy Flip,0,11.087103,0.5,17.164,1.0,1.5,17.164
GTAIV.exe,1234,0x0,DXGI,0,0,0,Hardware: Legacy Flip,0,11.104680,0.5,17.577,1.0,1.5,17.577
GTAIV.exe,1234,0x0,DXGI,0,0,0,Hardware: Legacy Flip,0,11.121562,0.5,16.882,1.0,1.5,16.882
GTAIV.exe,1234,0x0,DXGI,0,0,0,Hardware: Legacy Flip,0,11.137991,0.5,16.429,1.0,1.5,16.429
GTAIV.exe,1234,0x0,DXGI,0,0,0,Hardware: Legacy Flip,0,11.156661,0.5,18.670,1.0,1.5,18.670
GTAIV.exe,1234,0x0,DXGI,0,0,0,Hardware: Legacy Flip,0,11.172705,0.5,16.044,1.0,1.5,16.044
GTAIV.exe,1234,0x0,DXGI,0,0,0,Hardware: Legacy Flip,0,11.188909,0.5,16.204,1.0,1.5,16.204
GTAIV.exe,1234,0x0,DXGI,0,0,0,Hardware: Legacy Flip,0,11.203900,0.5,14.991,1.0,1.5,14.991
GTAIV.exe,1234,0x0,DXGI,0,0,0,Hardware: Legacy Flip,0,11.221278,0.5,17.379,1.0,1.5,17.379
GTAIV.exe,1234,0x0,DXGI,0,0,0,Hardware: Legacy Flip,0,11.238530,0.5,17.252,1.0,1.5,17.252
GTAIV.exe,1234,0x0,DXGI,0,0,0,Hardware: Legacy Flip,0,11.254149,0.5,15.619,1.0,1.5,15.619
GTAIV.exe,1234,0x0,DXGI,0,0,0,Hardware: Legacy Flip,0,11.270097,0.5,15.948,1.0,1.5,15.948
GTAIV.exe,1234,0x0,DXGI,0,0,0,Hardware: Legacy Flip,0,11.286638,0.5,16.541,1.0,1.5,16.541
GTAIV.exe,1234,0x0,DXGI,0,0,0,Hardware: Legacy Flip,0,11.302628,0.5,15.990,1.0,1.5,15.990
GTAIV.exe,1234,0x0,DXGI,0,0,0,Hardware: Legacy Flip,0,11.321998,0.5,19.370,1.0,1.5,19.370
GTAIV.exe,1234,0x0,DXGI,0,0,0,Hardware: Legacy Flip,0,11.339673,0.5,17.675,1.0,1.5,17.675
GTAIV.exe,1234,0x0,DXGI,0,0,0,Hardware: Legacy Flip,0,11.356331,0.5,16.658,1.0,1.5,16.658
GTAIV.exe,1234,0x0,DXGI,0,0,0,Hardware: Legacy Flip,0,11.373469,0.5,17.138,1.0,1.5,17.138
GTAIV.exe,1234,0x0,DXGI,0,0,0,Hardware: Legacy Flip,0,11.389634,0.5,16.166,1.0,1.5,16.166
GTAIV.exe,1234,0x0,DXGI,0,0,0,Hardware: Legacy Flip,0,11.405750,0.5,16.116,1.0,1.5,16.116
GTAIV.exe,1234,0x0,DXGI,0,0,0,Hardware: Legacy Flip,0,11.423107,0.5,17.356,1.0,1.5,17.356
GTAIV.exe,1234,0x0,DXGI,0,0,0,Hardware: Legacy Flip,0,11.439097,0.5,15.990,1.0,1.5,15.990
GTAIV.exe,1234,0x0,DXGI,0,0,0,Hardware: Legacy Flip,0,11.455713,0.5,16.617,1.0,1.5,16.617
GTAIV.exe,1234,0x0,DXGI,0,0,0,Hardware: Legacy Flip,0,11.472473,0.5,16.760,1.0,1.5,16.760
GTAIV.exe,1234,0x0,DXGI,0,0,0,Hardware: Legacy Flip,0,11.489304,0.5,16.831,1.0,1.5,16.831
GTAIV.exe,1234,0x0,DXGI,0,0,0,Hardware: Legacy Flip,0,11.505976,0.5,16.672,1.0,1.5,16.672
GTAIV.exe,1234,0x0,DXGI,0,0,0,Hardware: Legacy Flip,0,11.521664,0.5,15.688,1.0,1.5,15.688
GTAIV.exe,1234,0x0,DXGI,0,0,0,Hardware: Legacy Flip,0,11.537069,0.5,15.405,1.0,1.5,15.405
GTAIV.exe,1234,0x0,DXGI,0,0,0,Hardware: Legacy Flip,0,11.550608,0.5,13.539,1.0,1.5,13.539
GTAIV.exe,1234,0x0,DXGI,0,0,0,Hardware: Legacy Flip,0,11.567103,0.5,16.496,1.0,1.5,16.496
GTAIV.exe,1234,0x0,DXGI,0,0,0,Hardware: Legacy Flip,0,11.585940,0.5,18.836,1.0,1.5,18.836
GTAIV.exe,1234,0x0,DXGI,0,0,0,Hardware: Legacy Flip,0,11.603696,0.5,17.756,1.0,1.5,17.756
GTAIV.exe,1234,0x0,DXGI,0,0,0,Hardware: Legacy Flip,0,11.619015,0.5,15.320,1.0,1.5,15.320
GTAIV.exe,1234,0x0,DXGI,0,0,0,Hardware: Legacy Flip,0,11.636073,0.5,17.058,1.0,1.5,17.058
GTAIV.exe,1234,0x0,DXGI,0,0,0,Hardware: Legacy Flip,0,11.652272,0.5,16.199,1.0,1.5,16.199
GTAIV.exe,1234,0x0,DXGI,0,0,0,Hardware: Legacy Flip,0,11.668807,0.5,16.535,1.0,1.5,16.535
GTAIV.exe,1234,0x0,DXGI,0,0,0,Hardware: Legacy Flip,0,11.683647,0.5,14.840,1.0,1.5,14.840
GTAIV.exe,1234,0x0,DXGI,0,0,0,Hardware: Legacy Flip,0,11.701306,0.5,17.659,1.0,1.5,17.659
GTAIV.exe,1234,0x0,DXGI,0,0,0,Hardware: Legacy Flip,0,11.719858,0.5,18.552,1.0,1.5,18.552
GTAIV.exe,1234,0x0,DXGI,0,0,0,Hardware: Legacy Flip,0,11.738351,0.5,18.493,1.0,1.5,18.493
GTAIV.exe,1234,0x0,DXGI,0,0,0,Hardware: Legacy Flip,0,11.753978,0.5,15.627,1.0,1.5,15.627
GTAIV.exe,1234,0x0,DXGI,0,0,0,Hardware: Legacy Flip,0,11.771578,0.5,17.600,1.0,1.5,17.600
GTAIV.exe,1234,0x0,DXGI,0,0,0,Hardware: Legacy Flip,0,11.785655,0.5,14.077,1.0,1.5,14.077
GTAIV.exe,1234,0x0,DXGI,0,0,0,Hardware: Legacy Flip,0,11.803956,0.5,18.301,1.0,1.5,18.301
GTAIV.exe,1234,0x0,DXGI,0,0,0,Hardware: Legacy Flip,0,11.820541,0.5,16.585,1.0,1.5,16.585
GTAIV.exe,1234,0x0,DXGI,0,0,0,Hardware: Legacy Flip,0,11.835864,0.5,15.323,1.0,1.5,15.323
GTAIV.exe,1234,0x0,DXGI,0,0,0,Hardware: Legacy Flip,0,11.851362,0.5,15.498,1.0,1.5,15.498
GTAIV.exe,1234,0x0,DXGI,0,0,0,Hardware: Legacy Flip,0,11.869097,0.5,17.735,1.0,1.5,17.735
GTAIV.exe,1234,0x0,DXGI,0,0,0,Hardware: Legacy Flip,0,11.885112,0.5,16.015,1.0,1.5,16.015
GTAIV.exe,1234,0x0,DXGI,0,0,0,Hardware: Legacy Flip,0,11.904165,0.5,19.052,1.0,1.5,19.052
GTAIV.exe,1234,0x0,DXGI,0,0,0,Hardware: Legacy Flip,0,11.922837,0.5,18.672,1.0,1.5,18.672
GTAIV.exe,1234,0x0,DXGI,0,0,0,Hardware: Legacy Flip,0,11.940274,0.5,17.437,1.0,1.5,17.437
GTAIV.exe,1234,0x0,DXGI,0,0,0,Hardware: Legacy Flip,0,11.958655,0.5,18.380,1.0,1.5,18.380
GTAIV.exe,1234,0x0,DXGI,0,0,0,Hardware: Legacy Flip,0,11.974877,0.5,16.223,1.0,1.5,16.223
GTAIV.exe,1234,0x0,DXGI,0,0,0,Hardware: Legacy Flip,0,11.991753,0.5,16.876,1.0,1.5,16.876
GTAIV.exe,1234,0x0,DXGI,0,0,0,Hardware: Legacy Flip,0,12.007572,0.5,15.818,1.0,1.5,15.818
GTAIV.exe,1234,0x0,DXGI,0,0,0,Hardware: Legacy Flip,0,12.024664,0.5,17.093,1.0,1.5,17.093
GTAIV.exe,1234,0x0,DXGI,0,0,0,Hardware: Legacy Flip,0,12.042358,0.5,17.694,1.0,1.5,17.694
GTAIV.exe,1234,0x0,DXGI,0,0,0,Hardware: Legacy Flip,0,12.059852,0.5,17.493,1.0,1.5,17.493
GTAIV.exe,1234,0x0,DXGI,0,0,0,Hardware: Legacy Flip,0,12.076884,0.5,17.033,1.0,1.5,17.033
GTAIV.exe,1234,0x0,DXGI,0,0,0,Hardware: Legacy Flip,0,12.095760,0.5,18.876,1.0,1.5,18.876
GTAIV.exe,1234,0x0,DXGI,0,0,0,Hardware: Legacy Flip,0,12.114053,0.5,18.292,1.0,1.5,18.292
GTAIV.exe,1234,0x0,DXGI,0,0,0,Hardware: Legacy Flip,0,12.131151,0.5,17.099,1.0,1.5,17.099
GTAIV.exe,1234,0x0,DXGI,0,0,0,Hardware: Legacy Flip,0,12.146373,0.5,15.222,1.0,1.5,15.222
GTAIV.exe,1234,0x0,DXGI,0,0,0,Hardware: Legacy Flip,0,12.162713,0.5,16.339,1.0,1.5,16.339
GTAIV.exe,1234,0x0,DXGI,0,0,0,Hardware: Legacy Flip,0,12.180012,0.5,17.300,1.0,1.5,17.300
GTAIV.exe,1234,0x0,DXGI,0,0,0,Hardware: Legacy Flip,0,12.195497,0.5,15.484,1.0,1.5,15.484
GTAIV.exe,1234,0x0,DXGI,0,0,0,Hardware: Legacy Flip,0,12.212200,0.5,16.704,1.0,1.5,16.704
GTAIV.exe,1234,0x0,DXGI,0,0,0,Hardware: Legacy Flip,0,12.230651,0.5,18.450,1.0,1.5,18.450
GTAIV.exe,1234,0x0,DXGI,0,0,0,Hardware: Legacy Flip,0,12.246792,0.5,16.141,1.0,1.5,16.141
GTAIV.exe,1234,0x0,DXGI,0,0,0,Hardware: Legacy Flip,0,12.261527,0.5,14.735,1.0,1.5,14.735
GTAIV.exe,1234,0x0,DXGI,0,0,0,Hardware: Legacy Flip,0,12.279339,0.5,17.812,1.0,1.5,17.812
GTAIV.exe,1234,0x0,DXGI,0,0,0,Hardware: Legacy Flip,0,12.292637,0.5,13.299,1.0,1.5,13.299
GTAIV.exe,1234,0x0,DXGI,0,0,0,Hardware: Legacy Flip,0,12.309478,0.5,16.840,1.0,1.5,16.840
GTAIV.exe,1234,0x0,DXGI,0,0,0,Hardware: Legacy Flip,0,12.328700,0.5,19.222,1.0,1.5,19.222
GTAIV.exe,1234,0x0,DXGI,0,0,0,Hardware: Legacy Flip,0,12.347968,0.5,19.269,1.0,1.5,19.269
GTAIV.exe,1234,0x0,DXGI,0,0,0,Hardware: Legacy Flip,0,12.362794,0.5,14.825,1.0,1.5,14.825
GTAIV.exe,1234,0x0,DXGI,0,0,0,Hardware: Legacy Flip,0,12.380990,0.5,18.196,1.0,1.5,18.196
GTAIV.exe,1234,0x0,DXGI,0,0,0,Hardware: Legacy Flip,0,12.398194,0.5,17.204,1.0,1.5,17.204
GTAIV.exe,1234,0x0,DXGI,0,0,0,Hardware: Legacy Flip,0,12.416141,0.5,17.948,1.0,1.5,17.948
GTAIV.exe,1234,0x0,DXGI,0,0,0,Hardware: Legacy Flip,0,12.434616,0.5,18.475,1.0,1.5,18.475
GTAIV.exe,1234,0x0,DXGI,0,0,0,Hardware: Legacy Flip,0,12.450095,0.5,15.479,1.0,1.5,15.479
GTAIV.exe,1234,0x0,DXGI,0,0,0,Hardware: Legacy Flip,0,12.466601,0.5,16.506,1.0,1.5,16.506
GTAIV.exe,1234,0x0,DXGI,0,0,0,Hardware: Legacy Flip,0,12.483389,0.5,16.788,1.0,1.5,16.788
GTAIV.exe,1234,0x0,DXGI,0,0,0,Hardware: Legacy Flip,0,12.499308,0.5,15.919,1.0,1.5,15.919
GTAIV.exe,1234,0x0,DXGI,0,0,0,Hardware: Legacy Flip,0,12.515424,0.5,16.115,1.0,1.5,16.115
GTAIV.exe,1234,0x0,DXGI,0,0,0,Hardware: Legacy Flip,0,12.532205,0.5,16.781,1.0,1.5,16.781
GTAIV.exe,1234,0x0,DXGI,0,0,0,Hardware: Legacy Flip,0,12.549440,0.5,17.235,1.0,1.5,17.235
GTAIV.exe,1234,0x0,DXGI,0,0,0,Hardware: Legacy Flip,0,12.564904,0.5,15.464,1.0,1.5,15.464
GTAIV.exe,1234,0x0,DXGI,0,0,0,Hardware: Legacy Flip,0,12.581660,0.5,16.756,1.0,1.5,16.756
GTAIV.exe,1234,0x0,DXGI,0,0,0,Hardware: Legacy Flip,0,12.599557,0.5,17.897,1.0,1.5,17.897
GTAIV.exe,1234,0x0,DXGI,0,0,0,Hardware: Legacy Flip,0,12.614092,0.5,14.535,1.0,1.5,14.535
GTAIV.exe,1234,0x0,DXGI,0,0,0,Hardware: Legacy Flip,0,12.631412,0.5,17.320,1.0,1.5,17.320
GTAIV.exe,1234,0x0,DXGI,0,0,0,Hardware: Legacy Flip,0,12.645863,0.5,14.451,1.0,1.5,14.451
GTAIV.exe,1234,0x0,DXGI,0,0,0,Hardware: Legacy Flip,0,12.664573,0.5,18.710,1.0,1.5,18.710
GTAIV.exe,1234,0x0,DXGI,0,0,0,Hardware: Legacy Flip,0,12.683187,0.5,18.614,1.0,1.5,18.614
GTAIV.exe,1234,0x0,DXGI,0,0,0,Hardware: Legacy Flip,0,12.700471,0.5,17.284,1.0,1.5,17.284
GTAIV.exe,1234,0x0,DXGI,0,0,0,Hardware: Legacy Flip,0,12.716567,0.5,16.096,1.0,1.5,16.096
GTAIV.exe,1234,0x0,DXGI,0,0,0,Hardware: Legacy Flip,0,12.731715,0.5,15.148,1.0,1.5,15.148
GTAIV.exe,1234,0x0,DXGI,0,0,0,Hardware: Legacy Flip,0,12.747231,0.5,15.516,1.0,1.5,15.516
GTAIV.exe,1234,0x0,DXGI,0,0,0,Hardware: Legacy Flip,0,12.763005,0.5,15.774,1.0,1.5,15.774
GTAIV.exe,1234,0x0,DXGI,0,0,0,Hardware: Legacy Flip,0,12.779163,0.5,16.158,1.0,1.5,16.158
GTAIV.exe,1234,0x0,DXGI,0,0,0,Hardware: Legacy Flip,0,12.795112,0.5,15.949,1.0,1.5,15.949
GTAIV.exe,1234,0x0,DXGI,0,0,0,Hardware: Legacy Flip,0,12.811509,0.5,16.397,1.0,1.5,16.397
GTAIV.exe,1234,0x0,DXGI,0,0,0,Hardware: Legacy Flip,0,12.829712,0.5,18.203,1.0,1.5,18.203
GTAIV.exe,1234,0x0,DXGI,0,0,0,Hardware: Legacy Flip,0,12.847270,0.5,17.558,1.0,1.5,17.558
GTAIV.exe,1234,0x0,DXGI,0,0,0,Hardware: Legacy Flip,0,12.862837,0.5,15.567,1.0,1.5,15.567
GTAIV.exe,1234,0x0,DXGI,0,0,0,Hardware: Legacy Flip,0,12.881410,0.5,18.573,1.0,1.5,18.573
GTAIV.exe,1234,0x0,DXGI,0,0,0,Hardware: Legacy Flip,0,12.898211,0.5,16.801,1.0,1.5,16.801
GTAIV.exe,1234,0x0,DXGI,0,0,0,Hardware: Legacy Flip,0,12.914144,0.5,15.934,1.0,1.5,15.934
GTAIV.exe,1234,0x0,DXGI,0,0,0,Hardware: Legacy Flip,0,12.931226,0.5,17.082,1.0,1.5,17.082
GTAIV.exe,1234,0x0,DXGI,0,0,0,Hardware: Legacy Flip,0,12.949327,0.5,18.101,1.0,1.5,18.101
GTAIV.exe,1234,0x0,DXGI,0,0,0,Hardware: Legacy Flip,0,12.964280,0.5,14.953,1.0,1.5,14.953
GTAIV.exe,1234,0x0,DXGI,0,0,0,Hardware: Legacy Flip,0,12.979924,0.5,15.643,1.0,1.5,15.643
GTAIV.exe,1234,0x0,DXGI,0,0,0,Hardware: Legacy Flip,0,12.995681,0.5,15.758,1.0,1.5,15.758
GTAIV.exe,1234,0x0,DXGI,0,0,0,Hardware: Legacy Flip,0,13.010778,0.5,15.097,1.0,1.5,15.097
GTAIV.exe,1234,0x0,DXGI,0,0,0,Hardware: Legacy Flip,0,13.025348,0.5,14.571,1.0,1.5,14.571
GTAIV.exe,1234,0x0,DXGI,0,0,0,Hardware: Legacy Flip,0,13.039847,0.5,14.498,1.0,1.5,14.498
GTAIV.exe,1234,0x0,DXGI,0,0,0,Hardware: Legacy Flip,0,13.057718,0.5,17.872,1.0,1.5,17.872
GTAIV.exe,1234,0x0,DXGI,0,0,0,Hardware: Legacy Flip,0,13.075193,0.5,17.475,1.0,1.5,17.475
GTAIV.exe,1234,0x0,DXGI,0,0,0,Hardware: Legacy Flip,0,13.092917,0.5,17.724,1.0,1.5,17.724
GTAIV.exe,1234,0x0,DXGI,0,0,0,Hardware: Legacy Flip,0,13.108761,0.5,15.844,1.0,1.5,15.844
GTAIV.exe,1234,0x0,DXGI,0,0,0,Hardware: Legacy Flip,0,13.126538,0.5,17.777,1.0,1.5,17.777
GTAIV.exe,1234,0x0,DXGI,0,0,0,Hardware: Legacy Flip,0,13.143886,0.5,17.348,1.0,1.5,17.348
GTAIV.exe,1234,0x0,DXGI,0,0,0,Hardware: Legacy Flip,0,13.158618,0.5,14.732,1.0,1.5,14.732
GTAIV.exe,1234,0x0,DXGI,0,0,0,Hardware: Legacy Flip,0,13.173850,0.5,15.233,1.0,1.5,15.233
GTAIV.exe,1234,0x0,DXGI,0,0,0,Hardware: Legacy Flip,0,13.189953,0.5,16.103,1.0,1.5,16.103
GTAIV.exe,1234,0x0,DXGI,0,0,0,Hardware: Legacy Flip,0,13.206872,0.5,16.919,1.0,1.5,16.919
GTAIV.exe,1234,0x0,DXGI,0,0,0,Hardware: Legacy Flip,0,13.223381,0.5,16.508,1.0,1.5,16.508
GTAIV.exe,1234,0x0,DXGI,0,0,0,Hardware: Legacy Flip,0,13.240532,0.5,17.152,1.0,1.5,17.152
GTAIV.exe,1234,0x0,DXGI,0,0,0,Hardware: Legacy Flip,0,13.258769,0.5,18.236,1.0,1.5,18.236
GTAIV.exe,1234,0x0,DXGI,0,0,0,Hardware: Legacy Flip,0,13.275486,0.5,16.717,1.0,1.5,16.717
GTAIV.exe,1234,0x0,DXGI,0,0,0,Hardware: Legacy Flip,0,13.291699,0.5,16.213,1.0,1.5,16.213
GTAIV.exe,1234,0x0,DXGI,0,0,0,Hardware: Legacy Flip,0,13.309112,0.5,17.413,1.0,1.5,17.413
GTAIV.exe,1234,0x0,DXGI,0,0,0,Hardware: Legacy Flip,0,13.326398,0.5,17.286,1.0,1.5,17.286
GTAIV.exe,1234,0x0,DXGI,0,0,0,Hardware: Legacy Flip,0,13.341489,0.5,15.091,1.0,1.5,15.091
GTAIV.exe,1234,0x0,DXGI,0,0,0,Hardware: Legacy Flip,0,13.360806,0.5,19.317,1.0,1.5,19.317
GTAIV.exe,1234,0x0,DXGI,0,0,0,Hardware: Legacy Flip,0,13.376797,0.5,15.991,1.0,1.5,15.991
GTAIV.exe,1234,0x0,DXGI,0,0,0,Hardware: Legacy Flip,0,13.394822,0.5,18.025,1.0,1.5,18.025
GTAIV.exe,1234,0x0,DXGI,0,0,0,Hardware: Legacy Flip,0,13.411739,0.5,16.917,1.0,1.5,16.917
GTAIV.exe,1234,0x0,DXGI,0,0,0,Hardware: Legacy Flip,0,13.428051,0.5,16.312,1.0,1.5,16.312
GTAIV.exe,1234,0x0,DXGI,0,0,0,Hardware: Legacy Flip,0,13.446089,0.5,18.039,1.0,1.5,18.039
GTAIV.exe,1234,0x0,DXGI,0,0,0,Hardware: Legacy Flip,0,13.463193,0.5,17.104,1.0,1.5,17.104
GTAIV.exe,1234,0x0,DXGI,0,0,0,Hardware: Legacy Flip,0,13.478061,0.5,14.867,1.0,1.5,14.867
GTAIV.exe,1234,0x0,DXGI,0,0,0,Hardware: Legacy Flip,0,13.494611,0.5,16.550,1.0,1.5,16.550
GTAIV.exe,1234,0x0,DXGI,0,0,0,Hardware: Legacy Flip,0,13.511630,0.5,17.018,1.0,1.5,17.018
GTAIV.exe,1234,0x0,DXGI,0,0,0,Hardware: Legacy Flip,0,13.530414,0.5,18.784,1.0,1.5,18.784
GTAIV.exe,1234,0x0,DXGI,0,0,0,Hardware: Legacy Flip,0,13.548605,0.5,18.192,1.0,1.5,18.192
GTAIV.exe,1234,0x0,DXGI,0,0,0,Hardware: Legacy Flip,0,13.567165,0.5,18.559,1.0,1.5,18.559
GTAIV.exe,1234,0x0,DXGI,0,0,0,Hardware: Legacy Flip,0,13.585666,0.5,18.502,1.0,1.5,18.502
GTAIV.exe,1234,0x0,DXGI,0,0,0,Hardware: Legacy Flip,0,13.601389,0.5,15.723,1.0,1.5,15.723
GTAIV.exe,1234,0x0,DXGI,0,0,0,Hardware: Legacy Flip,0,13.619875,0.5,18.486,1.0,1.5,18.486
GTAIV.exe,1234,0x0,DXGI,0,0,0,Hardware: Legacy Flip,0,13.635784,0.5,15.909,1.0,1.5,15.909
GTAIV.exe,1234,0x0,DXGI,0,0,0,Hardware: Legacy Flip,0,13.653618,0.5,17.834,1.0,1.5,17.834
GTAIV.exe,1234,0x0,DXGI,0,0,0,Hardware: Legacy Flip,0,13.670379,0.5,16.760,1.0,1.5,16.760
GTAIV.exe,1234,0x0,DXGI,0,0,0,Hardware: Legacy Flip,0,13.687978,0.5,17.599,1.0,1.5,17.599
GTAIV.exe,1234,0x0,DXGI,0,0,0,Hardware: Legacy Flip,0,13.703462,0.5,15.484,1.0,1.5,15.484
GTAIV.exe,1234,0x0,DXGI,0,0,0,Hardware: Legacy Flip,0,13.720613,0.5,17.152,1.0,1.5,17.152
GTAIV.exe,1234,0x0,DXGI,0,0,0,Hardware: Legacy Flip,0,13.737423,0.5,16.809,1.0,1.5,16.809
GTAIV.exe,1234,0x0,DXGI,0,0,0,Hardware: Legacy Flip,0,13.754251,0.5,16.829,1.0,1.5,16.829
GTAIV.exe,1234,0x0,DXGI,0,0,0,Hardware: Legacy Flip,0,13.771514,0.5,17.263,1.0,1.5,17.263
GTAIV.exe,1234,0x0,DXGI,0,0,0,Hardware: Legacy Flip,0,13.789564,0.5,18.050,1.0,1.5,18.050
GTAIV.exe,1234,0x0,DXGI,0,0,0,Hardware: Legacy Flip,0,13.807183,0.5,17.619,1.0,1.5,17.619
GTAIV.exe,1234,0x0,DXGI,0,0,0,Hardware: Legacy Flip,0,13.824824,0.5,17.641,1.0,1.5,17.641
GTAIV.exe,1234,0x0,DXGI,0,0,0,Hardware: Legacy Flip,0,13.841653,0.5,16.830,1.0,1.5,16.830
GTAIV.exe,1234,0x0,DXGI,0,0,0,Hardware: Legacy Flip,0,13.858416,0.5,16.763,1.0,1.5,16.763
GTAIV.exe,1234,0x0,DXGI,0,0,0,Hardware: Legacy Flip,0,13.875792,0.5,17.376,1.0,1.5,17.376
GTAIV.exe,1234,0x0,DXGI,0,0,0,Hardware: Legacy Flip,0,13.892412,0.5,16.620,1.0,1.5,16.620
GTAIV.exe,1234,0x0,DXGI,0,0,0,Hardware: Legacy Flip,0,13.907229,0.5,14.817,1.0,1.5,14.817
GTAIV.exe,1234,0x0,DXGI,0,0,0,Hardware: Legacy Flip,0,13.923346,0.5,16.117,1.0,1.5,16.117
GTAIV.exe,1234,0x0,DXGI,0,0,0,Hardware: Legacy Flip,0,13.941179,0.5,17.833,1.0,1.5,17.833
GTAIV.exe,1234,0x0,DXGI,0,0,0,Hardware: Legacy Flip,0,13.956710,0.5,15.531,1.0,1.5,15.531
GTAIV.exe,1234,0x0,DXGI,0,0,0,Hardware: Legacy Flip,0,13.975203,0.5,18.493,1.0,1.5,18.493
GTAIV.exe,1234,0x0,DXGI,0,0,0,Hardware: Legacy Flip,0,13.991074,0.5,15.871,1.0,1.5,15.871
GTAIV.exe,1234,0x0,DXGI,0,0,0,Hardware: Legacy Flip,0,14.008757,0.5,17.683,1.0,1.5,17.683
GTAIV.exe,1234,0x0,DXGI,0,0,0,Hardware: Legacy Flip,0,14.025339,0.5,16.582,1.0,1.5,16.582
GTAIV.exe,1234,0x0,DXGI,0,0,0,Hardware: Legacy Flip,0,14.042202,0.5,16.863,1.0,1.5,16.863
GTAIV.exe,1234,0x0,DXGI,0,0,0,Hardware: Legacy Flip,0,14.057191,0.5,14.989,1.0,1.5,14.989
GTAIV.exe,1234,0x0,DXGI,0,0,0,Hardware: Legacy Flip,0,14.073852,0.5,16.661,1.0,1.5,16.661
GTAIV.exe,1234,0x0,DXGI,0,0,0,Hardware: Legacy Flip,0,14.089056,0.5,15.204,1.0,1.5,15.204
GTAIV.exe,1234,0x0,DXGI,0,0,0,Hardware: Legacy Flip,0,14.105743,0.5,16.687,1.0,1.5,16.687
GTAIV.exe,1234,0x0,DXGI,0,0,0,Hardware: Legacy Flip,0,14.124128,0.5,18.385,1.0,1.5,18.385
GTAIV.exe,1234,0x0,DXGI,0,0,0,Hardware: Legacy Flip,0,14.139842,0.5,15.713,1.0,1.5,15.713
GTAIV.exe,1234,0x0,DXGI,0,0,0,Hardware: Legacy Flip,0,14.156234,0.5,16.392,1.0,1.5,16.392
GTAIV.exe,1234,0x0,DXGI,0,0,0,Hardware: Legacy Flip,0,14.170928,0.5,14.694,1.0,1.5,14.694
GTAIV.exe,1234,0x0,DXGI,0,0,0,Hardware: Legacy Flip,0,14.186347,0.5,15.419,1.0,1.5,15.419
GTAIV.exe,1234,0x0,DXGI,0,0,0,Hardware: Legacy Flip,0,14.202548,0.5,16.200,1.0,1.5,16.200
GTAIV.exe,1234,0x0,DXGI,0,0,0,Hardware: Legacy Flip,0,14.218423,0.5,15.875,1.0,1.5,15.875
GTAIV.exe,1234,0x0,DXGI,0,0,0,Hardware: Legacy Flip,0,14.235974,0.5,17.551,1.0,1.5,17.551
GTAIV.exe,1234,0x0,DXGI,0,0,0,Hardware: Legacy Flip,0,14.254895,0.5,18.921,1.0,1.5,18.921
GTAIV.exe,1234,0x0,DXGI,0,0,0,Hardware: Legacy Flip,0,14.273403,0.5,18.508,1.0,1.5,18.508
GTAIV.exe,1234,0x0,DXGI,0,0,0,Hardware: Legacy Flip,0,14.290385,0.5,16.982,1.0,1.5,16.982
GTAIV.exe,1234,0x0,DXGI,0,0,0,Hardware: Legacy Flip,0,14.307830,0.5,17.445,1.0,1.5,17.445
GTAIV.exe,1234,0x0,DXGI,0,0,0,Hardware: Legacy Flip,0,14.323122,0.5,15.292,1.0,1.5,15.292
GTAIV.exe,1234,0x0,DXGI,0,0,0,Hardware: Legacy Flip,0,14.340613,0.5,17.491,1.0,1.5,17.491
GTAIV.exe,1234,0x0,DXGI,0,0,0,Hardware: Legacy Flip,0,14.358707,0.5,18.094,1.0,1.5,18.094
GTAIV.exe,1234,0x0,DXGI,0,0,0,Hardware: Legacy Flip,0,14.375036,0.5,16.328,1.0,1.5,16.328
GTAIV.exe,1234,0x0,DXGI,0,0,0,Hardware: Legacy Flip,0,14.393062,0.5,18.026,1.0,1.5,18.026
GTAIV.exe,1234,0x0,DXGI,0,0,0,Hardware: Legacy Flip,0,14.409855,0.5,16.793,1.0,1.5,16.793
GTAIV.exe,1234,0x0,DXGI,0,0,0,Hardware: Legacy Flip,0,14.425505,0.5,15.650,1.0,1.5,15.650
GTAIV.exe,1234,0x0,DXGI,0,0,0,Hardware: Legacy Flip,0,14.441623,0.5,16.117,1.0,1.5,16.117
GTAIV.exe,1234,0x0,DXGI,0,0,0,Hardware: Legacy Flip,0,14.458542,0.5,16.919,1.0,1.5,16.919
GTAIV.exe,1234,0x0,DXGI,0,0,0,Hardware: Legacy Flip,0,14.473498,0.5,14.956,1.0,1.5,14.956
GTAIV.exe,1234,0x0,DXGI,0,0,0,Hardware: Legacy Flip,0,14.488835,0.5,15.337,1.0,1.5,15.337
GTAIV.exe,1234,0x0,DXGI,0,0,0,Hardware: Legacy Flip,0,14.505090,0.5,16.255,1.0,1.5,16.255
GTAIV.exe,1234,0x0,DXGI,0,0,0,Hardware: Legacy Flip,0,14.523017,0.5,17.927,1.0,1.5,17.927
GTAIV.exe,1234,0x0,DXGI,0,0,0,Hardware: Legacy Flip,0,14.539929,0.5,16.913,1.0,1.5,16.913
GTAIV.exe,1234,0x0,DXGI,0,0,0,Hardware: Legacy Flip,0,14.556557,0.5,16.627,1.0,1.5,16.627
GTAIV.exe,1234,0x0,DXGI,0,0,0,Hardware: Legacy Flip,0,14.570285,0.5,13.729,1.0,1.5,13.729
GTAIV.exe,1234,0x0,DXGI,0,0,0,Hardware: Legacy Flip,0,14.586064,0.5,15.779,1.0,1.5,15.779
GTAIV.exe,1234,0x0,DXGI,0,0,0,Hardware: Legacy Flip,0,14.602521,0.5,16.457,1.0,1.5,16.457
GTAIV.exe,1234,0x0,DXGI,0,0,0,Hardware: Legacy Flip,0,14.617430,0.5,14.909,1.0,1.5,14.909
GTAIV.exe,1234,0x0,DXGI,0,0,0,Hardware: Legacy Flip,0,14.633990,0.5,16.560,1.0,1.5,16.560
GTAIV.exe,1234,0x0,DXGI,0,0,0,Hardware: Legacy Flip,0,14.651873,0.5,17.883,1.0,1.5,17.883
GTAIV.exe,1234,0x0,DXGI,0,0,0,Hardware: Legacy Flip,0,14.667896,0.5,16.023,1.0,1.5,16.023
GTAIV.exe,1234,0x0,DXGI,0,0,0,Hardware: Legacy Flip,0,14.683897,0.5,16.001,1.0,1.5,16.001
GTAIV.exe,1234,0x0,DXGI,0,0,0,Hardware: Legacy Flip,0,14.699843,0.5,15.946,1.0,1.5,15.946
GTAIV.exe,1234,0x0,DXGI,0,0,0,Hardware: Legacy Flip,0,14.716814,0.5,16.971,1.0,1.5,16.971
GTAIV.exe,1234,0x0,DXGI,0,0,0,Hardware: Legacy Flip,0,14.733993,0.5,17.179,1.0,1.5,17.179
GTAIV.exe,1234,0x0,DXGI,0,0,0,Hardware: Legacy Flip,0,14.749757,0.5,15.764,1.0,1.5,15.764
GTAIV.exe,1234,0x0,DXGI,0,0,0,Hardware: Legacy Flip,0,14.767328,0.5,17.571,1.0,1.5,17.571
GTAIV.exe,1234,0x0,DXGI,0,0,0,Hardware: Legacy Flip,0,14.785635,0.5,18.308,1.0,1.5,18.308
GTAIV.exe,1234,0x0,DXGI,0,0,0,Hardware: Legacy Flip,0,14.800648,0.5,15.013,1.0,1.5,15.013
GTAIV.exe,1234,0x0,DXGI,0,0,0,Hardware: Legacy Flip,0,14.816232,0.5,15.584,1.0,1.5,15.584
GTAIV.exe,1234,0x0,DXGI,0,0,0,Hardware: Legacy Flip,0,14.833938,0.5,17.706,1.0,1.5,17.706
GTAIV.exe,1234,0x0,DXGI,0,0,0,Hardware: Legacy Flip,0,14.851441,0.5,17.504,1.0,1.5,17.504
GTAIV.exe,1234,0x0,DXGI,0,0,0,Hardware: Legacy Flip,0,14.869029,0.5,17.588,1.0,1.5,17.588
GTAIV.exe,1234,0x0,DXGI,0,0,0,Hardware: Legacy Flip,0,14.882415,0.5,13.386,1.0,1.5,13.386
GTAIV.exe,1234,0x0,DXGI,0,0,0,Hardware: Legacy Flip,0,14.900235,0.5,17.820,1.0,1.5,17.820
GTAIV.exe,1234,0x0,DXGI,0,0,0,Hardware: Legacy Flip,0,14.917142,0.5,16.907,1.0,1.5,16.907
GTAIV.exe,1234,0x0,DXGI,0,0,0,Hardware: Legacy Flip,0,14.930574,0.5,13.431,1.0,1.5,13.431
GTAIV.exe,1234,0x0,DXGI,0,0,0,Hardware: Legacy Flip,0,14.946618,0.5,16.044,1.0,1.5,16.044
GTAIV.exe,1234,0x0,DXGI,0,0,0,Hardware: Legacy Flip,0,14.961977,0.5,15.359,1.0,1.5,15.359
GTAIV.exe,1234,0x0,DXGI,0,0,0,Hardware: Legacy Flip,0,14.977506,0.5,15.528,1.0,1.5,15.528
GTAIV.exe,1234,0x0,DXGI,0,0,0,Hardware: Legacy Flip,0,14.994240,0.5,16.734,1.0,1.5,16.734
GTAIV.exe,1234,0x0,DXGI,0,0,0,Hardware: Legacy Flip,0,15.012029,0.5,17.789,1.0,1.5,17.789
GTAIV.exe,1234,0x0,DXGI,0,0,0,Hardware: Legacy Flip,0,15.029205,0.5,17.176,1.0,1.5,17.176
GTAIV.exe,1234,0x0,DXGI,0,0,0,Hardware: Legacy Flip,0,15.044658,0.5,15.453,1.0,1.5,15.453
GTAIV.exe,1234,0x0,DXGI,0,0,0,Hardware: Legacy Flip,0,15.060165,0.5,15.506,1.0,1.5,15.506
GTAIV.exe,1234,0x0,DXGI,0,0,0,Hardware: Legacy Flip,0,15.076395,0.5,16.230,1.0,1.5,16.230
GTAIV.exe,1234,0x0,DXGI,0,0,0,Hardware: Legacy Flip,0,15.092914,0.5,16.519,1.0,1.5,16.519
GTAIV.exe,1234,0x0,DXGI,0,0,0,Hardware: Legacy Flip,0,15.108592,0.5,15.678,1.0,1.5,15.678
GTAIV.exe,1234,0x0,DXGI,0,0,0,Hardware: Legacy Flip,0,15.126021,0.5,17.429,1.0,1.5,17.429
GTAIV.exe,1234,0x0,DXGI,0,0,0,Hardware: Legacy Flip,0,15.142311,0.5,16.290,1.0,1.5,16.290
GTAIV.exe,1234,0x0,DXGI,0,0,0,Hardware: Legacy Flip,0,15.158570,0.5,16.259,1.0,1.5,16.259
GTAIV.exe,1234,0x0,DXGI,0,0,0,Hardware: Legacy Flip,0,15.175782,0.5,17.212,1.0,1.5,17.212
GTAIV.exe,1234,0x0,DXGI,0,0,0,Hardware: Legacy Flip,0,15.191984,0.5,16.202,1.0,1.5,16.202
GTAIV.exe,1234,0x0,DXGI,0,0,0,Hardware: Legacy Flip,0,15.210253,0.5,18.269,1.0,1.5,18.269
GTAIV.exe,1234,0x0,DXGI,0,0,0,Hardware: Legacy Flip,0,15.227299,0.5,17.045,1.0,1.5,17.045
GTAIV.exe,1234,0x0,DXGI,0,0,0,Hardware: Legacy Flip,0,15.244994,0.5,17.695,1.0,1.5,17.695
GTAIV.exe,1234,0x0,DXGI,0,0,0,Hardware: Legacy Flip,0,15.261952,0.5,16.959,1.0,1.5,16.959
GTAIV.exe,1234,0x0,DXGI,0,0,0,Hardware: Legacy Flip,0,15.280027,0.5,18.074,1.0,1.5,18.074
GTAIV.exe,1234,0x0,DXGI,0,0,0,Hardware: Legacy Flip,0,15.297333,0.5,17.307,1.0,1.5,17.307
GTAIV.exe,1234,0x0,DXGI,0,0,0,Hardware: Legacy Flip,0,15.312020,0.5,14.687,1.0,1.5,14.687
GTAIV.exe,1234,0x0,DXGI,0,0,0,Hardware: Legacy Flip,0,15.329589,0.5,17.569,1.0,1.5,17.569
GTAIV.exe,1234,0x0,DXGI,0,0,0,Hardware: Legacy Flip,0,15.347257,0.5,17.669,1.0,1.5,17.669
GTAIV.exe,1234,0x0,DXGI,0,0,0,Hardware: Legacy Flip,0,15.364437,0.5,17.180,1.0,1.5,17.180
GTAIV.exe,1234,0x0,DXGI,0,0,0,Hardware: Legacy Flip,0,15.381228,0.5,16.790,1.0,1.5,16.790
GTAIV.exe,1234,0x0,DXGI,0,0,0,Hardware: Legacy Flip,0,15.396508,0.5,15.280,1.0,1.5,15.280
GTAIV.exe,1234,0x0,DXGI,0,0,0,Hardware: Legacy Flip,0,15.412885,0.5,16.377,1.0,1.5,16.377
GTAIV.exe,1234,0x0,DXGI,0,0,0,Hardware: Legacy Flip,0,15.431412,0.5,18.528,1.0,1.5,18.528
GTAIV.exe,1234,0x0,DXGI,0,0,0,Hardware: Legacy Flip,0,15.450595,0.5,19.183,1.0,1.5,19.183
GTAIV.exe,1234,0x0,DXGI,0,0,0,Hardware: Legacy Flip,0,15.466120,0.5,15.525,1.0,1.5,15.525
GTAIV.exe,1234,0x0,DXGI,0,0,0,Hardware: Legacy Flip,0,15.483234,0.5,17.114,1.0,1.5,17.114
GTAIV.exe,1234,0x0,DXGI,0,0,0,Hardware: Legacy Flip,0,15.498413,0.5,15.178,1.0,1.5,15.178
GTAIV.exe,1234,0x0,DXGI,0,0,0,Hardware: Legacy Flip,0,15.513828,0.5,15.415,1.0,1.5,15.415
GTAIV.exe,1234,0x0,DXGI,0,0,0,Hardware: Legacy Flip,0,15.533263,0.5,19.436,1.0,1.5,19.436
GTAIV.exe,1234,0x0,DXGI,0,0,0,Hardware: Legacy Flip,0,15.549252,0.5,15.988,1.0,1.5,15.988
GTAIV.exe,1234,0x0,DXGI,0,0,0,Hardware: Legacy Flip,0,15.565100,0.5,15.848,1.0,1.5,15.848
GTAIV.exe,1234,0x0,DXGI,0,0,0,Hardware: Legacy Flip,0,15.580085,0.5,14.985,1.0,1.5,14.985
GTAIV.exe,1234,0x0,DXGI,0,0,0,Hardware: Legacy Flip,0,15.596735,0.5,16.649,1.0,1.5,16.649
GTAIV.exe,1234,0x0,DXGI,0,0,0,Hardware: Legacy Flip,0,15.614139,0.5,17.405,1.0,1.5,17.405
GTAIV.exe,1234,0x0,DXGI,0,0,0,Hardware: Legacy Flip,0,15.632238,0.5,18.098,1.0,1.5,18.098
GTAIV.exe,1234,0x0,DXGI,0,0,0,Hardware: Legacy Flip,0,15.650255,0.5,18.017,1.0,1.5,18.017
GTAIV.exe,1234,0x0,DXGI,0,0,0,Hardware: Legacy Flip,0,15.666293,0.5,16.038,1.0,1.5,16.038
GTAIV.exe,1234,0x0,DXGI,0,0,0,Hardware: Legacy Flip,0,15.685325,0.5,19.033,1.0,1.5,19.033
GTAIV.exe,1234,0x0,DXGI,0,0,0,Hardware: Legacy Flip,0,15.701952,0.5,16.627,1.0,1.5,16.627
GTAIV.exe,1234,0x0,DXGI,0,0,0,Hardware: Legacy Flip,0,15.718686,0.5,16.735,1.0,1.5,16.735
GTAIV.exe,1234,0x0,DXGI,0,0,0,Hardware: Legacy Flip,0,15.734765,0.5,16.078,1.0,1.5,16.078
GTAIV.exe,1234,0x0,DXGI,0,0,0,Hardware: Legacy Flip,0,15.751075,0.5,16.310,1.0,1.5,16.310
GTAIV.exe,1234,0x0,DXGI,0,0,0,Hardware: Legacy Flip,0,15.765923,0.5,14.848,1.0,1.5,14.848
GTAIV.exe,1234,0x0,DXGI,0,0,0,Hardware: Legacy Flip,0,15.782370,0.5,16.447,1.0,1.5,16.447
GTAIV.exe,1234,0x0,DXGI,0,0,0,Hardware: Legacy Flip,0,15.798615,0.5,16.245,1.0,1.5,16.245
GTAIV.exe,1234,0x0,DXGI,0,0,0,Hardware: Legacy Flip,0,15.815993,0.5,17.379,1.0,1.5,17.379
GTAIV.exe,1234,0x0,DXGI,0,0,0,Hardware: Legacy Flip,0,15.834479,0.5,18.486,1.0,1.5,18.486
GTAIV.exe,1234,0x0,DXGI,0,0,0,Hardware: Legacy Flip,0,15.850066,0.5,15.586,1.0,1.5,15.586
GTAIV.exe,1234,0x0,DXGI,0,0,0,Hardware: Legacy Flip,0,15.867582,0.5,17.517,1.0,1.5,17.517
GTAIV.exe,1234,0x0,DXGI,0,0,0,Hardware: Legacy Flip,0,15.883815,0.5,16.232,1.0,1.5,16.232
GTAIV.exe,1234,0x0,DXGI,0,0,0,Hardware: Legacy Flip,0,15.901174,0.5,17.359,1.0,1.5,17.359
GTAIV.exe,1234,0x0,DXGI,0,0,0,Hardware: Legacy Flip,0,15.917707,0.5,16.533,1.0,1.5,16.533
GTAIV.exe,1234,0x0,DXGI,0,0,0,Hardware: Legacy Flip,0,15.934173,0.5,16.466,1.0,1.5,16.466
GTAIV.exe,1234,0x0,DXGI,0,0,0,Hardware: Legacy Flip,0,15.952364,0.5,18.191,1.0,1.5,18.191
GTAIV.exe,1234,0x0,DXGI,0,0,0,Hardware: Legacy Flip,0,15.971001,0.5,18.637,1.0,1.5,18.637
GTAIV.exe,1234,0x0,DXGI,0,0,0,Hardware: Legacy Flip,0,15.987930,0.5,16.928,1.0,1.5,16.928
GTAIV.exe,1234,0x0,DXGI,0,0,0,Hardware: Legacy Flip,0,16.005124,0.5,17.194,1.0,1.5,17.194
GTAIV.exe,1234,0x0,DXGI,0,0,0,Hardware: Legacy Flip,0,16.021307,0.5,16.184,1.0,1.5,16.184
GTAIV.exe,1234,0x0,DXGI,0,0,0,Hardware: Legacy Flip,0,16.037281,0.5,15.974,1.0,1.5,15.974
GTAIV.exe,1234,0x0,DXGI,0,0,0,Hardware: Legacy Flip,0,16.053232,0.5,15.951,1.0,1.5,15.951
GTAIV.exe,1234,0x0,DXGI,0,0,0,Hardware: Legacy Flip,0,16.067643,0.5,14.410,1.0,1.5,14.410
GTAIV.exe,1234,0x0,DXGI,0,0,0,Hardware: Legacy Flip,0,16.083531,0.5,15.889,1.0,1.5,15.889
GTAIV.exe,1234,0x0,DXGI,0,0,0,Hardware: Legacy Flip,0,16.100427,0.5,16.896,1.0,1.5,16.896
GTAIV.exe,1234,0x0,DXGI,0,0,0,Hardware: Legacy Flip,0,16.117327,0.5,16.900,1.0,1.5,16.900
GTAIV.exe,1234,0x0,DXGI,0,0,0,Hardware: Legacy Flip,0,16.133327,0.5,16.001,1.0,1.5,16.001
GTAIV.exe,1234,0x0,DXGI,0,0,0,Hardware: Legacy Flip,0,16.149520,0.5,16.193,1.0,1.5,16.193
GTAIV.exe,1234,0x0,DXGI,0,0,0,Hardware: Legacy Flip,0,16.165530,0.5,16.010,1.0,1.5,16.010
GTAIV.exe,1234,0x0,DXGI,0,0,0,Hardware: Legacy Flip,0,16.184068,0.5,18.537,1.0,1.5,18.537
GTAIV.exe,1234,0x0,DXGI,0,0,0,Hardware: Legacy Flip,0,16.201560,0.5,17.492,1.0,1.5,17.492
GTAIV.exe,1234,0x0,DXGI,0,0,0,Hardware: Legacy Flip,0,16.218472,0.5,16.912,1.0,1.5,16.912
GTAIV.exe,1234,0x0,DXGI,0,0,0,Hardware: Legacy Flip,0,16.233945,0.5,15.473,1.0,1.5,15.473
GTAIV.exe,1234,0x0,DXGI,0,0,0,Hardware: Legacy Flip,0,16.251153,0.5,17.208,1.0,1.5,17.208
GTAIV.exe,1234,0x0,DXGI,0,0,0,Hardware: Legacy Flip,0,16.268489,0.5,17.336,1.0,1.5,17.336
GTAIV.exe,1234,0x0,DXGI,0,0,0,Hardware: Legacy Flip,0,16.284838,0.5,16.349,1.0,1.5,16.349
GTAIV.exe,1234,0x0,DXGI,0,0,0,Hardware: Legacy Flip,0,16.301007,0.5,16.169,1.0,1.5,16.169
GTAIV.exe,1234,0x0,DXGI,0,0,0,Hardware: Legacy Flip,0,16.316625,0.5,15.618,1.0,1.5,15.618
GTAIV.exe,1234,0x0,DXGI,0,0,0,Hardware: Legacy Flip,0,16.333981,0.5,17.357,1.0,1.5,17.357
GTAIV.exe,1234,0x0,DXGI,0,0,0,Hardware: Legacy Flip,0,16.348395,0.5,14.414,1.0,1.5,14.414
GTAIV.exe,1234,0x0,DXGI,0,0,0,Hardware: Legacy Flip,0,16.365187,0.5,16.792,1.0,1.5,16.792
GTAIV.exe,1234,0x0,DXGI,0,0,0,Hardware: Legacy Flip,0,16.380728,0.5,15.541,1.0,1.5,15.541
GTAIV.exe,1234,0x0,DXGI,0,0,0,Hardware: Legacy Flip,0,16.397409,0.5,16.680,1.0,1.5,16.680
GTAIV.exe,1234,0x0,DXGI,0,0,0,Hardware: Legacy Flip,0,16.412338,0.5,14.930,1.0,1.5,14.930
GTAIV.exe,1234,0x0,DXGI,0,0,0,Hardware: Legacy Flip,0,16.428782,0.5,16.444,1.0,1.5,16.444
GTAIV.exe,1234,0x0,DXGI,0,0,0,Hardware: Legacy Flip,0,16.445514,0.5,16.732,1.0,1.5,16.732
GTAIV.exe,1234,0x0,DXGI,0,0,0,Hardware: Legacy Flip,0,16.463986,0.5,18.472,1.0,1.5,18.472
GTAIV.exe,1234,0x0,DXGI,0,0,0,Hardware: Legacy Flip,0,16.479136,0.5,15.150,1.0,1.5,15.150
GTAIV.exe,1234,0x0,DXGI,0,0,0,Hardware: Legacy Flip,0,16.495269,0.5,16.133,1.0,1.5,16.133
GTAIV.exe,1234,0x0,DXGI,0,0,0,Hardware: Legacy Flip,0,16.511809,0.5,16.540,1.0,1.5,16.540
GTAIV.exe,1234,0x0,DXGI,0,0,0,Hardware: Legacy Flip,0,16.529859,0.5,18.049,1.0,1.5,18.049
GTAIV.exe,1234,0x0,DXGI,0,0,0,Hardware: Legacy Flip,0,16.545929,0.5,16.070,1.0,1.5,16.070
GTAIV.exe,1234,0x0,DXGI,0,0,0,Hardware: Legacy Flip,0,16.563670,0.5,17.741,1.0,1.5,17.741
GTAIV.exe,1234,0x0,DXGI,0,0,0,Hardware: Legacy Flip,0,16.579037,0.5,15.367,1.0,1.5,15.367
GTAIV.exe,1234,0x0,DXGI,0,0,0,Hardware: Legacy Flip,0,16.597113,0.5,18.076,1.0,1.5,18.076
GTAIV.exe,1234,0x0,DXGI,0,0,0,Hardware: Legacy Flip,0,16.612788,0.5,15.675,1.0,1.5,15.675
GTAIV.exe,1234,0x0,DXGI,0,0,0,Hardware: Legacy Flip,0,16.631038,0.5,18.250,1.0,1.5,18.250
GTAIV.exe,1234,0x0,DXGI,0,0,0,Hardware: Legacy Flip,0,16.647632,0.5,16.594,1.0,1.5,16.594
GTAIV.exe,1234,0x0,DXGI,0,0,0,Hardware: Legacy Flip,0,16.664522,0.5,16.890,1.0,1.5,16.890
GTAIV.exe,1234,0x0,DXGI,0,0,0,Hardware: Legacy Flip,0,16.679212,0.5,14.690,1.0,1.5,14.690
GTAIV.exe,1234,0x0,DXGI,0,0,0,Hardware: Legacy Flip,0,16.695147,0.5,15.935,1.0,1.5,15.935
GTAIV.exe,1234,0x0,DXGI,0,0,0,Hardware: Legacy Flip,0,16.712345,0.5,17.198,1.0,1.5,17.198
GTAIV.exe,1234,0x0,DXGI,0,0,0,Hardware: Legacy Flip,0,16.728621,0.5,16.276,1.0,1.5,16.276
GTAIV.exe,1234,0x0,DXGI,0,0,0,Hardware: Legacy Flip,0,16.743929,0.5,15.308,1.0,1.5,15.308
GTAIV.exe,1234,0x0,DXGI,0,0,0,Hardware: Legacy Flip,0,16.760252,0.5,16.322,1.0,1.5,16.322
GTAIV.exe,1234,0x0,DXGI,0,0,0,Hardware: Legacy Flip,0,16.776766,0.5,16.514,1.0,1.5,16.514
GTAIV.exe,1234,0x0,DXGI,0,0,0,Hardware: Legacy Flip,0,16.792650,0.5,15.884,1.0,1.5,15.884
GTAIV.exe,1234,0x0,DXGI,0,0,0,Hardware: Legacy Flip,0,16.808678,0.5,16.028,1.0,1.5,16.028
GTAIV.exe,1234,0x0,DXGI,0,0,0,Hardware: Legacy Flip,0,16.825191,0.5,16.513,1.0,1.5,16.513
GTAIV.exe,1234,0x0,DXGI,0,0,0,Hardware: Legacy Flip,0,16.839740,0.5,14.549,1.0,1.5,14.549
GTAIV.exe,1234,0x0,DXGI,0,0,0,Hardware: Legacy Flip,0,16.858118,0.5,18.378,1.0,1.5,18.378
GTAIV.exe,1234,0x0,DXGI,0,0,0,Hardware: Legacy Flip,0,16.874640,0.5,16.522,1.0,1.5,16.522
GTAIV.exe,1234,0x0,DXGI,0,0,0,Hardware: Legacy Flip,0,16.890592,0.5,15.952,1.0,1.5,15.952
GTAIV.exe,1234,0x0,DXGI,0,0,0,Hardware: Legacy Flip,0,16.906831,0.5,16.239,1.0,1.5,16.239
GTAIV.exe,1234,0x0,DXGI,0,0,0,Hardware: Legacy Flip,0,16.924565,0.5,17.734,1.0,1.5,17.734
GTAIV.exe,1234,0x0,DXGI,0,0,0,Hardware: Legacy Flip,0,16.941631,0.5,17.066,1.0,1.5,17.066
GTAIV.exe,1234,0x0,DXGI,0,0,0,Hardware: Legacy Flip,0,16.958582,0.5,16.951,1.0,1.5,16.951
GTAIV.exe,1234,0x0,DXGI,0,0,0,Hardware: Legacy Flip,0,16.972661,0.5,14.079,1.0,1.5,14.079
GTAIV.exe,1234,0x0,DXGI,0,0,0,Hardware: Legacy Flip,0,16.990735,0.5,18.074,1.0,1.5,18.074
GTAIV.exe,1234,0x0,DXGI,0,0,0,Hardware: Legacy Flip,0,17.008890,0.5,18.154,1.0,1.5,18.154
GTAIV.exe,1234,0x0,DXGI,0,0,0,Hardware: Legacy Flip,0,17.026280,0.5,17.390,1.0,1.5,17.390
GTAIV.exe,1234,0x0,DXGI,0,0,0,Hardware: Legacy Flip,0,17.043135,0.5,16.855,1.0,1.5,16.855
GTAIV.exe,1234,0x0,DXGI,0,0,0,Hardware: Legacy Flip,0,17.060639,0.5,17.504,1.0,1.5,17.504
GTAIV.exe,1234,0x0,DXGI,0,0,0,Hardware: Legacy Flip,0,17.076640,0.5,16.000,1.0,1.5,16.000
GTAIV.exe,1234,0x0,DXGI,0,0,0,Hardware: Legacy Flip,0,17.094065,0.5,17.426,1.0,1.5,17.426
GTAIV.exe,1234,0x0,DXGI,0,0,0,Hardware: Legacy Flip,0,17.111954,0.5,17.888,1.0,1.5,17.888
GTAIV.exe,1234,0x0,DXGI,0,0,0,Hardware: Legacy Flip,0,17.126891,0.5,14.937,1.0,1.5,14.937
GTAIV.exe,1234,0x0,DXGI,0,0,0,Hardware: Legacy Flip,0,17.142302,0.5,15.412,1.0,1.5,15.412
GTAIV.exe,1234,0x0,DXGI,0,0,0,Hardware: Legacy Flip,0,17.157299,0.5,14.997,1.0,1.5,14.997
GTAIV.exe,1234,0x0,DXGI,0,0,0,Hardware: Legacy Flip,0,17.174517,0.5,17.218,1.0,1.5,17.218
GTAIV.exe,1234,0x0,DXGI,0,0,0,Hardware: Legacy Flip,0,17.189356,0.5,14.839,1.0,1.5,14.839
GTAIV.exe,1234,0x0,DXGI,0,0,0,Hardware: Legacy Flip,0,17.206587,0.5,17.231,1.0,1.5,17.231
GTAIV.exe,1234,0x0,DXGI,0,0,0,Hardware: Legacy Flip,0,17.222222,0.5,15.635,1.0,1.5,15.635
GTAIV.exe,1234,0x0,DXGI,0,0,0,Hardware: Legacy Flip,0,17.237989,0.5,15.767,1.0,1.5,15.767
GTAIV.exe,1234,0x0,DXGI,0,0,0,Hardware: Legacy Flip,0,17.256853,0.5,18.864,1.0,1.5,18.864
GTAIV.exe,1234,0x0,DXGI,0,0,0,Hardware: Legacy Flip,0,17.274027,0.5,17.175,1.0,1.5,17.175
GTAIV.exe,1234,0x0,DXGI,0,0,0,Hardware: Legacy Flip,0,17.289547,0.5,15.519,1.0,1.5,15.519
GTAIV.exe,1234,0x0,DXGI,0,0,0,Hardware: Legacy Flip,0,17.306376,0.5,16.829,1.0,1.5,16.829
GTAIV.exe,1234,0x0,DXGI,0,0,0,Hardware: Legacy Flip,0,17.323399,0.5,17.023,1.0,1.5,17.023
GTAIV.exe,1234,0x0,DXGI,0,0,0,Hardware: Legacy Flip,0,17.341106,0.5,17.707,1.0,1.5,17.707
GTAIV.exe,1234,0x0,DXGI,0,0,0,Hardware: Legacy Flip,0,17.360150,0.5,19.043,1.0,1.5,19.043
GTAIV.exe,1234,0x0,DXGI,0,0,0,Hardware: Legacy Flip,0,17.377935,0.5,17.786,1.0,1.5,17.786
GTAIV.exe,1234,0x0,DXGI,0,0,0,Hardware: Legacy Flip,0,17.397414,0.5,19.479,1.0,1.5,19.479
GTAIV.exe,1234,0x0,DXGI,0,0,0,Hardware: Legacy Flip,0,17.412613,0.5,15.198,1.0,1.5,15.198
GTAIV.exe,1234,0x0,DXGI,0,0,0,Hardware: Legacy Flip,0,17.430980,0.5,18.367,1.0,1.5,18.367
GTAIV.exe,1234,0x0,DXGI,0,0,0,Hardware: Legacy Flip,0,17.445806,0.5,14.827,1.0,1.5,14.827
GTAIV.exe,1234,0x0,DXGI,0,0,0,Hardware: Legacy Flip,0,17.462599,0.5,16.792,1.0,1.5,16.792
GTAIV.exe,1234,0x0,DXGI,0,0,0,Hardware: Legacy Flip,0,17.480087,0.5,17.488,1.0,1.5,17.488
GTAIV.exe,1234,0x0,DXGI,0,0,0,Hardware: Legacy Flip,0,17.495417,0.5,15.330,1.0,1.5,15.330
GTAIV.exe,1234,0x0,DXGI,0,0,0,Hardware: Legacy Flip,0,17.512546,0.5,17.129,1.0,1.5,17.129
GTAIV.exe,1234,0x0,DXGI,0,0,0,Hardware: Legacy Flip,0,17.528858,0.5,16.312,1.0,1.5,16.312
GTAIV.exe,1234,0x0,DXGI,0,0,0,Hardware: Legacy Flip,0,17.545822,0.5,16.964,1.0,1.5,16.964
GTAIV.exe,1234,0x0,DXGI,0,0,0,Hardware: Legacy Flip,0,17.562633,0.5,16.811,1.0,1.5,16.811
GTAIV.exe,1234,0x0,DXGI,0,0,0,Hardware: Legacy Flip,0,17.578331,0.5,15.698,1.0,1.5,15.698
GTAIV.exe,1234,0x0,DXGI,0,0,0,Hardware: Legacy Flip,0,17.594848,0.5,16.517,1.0,1.5,16.517
GTAIV.exe,1234,0x0,DXGI,0,0,0,Hardware: Legacy Flip,0,17.611177,0.5,16.329,1.0,1.5,16.329
GTAIV.exe,1234,0x0,DXGI,0,0,0,Hardware: Legacy Flip,0,17.627325,0.5,16.148,1.0,1.5,16.148
GTAIV.exe,1234,0x0,DXGI,0,0,0,Hardware: Legacy Flip,0,17.645189,0.5,17.865,1.0,1.5,17.865
GTAIV.exe,1234,0x0,DXGI,0,0,0,Hardware: Legacy Flip,0,17.661608,0.5,16.418,1.0,1.5,16.418
GTAIV.exe,1234,0x0,DXGI,0,0,0,Hardware: Legacy Flip,0,17.678175,0.5,16.567,1.0,1.5,16.567
GTAIV.exe,1234,0x0,DXGI,0,0,0,Hardware: Legacy Flip,0,17.696027,0.5,17.852,1.0,1.5,17.852
GTAIV.exe,1234,0x0,DXGI,0,0,0,Hardware: Legacy Flip,0,17.712118,0.5,16.091,1.0,1.5,16.091
GTAIV.exe,1234,0x0,DXGI,0,0,0,Hardware: Legacy Flip,0,17.729083,0.5,16.965,1.0,1.5,16.965
GTAIV.exe,1234,0x0,DXGI,0,0,0,Hardware: Legacy Flip,0,17.744004,0.5,14.922,1.0,1.5,14.922
GTAIV.exe,1234,0x0,DXGI,0,0,0,Hardware: Legacy Flip,0,17.762650,0.5,18.646,1.0,1.5,18.646
GTAIV.exe,1234,0x0,DXGI,0,0,0,Hardware: Legacy Flip,0,17.778031,0.5,15.381,1.0,1.5,15.381
GTAIV.exe,1234,0x0,DXGI,0,0,0,Hardware: Legacy Flip,0,17.795373,0.5,17.343,1.0,1.5,17.343
GTAIV.exe,1234,0x0,DXGI,0,0,0,Hardware: Legacy Flip,0,17.811513,0.5,16.140,1.0,1.5,16.140
GTAIV.exe,1234,0x0,DXGI,0,0,0,Hardware: Legacy Flip,0,17.829426,0.5,17.913,1.0,1.5,17.913
GTAIV.exe,1234,0x0,DXGI,0,0,0,Hardware: Legacy Flip,0,17.845320,0.5,15.894,1.0,1.5,15.894
GTAIV.exe,1234,0x0,DXGI,0,0,0,Hardware: Legacy Flip,0,17.861889,0.5,16.569,1.0,1.5,16.569
GTAIV.exe,1234,0x0,DXGI,0,0,0,Hardware: Legacy Flip,0,17.879681,0.5,17.792,1.0,1.5,17.792
GTAIV.exe,1234,0x0,DXGI,0,0,0,Hardware: Legacy Flip,0,17.897138,0.5,17.457,1.0,1.5,17.457
GTAIV.exe,1234,0x0,DXGI,0,0,0,Hardware: Legacy Flip,0,17.914205,0.5,17.067,1.0,1.5,17.067
GTAIV.exe,1234,0x0,DXGI,0,0,0,Hardware: Legacy Flip,0,17.930517,0.5,16.312,1.0,1.5,16.312
GTAIV.exe,1234,0x0,DXGI,0,0,0,Hardware: Legacy Flip,0,17.947237,0.5,16.720,1.0,1.5,16.720
GTAIV.exe,1234,0x0,DXGI,0,0,0,Hardware: Legacy Flip,0,17.965068,0.5,17.832,1.0,1.5,17.832
GTAIV.exe,1234,0x0,DXGI,0,0,0,Hardware: Legacy Flip,0,17.982737,0.5,17.669,1.0,1.5,17.669
GTAIV.exe,1234,0x0,DXGI,0,0,0,Hardware: Legacy Flip,0,17.999914,0.5,17.177,1.0,1.5,17.177
GTAIV.exe,1234,0x0,DXGI,0,0,0,Hardware: Legacy Flip,0,18.017415,0.5,17.501,1.0,1.5,17.501
GTAIV.exe,1234,0x0,DXGI,0,0,0,Hardware: Legacy Flip,0,18.033007,0.5,15.592,1.0,1.5,15.592
GTAIV.exe,1234,0x0,DXGI,0,0,0,Hardware: Legacy Flip,0,18.049251,0.5,16.243,1.0,1.5,16.243
GTAIV.exe,1234,0x0,DXGI,0,0,0,Hardware: Legacy Flip,0,18.066601,0.5,17.351,1.0,1.5,17.351
GTAIV.exe,1234,0x0,DXGI,0,0,0,Hardware: Legacy Flip,0,18.083251,0.5,16.650,1.0,1.5,16.650
GTAIV.exe,1234,0x0,DXGI,0,0,0,Hardware: Legacy Flip,0,18.098071,0.5,14.820,1.0,1.5,14.820
GTAIV.exe,1234,0x0,DXGI,0,0,0,Hardware: Legacy Flip,0,18.112933,0.5,14.862,1.0,1.5,14.862
GTAIV.exe,1234,0x0,DXGI,0,0,0,Hardware: Legacy Flip,0,18.129446,0.5,16.513,1.0,1.5,16.513
GTAIV.exe,1234,0x0,DXGI,0,0,0,Hardware: Legacy Flip,0,18.146240,0.5,16.794,1.0,1.5,16.794
GTAIV.exe,1234,0x0,DXGI,0,0,0,Hardware: Legacy Flip,0,18.163738,0.5,17.498,1.0,1.5,17.498
GTAIV.exe,1234,0x0,DXGI,0,0,0,Hardware: Legacy Flip,0,18.178995,0.5,15.257,1.0,1.5,15.257
GTAIV.exe,1234,0x0,DXGI,0,0,0,Hardware: Legacy Flip,0,18.194936,0.5,15.941,1.0,1.5,15.941
GTAIV.exe,1234,0x0,DXGI,0,0,0,Hardware: Legacy Flip,0,18.211377,0.5,16.441,1.0,1.5,16.441
GTAIV.exe,1234,0x0,DXGI,0,0,0,Hardware: Legacy Flip,0,18.227296,0.5,15.919,1.0,1.5,15.919
GTAIV.exe,1234,0x0,DXGI,0,0,0,Hardware: Legacy Flip,0,18.243966,0.5,16.670,1.0,1.5,16.670
GTAIV.exe,1234,0x0,DXGI,0,0,0,Hardware: Legacy Flip,0,18.260813,0.5,16.847,1.0,1.5,16.847
GTAIV.exe,1234,0x0,DXGI,0,0,0,Hardware: Legacy Flip,0,18.275351,0.5,14.538,1.0,1.5,14.538
GTAIV.exe,1234,0x0,DXGI,0,0,0,Hardware: Legacy Flip,0,18.290861,0.5,15.510,1.0,1.5,15.510
GTAIV.exe,1234,0x0,DXGI,0,0,0,Hardware: Legacy Flip,0,18.309043,0.5,18.182,1.0,1.5,18.182
GTAIV.exe,1234,0x0,DXGI,0,0,0,Hardware: Legacy Flip,0,18.326210,0.5,17.167,1.0,1.5,17.167
GTAIV.exe,1234,0x0,DXGI,0,0,0,Hardware: Legacy Flip,0,18.342631,0.5,16.421,1.0,1.5,16.421
GTAIV.exe,1234,0x0,DXGI,0,0,0,Hardware: Legacy Flip,0,18.359444,0.5,16.813,1.0,1.5,16.813
GTAIV.exe,1234,0x0,DXGI,0,0,0,Hardware: Legacy Flip,0,18.375507,0.5,16.063,1.0,1.5,16.063
GTAIV.exe,1234,0x0,DXGI,0,0,0,Hardware: Legacy Flip,0,18.393435,0.5,17.928,1.0,1.5,17.928
GTAIV.exe,1234,0x0,DXGI,0,0,0,Hardware: Legacy Flip,0,18.411203,0.5,17.768,1.0,1.5,17.768
GTAIV.exe,1234,0x0,DXGI,0,0,0,Hardware: Legacy Flip,0,18.428603,0.5,17.400,1.0,1.5,17.400
GTAIV.exe,1234,0x0,DXGI,0,0,0,Hardware: Legacy Flip,0,18.444676,0.5,16.074,1.0,1.5,16.074
GTAIV.exe,1234,0x0,DXGI,0,0,0,Hardware: Legacy Flip,0,18.461618,0.5,16.942,1.0,1.5,16.942
GTAIV.exe,1234,0x0,DXGI,0,0,0,Hardware: Legacy Flip,0,18.476619,0.5,15.001,1.0,1.5,15.001
GTAIV.exe,1234,0x0,DXGI,0,0,0,Hardware: Legacy Flip,0,18.493383,0.5,16.764,1.0,1.5,16.764
GTAIV.exe,1234,0x0,DXGI,0,0,0,Hardware: Legacy Flip,0,18.509628,0.5,16.245,1.0,1.5,16.245
GTAIV.exe,1234,0x0,DXGI,0,0,0,Hardware: Legacy Flip,0,18.526552,0.5,16.923,1.0,1.5,16.923
GTAIV.exe,1234,0x0,DXGI,0,0,0,Hardware: Legacy Flip,0,18.544895,0.5,18.343,1.0,1.5,18.343
GTAIV.exe,1234,0x0,DXGI,0,0,0,Hardware: Legacy Flip,0,18.563438,0.5,18.543,1.0,1.5,18.543
GTAIV.exe,1234,0x0,DXGI,0,0,0,Hardware: Legacy Flip,0,18.579432,0.5,15.994,1.0,1.5,15.994
GTAIV.exe,1234,0x0,DXGI,0,0,0,Hardware: Legacy Flip,0,18.597215,0.5,17.783,1.0,1.5,17.783
GTAIV.exe,1234,0x0,DXGI,0,0,0,Hardware: Legacy Flip,0,18.614966,0.5,17.751,1.0,1.5,17.751
GTAIV.exe,1234,0x0,DXGI,0,0,0,Hardware: Legacy Flip,0,18.634830,0.5,19.864,1.0,1.5,19.864
GTAIV.exe,1234,0x0,DXGI,0,0,0,Hardware: Legacy Flip,0,18.651709,0.5,16.879,1.0,1.5,16.879
GTAIV.exe,1234,0x0,DXGI,0,0,0,Hardware: Legacy Flip,0,18.668524,0.5,16.815,1.0,1.5,16.815
GTAIV.exe,1234,0x0,DXGI,0,0,0,Hardware: Legacy Flip,0,18.686153,0.5,17.630,1.0,1.5,17.630
GTAIV.exe,1234,0x0,DXGI,0,0,0,Hardware: Legacy Flip,0,18.703087,0.5,16.934,1.0,1.5,16.934
GTAIV.exe,1234,0x0,DXGI,0,0,0,Hardware: Legacy Flip,0,18.719108,0.5,16.020,1.0,1.5,16.020
GTAIV.exe,1234,0x0,DXGI,0,0,0,Hardware: Legacy Flip,0,18.734987,0.5,15.879,1.0,1.5,15.879
GTAIV.exe,1234,0x0,DXGI,0,0,0,Hardware: Legacy Flip,0,18.753613,0.5,18.626,1.0,1.5,18.626
GTAIV.exe,1234,0x0,DXGI,0,0,0,Hardware: Legacy Flip,0,18.768167,0.5,14.554,1.0,1.5,14.554
GTAIV.exe,1234,0x0,DXGI,0,0,0,Hardware: Legacy Flip,0,18.784086,0.5,15.919,1.0,1.5,15.919
GTAIV.exe,1234,0x0,DXGI,0,0,0,Hardware: Legacy Flip,0,18.799290,0.5,15.204,1.0,1.5,15.204
GTAIV.exe,1234,0x0,DXGI,0,0,0,Hardware: Legacy Flip,0,18.813220,0.5,13.930,1.0,1.5,13.930
GTAIV.exe,1234,0x0,DXGI,0,0,0,Hardware: Legacy Flip,0,18.830131,0.5,16.911,1.0,1.5,16.911
GTAIV.exe,1234,0x0,DXGI,0,0,0,Hardware: Legacy Flip,0,18.845907,0.5,15.775,1.0,1.5,15.775
GTAIV.exe,1234,0x0,DXGI,0,0,0,Hardware: Legacy Flip,0,18.864049,0.5,18.142,1.0,1.5,18.142
GTAIV.exe,1234,0x0,DXGI,0,0,0,Hardware: Legacy Flip,0,18.879499,0.5,15.450,1.0,1.5,15.450
GTAIV.exe,1234,0x0,DXGI,0,0,0,Hardware: Legacy Flip,0,18.896006,0.5,16.507,1.0,1.5,16.507
GTAIV.exe,1234,0x0,DXGI,0,0,0,Hardware: Legacy Flip,0,18.914395,0.5,18.389,1.0,1.5,18.389
GTAIV.exe,1234,0x0,DXGI,0,0,0,Hardware: Legacy Flip,0,18.929874,0.5,15.479,1.0,1.5,15.479
GTAIV.exe,1234,0x0,DXGI,0,0,0,Hardware: Legacy Flip,0,18.946686,0.5,16.812,1.0,1.5,16.812
GTAIV.exe,1234,0x0,DXGI,0,0,0,Hardware: Legacy Flip,0,18.964167,0.5,17.481,1.0,1.5,17.481
GTAIV.exe,1234,0x0,DXGI,0,0,0,Hardware: Legacy Flip,0,18.980565,0.5,16.398,1.0,1.5,16.398
GTAIV.exe,1234,0x0,DXGI,0,0,0,Hardware: Legacy Flip,0,18.998823,0.5,18.258,1.0,1.5,18.258
GTAIV.exe,1234,0x0,DXGI,0,0,0,Hardware: Legacy Flip,0,19.015069,0.5,16.246,1.0,1.5,16.246
GTAIV.exe,1234,0x0,DXGI,0,0,0,Hardware: Legacy Flip,0,19.031045,0.5,15.976,1.0,1.5,15.976
GTAIV.exe,1234,0x0,DXGI,0,0,0,Hardware: Legacy Flip,0,19.046984,0.5,15.940,1.0,1.5,15.940
GTAIV.exe,1234,0x0,DXGI,0,0,0,Hardware: Legacy Flip,0,19.064298,0.5,17.314,1.0,1.5,17.314
GTAIV.exe,1234,0x0,DXGI,0,0,0,Hardware: Legacy Flip,0,19.080143,0.5,15.844,1.0,1.5,15.844
GTAIV.exe,1234,0x0,DXGI,0,0,0,Hardware: Legacy Flip,0,19.097570,0.5,17.427,1.0,1.5,17.427
GTAIV.exe,1234,0x0,DXGI,0,0,0,Hardware: Legacy Flip,0,19.116599,0.5,19.029,1.0,1.5,19.029
GTAIV.exe,1234,0x0,DXGI,0,0,0,Hardware: Legacy Flip,0,19.133479,0.5,16.880,1.0,1.5,16.880
GTAIV.exe,1234,0x0,DXGI,0,0,0,Hardware: Legacy Flip,0,19.148188,0.5,14.709,1.0,1.5,14.709
GTAIV.exe,1234,0x0,DXGI,0,0,0,Hardware: Legacy Flip,0,19.163067,0.5,14.880,1.0,1.5,14.880
GTAIV.exe,1234,0x0,DXGI,0,0,0,Hardware: Legacy Flip,0,19.180565,0.5,17.498,1.0,1.5,17.498
GTAIV.exe,1234,0x0,DXGI,0,0,0,Hardware: Legacy Flip,0,19.195925,0.5,15.360,1.0,1.5,15.360
GTAIV.exe,1234,0x0,DXGI,0,0,0,Hardware: Legacy Flip,0,19.211970,0.5,16.044,1.0,1.5,16.044
GTAIV.exe,1234,0x0,DXGI,0,0,0,Hardware: Legacy Flip,0,19.226991,0.5,15.021,1.0,1.5,15.021
GTAIV.exe,1234,0x0,DXGI,0,0,0,Hardware: Legacy Flip,0,19.245934,0.5,18.943,1.0,1.5,18.943
GTAIV.exe,1234,0x0,DXGI,0,0,0,Hardware: Legacy Flip,0,19.262041,0.5,16.107,1.0,1.5,16.107
GTAIV.exe,1234,0x0,DXGI,0,0,0,Hardware: Legacy Flip,0,19.279481,0.5,17.439,1.0,1.5,17.439
GTAIV.exe,1234,0x0,DXGI,0,0,0,Hardware: Legacy Flip,0,19.296436,0.5,16.955,1.0,1.5,16.955
GTAIV.exe,1234,0x0,DXGI,0,0,0,Hardware: Legacy Flip,0,19.313118,0.5,16.682,1.0,1.5,16.682
GTAIV.exe,1234,0x0,DXGI,0,0,0,Hardware: Legacy Flip,0,19.329842,0.5,16.724,1.0,1.5,16.724
GTAIV.exe,1234,0x0,DXGI,0,0,0,Hardware: Legacy Flip,0,19.345975,0.5,16.134,1.0,1.5,16.134
GTAIV.exe,1234,0x0,DXGI,0,0,0,Hardware: Legacy Flip,0,19.364421,0.5,18.446,1.0,1.5,18.446
GTAIV.exe,1234,0x0,DXGI,0,0,0,Hardware: Legacy Flip,0,19.379475,0.5,15.054,1.0,1.5,15.054
GTAIV.exe,1234,0x0,DXGI,0,0,0,Hardware: Legacy Flip,0,19.395935,0.5,16.460,1.0,1.5,16.460
GTAIV.exe,1234,0x0,DXGI,0,0,0,Hardware: Legacy Flip,0,19.412258,0.5,16.323,1.0,1.5,16.323
GTAIV.exe,1234,0x0,DXGI,0,0,0,Hardware: Legacy Flip,0,19.428597,0.5,16.338,1.0,1.5,16.338
GTAIV.exe,1234,0x0,DXGI,0,0,0,Hardware: Legacy Flip,0,19.446185,0.5,17.588,1.0,1.5,17.588
GTAIV.exe,1234,0x0,DXGI,0,0,0,Hardware: Legacy Flip,0,19.461955,0.5,15.770,1.0,1.5,15.770
GTAIV.exe,1234,0x0,DXGI,0,0,0,Hardware: Legacy Flip,0,19.479406,0.5,17.451,1.0,1.5,17.451
GTAIV.exe,1234,0x0,DXGI,0,0,0,Hardware: Legacy Flip,0,19.494181,0.5,14.775,1.0,1.5,14.775
GTAIV.exe,1234,0x0,DXGI,0,0,0,Hardware: Legacy Flip,0,19.511263,0.5,17.082,1.0,1.5,17.082
GTAIV.exe,1234,0x0,DXGI,0,0,0,Hardware: Legacy Flip,0,19.527208,0.5,15.945,1.0,1.5,15.945
GTAIV.exe,1234,0x0,DXGI,0,0,0,Hardware: Legacy Flip,0,19.542040,0.5,14.832,1.0,1.5,14.832
GTAIV.exe,1234,0x0,DXGI,0,0,0,Hardware: Legacy Flip,0,19.557455,0.5,15.415,1.0,1.5,15.415
GTAIV.exe,1234,0x0,DXGI,0,0,0,Hardware: Legacy Flip,0,19.575425,0.5,17.970,1.0,1.5,17.970
GTAIV.exe,1234,0x0,DXGI,0,0,0,Hardware: Legacy Flip,0,19.591047,0.5,15.621,1.0,1.5,15.621
GTAIV.exe,1234,0x0,DXGI,0,0,0,Hardware: Legacy Flip,0,19.607888,0.5,16.842,1.0,1.5,16.842
GTAIV.exe,1234,0x0,DXGI,0,0,0,Hardware: Legacy Flip,0,19.624560,0.5,16.671,1.0,1.5,16.671
GTAIV.exe,1234,0x0,DXGI,0,0,0,Hardware: Legacy Flip,0,19.640244,0.5,15.684,1.0,1.5,15.684
GTAIV.exe,1234,0x0,DXGI,0,0,0,Hardware: Legacy Flip,0,19.655683,0.5,15.440,1.0,1.5,15.440
GTAIV.exe,1234,0x0,DXGI,0,0,0,Hardware: Legacy Flip,0,19.671851,0.5,16.168,1.0,1.5,16.168
GTAIV.exe,1234,0x0,DXGI,0,0,0,Hardware: Legacy Flip,0,19.688931,0.5,17.080,1.0,1.5,17.080
GTAIV.exe,1234,0x0,DXGI,0,0,0,Hardware: Legacy Flip,0,19.704675,0.5,15.744,1.0,1.5,15.744
GTAIV.exe,1234,0x0,DXGI,0,0,0,Hardware: Legacy Flip,0,19.721112,0.5,16.437,1.0,1.5,16.437
GTAIV.exe,1234,0x0,DXGI,0,0,0,Hardware: Legacy Flip,0,19.738388,0.5,17.276,1.0,1.5,17.276
GTAIV.exe,1234,0x0,DXGI,0,0,0,Hardware: Legacy Flip,0,19.756342,0.5,17.954,1.0,1.5,17.954
GTAIV.exe,1234,0x0,DXGI,0,0,0,Hardware: Legacy Flip,0,19.773457,0.5,17.116,1.0,1.5,17.116
GTAIV.exe,1234,0x0,DXGI,0,0,0,Hardware: Legacy Flip,0,19.791774,0.5,18.317,1.0,1.5,18.317
GTAIV.exe,1234,0x0,DXGI,0,0,0,Hardware: Legacy Flip,0,19.807906,0.5,16.132,1.0,1.5,16.132
GTAIV.exe,1234,0x0,DXGI,0,0,0,Hardware: Legacy Flip,0,19.825028,0.5,17.122,1.0,1.5,17.122
GTAIV.exe,1234,0x0,DXGI,0,0,0,Hardware: Legacy Flip,0,19.840586,0.5,15.558,1.0,1.5,15.558
GTAIV.exe,1234,0x0,DXGI,0,0,0,Hardware: Legacy Flip,0,19.857060,0.5,16.475,1.0,1.5,16.475
GTAIV.exe,1234,0x0,DXGI,0,0,0,Hardware: Legacy Flip,0,19.874516,0.5,17.456,1.0,1.5,17.456
GTAIV.exe,1234,0x0,DXGI,0,0,0,Hardware: Legacy Flip,0,19.891533,0.5,17.017,1.0,1.5,17.017
GTAIV.exe,1234,0x0,DXGI,0,0,0,Hardware: Legacy Flip,0,19.910663,0.5,19.129,1.0,1.5,19.129
GTAIV.exe,1234,0x0,DXGI,0,0,0,Hardware: Legacy Flip,0,19.926007,0.5,15.344,1.0,1.5,15.344
GTAIV.exe,1234,0x0,DXGI,0,0,0,Hardware: Legacy Flip,0,19.944162,0.5,18.155,1.0,1.5,18.155
GTAIV.exe,1234,0x0,DXGI,0,0,0,Hardware: Legacy Flip,0,19.961371,0.5,17.209,1.0,1.5,17.209
GTAIV.exe,1234,0x0,DXGI,0,0,0,Hardware: Legacy Flip,0,19.978823,0.5,17.453,1.0,1.5,17.453
GTAIV.exe,1234,0x0,DXGI,0,0,0,Hardware: Legacy Flip,0,19.995474,0.5,16.651,1.0,1.5,16.651
GTAIV.exe,1234,0x0,DXGI,0,0,0,Hardware: Legacy Flip,0,20.011136,0.5,15.662,1.0,1.5,15.662
GTAIV.exe,1234,0x0,DXGI,0,0,0,Hardware: Legacy Flip,0,20.034779,0.5,23.643,1.0,1.5,23.643
GTAIV.exe,1234,0x0,DXGI,0,0,0,Hardware: Legacy Flip,0,20.059080,0.5,24.301,1.0,1.5,24.301
GTAIV.exe,1234,0x0,DXGI,0,0,0,Hardware: Legacy Flip,0,20.080359,0.5,21.279,1.0,1.5,21.279
GTAIV.exe,1234,0x0,DXGI,0,0,0,Hardware: Legacy Flip,0,20.104892,0.5,24.533,1.0,1.5,24.533
GTAIV.exe,1234,0x0,DXGI,0,0,0,Hardware: Legacy Flip,0,20.128607,0.5,23.715,1.0,1.5,23.715
GTAIV.exe,1234,0x0,DXGI,0,0,0,Hardware: Legacy Flip,0,20.153708,0.5,25.102,1.0,1.5,25.102
GTAIV.exe,1234,0x0,DXGI,0,0,0,Hardware: Legacy Flip,0,20.176527,0.5,22.818,1.0,1.5,22.818
GTAIV.exe,1234,0x0,DXGI,0,0,0,Hardware: Legacy Flip,0,20.199141,0.5,22.614,1.0,1.5,22.614
GTAIV.exe,1234,0x0,DXGI,0,0,0,Hardware: Legacy Flip,0,20.221994,0.5,22.853,1.0,1.5,22.853
GTAIV.exe,1234,0x0,DXGI,0,0,0,Hardware: Legacy Flip,0,20.247291,0.5,25.297,1.0,1.5,25.297
GTAIV.exe,1234,0x0,DXGI,0,0,0,Hardware: Legacy Flip,0,20.274383,0.5,27.092,1.0,1.5,27.092
GTAIV.exe,1234,0x0,DXGI,0,0,0,Hardware: Legacy Flip,0,20.298168,0.5,23.785,1.0,1.5,23.785
GTAIV.exe,1234,0x0,DXGI,0,0,0,Hardware: Legacy Flip,0,20.321967,0.5,23.799,1.0,1.5,23.799
GTAIV.exe,1234,0x0,DXGI,0,0,0,Hardware: Legacy Flip,0,20.346544,0.5,24.577,1.0,1.5,24.577
GTAIV.exe,1234,0x0,DXGI,0,0,0,Hardware: Legacy Flip,0,20.369303,0.5,22.758,1.0,1.5,22.758
GTAIV.exe,1234,0x0,DXGI,0,0,0,Hardware: Legacy Flip,0,20.394215,0.5,24.913,1.0,1.5,24.913
GTAIV.exe,1234,0x0,DXGI,0,0,0,Hardware: Legacy Flip,0,20.419261,0.5,25.045,1.0,1.5,25.045
GTAIV.exe,1234,0x0,DXGI,0,0,0,Hardware: Legacy Flip,0,20.442862,0.5,23.601,1.0,1.5,23.601
GTAIV.exe,1234,0x0,DXGI,0,0,0,Hardware: Legacy Flip,0,20.463962,0.5,21.100,1.0,1.5,21.100
GTAIV.exe,1234,0x0,DXGI,0,0,0,Hardware: Legacy Flip,0,20.491012,0.5,27.050,1.0,1.5,27.050
GTAIV.exe,1234,0x0,DXGI,0,0,0,Hardware: Legacy Flip,0,20.515379,0.5,24.366,1.0,1.5,24.366
GTAIV.exe,1234,0x0,DXGI,0,0,0,Hardware: Legacy Flip,0,20.540913,0.5,25.534,1.0,1.5,25.534
GTAIV.exe,1234,0x0,DXGI,0,0,0,Hardware: Legacy Flip,0,20.565842,0.5,24.929,1.0,1.5,24.929
GTAIV.exe,1234,0x0,DXGI,0,0,0,Hardware: Legacy Flip,0,20.589910,0.5,24.069,1.0,1.5,24.069
GTAIV.exe,1234,0x0,DXGI,0,0,0,Hardware: Legacy Flip,0,20.615996,0.5,26.086,1.0,1.5,26.086
GTAIV.exe,1234,0x0,DXGI,0,0,0,Hardware: Legacy Flip,0,20.637811,0.5,21.814,1.0,1.5,21.814
GTAIV.exe,1234,0x0,DXGI,0,0,0,Hardware: Legacy Flip,0,20.660680,0.5,22.870,1.0,1.5,22.870
GTAIV.exe,1234,0x0,DXGI,0,0,0,Hardware: Legacy Flip,0,20.685570,0.5,24.889,1.0,1.5,24.889
GTAIV.exe,1234,0x0,DXGI,0,0,0,Hardware: Legacy Flip,0,20.708715,0.5,23.146,1.0,1.5,23.146
GTAIV.exe,1234,0x0,DXGI,0,0,0,Hardware: Legacy Flip,0,20.733144,0.5,24.428,1.0,1.5,24.428
GTAIV.exe,1234,0x0,DXGI,0,0,0,Hardware: Legacy Flip,0,20.757323,0.5,24.180,1.0,1.5,24.180
GTAIV.exe,1234,0x0,DXGI,0,0,0,Hardware: Legacy Flip,0,20.780858,0.5,23.534,1.0,1.5,23.534
GTAIV.exe,1234,0x0,DXGI,0,0,0,Hardware: Legacy Flip,0,20.805770,0.5,24.913,1.0,1.5,24.913
GTAIV.exe,1234,0x0,DXGI,0,0,0,Hardware: Legacy Flip,0,20.831145,0.5,25.375,1.0,1.5,25.375
GTAIV.exe,1234,0x0,DXGI,0,0,0,Hardware: Legacy Flip,0,20.855331,0.5,24.186,1.0,1.5,24.186
GTAIV.exe,1234,0x0,DXGI,0,0,0,Hardware: Legacy Flip,0,20.878335,0.5,23.005,1.0,1.5,23.005
GTAIV.exe,1234,0x0,DXGI,0,0,0,Hardware: Legacy Flip,0,20.902731,0.5,24.395,1.0,1.5,24.395
GTAIV.exe,1234,0x0,DXGI,0,0,0,Hardware: Legacy Flip,0,20.926871,0.5,24.140,1.0,1.5,24.140
GTAIV.exe,1234,0x0,DXGI,0,0,0,Hardware: Legacy Flip,0,20.949849,0.5,22.978,1.0,1.5,22.978
GTAIV.exe,1234,0x0,DXGI,0,0,0,Hardware: Legacy Flip,0,20.976675,0.5,26.826,1.0,1.5,26.826
GTAIV.exe,1234,0x0,DXGI,0,0,0,Hardware: Legacy Flip,0,20.999663,0.5,22.988,1.0,1.5,22.988
GTAIV.exe,1234,0x0,DXGI,0,0,0,Hardware: Legacy Flip,0,21.025887,0.5,26.224,1.0,1.5,26.224
GTAIV.exe,1234,0x0,DXGI,0,0,0,Hardware: Legacy Flip,0,21.047811,0.5,21.924,1.0,1.5,21.924
GTAIV.exe,1234,0x0,DXGI,0,0,0,Hardware: Legacy Flip,0,21.072441,0.5,24.631,1.0,1.5,24.631
GTAIV.exe,1234,0x0,DXGI,0,0,0,Hardware: Legacy Flip,0,21.097928,0.5,25.487,1.0,1.5,25.487
GTAIV.exe,1234,0x0,DXGI,0,0,0,Hardware: Legacy Flip,0,21.119699,0.5,21.771,1.0,1.5,21.771
GTAIV.exe,1234,0x0,DXGI,0,0,0,Hardware: Legacy Flip,0,21.143014,0.5,23.315,1.0,1.5,23.315
GTAIV.exe,1234,0x0,DXGI,0,0,0,Hardware: Legacy Flip,0,21.164229,0.5,21.214,1.0,1.5,21.214
GTAIV.exe,1234,0x0,DXGI,0,0,0,Hardware: Legacy Flip,0,21.185102,0.5,20.874,1.0,1.5,20.874
GTAIV.exe,1234,0x0,DXGI,0,0,0,Hardware: Legacy Flip,0,21.208178,0.5,23.076,1.0,1.5,23.076
GTAIV.exe,1234,0x0,DXGI,0,0,0,Hardware: Legacy Flip,0,21.232126,0.5,23.948,1.0,1.5,23.948
GTAIV.exe,1234,0x0,DXGI,0,0,0,Hardware: Legacy Flip,0,21.255146,0.5,23.020,1.0,1.5,23.020
GTAIV.exe,1234,0x0,DXGI,0,0,0,Hardware: Legacy Flip,0,21.276293,0.5,21.148,1.0,1.5,21.148
GTAIV.exe,1234,0x0,DXGI,0,0,0,Hardware: Legacy Flip,0,21.300123,0.5,23.829,1.0,1.5,23.829
GTAIV.exe,1234,0x0,DXGI,0,0,0,Hardware: Legacy Flip,0,21.324495,0.5,24.373,1.0,1.5,24.373
GTAIV.exe,1234,0x0,DXGI,0,0,0,Hardware: Legacy Flip,0,21.346714,0.5,22.218,1.0,1.5,22.218
GTAIV.exe,1234,0x0,DXGI,0,0,0,Hardware: Legacy Flip,0,21.371475,0.5,24.761,1.0,1.5,24.761
GTAIV.exe,1234,0x0,DXGI,0,0,0,Hardware: Legacy Flip,0,21.393811,0.5,22.336,1.0,1.5,22.336
GTAIV.exe,1234,0x0,DXGI,0,0,0,Hardware: Legacy Flip,0,21.419191,0.5,25.380,1.0,1.5,25.380
GTAIV.exe,1234,0x0,DXGI,0,0,0,Hardware: Legacy Flip,0,21.440448,0.5,21.256,1.0,1.5,21.256
GTAIV.exe,1234,0x0,DXGI,0,0,0,Hardware: Legacy Flip,0,21.464898,0.5,24.450,1.0,1.5,24.450
GTAIV.exe,1234,0x0,DXGI,0,0,0,Hardware: Legacy Flip,0,21.487575,0.5,22.678,1.0,1.5,22.678
GTAIV.exe,1234,0x0,DXGI,0,0,0,Hardware: Legacy Flip,0,21.512834,0.5,25.259,1.0,1.5,25.259
GTAIV.exe,1234,0x0,DXGI,0,0,0,Hardware: Legacy Flip,0,21.536093,0.5,23.259,1.0,1.5,23.259
GTAIV.exe,1234,0x0,DXGI,0,0,0,Hardware: Legacy Flip,0,21.560382,0.5,24.288,1.0,1.5,24.288
GTAIV.exe,1234,0x0,DXGI,0,0,0,Hardware: Legacy Flip,0,21.583683,0.5,23.301,1.0,1.5,23.301
GTAIV.exe,1234,0x0,DXGI,0,0,0,Hardware: Legacy Flip,0,21.608690,0.5,25.008,1.0,1.5,25.008
GTAIV.exe,1234,0x0,DXGI,0,0,0,Hardware: Legacy Flip,0,21.632785,0.5,24.094,1.0,1.5,24.094
GTAIV.exe,1234,0x0,DXGI,0,0,0,Hardware: Legacy Flip,0,21.655643,0.5,22.858,1.0,1.5,22.858
GTAIV.exe,1234,0x0,DXGI,0,0,0,Hardware: Legacy Flip,0,21.677435,0.5,21.792,1.0,1.5,21.792
GTAIV.exe,1234,0x0,DXGI,0,0,0,Hardware: Legacy Flip,0,21.702088,0.5,24.654,1.0,1.5,24.654
GTAIV.exe,1234,0x0,DXGI,0,0,0,Hardware: Legacy Flip,0,21.726006,0.5,23.918,1.0,1.5,23.918
GTAIV.exe,1234,0x0,DXGI,0,0,0,Hardware: Legacy Flip,0,21.749983,0.5,23.977,1.0,1.5,23.977
GTAIV.exe,1234,0x0,DXGI,0,0,0,Hardware: Legacy Flip,0,21.773313,0.5,23.330,1.0,1.5,23.330
GTAIV.exe,1234,0x0,DXGI,0,0,0,Hardware: Legacy Flip,0,21.795586,0.5,22.273,1.0,1.5,22.273
GTAIV.exe,1234,0x0,DXGI,0,0,0,Hardware: Legacy Flip,0,21.821745,0.5,26.159,1.0,1.5,26.159
GTAIV.exe,1234,0x0,DXGI,0,0,0,Hardware: Legacy Flip,0,21.845388,0.5,23.643,1.0,1.5,23.643
GTAIV.exe,1234,0x0,DXGI,0,0,0,Hardware: Legacy Flip,0,21.870407,0.5,25.019,1.0,1.5,25.019
GTAIV.exe,1234,0x0,DXGI,0,0,0,Hardware: Legacy Flip,0,21.894895,0.5,24.488,1.0,1.5,24.488
GTAIV.exe,1234,0x0,DXGI,0,0,0,Hardware: Legacy Flip,0,21.918851,0.5,23.956,1.0,1.5,23.956
GTAIV.exe,1234,0x0,DXGI,0,0,0,Hardware: Legacy Flip,0,21.939424,0.5,20.573,1.0,1.5,20.573
GTAIV.exe,1234,0x0,DXGI,0,0,0,Hardware: Legacy Flip,0,21.962504,0.5,23.081,1.0,1.5,23.081
GTAIV.exe,1234,0x0,DXGI,0,0,0,Hardware: Legacy Flip,0,21.983792,0.5,21.288,1.0,1.5,21.288
GTAIV.exe,1234,0x0,DXGI,0,0,0,Hardware: Legacy Flip,0,22.008136,0.5,24.344,1.0,1.5,24.344
GTAIV.exe,1234,0x0,DXGI,0,0,0,Hardware: Legacy Flip,0,22.029879,0.5,21.743,1.0,1.5,21.743
GTAIV.exe,1234,0x0,DXGI,0,0,0,Hardware: Legacy Flip,0,22.053665,0.5,23.786,1.0,1.5,23.786
GTAIV.exe,1234,0x0,DXGI,0,0,0,Hardware: Legacy Flip,0,22.075657,0.5,21.993,1.0,1.5,21.993
GTAIV.exe,1234,0x0,DXGI,0,0,0,Hardware: Legacy Flip,0,22.097817,0.5,22.159,1.0,1.5,22.159
GTAIV.exe,1234,0x0,DXGI,0,0,0,Hardware: Legacy Flip,0,22.121727,0.5,23.910,1.0,1.5,23.910
GTAIV.exe,1234,0x0,DXGI,0,0,0,Hardware: Legacy Flip,0,22.146872,0.5,25.145,1.0,1.5,25.145
GTAIV.exe,1234,0x0,DXGI,0,0,0,Hardware: Legacy Flip,0,22.168888,0.5,22.016,1.0,1.5,22.016
GTAIV.exe,1234,0x0,DXGI,0,0,0,Hardware: Legacy Flip,0,22.192910,0.5,24.022,1.0,1.5,24.022
GTAIV.exe,1234,0x0,DXGI,0,0,0,Hardware: Legacy Flip,0,22.215516,0.5,22.606,1.0,1.5,22.606
GTAIV.exe,1234,0x0,DXGI,0,0,0,Hardware: Legacy Flip,0,22.239208,0.5,23.691,1.0,1.5,23.691
GTAIV.exe,1234,0x0,DXGI,0,0,0,Hardware: Legacy Flip,0,22.264421,0.5,25.213,1.0,1.5,25.213
GTAIV.exe,1234,0x0,DXGI,0,0,0,Hardware: Legacy Flip,0,22.287605,0.5,23.185,1.0,1.5,23.185
GTAIV.exe,1234,0x0,DXGI,0,0,0,Hardware: Legacy Flip,0,22.310996,0.5,23.390,1.0,1.5,23.390
GTAIV.exe,1234,0x0,DXGI,0,0,0,Hardware: Legacy Flip,0,22.335804,0.5,24.808,1.0,1.5,24.808
GTAIV.exe,1234,0x0,DXGI,0,0,0,Hardware: Legacy Flip,0,22.358114,0.5,22.311,1.0,1.5,22.311
GTAIV.exe,1234,0x0,DXGI,0,0,0,Hardware: Legacy Flip,0,22.382155,0.5,24.041,1.0,1.5,24.041
GTAIV.exe,1234,0x0,DXGI,0,0,0,Hardware: Legacy Flip,0,22.405457,0.5,23.302,1.0,1.5,23.302
GTAIV.exe,1234,0x0,DXGI,0,0,0,Hardware: Legacy Flip,0,22.429150,0.5,23.693,1.0,1.5,23.693
GTAIV.exe,1234,0x0,DXGI,0,0,0,Hardware: Legacy Flip,0,22.452152,0.5,23.002,1.0,1.5,23.002
GTAIV.exe,1234,0x0,DXGI,0,0,0,Hardware: Legacy Flip,0,22.477799,0.5,25.647,1.0,1.5,25.647
GTAIV.exe,1234,0x0,DXGI,0,0,0,Hardware: Legacy Flip,0,22.502529,0.5,24.730,1.0,1.5,24.730
GTAIV.exe,1234,0x0,DXGI,0,0,0,Hardware: Legacy Flip,0,22.527155,0.5,24.627,1.0,1.5,24.627
GTAIV.exe,1234,0x0,DXGI,0,0,0,Hardware: Legacy Flip,0,22.550402,0.5,23.247,1.0,1.5,23.247
GTAIV.exe,1234,0x0,DXGI,0,0,0,Hardware: Legacy Flip,0,22.574845,0.5,24.444,1.0,1.5,24.444
GTAIV.exe,1234,0x0,DXGI,0,0,0,Hardware: Legacy Flip,0,22.598706,0.5,23.861,1.0,1.5,23.861
GTAIV.exe,1234,0x0,DXGI,0,0,0,Hardware: Legacy Flip,0,22.621519,0.5,22.813,1.0,1.5,22.813
GTAIV.exe,1234,0x0,DXGI,0,0,0,Hardware: Legacy Flip,0,22.644833,0.5,23.314,1.0,1.5,23.314
GTAIV.exe,1234,0x0,DXGI,0,0,0,Hardware: Legacy Flip,0,22.670344,0.5,25.511,1.0,1.5,25.511
GTAIV.exe,1234,0x0,DXGI,0,0,0,Hardware: Legacy Flip,0,22.695877,0.5,25.533,1.0,1.5,25.533
GTAIV.exe,1234,0x0,DXGI,0,0,0,Hardware: Legacy Flip,0,22.718950,0.5,23.073,1.0,1.5,23.073
GTAIV.exe,1234,0x0,DXGI,0,0,0,Hardware: Legacy Flip,0,22.743684,0.5,24.734,1.0,1.5,24.734
GTAIV.exe,1234,0x0,DXGI,0,0,0,Hardware: Legacy Flip,0,22.764859,0.5,21.175,1.0,1.5,21.175
GTAIV.exe,1234,0x0,DXGI,0,0,0,Hardware: Legacy Flip,0,22.788731,0.5,23.872,1.0,1.5,23.872
GTAIV.exe,1234,0x0,DXGI,0,0,0,Hardware: Legacy Flip,0,22.813910,0.5,25.179,1.0,1.5,25.179
GTAIV.exe,1234,0x0,DXGI,0,0,0,Hardware: Legacy Flip,0,22.834311,0.5,20.402,1.0,1.5,20.402
GTAIV.exe,1234,0x0,DXGI,0,0,0,Hardware: Legacy Flip,0,22.857987,0.5,23.676,1.0,1.5,23.676
GTAIV.exe,1234,0x0,DXGI,0,0,0,Hardware: Legacy Flip,0,22.883093,0.5,25.106,1.0,1.5,25.106
GTAIV.exe,1234,0x0,DXGI,0,0,0,Hardware: Legacy Flip,0,22.905365,0.5,22.272,1.0,1.5,22.272
GTAIV.exe,1234,0x0,DXGI,0,0,0,Hardware: Legacy Flip,0,22.928275,0.5,22.909,1.0,1.5,22.909
GTAIV.exe,1234,0x0,DXGI,0,0,0,Hardware: Legacy Flip,0,22.952914,0.5,24.639,1.0,1.5,24.639
GTAIV.exe,1234,0x0,DXGI,0,0,0,Hardware: Legacy Flip,0,22.976946,0.5,24.032,1.0,1.5,24.032
GTAIV.exe,1234,0x0,DXGI,0,0,0,Hardware: Legacy Flip,0,23.000151,0.5,23.205,1.0,1.5,23.205
GTAIV.exe,1234,0x0,DXGI,0,0,0,Hardware: Legacy Flip,0,23.024821,0.5,24.671,1.0,1.5,24.671
GTAIV.exe,1234,0x0,DXGI,0,0,0,Hardware: Legacy Flip,0,23.049410,0.5,24.589,1.0,1.5,24.589
GTAIV.exe,1234,0x0,DXGI,0,0,0,Hardware: Legacy Flip,0,23.073808,0.5,24.398,1.0,1.5,24.398
GTAIV.exe,1234,0x0,DXGI,0,0,0,Hardware: Legacy Flip,0,23.097149,0.5,23.341,1.0,1.5,23.341
GTAIV.exe,1234,0x0,DXGI,0,0,0,Hardware: Legacy Flip,0,23.121154,0.5,24.005,1.0,1.5,24.005
GTAIV.exe,1234,0x0,DXGI,0,0,0,Hardware: Legacy Flip,0,23.142828,0.5,21.674,1.0,1.5,21.674
GTAIV.exe,1234,0x0,DXGI,0,0,0,Hardware: Legacy Flip,0,23.166923,0.5,24.095,1.0,1.5,24.095
GTAIV.exe,1234,0x0,DXGI,0,0,0,Hardware: Legacy Flip,0,23.191744,0.5,24.821,1.0,1.5,24.821
GTAIV.exe,1234,0x0,DXGI,0,0,0,Hardware: Legacy Flip,0,23.212567,0.5,20.823,1.0,1.5,20.823
GTAIV.exe,1234,0x0,DXGI,0,0,0,Hardware: Legacy Flip,0,23.236213,0.5,23.647,1.0,1.5,23.647
GTAIV.exe,1234,0x0,DXGI,0,0,0,Hardware: Legacy Flip,0,23.259971,0.5,23.758,1.0,1.5,23.758
GTAIV.exe,1234,0x0,DXGI,0,0,0,Hardware: Legacy Flip,0,23.284381,0.5,24.409,1.0,1.5,24.409
GTAIV.exe,1234,0x0,DXGI,0,0,0,Hardware: Legacy Flip,0,23.308755,0.5,24.375,1.0,1.5,24.375
GTAIV.exe,1234,0x0,DXGI,0,0,0,Hardware: Legacy Flip,0,23.332267,0.5,23.512,1.0,1.5,23.512
GTAIV.exe,1234,0x0,DXGI,0,0,0,Hardware: Legacy Flip,0,23.356150,0.5,23.883,1.0,1.5,23.883
GTAIV.exe,1234,0x0,DXGI,0,0,0,Hardware: Legacy Flip,0,23.381394,0.5,25.244,1.0,1.5,25.244
GTAIV.exe,1234,0x0,DXGI,0,0,0,Hardware: Legacy Flip,0,23.406256,0.5,24.862,1.0,1.5,24.862
GTAIV.exe,1234,0x0,DXGI,0,0,0,Hardware: Legacy Flip,0,23.429594,0.5,23.339,1.0,1.5,23.339
GTAIV.exe,1234,0x0,DXGI,0,0,0,Hardware: Legacy Flip,0,23.452731,0.5,23.137,1.0,1.5,23.137
GTAIV.exe,1234,0x0,DXGI,0,0,0,Hardware: Legacy Flip,0,23.475295,0.5,22.563,1.0,1.5,22.563
GTAIV.exe,1234,0x0,DXGI,0,0,0,Hardware: Legacy Flip,0,23.498014,0.5,22.719,1.0,1.5,22.719
GTAIV.exe,1234,0x0,DXGI,0,0,0,Hardware: Legacy Flip,0,23.522035,0.5,24.021,1.0,1.5,24.021
GTAIV.exe,1234,0x0,DXGI,0,0,0,Hardware: Legacy Flip,0,23.544466,0.5,22.431,1.0,1.5,22.431
GTAIV.exe,1234,0x0,DXGI,0,0,0,Hardware: Legacy Flip,0,23.567984,0.5,23.519,1.0,1.5,23.519
GTAIV.exe,1234,0x0,DXGI,0,0,0,Hardware: Legacy Flip,0,23.592724,0.5,24.740,1.0,1.5,24.740
GTAIV.exe,1234,0x0,DXGI,0,0,0,Hardware: Legacy Flip,0,23.615324,0.5,22.601,1.0,1.5,22.601
GTAIV.exe,1234,0x0,DXGI,0,0,0,Hardware: Legacy Flip,0,23.639495,0.5,24.170,1.0,1.5,24.170
GTAIV.exe,1234,0x0,DXGI,0,0,0,Hardware: Legacy Flip,0,23.664382,0.5,24.887,1.0,1.5,24.887
GTAIV.exe,1234,0x0,DXGI,0,0,0,Hardware: Legacy Flip,0,23.689810,0.5,25.429,1.0,1.5,25.429
GTAIV.exe,1234,0x0,DXGI,0,0,0,Hardware: Legacy Flip,0,23.713763,0.5,23.953,1.0,1.5,23.953
GTAIV.exe,1234,0x0,DXGI,0,0,0,Hardware: Legacy Flip,0,23.738883,0.5,25.120,1.0,1.5,25.120
GTAIV.exe,1234,0x0,DXGI,0,0,0,Hardware: Legacy Flip,0,23.764324,0.5,25.441,1.0,1.5,25.441
GTAIV.exe,1234,0x0,DXGI,0,0,0,Hardware: Legacy Flip,0,23.788346,0.5,24.022,1.0,1.5,24.022
GTAIV.exe,1234,0x0,DXGI,0,0,0,Hardware: Legacy Flip,0,23.811569,0.5,23.223,1.0,1.5,23.223
GTAIV.exe,1234,0x0,DXGI,0,0,0,Hardware: Legacy Flip,0,23.836031,0.5,24.461,1.0,1.5,24.461
GTAIV.exe,1234,0x0,DXGI,0,0,0,Hardware: Legacy Flip,0,23.859448,0.5,23.418,1.0,1.5,23.418
GTAIV.exe,1234,0x0,DXGI,0,0,0,Hardware: Legacy Flip,0,23.882836,0.5,23.387,1.0,1.5,23.387
GTAIV.exe,1234,0x0,DXGI,0,0,0,Hardware: Legacy Flip,0,23.904331,0.5,21.495,1.0,1.5,21.495
GTAIV.exe,1234,0x0,DXGI,0,0,0,Hardware: Legacy Flip,0,23.929773,0.5,25.442,1.0,1.5,25.442
GTAIV.exe,1234,0x0,DXGI,0,0,0,Hardware: Legacy Flip,0,23.953205,0.5,23.432,1.0,1.5,23.432
GTAIV.exe,1234,0x0,DXGI,0,0,0,Hardware: Legacy Flip,0,23.979291,0.5,26.085,1.0,1.5,26.085
GTAIV.exe,1234,0x0,DXGI,0,0,0,Hardware: Legacy Flip,0,24.001298,0.5,22.007,1.0,1.5,22.007
GTAIV.exe,1234,0x0,DXGI,0,0,0,Hardware: Legacy Flip,0,24.025808,0.5,24.510,1.0,1.5,24.510
GTAIV.exe,1234,0x0,DXGI,0,0,0,Hardware: Legacy Flip,0,24.049203,0.5,23.396,1.0,1.5,23.396
GTAIV.exe,1234,0x0,DXGI,0,0,0,Hardware: Legacy Flip,0,24.073087,0.5,23.884,1.0,1.5,23.884
GTAIV.exe,1234,0x0,DXGI,0,0,0,Hardware: Legacy Flip,0,24.096238,0.5,23.151,1.0,1.5,23.151
GTAIV.exe,1234,0x0,DXGI,0,0,0,Hardware: Legacy Flip,0,24.121334,0.5,25.096,1.0,1.5,25.096
GTAIV.exe,1234,0x0,DXGI,0,0,0,Hardware: Legacy Flip,0,24.145488,0.5,24.155,1.0,1.5,24.155
GTAIV.exe,1234,0x0,DXGI,0,0,0,Hardware: Legacy Flip,0,24.168408,0.5,22.920,1.0,1.5,22.920
GTAIV.exe,1234,0x0,DXGI,0,0,0,Hardware: Legacy Flip,0,24.191929,0.5,23.520,1.0,1.5,23.520
GTAIV.exe,1234,0x0,DXGI,0,0,0,Hardware: Legacy Flip,0,24.214816,0.5,22.887,1.0,1.5,22.887
GTAIV.exe,1234,0x0,DXGI,0,0,0,Hardware: Legacy Flip,0,24.238915,0.5,24.099,1.0,1.5,24.099
GTAIV.exe,1234,0x0,DXGI,0,0,0,Hardware: Legacy Flip,0,24.264463,0.5,25.548,1.0,1.5,25.548
GTAIV.exe,1234,0x0,DXGI,0,0,0,Hardware: Legacy Flip,0,24.289528,0.5,25.066,1.0,1.5,25.066
GTAIV.exe,1234,0x0,DXGI,0,0,0,Hardware: Legacy Flip,0,24.313939,0.5,24.411,1.0,1.5,24.411
GTAIV.exe,1234,0x0,DXGI,0,0,0,Hardware: Legacy Flip,0,24.337690,0.5,23.751,1.0,1.5,23.751
GTAIV.exe,1234,0x0,DXGI,0,0,0,Hardware: Legacy Flip,0,24.361129,0.5,23.440,1.0,1.5,23.440
GTAIV.exe,1234,0x0,DXGI,0,0,0,Hardware: Legacy Flip,0,24.384314,0.5,23.184,1.0,1.5,23.184
GTAIV.exe,1234,0x0,DXGI,0,0,0,Hardware: Legacy Flip,0,24.408304,0.5,23.991,1.0,1.5,23.991
GTAIV.exe,1234,0x0,DXGI,0,0,0,Hardware: Legacy Flip,0,24.431261,0.5,22.956,1.0,1.5,22.956
GTAIV.exe,1234,0x0,DXGI,0,0,0,Hardware: Legacy Flip,0,24.455756,0.5,24.495,1.0,1.5,24.495
GTAIV.exe,1234,0x0,DXGI,0,0,0,Hardware: Legacy Flip,0,24.478292,0.5,22.536,1.0,1.5,22.536
GTAIV.exe,1234,0x0,DXGI,0,0,0,Hardware: Legacy Flip,0,24.500642,0.5,22.350,1.0,1.5,22.350
GTAIV.exe,1234,0x0,DXGI,0,0,0,Hardware: Legacy Flip,0,24.525009,0.5,24.367,1.0,1.5,24.367
GTAIV.exe,1234,0x0,DXGI,0,0,0,Hardware: Legacy Flip,0,24.551008,0.5,25.999,1.0,1.5,25.999
GTAIV.exe,1234,0x0,DXGI,0,0,0,Hardware: Legacy Flip,0,24.574061,0.5,23.053,1.0,1.5,23.053
GTAIV.exe,1234,0x0,DXGI,0,0,0,Hardware: Legacy Flip,0,24.596496,0.5,22.435,1.0,1.5,22.435
GTAIV.exe,1234,0x0,DXGI,0,0,0,Hardware: Legacy Flip,0,24.621940,0.5,25.443,1.0,1.5,25.443
GTAIV.exe,1234,0x0,DXGI,0,0,0,Hardware: Legacy Flip,0,24.644961,0.5,23.022,1.0,1.5,23.022
GTAIV.exe,1234,0x0,DXGI,0,0,0,Hardware: Legacy Flip,0,24.669219,0.5,24.258,1.0,1.5,24.258
GTAIV.exe,1234,0x0,DXGI,0,0,0,Hardware: Legacy Flip,0,24.693293,0.5,24.075,1.0,1.5,24.075
GTAIV.exe,1234,0x0,DXGI,0,0,0,Hardware: Legacy Flip,0,24.717208,0.5,23.914,1.0,1.5,23.914
GTAIV.exe,1234,0x0,DXGI,0,0,0,Hardware: Legacy Flip,0,24.739773,0.5,22.566,1.0,1.5,22.566
GTAIV.exe,1234,0x0,DXGI,0,0,0,Hardware: Legacy Flip,0,24.762695,0.5,22.922,1.0,1.5,22.922
GTAIV.exe,1234,0x0,DXGI,0,0,0,Hardware: Legacy Flip,0,24.783394,0.5,20.699,1.0,1.5,20.699
GTAIV.exe,1234,0x0,DXGI,0,0,0,Hardware: Legacy Flip,0,24.807724,0.5,24.329,1.0,1.5,24.329
GTAIV.exe,1234,0x0,DXGI,0,0,0,Hardware: Legacy Flip,0,24.832288,0.5,24.564,1.0,1.5,24.564
GTAIV.exe,1234,0x0,DXGI,0,0,0,Hardware: Legacy Flip,0,24.855544,0.5,23.256,1.0,1.5,23.256
GTAIV.exe,1234,0x0,DXGI,0,0,0,Hardware: Legacy Flip,0,24.878301,0.5,22.757,1.0,1.5,22.757
GTAIV.exe,1234,0x0,DXGI,0,0,0,Hardware: Legacy Flip,0,24.901448,0.5,23.146,1.0,1.5,23.146
GTAIV.exe,1234,0x0,DXGI,0,0,0,Hardware: Legacy Flip,0,24.925074,0.5,23.626,1.0,1.5,23.626
GTAIV.exe,1234,0x0,DXGI,0,0,0,Hardware: Legacy Flip,0,24.949705,0.5,24.631,1.0,1.5,24.631
GTAIV.exe,1234,0x0,DXGI,0,0,0,Hardware: Legacy Flip,0,24.973667,0.5,23.963,1.0,1.5,23.963
GTAIV.exe,1234,0x0,DXGI,0,0,0,Hardware: Legacy Flip,0,24.996351,0.5,22.684,1.0,1.5,22.684
GTAIV.exe,1234,0x0,DXGI,0,0,0,Hardware: Legacy Flip,0,25.020252,0.5,23.902,1.0,1.5,23.902
GTAIV.exe,1234,0x0,DXGI,0,0,0,Hardware: Legacy Flip,0,25.045149,0.5,24.897,1.0,1.5,24.897
GTAIV.exe,1234,0x0,DXGI,0,0,0,Hardware: Legacy Flip,0,25.069555,0.5,24.406,1.0,1.5,24.406
GTAIV.exe,1234,0x0,DXGI,0,0,0,Hardware: Legacy Flip,0,25.091544,0.5,21.989,1.0,1.5,21.989
GTAIV.exe,1234,0x0,DXGI,0,0,0,Hardware: Legacy Flip,0,25.114674,0.5,23.130,1.0,1.5,23.130
GTAIV.exe,1234,0x0,DXGI,0,0,0,Hardware: Legacy Flip,0,25.139769,0.5,25.095,1.0,1.5,25.095
GTAIV.exe,1234,0x0,DXGI,0,0,0,Hardware: Legacy Flip,0,25.163670,0.5,23.901,1.0,1.5,23.901
GTAIV.exe,1234,0x0,DXGI,0,0,0,Hardware: Legacy Flip,0,25.188320,0.5,24.650,1.0,1.5,24.650
GTAIV.exe,1234,0x0,DXGI,0,0,0,Hardware: Legacy Flip,0,25.212239,0.5,23.919,1.0,1.5,23.919
GTAIV.exe,1234,0x0,DXGI,0,0,0,Hardware: Legacy Flip,0,25.234903,0.5,22.664,1.0,1.5,22.664
GTAIV.exe,1234,0x0,DXGI,0,0,0,Hardware: Legacy Flip,0,25.258416,0.5,23.513,1.0,1.5,23.513
GTAIV.exe,1234,0x0,DXGI,0,0,0,Hardware: Legacy Flip,0,25.283567,0.5,25.150,1.0,1.5,25.150
GTAIV.exe,1234,0x0,DXGI,0,0,0,Hardware: Legacy Flip,0,25.306387,0.5,22.820,1.0,1.5,22.820
GTAIV.exe,1234,0x0,DXGI,0,0,0,Hardware: Legacy Flip,0,25.329756,0.5,23.369,1.0,1.5,23.369
GTAIV.exe,1234,0x0,DXGI,0,0,0,Hardware: Legacy Flip,0,25.354051,0.5,24.295,1.0,1.5,24.295
GTAIV.exe,1234,0x0,DXGI,0,0,0,Hardware: Legacy Flip,0,25.376267,0.5,22.216,1.0,1.5,22.216
GTAIV.exe,1234,0x0,DXGI,0,0,0,Hardware: Legacy Flip,0,25.399608,0.5,23.342,1.0,1.5,23.342
GTAIV.exe,1234,0x0,DXGI,0,0,0,Hardware: Legacy Flip,0,25.424076,0.5,24.467,1.0,1.5,24.467
GTAIV.exe,1234,0x0,DXGI,0,0,0,Hardware: Legacy Flip,0,25.449067,0.5,24.992,1.0,1.5,24.992
GTAIV.exe,1234,0x0,DXGI,0,0,0,Hardware: Legacy Flip,0,25.475695,0.5,26.627,1.0,1.5,26.627
GTAIV.exe,1234,0x0,DXGI,0,0,0,Hardware: Legacy Flip,0,25.498361,0.5,22.666,1.0,1.5,22.666
GTAIV.exe,1234,0x0,DXGI,0,0,0,Hardware: Legacy Flip,0,25.521938,0.5,23.578,1.0,1.5,23.578
GTAIV.exe,1234,0x0,DXGI,0,0,0,Hardware: Legacy Flip,0,25.545354,0.5,23.416,1.0,1.5,23.416
GTAIV.exe,1234,0x0,DXGI,0,0,0,Hardware: Legacy Flip,0,25.567235,0.5,21.881,1.0,1.5,21.881
GTAIV.exe,1234,0x0,DXGI,0,0,0,Hardware: Legacy Flip,0,25.591789,0.5,24.554,1.0,1.5,24.554
GTAIV.exe,1234,0x0,DXGI,0,0,0,Hardware: Legacy Flip,0,25.615706,0.5,23.917,1.0,1.5,23.917
GTAIV.exe,1234,0x0,DXGI,0,0,0,Hardware: Legacy Flip,0,25.638911,0.5,23.205,1.0,1.5,23.205
GTAIV.exe,1234,0x0,DXGI,0,0,0,Hardware: Legacy Flip,0,25.662900,0.5,23.989,1.0,1.5,23.989
GTAIV.exe,1234,0x0,DXGI,0,0,0,Hardware: Legacy Flip,0,25.687081,0.5,24.181,1.0,1.5,24.181
GTAIV.exe,1234,0x0,DXGI,0,0,0,Hardware: Legacy Flip,0,25.712521,0.5,25.440,1.0,1.5,25.440
GTAIV.exe,1234,0x0,DXGI,0,0,0,Hardware: Legacy Flip,0,25.730364,0.5,17.844,1.0,1.5,17.844
GTAIV.exe,1234,0x0,DXGI,0,0,0,Hardware: Legacy Flip,0,25.747433,0.5,17.069,1.0,1.5,17.069
GTAIV.exe,1234,0x0,DXGI,0,0,0,Hardware: Legacy Flip,0,25.764361,0.5,16.928,1.0,1.5,16.928
GTAIV.exe,1234,0x0,DXGI,0,0,0,Hardware: Legacy Flip,0,25.781758,0.5,17.397,1.0,1.5,17.397
GTAIV.exe,1234,0x0,DXGI,0,0,0,Hardware: Legacy Flip,0,25.798240,0.5,16.482,1.0,1.5,16.482
GTAIV.exe,1234,0x0,DXGI,0,0,0,Hardware: Legacy Flip,0,25.817513,0.5,19.273,1.0,1.5,19.273
GTAIV.exe,1234,0x0,DXGI,0,0,0,Hardware: Legacy Flip,0,25.836454,0.5,18.941,1.0,1.5,18.941
GTAIV.exe,1234,0x0,DXGI,0,0,0,Hardware: Legacy Flip,0,25.851722,0.5,15.267,1.0,1.5,15.267
GTAIV.exe,1234,0x0,DXGI,0,0,0,Hardware: Legacy Flip,0,25.869027,0.5,17.305,1.0,1.5,17.305
GTAIV.exe,1234,0x0,DXGI,0,0,0,Hardware: Legacy Flip,0,25.886561,0.5,17.534,1.0,1.5,17.534
GTAIV.exe,1234,0x0,DXGI,0,0,0,Hardware: Legacy Flip,0,25.903783,0.5,17.221,1.0,1.5,17.221
GTAIV.exe,1234,0x0,DXGI,0,0,0,Hardware: Legacy Flip,0,25.919973,0.5,16.190,1.0,1.5,16.190
GTAIV.exe,1234,0x0,DXGI,0,0,0,Hardware: Legacy Flip,0,25.936041,0.5,16.068,1.0,1.5,16.068
GTAIV.exe,1234,0x0,DXGI,0,0,0,Hardware: Legacy Flip,0,25.953397,0.5,17.356,1.0,1.5,17.356
GTAIV.exe,1234,0x0,DXGI,0,0,0,Hardware: Legacy Flip,0,25.971383,0.5,17.986,1.0,1.5,17.986
GTAIV.exe,1234,0x0,DXGI,0,0,0,Hardware: Legacy Flip,0,25.987650,0.5,16.267,1.0,1.5,16.267
GTAIV.exe,1234,0x0,DXGI,0,0,0,Hardware: Legacy Flip,0,26.003436,0.5,15.786,1.0,1.5,15.786
GTAIV.exe,1234,0x0,DXGI,0,0,0,Hardware: Legacy Flip,0,26.019600,0.5,16.164,1.0,1.5,16.164
GTAIV.exe,1234,0x0,DXGI,0,0,0,Hardware: Legacy Flip,0,26.035176,0.5,15.576,1.0,1.5,15.576
GTAIV.exe,1234,0x0,DXGI,0,0,0,Hardware: Legacy Flip,0,26.050151,0.5,14.975,1.0,1.5,14.975
GTAIV.exe,1234,0x0,DXGI,0,0,0,Hardware: Legacy Flip,0,26.067666,0.5,17.515,1.0,1.5,17.515
GTAIV.exe,1234,0x0,DXGI,0,0,0,Hardware: Legacy Flip,0,26.083104,0.5,15.437,1.0,1.5,15.437
GTAIV.exe,1234,0x0,DXGI,0,0,0,Hardware: Legacy Flip,0,26.099107,0.5,16.004,1.0,1.5,16.004
GTAIV.exe,1234,0x0,DXGI,0,0,0,Hardware: Legacy Flip,0,26.115891,0.5,16.784,1.0,1.5,16.784
GTAIV.exe,1234,0x0,DXGI,0,0,0,Hardware: Legacy Flip,0,26.134450,0.5,18.558,1.0,1.5,18.558
GTAIV.exe,1234,0x0,DXGI,0,0,0,Hardware: Legacy Flip,0,26.150838,0.5,16.388,1.0,1.5,16.388
GTAIV.exe,1234,0x0,DXGI,0,0,0,Hardware: Legacy Flip,0,26.167853,0.5,17.015,1.0,1.5,17.015
GTAIV.exe,1234,0x0,DXGI,0,0,0,Hardware: Legacy Flip,0,26.186591,0.5,18.738,1.0,1.5,18.738
GTAIV.exe,1234,0x0,DXGI,0,0,0,Hardware: Legacy Flip,0,26.203604,0.5,17.013,1.0,1.5,17.013
GTAIV.exe,1234,0x0,DXGI,0,0,0,Hardware: Legacy Flip,0,26.219543,0.5,15.940,1.0,1.5,15.940
GTAIV.exe,1234,0x0,DXGI,0,0,0,Hardware: Legacy Flip,0,26.236639,0.5,17.095,1.0,1.5,17.095
GTAIV.exe,1234,0x0,DXGI,0,0,0,Hardware: Legacy Flip,0,26.255254,0.5,18.615,1.0,1.5,18.615
GTAIV.exe,1234,0x0,DXGI,0,0,0,Hardware: Legacy Flip,0,26.271659,0.5,16.405,1.0,1.5,16.405
GTAIV.exe,1234,0x0,DXGI,0,0,0,Hardware: Legacy Flip,0,26.288130,0.5,16.471,1.0,1.5,16.471
GTAIV.exe,1234,0x0,DXGI,0,0,0,Hardware: Legacy Flip,0,26.303927,0.5,15.797,1.0,1.5,15.797
GTAIV.exe,1234,0x0,DXGI,0,0,0,Hardware: Legacy Flip,0,26.320473,0.5,16.546,1.0,1.5,16.546
GTAIV.exe,1234,0x0,DXGI,0,0,0,Hardware: Legacy Flip,0,26.339201,0.5,18.728,1.0,1.5,18.728
GTAIV.exe,1234,0x0,DXGI,0,0,0,Hardware: Legacy Flip,0,26.354622,0.5,15.421,1.0,1.5,15.421
GTAIV.exe,1234,0x0,DXGI,0,0,0,Hardware: Legacy Flip,0,26.370589,0.5,15.968,1.0,1.5,15.968
GTAIV.exe,1234,0x0,DXGI,0,0,0,Hardware: Legacy Flip,0,26.385886,0.5,15.296,1.0,1.5,15.296
GTAIV.exe,1234,0x0,DXGI,0,0,0,Hardware: Legacy Flip,0,26.401945,0.5,16.060,1.0,1.5,16.060
GTAIV.exe,1234,0x0,DXGI,0,0,0,Hardware: Legacy Flip,0,26.418378,0.5,16.433,1.0,1.5,16.433
GTAIV.exe,1234,0x0,DXGI,0,0,0,Hardware: Legacy Flip,0,26.433178,0.5,14.800,1.0,1.5,14.800
GTAIV.exe,1234,0x0,DXGI,0,0,0,Hardware: Legacy Flip,0,26.449672,0.5,16.494,1.0,1.5,16.494
GTAIV.exe,1234,0x0,DXGI,0,0,0,Hardware: Legacy Flip,0,26.465838,0.5,16.166,1.0,1.5,16.166
GTAIV.exe,1234,0x0,DXGI,0,0,0,Hardware: Legacy Flip,0,26.481369,0.5,15.531,1.0,1.5,15.531
GTAIV.exe,1234,0x0,DXGI,0,0,0,Hardware: Legacy Flip,0,26.499732,0.5,18.363,1.0,1.5,18.363
GTAIV.exe,1234,0x0,DXGI,0,0,0,Hardware: Legacy Flip,0,26.513291,0.5,13.559,1.0,1.5,13.559
GTAIV.exe,1234,0x0,DXGI,0,0,0,Hardware: Legacy Flip,0,26.529723,0.5,16.432,1.0,1.5,16.432
GTAIV.exe,1234,0x0,DXGI,0,0,0,Hardware: Legacy Flip,0,26.544987,0.5,15.264,1.0,1.5,15.264
GTAIV.exe,1234,0x0,DXGI,0,0,0,Hardware: Legacy Flip,0,26.562995,0.5,18.008,1.0,1.5,18.008
GTAIV.exe,1234,0x0,DXGI,0,0,0,Hardware: Legacy Flip,0,26.580326,0.5,17.332,1.0,1.5,17.332
GTAIV.exe,1234,0x0,DXGI,0,0,0,Hardware: Legacy Flip,0,26.595948,0.5,15.622,1.0,1.5,15.622
GTAIV.exe,1234,0x0,DXGI,0,0,0,Hardware: Legacy Flip,0,26.613163,0.5,17.215,1.0,1.5,17.215
GTAIV.exe,1234,0x0,DXGI,0,0,0,Hardware: Legacy Flip,0,26.629516,0.5,16.353,1.0,1.5,16.353
GTAIV.exe,1234,0x0,DXGI,0,0,0,Hardware: Legacy Flip,0,26.645119,0.5,15.603,1.0,1.5,15.603
GTAIV.exe,1234,0x0,DXGI,0,0,0,Hardware: Legacy Flip,0,26.661092,0.5,15.973,1.0,1.5,15.973
GTAIV.exe,1234,0x0,DXGI,0,0,0,Hardware: Legacy Flip,0,26.676310,0.5,15.218,1.0,1.5,15.218
GTAIV.exe,1234,0x0,DXGI,0,0,0,Hardware: Legacy Flip,0,26.691835,0.5,15.525,1.0,1.5,15.525
GTAIV.exe,1234,0x0,DXGI,0,0,0,Hardware: Legacy Flip,0,26.707330,0.5,15.495,1.0,1.5,15.495
GTAIV.exe,1234,0x0,DXGI,0,0,0,Hardware: Legacy Flip,0,26.723341,0.5,16.011,1.0,1.5,16.011
GTAIV.exe,1234,0x0,DXGI,0,0,0,Hardware: Legacy Flip,0,26.738248,0.5,14.907,1.0,1.5,14.907
GTAIV.exe,1234,0x0,DXGI,0,0,0,Hardware: Legacy Flip,0,26.755056,0.5,16.808,1.0,1.5,16.808
GTAIV.exe,1234,0x0,DXGI,0,0,0,Hardware: Legacy Flip,0,26.772939,0.5,17.883,1.0,1.5,17.883
GTAIV.exe,1234,0x0,DXGI,0,0,0,Hardware: Legacy Flip,0,26.791451,0.5,18.512,1.0,1.5,18.512
GTAIV.exe,1234,0x0,DXGI,0,0,0,Hardware: Legacy Flip,0,26.808737,0.5,17.286,1.0,1.5,17.286
GTAIV.exe,1234,0x0,DXGI,0,0,0,Hardware: Legacy Flip,0,26.824317,0.5,15.580,1.0,1.5,15.580
GTAIV.exe,1234,0x0,DXGI,0,0,0,Hardware: Legacy Flip,0,26.842367,0.5,18.049,1.0,1.5,18.049
GTAIV.exe,1234,0x0,DXGI,0,0,0,Hardware: Legacy Flip,0,26.859290,0.5,16.924,1.0,1.5,16.924
GTAIV.exe,1234,0x0,DXGI,0,0,0,Hardware: Legacy Flip,0,26.876843,0.5,17.553,1.0,1.5,17.553
GTAIV.exe,1234,0x0,DXGI,0,0,0,Hardware: Legacy Flip,0,26.893319,0.5,16.477,1.0,1.5,16.477
GTAIV.exe,1234,0x0,DXGI,0,0,0,Hardware: Legacy Flip,0,26.907621,0.5,14.301,1.0,1.5,14.301
GTAIV.exe,1234,0x0,DXGI,0,0,0,Hardware: Legacy Flip,0,26.922673,0.5,15.052,1.0,1.5,15.052
GTAIV.exe,1234,0x0,DXGI,0,0,0,Hardware: Legacy Flip,0,26.938209,0.5,15.536,1.0,1.5,15.536
GTAIV.exe,1234,0x0,DXGI,0,0,0,Hardware: Legacy Flip,0,26.956155,0.5,17.945,1.0,1.5,17.945
GTAIV.exe,1234,0x0,DXGI,0,0,0,Hardware: Legacy Flip,0,26.972931,0.5,16.777,1.0,1.5,16.777
GTAIV.exe,1234,0x0,DXGI,0,0,0,Hardware: Legacy Flip,0,26.987744,0.5,14.813,1.0,1.5,14.813
GTAIV.exe,1234,0x0,DXGI,0,0,0,Hardware: Legacy Flip,0,27.003971,0.5,16.227,1.0,1.5,16.227
GTAIV.exe,1234,0x0,DXGI,0,0,0,Hardware: Legacy Flip,0,27.021233,0.5,17.262,1.0,1.5,17.262
GTAIV.exe,1234,0x0,DXGI,0,0,0,Hardware: Legacy Flip,0,27.037832,0.5,16.598,1.0,1.5,16.598
GTAIV.exe,1234,0x0,DXGI,0,0,0,Hardware: Legacy Flip,0,27.055093,0.5,17.262,1.0,1.5,17.262
GTAIV.exe,1234,0x0,DXGI,0,0,0,Hardware: Legacy Flip,0,27.070571,0.5,15.478,1.0,1.5,15.478
GTAIV.exe,1234,0x0,DXGI,0,0,0,Hardware: Legacy Flip,0,27.088428,0.5,17.857,1.0,1.5,17.857
GTAIV.exe,1234,0x0,DXGI,0,0,0,Hardware: Legacy Flip,0,27.106086,0.5,17.658,1.0,1.5,17.658
GTAIV.exe,1234,0x0,DXGI,0,0,0,Hardware: Legacy Flip,0,27.123868,0.5,17.782,1.0,1.5,17.782
GTAIV.exe,1234,0x0,DXGI,0,0,0,Hardware: Legacy Flip,0,27.140677,0.5,16.809,1.0,1.5,16.809
GTAIV.exe,1234,0x0,DXGI,0,0,0,Hardware: Legacy Flip,0,27.156444,0.5,15.767,1.0,1.5,15.767
GTAIV.exe,1234,0x0,DXGI,0,0,0,Hardware: Legacy Flip,0,27.173386,0.5,16.942,1.0,1.5,16.942
GTAIV.exe,1234,0x0,DXGI,0,0,0,Hardware: Legacy Flip,0,27.190551,0.5,17.165,1.0,1.5,17.165
GTAIV.exe,1234,0x0,DXGI,0,0,0,Hardware: Legacy Flip,0,27.206905,0.5,16.354,1.0,1.5,16.354
GTAIV.exe,1234,0x0,DXGI,0,0,0,Hardware: Legacy Flip,0,27.224422,0.5,17.517,1.0,1.5,17.517
GTAIV.exe,1234,0x0,DXGI,0,0,0,Hardware: Legacy Flip,0,27.241534,0.5,17.112,1.0,1.5,17.112
GTAIV.exe,1234,0x0,DXGI,0,0,0,Hardware: Legacy Flip,0,27.260021,0.5,18.487,1.0,1.5,18.487
GTAIV.exe,1234,0x0,DXGI,0,0,0,Hardware: Legacy Flip,0,27.276190,0.5,16.169,1.0,1.5,16.169
GTAIV.exe,1234,0x0,DXGI,0,0,0,Hardware: Legacy Flip,0,27.293064,0.5,16.874,1.0,1.5,16.874
GTAIV.exe,1234,0x0,DXGI,0,0,0,Hardware: Legacy Flip,0,27.309994,0.5,16.930,1.0,1.5,16.930
GTAIV.exe,1234,0x0,DXGI,0,0,0,Hardware: Legacy Flip,0,27.326499,0.5,16.505,1.0,1.5,16.505
GTAIV.exe,1234,0x0,DXGI,0,0,0,Hardware: Legacy Flip,0,27.342514,0.5,16.016,1.0,1.5,16.016
GTAIV.exe,1234,0x0,DXGI,0,0,0,Hardware: Legacy Flip,0,27.359601,0.5,17.087,1.0,1.5,17.087
GTAIV.exe,1234,0x0,DXGI,0,0,0,Hardware: Legacy Flip,0,27.378280,0.5,18.679,1.0,1.5,18.679
GTAIV.exe,1234,0x0,DXGI,0,0,0,Hardware: Legacy Flip,0,27.394286,0.5,16.005,1.0,1.5,16.005
GTAIV.exe,1234,0x0,DXGI,0,0,0,Hardware: Legacy Flip,0,27.408367,0.5,14.081,1.0,1.5,14.081
GTAIV.exe,1234,0x0,DXGI,0,0,0,Hardware: Legacy Flip,0,27.424662,0.5,16.296,1.0,1.5,16.296
GTAIV.exe,1234,0x0,DXGI,0,0,0,Hardware: Legacy Flip,0,27.442889,0.5,18.227,1.0,1.5,18.227
GTAIV.exe,1234,0x0,DXGI,0,0,0,Hardware: Legacy Flip,0,27.458905,0.5,16.016,1.0,1.5,16.016
GTAIV.exe,1234,0x0,DXGI,0,0,0,Hardware: Legacy Flip,0,27.475642,0.5,16.737,1.0,1.5,16.737
GTAIV.exe,1234,0x0,DXGI,0,0,0,Hardware: Legacy Flip,0,27.491229,0.5,15.587,1.0,1.5,15.587
GTAIV.exe,1234,0x0,DXGI,0,0,0,Hardware: Legacy Flip,0,27.506063,0.5,14.834,1.0,1.5,14.834
GTAIV.exe,1234,0x0,DXGI,0,0,0,Hardware: Legacy Flip,0,27.522996,0.5,16.932,1.0,1.5,16.932
GTAIV.exe,1234,0x0,DXGI,0,0,0,Hardware: Legacy Flip,0,27.538878,0.5,15.882,1.0,1.5,15.882
GTAIV.exe,1234,0x0,DXGI,0,0,0,Hardware: Legacy Flip,0,27.556703,0.5,17.825,1.0,1.5,17.825
GTAIV.exe,1234,0x0,DXGI,0,0,0,Hardware: Legacy Flip,0,27.571668,0.5,14.965,1.0,1.5,14.965
GTAIV.exe,1234,0x0,DXGI,0,0,0,Hardware: Legacy Flip,0,27.589924,0.5,18.256,1.0,1.5,18.256
GTAIV.exe,1234,0x0,DXGI,0,0,0,Hardware: Legacy Flip,0,27.604859,0.5,14.934,1.0,1.5,14.934
GTAIV.exe,1234,0x0,DXGI,0,0,0,Hardware: Legacy Flip,0,27.622189,0.5,17.331,1.0,1.5,17.331
GTAIV.exe,1234,0x0,DXGI,0,0,0,Hardware: Legacy Flip,0,27.638424,0.5,16.235,1.0,1.5,16.235
GTAIV.exe,1234,0x0,DXGI,0,0,0,Hardware: Legacy Flip,0,27.655257,0.5,16.833,1.0,1.5,16.833
GTAIV.exe,1234,0x0,DXGI,0,0,0,Hardware: Legacy Flip,0,27.672206,0.5,16.949,1.0,1.5,16.949
GTAIV.exe,1234,0x0,DXGI,0,0,0,Hardware: Legacy Flip,0,27.687982,0.5,15.776,1.0,1.5,15.776
GTAIV.exe,1234,0x0,DXGI,0,0,0,Hardware: Legacy Flip,0,27.705287,0.5,17.305,1.0,1.5,17.305
GTAIV.exe,1234,0x0,DXGI,0,0,0,Hardware: Legacy Flip,0,27.721336,0.5,16.049,1.0,1.5,16.049
GTAIV.exe,1234,0x0,DXGI,0,0,0,Hardware: Legacy Flip,0,27.735900,0.5,14.564,1.0,1.5,14.564
GTAIV.exe,1234,0x0,DXGI,0,0,0,Hardware: Legacy Flip,0,27.752657,0.5,16.756,1.0,1.5,16.756
GTAIV.exe,1234,0x0,DXGI,0,0,0,Hardware: Legacy Flip,0,27.768759,0.5,16.102,1.0,1.5,16.102
GTAIV.exe,1234,0x0,DXGI,0,0,0,Hardware: Legacy Flip,0,27.783641,0.5,14.882,1.0,1.5,14.882
GTAIV.exe,1234,0x0,DXGI,0,0,0,Hardware: Legacy Flip,0,27.799712,0.5,16.071,1.0,1.5,16.071
GTAIV.exe,1234,0x0,DXGI,0,0,0,Hardware: Legacy Flip,0,27.813743,0.5,14.031,1.0,1.5,14.031
GTAIV.exe,1234,0x0,DXGI,0,0,0,Hardware: Legacy Flip,0,27.831163,0.5,17.420,1.0,1.5,17.420
GTAIV.exe,1234,0x0,DXGI,0,0,0,Hardware: Legacy Flip,0,27.849096,0.5,17.933,1.0,1.5,17.933
GTAIV.exe,1234,0x0,DXGI,0,0,0,Hardware: Legacy Flip,0,27.865158,0.5,16.062,1.0,1.5,16.062
GTAIV.exe,1234,0x0,DXGI,0,0,0,Hardware: Legacy Flip,0,27.883120,0.5,17.962,1.0,1.5,17.962
GTAIV.exe,1234,0x0,DXGI,0,0,0,Hardware: Legacy Flip,0,27.897430,0.5,14.310,1.0,1.5,14.310
GTAIV.exe,1234,0x0,DXGI,0,0,0,Hardware: Legacy Flip,0,27.916134,0.5,18.703,1.0,1.5,18.703
GTAIV.exe,1234,0x0,DXGI,0,0,0,Hardware: Legacy Flip,0,27.932825,0.5,16.691,1.0,1.5,16.691
GTAIV.exe,1234,0x0,DXGI,0,0,0,Hardware: Legacy Flip,0,27.948972,0.5,16.147,1.0,1.5,16.147
GTAIV.exe,1234,0x0,DXGI,0,0,0,Hardware: Legacy Flip,0,27.966338,0.5,17.366,1.0,1.5,17.366
GTAIV.exe,1234,0x0,DXGI,0,0,0,Hardware: Legacy Flip,0,27.982402,0.5,16.064,1.0,1.5,16.064
GTAIV.exe,1234,0x0,DXGI,0,0,0,Hardware: Legacy Flip,0,27.997627,0.5,15.225,1.0,1.5,15.225
GTAIV.exe,1234,0x0,DXGI,0,0,0,Hardware: Legacy Flip,0,28.014698,0.5,17.071,1.0,1.5,17.071
GTAIV.exe,1234,0x0,DXGI,0,0,0,Hardware: Legacy Flip,0,28.031482,0.5,16.785,1.0,1.5,16.785
GTAIV.exe,1234,0x0,DXGI,0,0,0,Hardware: Legacy Flip,0,28.047482,0.5,15.999,1.0,1.5,15.999
GTAIV.exe,1234,0x0,DXGI,0,0,0,Hardware: Legacy Flip,0,28.063940,0.5,16.459,1.0,1.5,16.459
GTAIV.exe,1234,0x0,DXGI,0,0,0,Hardware: Legacy Flip,0,28.081192,0.5,17.252,1.0,1.5,17.252
GTAIV.exe,1234,0x0,DXGI,0,0,0,Hardware: Legacy Flip,0,28.098772,0.5,17.580,1.0,1.5,17.580
GTAIV.exe,1234,0x0,DXGI,0,0,0,Hardware: Legacy Flip,0,28.116078,0.5,17.306,1.0,1.5,17.306
GTAIV.exe,1234,0x0,DXGI,0,0,0,Hardware: Legacy Flip,0,28.131890,0.5,15.812,1.0,1.5,15.812
GTAIV.exe,1234,0x0,DXGI,0,0,0,Hardware: Legacy Flip,0,28.148948,0.5,17.058,1.0,1.5,17.058
GTAIV.exe,1234,0x0,DXGI,0,0,0,Hardware: Legacy Flip,0,28.165041,0.5,16.092,1.0,1.5,16.092
GTAIV.exe,1234,0x0,DXGI,0,0,0,Hardware: Legacy Flip,0,28.181339,0.5,16.299,1.0,1.5,16.299
GTAIV.exe,1234,0x0,DXGI,0,0,0,Hardware: Legacy Flip,0,28.197629,0.5,16.290,1.0,1.5,16.290
GTAIV.exe,1234,0x0,DXGI,0,0,0,Hardware: Legacy Flip,0,28.216152,0.5,18.523,1.0,1.5,18.523
GTAIV.exe,1234,0x0,DXGI,0,0,0,Hardware: Legacy Flip,0,28.232221,0.5,16.069,1.0,1.5,16.069
GTAIV.exe,1234,0x0,DXGI,0,0,0,Hardware: Legacy Flip,0,28.250340,0.5,18.119,1.0,1.5,18.119
GTAIV.exe,1234,0x0,DXGI,0,0,0,Hardware: Legacy Flip,0,28.267048,0.5,16.708,1.0,1.5,16.708
GTAIV.exe,1234,0x0,DXGI,0,0,0,Hardware: Legacy Flip,0,28.282454,0.5,15.406,1.0,1.5,15.406
GTAIV.exe,1234,0x0,DXGI,0,0,0,Hardware: Legacy Flip,0,28.298315,0.5,15.862,1.0,1.5,15.862
GTAIV.exe,1234,0x0,DXGI,0,0,0,Hardware: Legacy Flip,0,28.314528,0.5,16.212,1.0,1.5,16.212
GTAIV.exe,1234,0x0,DXGI,0,0,0,Hardware: Legacy Flip,0,28.330794,0.5,16.266,1.0,1.5,16.266
GTAIV.exe,1234,0x0,DXGI,0,0,0,Hardware: Legacy Flip,0,28.347813,0.5,17.018,1.0,1.5,17.018
GTAIV.exe,1234,0x0,DXGI,0,0,0,Hardware: Legacy Flip,0,28.364354,0.5,16.541,1.0,1.5,16.541
GTAIV.exe,1234,0x0,DXGI,0,0,0,Hardware: Legacy Flip,0,28.380895,0.5,16.541,1.0,1.5,16.541
GTAIV.exe,1234,0x0,DXGI,0,0,0,Hardware: Legacy Flip,0,28.396433,0.5,15.537,1.0,1.5,15.537
GTAIV.exe,1234,0x0,DXGI,0,0,0,Hardware: Legacy Flip,0,28.413271,0.5,16.838,1.0,1.5,16.838
GTAIV.exe,1234,0x0,DXGI,0,0,0,Hardware: Legacy Flip,0,28.430866,0.5,17.595,1.0,1.5,17.595
GTAIV.exe,1234,0x0,DXGI,0,0,0,Hardware: Legacy Flip,0,28.447609,0.5,16.742,1.0,1.5,16.742
GTAIV.exe,1234,0x0,DXGI,0,0,0,Hardware: Legacy Flip,0,28.465027,0.5,17.418,1.0,1.5,17.418
GTAIV.exe,1234,0x0,DXGI,0,0,0,Hardware: Legacy Flip,0,28.481707,0.5,16.680,1.0,1.5,16.680
GTAIV.exe,1234,0x0,DXGI,0,0,0,Hardware: Legacy Flip,0,28.499684,0.5,17.977,1.0,1.5,17.977
GTAIV.exe,1234,0x0,DXGI,0,0,0,Hardware: Legacy Flip,0,28.515553,0.5,15.869,1.0,1.5,15.869
GTAIV.exe,1234,0x0,DXGI,0,0,0,Hardware: Legacy Flip,0,28.532075,0.5,16.522,1.0,1.5,16.522
GTAIV.exe,1234,0x0,DXGI,0,0,0,Hardware: Legacy Flip,0,28.550340,0.5,18.265,1.0,1.5,18.265
GTAIV.exe,1234,0x0,DXGI,0,0,0,Hardware: Legacy Flip,0,28.567454,0.5,17.114,1.0,1.5,17.114
GTAIV.exe,1234,0x0,DXGI,0,0,0,Hardware: Legacy Flip,0,28.583312,0.5,15.858,1.0,1.5,15.858
GTAIV.exe,1234,0x0,DXGI,0,0,0,Hardware: Legacy Flip,0,28.600435,0.5,17.123,1.0,1.5,17.123
GTAIV.exe,1234,0x0,DXGI,0,0,0,Hardware: Legacy Flip,0,28.616227,0.5,15.793,1.0,1.5,15.793
GTAIV.exe,1234,0x0,DXGI,0,0,0,Hardware: Legacy Flip,0,28.632980,0.5,16.752,1.0,1.5,16.752
GTAIV.exe,1234,0x0,DXGI,0,0,0,Hardware: Legacy Flip,0,28.649803,0.5,16.823,1.0,1.5,16.823
GTAIV.exe,1234,0x0,DXGI,0,0,0,Hardware: Legacy Flip,0,28.667018,0.5,17.215,1.0,1.5,17.215
GTAIV.exe,1234,0x0,DXGI,0,0,0,Hardware: Legacy Flip,0,28.681460,0.5,14.442,1.0,1.5,14.442
GTAIV.exe,1234,0x0,DXGI,0,0,0,Hardware: Legacy Flip,0,28.697399,0.5,15.940,1.0,1.5,15.940
GTAIV.exe,1234,0x0,DXGI,0,0,0,Hardware: Legacy Flip,0,28.715653,0.5,18.253,1.0,1.5,18.253
GTAIV.exe,1234,0x0,DXGI,0,0,0,Hardware: Legacy Flip,0,28.730913,0.5,15.260,1.0,1.5,15.260
GTAIV.exe,1234,0x0,DXGI,0,0,0,Hardware: Legacy Flip,0,28.747901,0.5,16.988,1.0,1.5,16.988
GTAIV.exe,1234,0x0,DXGI,0,0,0,Hardware: Legacy Flip,0,28.765325,0.5,17.424,1.0,1.5,17.424
GTAIV.exe,1234,0x0,DXGI,0,0,0,Hardware: Legacy Flip,0,28.782148,0.5,16.824,1.0,1.5,16.824
GTAIV.exe,1234,0x0,DXGI,0,0,0,Hardware: Legacy Flip,0,28.796804,0.5,14.656,1.0,1.5,14.656
GTAIV.exe,1234,0x0,DXGI,0,0,0,Hardware: Legacy Flip,0,28.814542,0.5,17.738,1.0,1.5,17.738
GTAIV.exe,1234,0x0,DXGI,0,0,0,Hardware: Legacy Flip,0,28.831064,0.5,16.522,1.0,1.5,16.522
GTAIV.exe,1234,0x0,DXGI,0,0,0,Hardware: Legacy Flip,0,28.849660,0.5,18.596,1.0,1.5,18.596
GTAIV.exe,1234,0x0,DXGI,0,0,0,Hardware: Legacy Flip,0,28.865452,0.5,15.792,1.0,1.5,15.792
GTAIV.exe,1234,0x0,DXGI,0,0,0,Hardware: Legacy Flip,0,28.879377,0.5,13.925,1.0,1.5,13.925
GTAIV.exe,1234,0x0,DXGI,0,0,0,Hardware: Legacy Flip,0,28.896728,0.5,17.351,1.0,1.5,17.351
GTAIV.exe,1234,0x0,DXGI,0,0,0,Hardware: Legacy Flip,0,28.914261,0.5,17.533,1.0,1.5,17.533
GTAIV.exe,1234,0x0,DXGI,0,0,0,Hardware: Legacy Flip,0,28.930711,0.5,16.450,1.0,1.5,16.450
GTAIV.exe,1234,0x0,DXGI,0,0,0,Hardware: Legacy Flip,0,28.945069,0.5,14.358,1.0,1.5,14.358
GTAIV.exe,1234,0x0,DXGI,0,0,0,Hardware: Legacy Flip,0,28.960731,0.5,15.663,1.0,1.5,15.663
GTAIV.exe,1234,0x0,DXGI,0,0,0,Hardware: Legacy Flip,0,28.976670,0.5,15.938,1.0,1.5,15.938
GTAIV.exe,1234,0x0,DXGI,0,0,0,Hardware: Legacy Flip,0,28.992675,0.5,16.006,1.0,1.5,16.006
GTAIV.exe,1234,0x0,DXGI,0,0,0,Hardware: Legacy Flip,0,29.010699,0.5,18.024,1.0,1.5,18.024
GTAIV.exe,1234,0x0,DXGI,0,0,0,Hardware: Legacy Flip,0,29.027675,0.5,16.975,1.0,1.5,16.975
GTAIV.exe,1234,0x0,DXGI,0,0,0,Hardware: Legacy Flip,0,29.046180,0.5,18.505,1.0,1.5,18.505
GTAIV.exe,1234,0x0,DXGI,0,0,0,Hardware: Legacy Flip,0,29.062673,0.5,16.494,1.0,1.5,16.494
GTAIV.exe,1234,0x0,DXGI,0,0,0,Hardware: Legacy Flip,0,29.078812,0.5,16.139,1.0,1.5,16.139
GTAIV.exe,1234,0x0,DXGI,0,0,0,Hardware: Legacy Flip,0,29.096595,0.5,17.783,1.0,1.5,17.783
GTAIV.exe,1234,0x0,DXGI,0,0,0,Hardware: Legacy Flip,0,29.115584,0.5,18.989,1.0,1.5,18.989
GTAIV.exe,1234,0x0,DXGI,0,0,0,Hardware: Legacy Flip,0,29.132062,0.5,16.478,1.0,1.5,16.478
GTAIV.exe,1234,0x0,DXGI,0,0,0,Hardware: Legacy Flip,0,29.149548,0.5,17.486,1.0,1.5,17.486
GTAIV.exe,1234,0x0,DXGI,0,0,0,Hardware: Legacy Flip,0,29.166039,0.5,16.492,1.0,1.5,16.492
GTAIV.exe,1234,0x0,DXGI,0,0,0,Hardware: Legacy Flip,0,29.182347,0.5,16.308,1.0,1.5,16.308
GTAIV.exe,1234,0x0,DXGI,0,0,0,Hardware: Legacy Flip,0,29.200468,0.5,18.121,1.0,1.5,18.121
GTAIV.exe,1234,0x0,DXGI,0,0,0,Hardware: Legacy Flip,0,29.217435,0.5,16.967,1.0,1.5,16.967
GTAIV.exe,1234,0x0,DXGI,0,0,0,Hardware: Legacy Flip,0,29.234568,0.5,17.134,1.0,1.5,17.134
GTAIV.exe,1234,0x0,DXGI,0,0,0,Hardware: Legacy Flip,0,29.252864,0.5,18.295,1.0,1.5,18.295
GTAIV.exe,1234,0x0,DXGI,0,0,0,Hardware: Legacy Flip,0,29.268953,0.5,16.089,1.0,1.5,16.089
GTAIV.exe,1234,0x0,DXGI,0,0,0,Hardware: Legacy Flip,0,29.285850,0.5,16.897,1.0,1.5,16.897
GTAIV.exe,1234,0x0,DXGI,0,0,0,Hardware: Legacy Flip,0,29.303087,0.5,17.237,1.0,1.5,17.237
GTAIV.exe,1234,0x0,DXGI,0,0,0,Hardware: Legacy Flip,0,29.319501,0.5,16.414,1.0,1.5,16.414
GTAIV.exe,1234,0x0,DXGI,0,0,0,Hardware: Legacy Flip,0,29.336709,0.5,17.208,1.0,1.5,17.208
GTAIV.exe,1234,0x0,DXGI,0,0,0,Hardware: Legacy Flip,0,29.353248,0.5,16.539,1.0,1.5,16.539
GTAIV.exe,1234,0x0,DXGI,0,0,0,Hardware: Legacy Flip,0,29.370942,0.5,17.694,1.0,1.5,17.694
GTAIV.exe,1234,0x0,DXGI,0,0,0,Hardware: Legacy Flip,0,29.388346,0.5,17.404,1.0,1.5,17.404
GTAIV.exe,1234,0x0,DXGI,0,0,0,Hardware: Legacy Flip,0,29.403891,0.5,15.545,1.0,1.5,15.545
GTAIV.exe,1234,0x0,DXGI,0,0,0,Hardware: Legacy Flip,0,29.421242,0.5,17.352,1.0,1.5,17.352
GTAIV.exe,1234,0x0,DXGI,0,0,0,Hardware: Legacy Flip,0,29.435924,0.5,14.681,1.0,1.5,14.681
GTAIV.exe,1234,0x0,DXGI,0,0,0,Hardware: Legacy Flip,0,29.451750,0.5,15.826,1.0,1.5,15.826
GTAIV.exe,1234,0x0,DXGI,0,0,0,Hardware: Legacy Flip,0,29.469267,0.5,17.517,1.0,1.5,17.517
GTAIV.exe,1234,0x0,DXGI,0,0,0,Hardware: Legacy Flip,0,29.487373,0.5,18.106,1.0,1.5,18.106
GTAIV.exe,1234,0x0,DXGI,0,0,0,Hardware: Legacy Flip,0,29.501874,0.5,14.501,1.0,1.5,14.501
GTAIV.exe,1234,0x0,DXGI,0,0,0,Hardware: Legacy Flip,0,29.518104,0.5,16.231,1.0,1.5,16.231
GTAIV.exe,1234,0x0,DXGI,0,0,0,Hardware: Legacy Flip,0,29.535088,0.5,16.984,1.0,1.5,16.984
GTAIV.exe,1234,0x0,DXGI,0,0,0,Hardware: Legacy Flip,0,29.552608,0.5,17.520,1.0,1.5,17.520
GTAIV.exe,1234,0x0,DXGI,0,0,0,Hardware: Legacy Flip,0,29.570398,0.5,17.790,1.0,1.5,17.790
GTAIV.exe,1234,0x0,DXGI,0,0,0,Hardware: Legacy Flip,0,29.588290,0.5,17.892,1.0,1.5,17.892
GTAIV.exe,1234,0x0,DXGI,0,0,0,Hardware: Legacy Flip,0,29.606662,0.5,18.372,1.0,1.5,18.372
GTAIV.exe,1234,0x0,DXGI,0,0,0,Hardware: Legacy Flip,0,29.622426,0.5,15.764,1.0,1.5,15.764
GTAIV.exe,1234,0x0,DXGI,0,0,0,Hardware: Legacy Flip,0,29.638073,0.5,15.647,1.0,1.5,15.647
GTAIV.exe,1234,0x0,DXGI,0,0,0,Hardware: Legacy Flip,0,29.656190,0.5,18.117,1.0,1.5,18.117
GTAIV.exe,1234,0x0,DXGI,0,0,0,Hardware: Legacy Flip,0,29.673063,0.5,16.873,1.0,1.5,16.873
GTAIV.exe,1234,0x0,DXGI,0,0,0,Hardware: Legacy Flip,0,29.691047,0.5,17.984,1.0,1.5,17.984
GTAIV.exe,1234,0x0,DXGI,0,0,0,Hardware: Legacy Flip,0,29.707546,0.5,16.499,1.0,1.5,16.499
GTAIV.exe,1234,0x0,DXGI,0,0,0,Hardware: Legacy Flip,0,29.724837,0.5,17.291,1.0,1.5,17.291
GTAIV.exe,1234,0x0,DXGI,0,0,0,Hardware: Legacy Flip,0,29.740495,0.5,15.658,1.0,1.5,15.658
GTAIV.exe,1234,0x0,DXGI,0,0,0,Hardware: Legacy Flip,0,29.758345,0.5,17.851,1.0,1.5,17.851
GTAIV.exe,1234,0x0,DXGI,0,0,0,Hardware: Legacy Flip,0,29.776769,0.5,18.424,1.0,1.5,18.424
GTAIV.exe,1234,0x0,DXGI,0,0,0,Hardware: Legacy Flip,0,29.792836,0.5,16.066,1.0,1.5,16.066
GTAIV.exe,1234,0x0,DXGI,0,0,0,Hardware: Legacy Flip,0,29.808963,0.5,16.127,1.0,1.5,16.127
GTAIV.exe,1234,0x0,DXGI,0,0,0,Hardware: Legacy Flip,0,29.825575,0.5,16.611,1.0,1.5,16.611
GTAIV.exe,1234,0x0,DXGI,0,0,0,Hardware: Legacy Flip,0,29.843165,0.5,17.590,1.0,1.5,17.590
GTAIV.exe,1234,0x0,DXGI,0,0,0,Hardware: Legacy Flip,0,29.858683,0.5,15.518,1.0,1.5,15.518
GTAIV.exe,1234,0x0,DXGI,0,0,0,Hardware: Legacy Flip,0,29.876237,0.5,17.554,1.0,1.5,17.554
GTAIV.exe,1234,0x0,DXGI,0,0,0,Hardware: Legacy Flip,0,29.891809,0.5,15.572,1.0,1.5,15.572
GTAIV.exe,1234,0x0,DXGI,0,0,0,Hardware: Legacy Flip,0,29.907323,0.5,15.514,1.0,1.5,15.514
GTAIV.exe,1234,0x0,DXGI,0,0,0,Hardware: Legacy Flip,0,29.923548,0.5,16.225,1.0,1.5,16.225
GTAIV.exe,1234,0x0,DXGI,0,0,0,Hardware: Legacy Flip,0,29.940504,0.5,16.956,1.0,1.5,16.956
GTAIV.exe,1234,0x0,DXGI,0,0,0,Hardware: Legacy Flip,0,29.956649,0.5,16.145,1.0,1.5,16.145
GTAIV.exe,1234,0x0,DXGI,0,0,0,Hardware: Legacy Flip,0,29.972621,0.5,15.972,1.0,1.5,15.972
GTAIV.exe,1234,0x0,DXGI,0,0,0,Hardware: Legacy Flip,0,29.989436,0.5,16.815,1.0,1.5,16.815
GTAIV.exe,1234,0x0,DXGI,0,0,0,Hardware: Legacy Flip,0,30.007030,0.5,17.594,1.0,1.5,17.594
GTAIV.exe,1234,0x0,DXGI,0,0,0,Hardware: Legacy Flip,0,30.023775,0.5,16.744,1.0,1.5,16.744
GTAIV.exe,1234,0x0,DXGI,0,0,0,Hardware: Legacy Flip,0,30.040283,0.5,16.509,1.0,1.5,16.509
GTAIV.exe,1234,0x0,DXGI,0,0,0,Hardware: Legacy Flip,0,30.056763,0.5,16.480,1.0,1.5,16.480
GTAIV.exe,1234,0x0,DXGI,0,0,0,Hardware: Legacy Flip,0,30.071855,0.5,15.091,1.0,1.5,15.091
GTAIV.exe,1234,0x0,DXGI,0,0,0,Hardware: Legacy Flip,0,30.090984,0.5,19.130,1.0,1.5,19.130
GTAIV.exe,1234,0x0,DXGI,0,0,0,Hardware: Legacy Flip,0,30.108042,0.5,17.057,1.0,1.5,17.057
GTAIV.exe,1234,0x0,DXGI,0,0,0,Hardware: Legacy Flip,0,30.124123,0.5,16.081,1.0,1.5,16.081
GTAIV.exe,1234,0x0,DXGI,0,0,0,Hardware: Legacy Flip,0,30.141304,0.5,17.181,1.0,1.5,17.181
GTAIV.exe,1234,0x0,DXGI,0,0,0,Hardware: Legacy Flip,0,30.160856,0.5,19.551,1.0,1.5,19.551
GTAIV.exe,1234,0x0,DXGI,0,0,0,Hardware: Legacy Flip,0,30.176727,0.5,15.871,1.0,1.5,15.871
GTAIV.exe,1234,0x0,DXGI,0,0,0,Hardware: Legacy Flip,0,30.192180,0.5,15.453,1.0,1.5,15.453
GTAIV.exe,1234,0x0,DXGI,0,0,0,Hardware: Legacy Flip,0,30.207984,0.5,15.804,1.0,1.5,15.804
GTAIV.exe,1234,0x0,DXGI,0,0,0,Hardware: Legacy Flip,0,30.225310,0.5,17.325,1.0,1.5,17.325
GTAIV.exe,1234,0x0,DXGI,0,0,0,Hardware: Legacy Flip,0,30.241476,0.5,16.166,1.0,1.5,16.166
GTAIV.exe,1234,0x0,DXGI,0,0,0,Hardware: Legacy Flip,0,30.257012,0.5,15.537,1.0,1.5,15.537
GTAIV.exe,1234,0x0,DXGI,0,0,0,Hardware: Legacy Flip,0,30.272205,0.5,15.192,1.0,1.5,15.192
GTAIV.exe,1234,0x0,DXGI,0,0,0,Hardware: Legacy Flip,0,30.288132,0.5,15.927,1.0,1.5,15.927
GTAIV.exe,1234,0x0,DXGI,0,0,0,Hardware: Legacy Flip,0,30.305291,0.5,17.159,1.0,1.5,17.159
GTAIV.exe,1234,0x0,DXGI,0,0,0,Hardware: Legacy Flip,0,30.321740,0.5,16.449,1.0,1.5,16.449
GTAIV.exe,1234,0x0,DXGI,0,0,0,Hardware: Legacy Flip,0,30.339377,0.5,17.637,1.0,1.5,17.637
GTAIV.exe,1234,0x0,DXGI,0,0,0,Hardware: Legacy Flip,0,30.354890,0.5,15.513,1.0,1.5,15.513
GTAIV.exe,1234,0x0,DXGI,0,0,0,Hardware: Legacy Flip,0,30.372407,0.5,17.517,1.0,1.5,17.517
GTAIV.exe,1234,0x0,DXGI,0,0,0,Hardware: Legacy Flip,0,30.388895,0.5,16.488,1.0,1.5,16.488
GTAIV.exe,1234,0x0,DXGI,0,0,0,Hardware: Legacy Flip,0,30.406855,0.5,17.960,1.0,1.5,17.960
GTAIV.exe,1234,0x0,DXGI,0,0,0,Hardware: Legacy Flip,0,30.424614,0.5,17.759,1.0,1.5,17.759
GTAIV.exe,1234,0x0,DXGI,0,0,0,Hardware: Legacy Flip,0,30.440965,0.5,16.351,1.0,1.5,16.351
GTAIV.exe,1234,0x0,DXGI,0,0,0,Hardware: Legacy Flip,0,30.457242,0.5,16.277,1.0,1.5,16.277
GTAIV.exe,1234,0x0,DXGI,0,0,0,Hardware: Legacy Flip,0,30.472172,0.5,14.930,1.0,1.5,14.930
GTAIV.exe,1234,0x0,DXGI,0,0,0,Hardware: Legacy Flip,0,30.487409,0.5,15.237,1.0,1.5,15.237
GTAIV.exe,1234,0x0,DXGI,0,0,0,Hardware: Legacy Flip,0,30.504362,0.5,16.954,1.0,1.5,16.954
GTAIV.exe,1234,0x0,DXGI,0,0,0,Hardware: Legacy Flip,0,30.519441,0.5,15.079,1.0,1.5,15.079
GTAIV.exe,1234,0x0,DXGI,0,0,0,Hardware: Legacy Flip,0,30.536320,0.5,16.878,1.0,1.5,16.878
GTAIV.exe,1234,0x0,DXGI,0,0,0,Hardware: Legacy Flip,0,30.553401,0.5,17.081,1.0,1.5,17.081
GTAIV.exe,1234,0x0,DXGI,0,0,0,Hardware: Legacy Flip,0,30.572272,0.5,18.871,1.0,1.5,18.871
GTAIV.exe,1234,0x0,DXGI,0,0,0,Hardware: Legacy Flip,0,30.587947,0.5,15.675,1.0,1.5,15.675
GTAIV.exe,1234,0x0,DXGI,0,0,0,Hardware: Legacy Flip,0,30.606176,0.5,18.229,1.0,1.5,18.229
GTAIV.exe,1234,0x0,DXGI,0,0,0,Hardware: Legacy Flip,0,30.624284,0.5,18.109,1.0,1.5,18.109
GTAIV.exe,1234,0x0,DXGI,0,0,0,Hardware: Legacy Flip,0,30.640808,0.5,16.523,1.0,1.5,16.523
GTAIV.exe,1234,0x0,DXGI,0,0,0,Hardware: Legacy Flip,0,30.658861,0.5,18.054,1.0,1.5,18.054
GTAIV.exe,1234,0x0,DXGI,0,0,0,Hardware: Legacy Flip,0,30.676002,0.5,17.140,1.0,1.5,17.140
GTAIV.exe,1234,0x0,DXGI,0,0,0,Hardware: Legacy Flip,0,30.691490,0.5,15.488,1.0,1.5,15.488
GTAIV.exe,1234,0x0,DXGI,0,0,0,Hardware: Legacy Flip,0,30.708311,0.5,16.821,1.0,1.5,16.821
GTAIV.exe,1234,0x0,DXGI,0,0,0,Hardware: Legacy Flip,0,30.724712,0.5,16.401,1.0,1.5,16.401
GTAIV.exe,1234,0x0,DXGI,0,0,0,Hardware: Legacy Flip,0,30.741027,0.5,16.315,1.0,1.5,16.315
GTAIV.exe,1234,0x0,DXGI,0,0,0,Hardware: Legacy Flip,0,30.756516,0.5,15.489,1.0,1.5,15.489
GTAIV.exe,1234,0x0,DXGI,0,0,0,Hardware: Legacy Flip,0,30.773327,0.5,16.811,1.0,1.5,16.811
GTAIV.exe,1234,0x0,DXGI,0,0,0,Hardware: Legacy Flip,0,30.788845,0.5,15.518,1.0,1.5,15.518
GTAIV.exe,1234,0x0,DXGI,0,0,0,Hardware: Legacy Flip,0,30.807422,0.5,18.577,1.0,1.5,18.577
GTAIV.exe,1234,0x0,DXGI,0,0,0,Hardware: Legacy Flip,0,30.825929,0.5,18.507,1.0,1.5,18.507
GTAIV.exe,1234,0x0,DXGI,0,0,0,Hardware: Legacy Flip,0,30.842170,0.5,16.241,1.0,1.5,16.241
GTAIV.exe,1234,0x0,DXGI,0,0,0,Hardware: Legacy Flip,0,30.858321,0.5,16.151,1.0,1.5,16.151
GTAIV.exe,1234,0x0,DXGI,0,0,0,Hardware: Legacy Flip,0,30.874639,0.5,16.317,1.0,1.5,16.317
GTAIV.exe,1234,0x0,DXGI,0,0,0,Hardware: Legacy Flip,0,30.891510,0.5,16.871,1.0,1.5,16.871
GTAIV.exe,1234,0x0,DXGI,0,0,0,Hardware: Legacy Flip,0,30.907978,0.5,16.468,1.0,1.5,16.468
GTAIV.exe,1234,0x0,DXGI,0,0,0,Hardware: Legacy Flip,0,30.924895,0.5,16.916,1.0,1.5,16.916
GTAIV.exe,1234,0x0,DXGI,0,0,0,Hardware: Legacy Flip,0,30.940624,0.5,15.730,1.0,1.5,15.730
GTAIV.exe,1234,0x0,DXGI,0,0,0,Hardware: Legacy Flip,0,30.956864,0.5,16.239,1.0,1.5,16.239
GTAIV.exe,1234,0x0,DXGI,0,0,0,Hardware: Legacy Flip,0,30.971642,0.5,14.778,1.0,1.5,14.778
GTAIV.exe,1234,0x0,DXGI,0,0,0,Hardware: Legacy Flip,0,30.986880,0.5,15.238,1.0,1.5,15.238
GTAIV.exe,1234,0x0,DXGI,0,0,0,Hardware: Legacy Flip,0,31.001898,0.5,15.018,1.0,1.5,15.018
GTAIV.exe,1234,0x0,DXGI,0,0,0,Hardware: Legacy Flip,0,31.017801,0.5,15.903,1.0,1.5,15.903
GTAIV.exe,1234,0x0,DXGI,0,0,0,Hardware: Legacy Flip,0,31.033690,0.5,15.888,1.0,1.5,15.888
GTAIV.exe,1234,0x0,DXGI,0,0,0,Hardware: Legacy Flip,0,31.050324,0.5,16.634,1.0,1.5,16.634
GTAIV.exe,1234,0x0,DXGI,0,0,0,Hardware: Legacy Flip,0,31.067844,0.5,17.520,1.0,1.5,17.520
GTAIV.exe,1234,0x0,DXGI,0,0,0,Hardware: Legacy Flip,0,31.086048,0.5,18.203,1.0,1.5,18.203
GTAIV.exe,1234,0x0,DXGI,0,0,0,Hardware: Legacy Flip,0,31.103737,0.5,17.689,1.0,1.5,17.689
GTAIV.exe,1234,0x0,DXGI,0,0,0,Hardware: Legacy Flip,0,31.122394,0.5,18.658,1.0,1.5,18.658
GTAIV.exe,1234,0x0,DXGI,0,0,0,Hardware: Legacy Flip,0,31.139338,0.5,16.943,1.0,1.5,16.943
GTAIV.exe,1234,0x0,DXGI,0,0,0,Hardware: Legacy Flip,0,31.156113,0.5,16.776,1.0,1.5,16.776
GTAIV.exe,1234,0x0,DXGI,0,0,0,Hardware: Legacy Flip,0,31.172248,0.5,16.135,1.0,1.5,16.135
GTAIV.exe,1234,0x0,DXGI,0,0,0,Hardware: Legacy Flip,0,31.188532,0.5,16.284,1.0,1.5,16.284
GTAIV.exe,1234,0x0,DXGI,0,0,0,Hardware: Legacy Flip,0,31.204026,0.5,15.493,1.0,1.5,15.493
GTAIV.exe,1234,0x0,DXGI,0,0,0,Hardware: Legacy Flip,0,31.220335,0.5,16.309,1.0,1.5,16.309
GTAIV.exe,1234,0x0,DXGI,0,0,0,Hardware: Legacy Flip,0,31.236063,0.5,15.728,1.0,1.5,15.728
GTAIV.exe,1234,0x0,DXGI,0,0,0,Hardware: Legacy Flip,0,31.252961,0.5,16.899,1.0,1.5,16.899
GTAIV.exe,1234,0x0,DXGI,0,0,0,Hardware: Legacy Flip,0,31.269812,0.5,16.850,1.0,1.5,16.850
GTAIV.exe,1234,0x0,DXGI,0,0,0,Hardware: Legacy Flip,0,31.286299,0.5,16.487,1.0,1.5,16.487
GTAIV.exe,1234,0x0,DXGI,0,0,0,Hardware: Legacy Flip,0,31.304398,0.5,18.099,1.0,1.5,18.099
GTAIV.exe,1234,0x0,DXGI,0,0,0,Hardware: Legacy Flip,0,31.322357,0.5,17.958,1.0,1.5,17.958
GTAIV.exe,1234,0x0,DXGI,0,0,0,Hardware: Legacy Flip,0,31.341438,0.5,19.081,1.0,1.5,19.081
GTAIV.exe,1234,0x0,DXGI,0,0,0,Hardware: Legacy Flip,0,31.357962,0.5,16.524,1.0,1.5,16.524
GTAIV.exe,1234,0x0,DXGI,0,0,0,Hardware: Legacy Flip,0,31.374097,0.5,16.135,1.0,1.5,16.135
GTAIV.exe,1234,0x0,DXGI,0,0,0,Hardware: Legacy Flip,0,31.390615,0.5,16.518,1.0,1.5,16.518
GTAIV.exe,1234,0x0,DXGI,0,0,0,Hardware: Legacy Flip,0,31.407266,0.5,16.651,1.0,1.5,16.651
GTAIV.exe,1234,0x0,DXGI,0,0,0,Hardware: Legacy Flip,0,31.423479,0.5,16.213,1.0,1.5,16.213
GTAIV.exe,1234,0x0,DXGI,0,0,0,Hardware: Legacy Flip,0,31.440096,0.5,16.618,1.0,1.5,16.618
GTAIV.exe,1234,0x0,DXGI,0,0,0,Hardware: Legacy Flip,0,31.457687,0.5,17.591,1.0,1.5,17.591
GTAIV.exe,1234,0x0,DXGI,0,0,0,Hardware: Legacy Flip,0,31.472460,0.5,14.772,1.0,1.5,14.772
GTAIV.exe,1234,0x0,DXGI,0,0,0,Hardware: Legacy Flip,0,31.489975,0.5,17.516,1.0,1.5,17.516
GTAIV.exe,1234,0x0,DXGI,0,0,0,Hardware: Legacy Flip,0,31.506460,0.5,16.484,1.0,1.5,16.484
GTAIV.exe,1234,0x0,DXGI,0,0,0,Hardware: Legacy Flip,0,31.522465,0.5,16.005,1.0,1.5,16.005
GTAIV.exe,1234,0x0,DXGI,0,0,0,Hardware: Legacy Flip,0,31.539071,0.5,16.606,1.0,1.5,16.606
GTAIV.exe,1234,0x0,DXGI,0,0,0,Hardware: Legacy Flip,0,31.555387,0.5,16.316,1.0,1.5,16.316
GTAIV.exe,1234,0x0,DXGI,0,0,0,Hardware: Legacy Flip,0,31.573965,0.5,18.578,1.0,1.5,18.578
GTAIV.exe,1234,0x0,DXGI,0,0,0,Hardware: Legacy Flip,0,31.590031,0.5,16.066,1.0,1.5,16.066
GTAIV.exe,1234,0x0,DXGI,0,0,0,Hardware: Legacy Flip,0,31.604804,0.5,14.773,1.0,1.5,14.773
GTAIV.exe,1234,0x0,DXGI,0,0,0,Hardware: Legacy Flip,0,31.620311,0.5,15.508,1.0,1.5,15.508
GTAIV.exe,1234,0x0,DXGI,0,0,0,Hardware: Legacy Flip,0,31.638720,0.5,18.409,1.0,1.5,18.409
GTAIV.exe,1234,0x0,DXGI,0,0,0,Hardware: Legacy Flip,0,31.655739,0.5,17.019,1.0,1.5,17.019
GTAIV.exe,1234,0x0,DXGI,0,0,0,Hardware: Legacy Flip,0,31.674349,0.5,18.611,1.0,1.5,18.611
GTAIV.exe,1234,0x0,DXGI,0,0,0,Hardware: Legacy Flip,0,31.689777,0.5,15.427,1.0,1.5,15.427
GTAIV.exe,1234,0x0,DXGI,0,0,0,Hardware: Legacy Flip,0,31.706696,0.5,16.919,1.0,1.5,16.919
GTAIV.exe,1234,0x0,DXGI,0,0,0,Hardware: Legacy Flip,0,31.722859,0.5,16.164,1.0,1.5,16.164
GTAIV.exe,1234,0x0,DXGI,0,0,0,Hardware: Legacy Flip,0,31.741153,0.5,18.294,1.0,1.5,18.294
GTAIV.exe,1234,0x0,DXGI,0,0,0,Hardware: Legacy Flip,0,31.758013,0.5,16.860,1.0,1.5,16.860
GTAIV.exe,1234,0x0,DXGI,0,0,0,Hardware: Legacy Flip,0,31.775326,0.5,17.313,1.0,1.5,17.313
GTAIV.exe,1234,0x0,DXGI,0,0,0,Hardware: Legacy Flip,0,31.792329,0.5,17.003,1.0,1.5,17.003
GTAIV.exe,1234,0x0,DXGI,0,0,0,Hardware: Legacy Flip,0,31.811209,0.5,18.880,1.0,1.5,18.880
GTAIV.exe,1234,0x0,DXGI,0,0,0,Hardware: Legacy Flip,0,31.829227,0.5,18.018,1.0,1.5,18.018
GTAIV.exe,1234,0x0,DXGI,0,0,0,Hardware: Legacy Flip,0,31.844516,0.5,15.290,1.0,1.5,15.290
GTAIV.exe,1234,0x0,DXGI,0,0,0,Hardware: Legacy Flip,0,31.862191,0.5,17.674,1.0,1.5,17.674
GTAIV.exe,1234,0x0,DXGI,0,0,0,Hardware: Legacy Flip,0,31.878622,0.5,16.431,1.0,1.5,16.431
GTAIV.exe,1234,0x0,DXGI,0,0,0,Hardware: Legacy Flip,0,31.896103,0.5,17.481,1.0,1.5,17.481
GTAIV.exe,1234,0x0,DXGI,0,0,0,Hardware: Legacy Flip,0,31.914018,0.5,17.915,1.0,1.5,17.915
GTAIV.exe,1234,0x0,DXGI,0,0,0,Hardware: Legacy Flip,0,31.932641,0.5,18.624,1.0,1.5,18.624
GTAIV.exe,1234,0x0,DXGI,0,0,0,Hardware: Legacy Flip,0,31.950065,0.5,17.424,1.0,1.5,17.424
GTAIV.exe,1234,0x0,DXGI,0,0,0,Hardware: Legacy Flip,0,31.965263,0.5,15.197,1.0,1.5,15.197
GTAIV.exe,1234,0x0,DXGI,0,0,0,Hardware: Legacy Flip,0,31.979856,0.5,14.593,1.0,1.5,14.593
GTAIV.exe,1234,0x0,DXGI,0,0,0,Hardware: Legacy Flip,0,31.995870,0.5,16.015,1.0,1.5,16.015
GTAIV.exe,1234,0x0,DXGI,0,0,0,Hardware: Legacy Flip,0,32.013356,0.5,17.486,1.0,1.5,17.486
GTAIV.exe,1234,0x0,DXGI,0,0,0,Hardware: Legacy Flip,0,32.029290,0.5,15.934,1.0,1.5,15.934
GTAIV.exe,1234,0x0,DXGI,0,0,0,Hardware: Legacy Flip,0,32.047074,0.5,17.783,1.0,1.5,17.783
GTAIV.exe,1234,0x0,DXGI,0,0,0,Hardware: Legacy Flip,0,32.065364,0.5,18.290,1.0,1.5,18.290
GTAIV.exe,1234,0x0,DXGI,0,0,0,Hardware: Legacy Flip,0,32.081543,0.5,16.179,1.0,1.5,16.179
GTAIV.exe,1234,0x0,DXGI,0,0,0,Hardware: Legacy Flip,0,32.098431,0.5,16.889,1.0,1.5,16.889
GTAIV.exe,1234,0x0,DXGI,0,0,0,Hardware: Legacy Flip,0,32.116370,0.5,17.938,1.0,1.5,17.938
GTAIV.exe,1234,0x0,DXGI,0,0,0,Hardware: Legacy Flip,0,32.133370,0.5,17.000,1.0,1.5,17.000
GTAIV.exe,1234,0x0,DXGI,0,0,0,Hardware: Legacy Flip,0,32.150204,0.5,16.834,1.0,1.5,16.834
GTAIV.exe,1234,0x0,DXGI,0,0,0,Hardware: Legacy Flip,0,32.165688,0.5,15.484,1.0,1.5,15.484
GTAIV.exe,1234,0x0,DXGI,0,0,0,Hardware: Legacy Flip,0,32.182094,0.5,16.406,1.0,1.5,16.406
GTAIV.exe,1234,0x0,DXGI,0,0,0,Hardware: Legacy Flip,0,32.198237,0.5,16.143,1.0,1.5,16.143
GTAIV.exe,1234,0x0,DXGI,0,0,0,Hardware: Legacy Flip,0,32.215858,0.5,17.621,1.0,1.5,17.621
GTAIV.exe,1234,0x0,DXGI,0,0,0,Hardware: Legacy Flip,0,32.232245,0.5,16.387,1.0,1.5,16.387
GTAIV.exe,1234,0x0,DXGI,0,0,0,Hardware: Legacy Flip,0,32.249117,0.5,16.873,1.0,1.5,16.873
GTAIV.exe,1234,0x0,DXGI,0,0,0,Hardware: Legacy Flip,0,32.265714,0.5,16.597,1.0,1.5,16.597
GTAIV.exe,1234,0x0,DXGI,0,0,0,Hardware: Legacy Flip,0,32.283543,0.5,17.829,1.0,1.5,17.829
GTAIV.exe,1234,0x0,DXGI,0,0,0,Hardware: Legacy Flip,0,32.299059,0.5,15.516,1.0,1.5,15.516
GTAIV.exe,1234,0x0,DXGI,0,0,0,Hardware: Legacy Flip,0,32.315025,0.5,15.966,1.0,1.5,15.966
GTAIV.exe,1234,0x0,DXGI,0,0,0,Hardware: Legacy Flip,0,32.331509,0.5,16.483,1.0,1.5,16.483
GTAIV.exe,1234,0x0,DXGI,0,0,0,Hardware: Legacy Flip,0,32.347112,0.5,15.603,1.0,1.5,15.603
GTAIV.exe,1234,0x0,DXGI,0,0,0,Hardware: Legacy Flip,0,32.363027,0.5,15.916,1.0,1.5,15.916
GTAIV.exe,1234,0x0,DXGI,0,0,0,Hardware: Legacy Flip,0,32.377540,0.5,14.513,1.0,1.5,14.513
GTAIV.exe,1234,0x0,DXGI,0,0,0,Hardware: Legacy Flip,0,32.395079,0.5,17.539,1.0,1.5,17.539
GTAIV.exe,1234,0x0,DXGI,0,0,0,Hardware: Legacy Flip,0,32.412731,0.5,17.652,1.0,1.5,17.652
GTAIV.exe,1234,0x0,DXGI,0,0,0,Hardware: Legacy Flip,0,32.429267,0.5,16.536,1.0,1.5,16.536
GTAIV.exe,1234,0x0,DXGI,0,0,0,Hardware: Legacy Flip,0,32.443421,0.5,14.154,1.0,1.5,14.154
GTAIV.exe,1234,0x0,DXGI,0,0,0,Hardware: Legacy Flip,0,32.457887,0.5,14.466,1.0,1.5,14.466
GTAIV.exe,1234,0x0,DXGI,0,0,0,Hardware: Legacy Flip,0,32.474931,0.5,17.043,1.0,1.5,17.043
GTAIV.exe,1234,0x0,DXGI,0,0,0,Hardware: Legacy Flip,0,32.493313,0.5,18.382,1.0,1.5,18.382
GTAIV.exe,1234,0x0,DXGI,0,0,0,Hardware: Legacy Flip,0,32.509063,0.5,15.750,1.0,1.5,15.750
GTAIV.exe,1234,0x0,DXGI,0,0,0,Hardware: Legacy Flip,0,32.526307,0.5,17.244,1.0,1.5,17.244
GTAIV.exe,1234,0x0,DXGI,0,0,0,Hardware: Legacy Flip,0,32.542355,0.5,16.048,1.0,1.5,16.048
GTAIV.exe,1234,0x0,DXGI,0,0,0,Hardware: Legacy Flip,0,32.559561,0.5,17.206,1.0,1.5,17.206
GTAIV.exe,1234,0x0,DXGI,0,0,0,Hardware: Legacy Flip,0,32.576823,0.5,17.261,1.0,1.5,17.261
GTAIV.exe,1234,0x0,DXGI,0,0,0,Hardware: Legacy Flip,0,32.593104,0.5,16.281,1.0,1.5,16.281
GTAIV.exe,1234,0x0,DXGI,0,0,0,Hardware: Legacy Flip,0,32.609402,0.5,16.298,1.0,1.5,16.298
GTAIV.exe,1234,0x0,DXGI,0,0,0,Hardware: Legacy Flip,0,32.625430,0.5,16.027,1.0,1.5,16.027
GTAIV.exe,1234,0x0,DXGI,0,0,0,Hardware: Legacy Flip,0,32.641386,0.5,15.957,1.0,1.5,15.957
GTAIV.exe,1234,0x0,DXGI,0,0,0,Hardware: Legacy Flip,0,32.658880,0.5,17.493,1.0,1.5,17.493
GTAIV.exe,1234,0x0,DXGI,0,0,0,Hardware: Legacy Flip,0,32.676458,0.5,17.578,1.0,1.5,17.578
GTAIV.exe,1234,0x0,DXGI,0,0,0,Hardware: Legacy Flip,0,32.693629,0.5,17.171,1.0,1.5,17.171
GTAIV.exe,1234,0x0,DXGI,0,0,0,Hardware: Legacy Flip,0,32.712137,0.5,18.508,1.0,1.5,18.508
GTAIV.exe,1234,0x0,DXGI,0,0,0,Hardware: Legacy Flip,0,32.728340,0.5,16.204,1.0,1.5,16.204
GTAIV.exe,1234,0x0,DXGI,0,0,0,Hardware: Legacy Flip,0,32.743971,0.5,15.630,1.0,1.5,15.630
GTAIV.exe,1234,0x0,DXGI,0,0,0,Hardware: Legacy Flip,0,32.760949,0.5,16.978,1.0,1.5,16.978
GTAIV.exe,1234,0x0,DXGI,0,0,0,Hardware: Legacy Flip,0,32.779466,0.5,18.518,1.0,1.5,18.518
GTAIV.exe,1234,0x0,DXGI,0,0,0,Hardware: Legacy Flip,0,32.795329,0.5,15.862,1.0,1.5,15.862
GTAIV.exe,1234,0x0,DXGI,0,0,0,Hardware: Legacy Flip,0,32.812052,0.5,16.724,1.0,1.5,16.724
GTAIV.exe,1234,0x0,DXGI,0,0,0,Hardware: Legacy Flip,0,32.827906,0.5,15.853,1.0,1.5,15.853
GTAIV.exe,1234,0x0,DXGI,0,0,0,Hardware: Legacy Flip,0,32.842256,0.5,14.350,1.0,1.5,14.350
GTAIV.exe,1234,0x0,DXGI,0,0,0,Hardware: Legacy Flip,0,32.858561,0.5,16.305,1.0,1.5,16.305
GTAIV.exe,1234,0x0,DXGI,0,0,0,Hardware: Legacy Flip,0,32.874143,0.5,15.582,1.0,1.5,15.582
GTAIV.exe,1234,0x0,DXGI,0,0,0,Hardware: Legacy Flip,0,32.890917,0.5,16.774,1.0,1.5,16.774
GTAIV.exe,1234,0x0,DXGI,0,0,0,Hardware: Legacy Flip,0,32.909540,0.5,18.623,1.0,1.5,18.623
GTAIV.exe,1234,0x0,DXGI,0,0,0,Hardware: Legacy Flip,0,32.926432,0.5,16.892,1.0,1.5,16.892
GTAIV.exe,1234,0x0,DXGI,0,0,0,Hardware: Legacy Flip,0,32.943255,0.5,16.823,1.0,1.5,16.823
GTAIV.exe,1234,0x0,DXGI,0,0,0,Hardware: Legacy Flip,0,32.960343,0.5,17.088,1.0,1.5,17.088
GTAIV.exe,1234,0x0,DXGI,0,0,0,Hardware: Legacy Flip,0,32.977915,0.5,17.572,1.0,1.5,17.572
GTAIV.exe,1234,0x0,DXGI,0,0,0,Hardware: Legacy Flip,0,32.994908,0.5,16.993,1.0,1.5,16.993
GTAIV.exe,1234,0x0,DXGI,0,0,0,Hardware: Legacy Flip,0,33.011864,0.5,16.956,1.0,1.5,16.956
GTAIV.exe,1234,0x0,DXGI,0,0,0,Hardware: Legacy Flip,0,33.027285,0.5,15.421,1.0,1.5,15.421
GTAIV.exe,1234,0x0,DXGI,0,0,0,Hardware: Legacy Flip,0,33.044347,0.5,17.061,1.0,1.5,17.061
GTAIV.exe,1234,0x0,DXGI,0,0,0,Hardware: Legacy Flip,0,33.061965,0.5,17.619,1.0,1.5,17.619
GTAIV.exe,1234,0x0,DXGI,0,0,0,Hardware: Legacy Flip,0,33.076967,0.5,15.002,1.0,1.5,15.002
GTAIV.exe,1234,0x0,DXGI,0,0,0,Hardware: Legacy Flip,0,33.093709,0.5,16.742,1.0,1.5,16.742
GTAIV.exe,1234,0x0,DXGI,0,0,0,Hardware: Legacy Flip,0,33.110311,0.5,16.602,1.0,1.5,16.602
GTAIV.exe,1234,0x0,DXGI,0,0,0,Hardware: Legacy Flip,0,33.128213,0.5,17.902,1.0,1.5,17.902
GTAIV.exe,1234,0x0,DXGI,0,0,0,Hardware: Legacy Flip,0,33.143289,0.5,15.076,1.0,1.5,15.076
GTAIV.exe,1234,0x0,DXGI,0,0,0,Hardware: Legacy Flip,0,33.158638,0.5,15.349,1.0,1.5,15.349
GTAIV.exe,1234,0x0,DXGI,0,0,0,Hardware: Legacy Flip,0,33.174756,0.5,16.117,1.0,1.5,16.117
GTAIV.exe,1234,0x0,DXGI,0,0,0,Hardware: Legacy Flip,0,33.190291,0.5,15.536,1.0,1.5,15.536
GTAIV.exe,1234,0x0,DXGI,0,0,0,Hardware: Legacy Flip,0,33.208738,0.5,18.447,1.0,1.5,18.447
GTAIV.exe,1234,0x0,DXGI,0,0,0,Hardware: Legacy Flip,0,33.225223,0.5,16.485,1.0,1.5,16.485
GTAIV.exe,1234,0x0,DXGI,0,0,0,Hardware: Legacy Flip,0,33.242091,0.5,16.868,1.0,1.5,16.868
GTAIV.exe,1234,0x0,DXGI,0,0,0,Hardware: Legacy Flip,0,33.259212,0.5,17.121,1.0,1.5,17.121
GTAIV.exe,1234,0x0,DXGI,0,0,0,Hardware: Legacy Flip,0,33.275705,0.5,16.493,1.0,1.5,16.493
GTAIV.exe,1234,0x0,DXGI,0,0,0,Hardware: Legacy Flip,0,33.293802,0.5,18.097,1.0,1.5,18.097
GTAIV.exe,1234,0x0,DXGI,0,0,0,Hardware: Legacy Flip,0,33.309971,0.5,16.169,1.0,1.5,16.169
GTAIV.exe,1234,0x0,DXGI,0,0,0,Hardware: Legacy Flip,0,33.327066,0.5,17.095,1.0,1.5,17.095
GTAIV.exe,1234,0x0,DXGI,0,0,0,Hardware: Legacy Flip,0,33.342980,0.5,15.914,1.0,1.5,15.914
GTAIV.exe,1234,0x0,DXGI,0,0,0,Hardware: Legacy Flip,0,33.358887,0.5,15.907,1.0,1.5,15.907
GTAIV.exe,1234,0x0,DXGI,0,0,0,Hardware: Legacy Flip,0,33.376797,0.5,17.910,1.0,1.5,17.910
GTAIV.exe,1234,0x0,DXGI,0,0,0,Hardware: Legacy Flip,0,33.393694,0.5,16.897,1.0,1.5,16.897
GTAIV.exe,1234,0x0,DXGI,0,0,0,Hardware: Legacy Flip,0,33.411263,0.5,17.568,1.0,1.5,17.568
GTAIV.exe,1234,0x0,DXGI,0,0,0,Hardware: Legacy Flip,0,33.428171,0.5,16.909,1.0,1.5,16.909
GTAIV.exe,1234,0x0,DXGI,0,0,0,Hardware: Legacy Flip,0,33.444238,0.5,16.067,1.0,1.5,16.067
GTAIV.exe,1234,0x0,DXGI,0,0,0,Hardware: Legacy Flip,0,33.460573,0.5,16.336,1.0,1.5,16.336
GTAIV.exe,1234,0x0,DXGI,0,0,0,Hardware: Legacy Flip,0,33.477139,0.5,16.566,1.0,1.5,16.566
GTAIV.exe,1234,0x0,DXGI,0,0,0,Hardware: Legacy Flip,0,33.493527,0.5,16.388,1.0,1.5,16.388
GTAIV.exe,1234,0x0,DXGI,0,0,0,Hardware: Legacy Flip,0,33.509830,0.5,16.303,1.0,1.5,16.303
GTAIV.exe,1234,0x0,DXGI,0,0,0,Hardware: Legacy Flip,0,33.525201,0.5,15.371,1.0,1.5,15.371
GTAIV.exe,1234,0x0,DXGI,0,0,0,Hardware: Legacy Flip,0,33.541626,0.5,16.424,1.0,1.5,16.424
GTAIV.exe,1234,0x0,DXGI,0,0,0,Hardware: Legacy Flip,0,33.558477,0.5,16.852,1.0,1.5,16.852
GTAIV.exe,1234,0x0,DXGI,0,0,0,Hardware: Legacy Flip,0,33.575735,0.5,17.257,1.0,1.5,17.257
GTAIV.exe,1234,0x0,DXGI,0,0,0,Hardware: Legacy Flip,0,33.593433,0.5,17.699,1.0,1.5,17.699
GTAIV.exe,1234,0x0,DXGI,0,0,0,Hardware: Legacy Flip,0,33.609833,0.5,16.400,1.0,1.5,16.400
GTAIV.exe,1234,0x0,DXGI,0,0,0,Hardware: Legacy Flip,0,33.628736,0.5,18.903,1.0,1.5,18.903
GTAIV.exe,1234,0x0,DXGI,0,0,0,Hardware: Legacy Flip,0,33.644876,0.5,16.140,1.0,1.5,16.140
GTAIV.exe,1234,0x0,DXGI,0,0,0,Hardware: Legacy Flip,0,33.662132,0.5,17.257,1.0,1.5,17.257
GTAIV.exe,1234,0x0,DXGI,0,0,0,Hardware: Legacy Flip,0,33.677680,0.5,15.548,1.0,1.5,15.548
GTAIV.exe,1234,0x0,DXGI,0,0,0,Hardware: Legacy Flip,0,33.694126,0.5,16.447,1.0,1.5,16.447
GTAIV.exe,1234,0x0,DXGI,0,0,0,Hardware: Legacy Flip,0,33.712015,0.5,17.888,1.0,1.5,17.888
GTAIV.exe,1234,0x0,DXGI,0,0,0,Hardware: Legacy Flip,0,33.731180,0.5,19.165,1.0,1.5,19.165
GTAIV.exe,1234,0x0,DXGI,0,0,0,Hardware: Legacy Flip,0,33.747790,0.5,16.611,1.0,1.5,16.611
GTAIV.exe,1234,0x0,DXGI,0,0,0,Hardware: Legacy Flip,0,33.764682,0.5,16.891,1.0,1.5,16.891
GTAIV.exe,1234,0x0,DXGI,0,0,0,Hardware: Legacy Flip,0,33.781026,0.5,16.345,1.0,1.5,16.345
GTAIV.exe,1234,0x0,DXGI,0,0,0,Hardware: Legacy Flip,0,33.797029,0.5,16.003,1.0,1.5,16.003
GTAIV.exe,1234,0x0,DXGI,0,0,0,Hardware: Legacy Flip,0,33.813430,0.5,16.400,1.0,1.5,16.400
GTAIV.exe,1234,0x0,DXGI,0,0,0,Hardware: Legacy Flip,0,33.829114,0.5,15.684,1.0,1.5,15.684
GTAIV.exe,1234,0x0,DXGI,0,0,0,Hardware: Legacy Flip,0,33.846039,0.5,16.925,1.0,1.5,16.925
GTAIV.exe,1234,0x0,DXGI,0,0,0,Hardware: Legacy Flip,0,33.864247,0.5,18.208,1.0,1.5,18.208
GTAIV.exe,1234,0x0,DXGI,0,0,0,Hardware: Legacy Flip,0,33.881382,0.5,17.135,1.0,1.5,17.135
GTAIV.exe,1234,0x0,DXGI,0,0,0,Hardware: Legacy Flip,0,33.898806,0.5,17.424,1.0,1.5,17.424
GTAIV.exe,1234,0x0,DXGI,0,0,0,Hardware: Legacy Flip,0,33.914234,0.5,15.428,1.0,1.5,15.428
GTAIV.exe,1234,0x0,DXGI,0,0,0,Hardware: Legacy Flip,0,33.931005,0.5,16.770,1.0,1.5,16.770
GTAIV.exe,1234,0x0,DXGI,0,0,0,Hardware: Legacy Flip,0,33.947204,0.5,16.199,1.0,1.5,16.199
GTAIV.exe,1234,0x0,DXGI,0,0,0,Hardware: Legacy Flip,0,33.963192,0.5,15.988,1.0,1.5,15.988
GTAIV.exe,1234,0x0,DXGI,0,0,0,Hardware: Legacy Flip,0,33.981051,0.5,17.860,1.0,1.5,17.860
GTAIV.exe,1234,0x0,DXGI,0,0,0,Hardware: Legacy Flip,0,34.000529,0.5,19.478,1.0,1.5,19.478
GTAIV.exe,1234,0x0,DXGI,0,0,0,Hardware: Legacy Flip,0,34.018265,0.5,17.736,1.0,1.5,17.736
GTAIV.exe,1234,0x0,DXGI,0,0,0,Hardware: Legacy Flip,0,34.035805,0.5,17.540,1.0,1.5,17.540
GTAIV.exe,1234,0x0,DXGI,0,0,0,Hardware: Legacy Flip,0,34.051539,0.5,15.734,1.0,1.5,15.734
GTAIV.exe,1234,0x0,DXGI,0,0,0,Hardware: Legacy Flip,0,34.068130,0.5,16.592,1.0,1.5,16.592
GTAIV.exe,1234,0x0,DXGI,0,0,0,Hardware: Legacy Flip,0,34.083737,0.5,15.607,1.0,1.5,15.607
GTAIV.exe,1234,0x0,DXGI,0,0,0,Hardware: Legacy Flip,0,34.101819,0.5,18.082,1.0,1.5,18.082
GTAIV.exe,1234,0x0,DXGI,0,0,0,Hardware: Legacy Flip,0,34.117240,0.5,15.420,1.0,1.5,15.420
GTAIV.exe,1234,0x0,DXGI,0,0,0,Hardware: Legacy Flip,0,34.135146,0.5,17.907,1.0,1.5,17.907
GTAIV.exe,1234,0x0,DXGI,0,0,0,Hardware: Legacy Flip,0,34.151185,0.5,16.039,1.0,1.5,16.039
GTAIV.exe,1234,0x0,DXGI,0,0,0,Hardware: Legacy Flip,0,34.165668,0.5,14.483,1.0,1.5,14.483
GTAIV.exe,1234,0x0,DXGI,0,0,0,Hardware: Legacy Flip,0,34.183233,0.5,17.564,1.0,1.5,17.564
GTAIV.exe,1234,0x0,DXGI,0,0,0,Hardware: Legacy Flip,0,34.198568,0.5,15.336,1.0,1.5,15.336
GTAIV.exe,1234,0x0,DXGI,0,0,0,Hardware: Legacy Flip,0,34.216475,0.5,17.907,1.0,1.5,17.907
GTAIV.exe,1234,0x0,DXGI,0,0,0,Hardware: Legacy Flip,0,34.233130,0.5,16.655,1.0,1.5,16.655
GTAIV.exe,1234,0x0,DXGI,0,0,0,Hardware: Legacy Flip,0,34.250541,0.5,17.411,1.0,1.5,17.411
GTAIV.exe,1234,0x0,DXGI,0,0,0,Hardware: Legacy Flip,0,34.265659,0.5,15.118,1.0,1.5,15.118
GTAIV.exe,1234,0x0,DXGI,0,0,0,Hardware: Legacy Flip,0,34.281035,0.5,15.376,1.0,1.5,15.376
GTAIV.exe,1234,0x0,DXGI,0,0,0,Hardware: Legacy Flip,0,34.297153,0.5,16.118,1.0,1.5,16.118
GTAIV.exe,1234,0x0,DXGI,0,0,0,Hardware: Legacy Flip,0,34.313237,0.5,16.084,1.0,1.5,16.084
GTAIV.exe,1234,0x0,DXGI,0,0,0,Hardware: Legacy Flip,0,34.332010,0.5,18.773,1.0,1.5,18.773
GTAIV.exe,1234,0x0,DXGI,0,0,0,Hardware: Legacy Flip,0,34.351122,0.5,19.113,1.0,1.5,19.113
GTAIV.exe,1234,0x0,DXGI,0,0,0,Hardware: Legacy Flip,0,34.369141,0.5,18.018,1.0,1.5,18.018
GTAIV.exe,1234,0x0,DXGI,0,0,0,Hardware: Legacy Flip,0,34.384600,0.5,15.459,1.0,1.5,15.459
GTAIV.exe,1234,0x0,DXGI,0,0,0,Hardware: Legacy Flip,0,34.399546,0.5,14.946,1.0,1.5,14.946
GTAIV.exe,1234,0x0,DXGI,0,0,0,Hardware: Legacy Flip,0,34.416500,0.5,16.954,1.0,1.5,16.954
GTAIV.exe,1234,0x0,DXGI,0,0,0,Hardware: Legacy Flip,0,34.435404,0.5,18.904,1.0,1.5,18.904
GTAIV.exe,1234,0x0,DXGI,0,0,0,Hardware: Legacy Flip,0,34.452796,0.5,17.392,1.0,1.5,17.392
GTAIV.exe,1234,0x0,DXGI,0,0,0,Hardware: Legacy Flip,0,34.468565,0.5,15.769,1.0,1.5,15.769
GTAIV.exe,1234,0x0,DXGI,0,0,0,Hardware: Legacy Flip,0,34.484072,0.5,15.508,1.0,1.5,15.508
GTAIV.exe,1234,0x0,DXGI,0,0,0,Hardware: Legacy Flip,0,34.499953,0.5,15.881,1.0,1.5,15.881
GTAIV.exe,1234,0x0,DXGI,0,0,0,Hardware: Legacy Flip,0,34.516199,0.5,16.246,1.0,1.5,16.246
GTAIV.exe,1234,0x0,DXGI,0,0,0,Hardware: Legacy Flip,0,34.534588,0.5,18.390,1.0,1.5,18.390
GTAIV.exe,1234,0x0,DXGI,0,0,0,Hardware: Legacy Flip,0,34.549737,0.5,15.148,1.0,1.5,15.148
GTAIV.exe,1234,0x0,DXGI,0,0,0,Hardware: Legacy Flip,0,34.566144,0.5,16.408,1.0,1.5,16.408
GTAIV.exe,1234,0x0,DXGI,0,0,0,Hardware: Legacy Flip,0,34.582050,0.5,15.906,1.0,1.5,15.906
GTAIV.exe,1234,0x0,DXGI,0,0,0,Hardware: Legacy Flip,0,34.598807,0.5,16.756,1.0,1.5,16.756
GTAIV.exe,1234,0x0,DXGI,0,0,0,Hardware: Legacy Flip,0,34.615380,0.5,16.573,1.0,1.5,16.573
GTAIV.exe,1234,0x0,DXGI,0,0,0,Hardware: Legacy Flip,0,34.630069,0.5,14.689,1.0,1.5,14.689
GTAIV.exe,1234,0x0,DXGI,0,0,0,Hardware: Legacy Flip,0,34.647267,0.5,17.197,1.0,1.5,17.197
GTAIV.exe,1234,0x0,DXGI,0,0,0,Hardware: Legacy Flip,0,34.665266,0.5,18.000,1.0,1.5,18.000
GTAIV.exe,1234,0x0,DXGI,0,0,0,Hardware: Legacy Flip,0,34.681498,0.5,16.232,1.0,1.5,16.232
GTAIV.exe,1234,0x0,DXGI,0,0,0,Hardware: Legacy Flip,0,34.698932,0.5,17.434,1.0,1.5,17.434
GTAIV.exe,1234,0x0,DXGI,0,0,0,Hardware: Legacy Flip,0,34.715776,0.5,16.844,1.0,1.5,16.844
GTAIV.exe,1234,0x0,DXGI,0,0,0,Hardware: Legacy Flip,0,34.734435,0.5,18.658,1.0,1.5,18.658
GTAIV.exe,1234,0x0,DXGI,0,0,0,Hardware: Legacy Flip,0,34.750266,0.5,15.831,1.0,1.5,15.831
GTAIV.exe,1234,0x0,DXGI,0,0,0,Hardware: Legacy Flip,0,34.767686,0.5,17.420,1.0,1.5,17.420
GTAIV.exe,1234,0x0,DXGI,0,0,0,Hardware: Legacy Flip,0,34.785274,0.5,17.588,1.0,1.5,17.588
GTAIV.exe,1234,0x0,DXGI,0,0,0,Hardware: Legacy Flip,0,34.800248,0.5,14.974,1.0,1.5,14.974
GTAIV.exe,1234,0x0,DXGI,0,0,0,Hardware: Legacy Flip,0,34.818400,0.5,18.152,1.0,1.5,18.152
GTAIV.exe,1234,0x0,DXGI,0,0,0,Hardware: Legacy Flip,0,34.837952,0.5,19.552,1.0,1.5,19.552
GTAIV.exe,1234,0x0,DXGI,0,0,0,Hardware: Legacy Flip,0,34.855455,0.5,17.503,1.0,1.5,17.503
GTAIV.exe,1234,0x0,DXGI,0,0,0,Hardware: Legacy Flip,0,34.871379,0.5,15.924,1.0,1.5,15.924
GTAIV.exe,1234,0x0,DXGI,0,0,0,Hardware: Legacy Flip,0,34.889477,0.5,18.097,1.0,1.5,18.097
GTAIV.exe,1234,0x0,DXGI,0,0,0,Hardware: Legacy Flip,0,34.907193,0.5,17.716,1.0,1.5,17.716
GTAIV.exe,1234,0x0,DXGI,0,0,0,Hardware: Legacy Flip,0,34.924471,0.5,17.278,1.0,1.5,17.278
GTAIV.exe,1234,0x0,DXGI,0,0,0,Hardware: Legacy Flip,0,34.941944,0.5,17.474,1.0,1.5,17.474
GTAIV.exe,1234,0x0,DXGI,0,0,0,Hardware: Legacy Flip,0,34.958123,0.5,16.179,1.0,1.5,16.179
GTAIV.exe,1234,0x0,DXGI,0,0,0,Hardware: Legacy Flip,0,34.974281,0.5,16.158,1.0,1.5,16.158
GTAIV.exe,1234,0x0,DXGI,0,0,0,Hardware: Legacy Flip,0,34.991441,0.5,17.160,1.0,1.5,17.160
GTAIV.exe,1234,0x0,DXGI,0,0,0,Hardware: Legacy Flip,0,35.005900,0.5,14.459,1.0,1.5,14.459
GTAIV.exe,1234,0x0,DXGI,0,0,0,Hardware: Legacy Flip,0,35.021457,0.5,15.557,1.0,1.5,15.557
GTAIV.exe,1234,0x0,DXGI,0,0,0,Hardware: Legacy Flip,0,35.038650,0.5,17.193,1.0,1.5,17.193
GTAIV.exe,1234,0x0,DXGI,0,0,0,Hardware: Legacy Flip,0,35.056203,0.5,17.553,1.0,1.5,17.553
GTAIV.exe,1234,0x0,DXGI,0,0,0,Hardware: Legacy Flip,0,35.072112,0.5,15.909,1.0,1.5,15.909
GTAIV.exe,1234,0x0,DXGI,0,0,0,Hardware: Legacy Flip,0,35.089019,0.5,16.907,1.0,1.5,16.907
GTAIV.exe,1234,0x0,DXGI,0,0,0,Hardware: Legacy Flip,0,35.106418,0.5,17.398,1.0,1.5,17.398
GTAIV.exe,1234,0x0,DXGI,0,0,0,Hardware: Legacy Flip,0,35.122813,0.5,16.395,1.0,1.5,16.395
GTAIV.exe,1234,0x0,DXGI,0,0,0,Hardware: Legacy Flip,0,35.139970,0.5,17.157,1.0,1.5,17.157
GTAIV.exe,1234,0x0,DXGI,0,0,0,Hardware: Legacy Flip,0,35.157095,0.5,17.125,1.0,1.5,17.125
GTAIV.exe,1234,0x0,DXGI,0,0,0,Hardware: Legacy Flip,0,35.172463,0.5,15.369,1.0,1.5,15.369
GTAIV.exe,1234,0x0,DXGI,0,0,0,Hardware: Legacy Flip,0,35.187910,0.5,15.446,1.0,1.5,15.446
GTAIV.exe,1234,0x0,DXGI,0,0,0,Hardware: Legacy Flip,0,35.204909,0.5,17.000,1.0,1.5,17.000
GTAIV.exe,1234,0x0,DXGI,0,0,0,Hardware: Legacy Flip,0,35.221065,0.5,16.156,1.0,1.5,16.156
GTAIV.exe,1234,0x0,DXGI,0,0,0,Hardware: Legacy Flip,0,35.236463,0.5,15.398,1.0,1.5,15.398
GTAIV.exe,1234,0x0,DXGI,0,0,0,Hardware: Legacy Flip,0,35.253528,0.5,17.065,1.0,1.5,17.065
GTAIV.exe,1234,0x0,DXGI,0,0,0,Hardware: Legacy Flip,0,35.268790,0.5,15.262,1.0,1.5,15.262
GTAIV.exe,1234,0x0,DXGI,0,0,0,Hardware: Legacy Flip,0,35.284978,0.5,16.189,1.0,1.5,16.189
GTAIV.exe,1234,0x0,DXGI,0,0,0,Hardware: Legacy Flip,0,35.303155,0.5,18.176,1.0,1.5,18.176
GTAIV.exe,1234,0x0,DXGI,0,0,0,Hardware: Legacy Flip,0,35.319138,0.5,15.983,1.0,1.5,15.983
GTAIV.exe,1234,0x0,DXGI,0,0,0,Hardware: Legacy Flip,0,35.336088,0.5,16.950,1.0,1.5,16.950
GTAIV.exe,1234,0x0,DXGI,0,0,0,Hardware: Legacy Flip,0,35.352772,0.5,16.683,1.0,1.5,16.683
GTAIV.exe,1234,0x0,DXGI,0,0,0,Hardware: Legacy Flip,0,35.367966,0.5,15.195,1.0,1.5,15.195
GTAIV.exe,1234,0x0,DXGI,0,0,0,Hardware: Legacy Flip,0,35.382849,0.5,14.882,1.0,1.5,14.882
GTAIV.exe,1234,0x0,DXGI,0,0,0,Hardware: Legacy Flip,0,35.398584,0.5,15.735,1.0,1.5,15.735
GTAIV.exe,1234,0x0,DXGI,0,0,0,Hardware: Legacy Flip,0,35.416738,0.5,18.154,1.0,1.5,18.154
GTAIV.exe,1234,0x0,DXGI,0,0,0,Hardware: Legacy Flip,0,35.430858,0.5,14.120,1.0,1.5,14.120
GTAIV.exe,1234,0x0,DXGI,0,0,0,Hardware: Legacy Flip,0,35.448078,0.5,17.219,1.0,1.5,17.219
GTAIV.exe,1234,0x0,DXGI,0,0,0,Hardware: Legacy Flip,0,35.464136,0.5,16.058,1.0,1.5,16.058
GTAIV.exe,1234,0x0,DXGI,0,0,0,Hardware: Legacy Flip,0,35.480710,0.5,16.574,1.0,1.5,16.574
GTAIV.exe,1234,0x0,DXGI,0,0,0,Hardware: Legacy Flip,0,35.496995,0.5,16.286,1.0,1.5,16.286
GTAIV.exe,1234,0x0,DXGI,0,0,0,Hardware: Legacy Flip,0,35.513181,0.5,16.185,1.0,1.5,16.185
GTAIV.exe,1234,0x0,DXGI,0,0,0,Hardware: Legacy Flip,0,35.530946,0.5,17.765,1.0,1.5,17.765
GTAIV.exe,1234,0x0,DXGI,0,0,0,Hardware: Legacy Flip,0,35.547101,0.5,16.156,1.0,1.5,16.156
GTAIV.exe,1234,0x0,DXGI,0,0,0,Hardware: Legacy Flip,0,35.564514,0.5,17.413,1.0,1.5,17.413
GTAIV.exe,1234,0x0,DXGI,0,0,0,Hardware: Legacy Flip,0,35.578415,0.5,13.901,1.0,1.5,13.901
GTAIV.exe,1234,0x0,DXGI,0,0,0,Hardware: Legacy Flip,0,35.595192,0.5,16.777,1.0,1.5,16.777
GTAIV.exe,1234,0x0,DXGI,0,0,0,Hardware: Legacy Flip,0,35.611608,0.5,16.416,1.0,1.5,16.416
GTAIV.exe,1234,0x0,DXGI,0,0,0,Hardware: Legacy Flip,0,35.629792,0.5,18.184,1.0,1.5,18.184
GTAIV.exe,1234,0x0,DXGI,0,0,0,Hardware: Legacy Flip,0,35.646859,0.5,17.066,1.0,1.5,17.066
GTAIV.exe,1234,0x0,DXGI,0,0,0,Hardware: Legacy Flip,0,35.664572,0.5,17.714,1.0,1.5,17.714
GTAIV.exe,1234,0x0,DXGI,0,0,0,Hardware: Legacy Flip,0,35.682243,0.5,17.671,1.0,1.5,17.671
GTAIV.exe,1234,0x0,DXGI,0,0,0,Hardware: Legacy Flip,0,35.699706,0.5,17.463,1.0,1.5,17.463
GTAIV.exe,1234,0x0,DXGI,0,0,0,Hardware: Legacy Flip,0,35.716912,0.5,17.206,1.0,1.5,17.206
GTAIV.exe,1234,0x0,DXGI,0,0,0,Hardware: Legacy Flip,0,35.733956,0.5,17.044,1.0,1.5,17.044
GTAIV.exe,1234,0x0,DXGI,0,0,0,Hardware: Legacy Flip,0,35.749744,0.5,15.788,1.0,1.5,15.788
GTAIV.exe,1234,0x0,DXGI,0,0,0,Hardware: Legacy Flip,0,35.766695,0.5,16.950,1.0,1.5,16.950
GTAIV.exe,1234,0x0,DXGI,0,0,0,Hardware: Legacy Flip,0,35.784911,0.5,18.216,1.0,1.5,18.216
GTAIV.exe,1234,0x0,DXGI,0,0,0,Hardware: Legacy Flip,0,35.802228,0.5,17.316,1.0,1.5,17.316
GTAIV.exe,1234,0x0,DXGI,0,0,0,Hardware: Legacy Flip,0,35.817153,0.5,14.926,1.0,1.5,14.926
GTAIV.exe,1234,0x0,DXGI,0,0,0,Hardware: Legacy Flip,0,35.834525,0.5,17.371,1.0,1.5,17.371
GTAIV.exe,1234,0x0,DXGI,0,0,0,Hardware: Legacy Flip,0,35.852136,0.5,17.611,1.0,1.5,17.611
GTAIV.exe,1234,0x0,DXGI,0,0,0,Hardware: Legacy Flip,0,35.867958,0.5,15.822,1.0,1.5,15.822
GTAIV.exe,1234,0x0,DXGI,0,0,0,Hardware: Legacy Flip,0,35.885832,0.5,17.874,1.0,1.5,17.874
GTAIV.exe,1234,0x0,DXGI,0,0,0,Hardware: Legacy Flip,0,35.903074,0.5,17.242,1.0,1.5,17.242
GTAIV.exe,1234,0x0,DXGI,0,0,0,Hardware: Legacy Flip,0,35.920975,0.5,17.901,1.0,1.5,17.901
GTAIV.exe,1234,0x0,DXGI,0,0,0,Hardware: Legacy Flip,0,35.937623,0.5,16.648,1.0,1.5,16.648
GTAIV.exe,1234,0x0,DXGI,0,0,0,Hardware: Legacy Flip,0,35.954624,0.5,17.001,1.0,1.5,17.001
GTAIV.exe,1234,0x0,DXGI,0,0,0,Hardware: Legacy Flip,0,35.971218,0.5,16.594,1.0,1.5,16.594
GTAIV.exe,1234,0x0,DXGI,0,0,0,Hardware: Legacy Flip,0,35.988904,0.5,17.685,1.0,1.5,17.685
GTAIV.exe,1234,0x0,DXGI,0,0,0,Hardware: Legacy Flip,0,36.005486,0.5,16.582,1.0,1.5,16.582
GTAIV.exe,1234,0x0,DXGI,0,0,0,Hardware: Legacy Flip,0,36.021529,0.5,16.043,1.0,1.5,16.043
GTAIV.exe,1234,0x0,DXGI,0,0,0,Hardware: Legacy Flip,0,36.038532,0.5,17.002,1.0,1.5,17.002
GTAIV.exe,1234,0x0,DXGI,0,0,0,Hardware: Legacy Flip,0,36.054201,0.5,15.670,1.0,1.5,15.670
GTAIV.exe,1234,0x0,DXGI,0,0,0,Hardware: Legacy Flip,0,36.071585,0.5,17.384,1.0,1.5,17.384
GTAIV.exe,1234,0x0,DXGI,0,0,0,Hardware: Legacy Flip,0,36.087152,0.5,15.567,1.0,1.5,15.567
GTAIV.exe,1234,0x0,DXGI,0,0,0,Hardware: Legacy Flip,0,36.104279,0.5,17.127,1.0,1.5,17.127
GTAIV.exe,1234,0x0,DXGI,0,0,0,Hardware: Legacy Flip,0,36.122339,0.5,18.060,1.0,1.5,18.060
GTAIV.exe,1234,0x0,DXGI,0,0,0,Hardware: Legacy Flip,0,36.137769,0.5,15.431,1.0,1.5,15.431
GTAIV.exe,1234,0x0,DXGI,0,0,0,Hardware: Legacy Flip,0,36.155920,0.5,18.151,1.0,1.5,18.151
GTAIV.exe,1234,0x0,DXGI,0,0,0,Hardware: Legacy Flip,0,36.173411,0.5,17.491,1.0,1.5,17.491
GTAIV.exe,1234,0x0,DXGI,0,0,0,Hardware: Legacy Flip,0,36.189522,0.5,16.111,1.0,1.5,16.111
GTAIV.exe,1234,0x0,DXGI,0,0,0,Hardware: Legacy Flip,0,36.205195,0.5,15.673,1.0,1.5,15.673
GTAIV.exe,1234,0x0,DXGI,0,0,0,Hardware: Legacy Flip,0,36.221433,0.5,16.238,1.0,1.5,16.238
GTAIV.exe,1234,0x0,DXGI,0,0,0,Hardware: Legacy Flip,0,36.237796,0.5,16.363,1.0,1.5,16.363
GTAIV.exe,1234,0x0,DXGI,0,0,0,Hardware: Legacy Flip,0,36.253478,0.5,15.682,1.0,1.5,15.682
GTAIV.exe,1234,0x0,DXGI,0,0,0,Hardware: Legacy Flip,0,36.269580,0.5,16.103,1.0,1.5,16.103
GTAIV.exe,1234,0x0,DXGI,0,0,0,Hardware: Legacy Flip,0,36.287602,0.5,18.022,1.0,1.5,18.022
GTAIV.exe,1234,0x0,DXGI,0,0,0,Hardware: Legacy Flip,0,36.304907,0.5,17.305,1.0,1.5,17.305
GTAIV.exe,1234,0x0,DXGI,0,0,0,Hardware: Legacy Flip,0,36.322180,0.5,17.273,1.0,1.5,17.273
GTAIV.exe,1234,0x0,DXGI,0,0,0,Hardware: Legacy Flip,0,36.337836,0.5,15.656,1.0,1.5,15.656
GTAIV.exe,1234,0x0,DXGI,0,0,0,Hardware: Legacy Flip,0,36.353565,0.5,15.728,1.0,1.5,15.728
GTAIV.exe,1234,0x0,DXGI,0,0,0,Hardware: Legacy Flip,0,36.370575,0.5,17.011,1.0,1.5,17.011
GTAIV.exe,1234,0x0,DXGI,0,0,0,Hardware: Legacy Flip,0,36.386958,0.5,16.383,1.0,1.5,16.383
GTAIV.exe,1234,0x0,DXGI,0,0,0,Hardware: Legacy Flip,0,36.402654,0.5,15.695,1.0,1.5,15.695
GTAIV.exe,1234,0x0,DXGI,0,0,0,Hardware: Legacy Flip,0,36.419571,0.5,16.918,1.0,1.5,16.918
GTAIV.exe,1234,0x0,DXGI,0,0,0,Hardware: Legacy Flip,0,36.435747,0.5,16.176,1.0,1.5,16.176
GTAIV.exe,1234,0x0,DXGI,0,0,0,Hardware: Legacy Flip,0,36.451043,0.5,15.296,1.0,1.5,15.296
GTAIV.exe,1234,0x0,DXGI,0,0,0,Hardware: Legacy Flip,0,36.465623,0.5,14.580,1.0,1.5,14.580
GTAIV.exe,1234,0x0,DXGI,0,0,0,Hardware: Legacy Flip,0,36.480196,0.5,14.572,1.0,1.5,14.572
GTAIV.exe,1234,0x0,DXGI,0,0,0,Hardware: Legacy Flip,0,36.495146,0.5,14.950,1.0,1.5,14.950
GTAIV.exe,1234,0x0,DXGI,0,0,0,Hardware: Legacy Flip,0,36.513081,0.5,17.936,1.0,1.5,17.936
GTAIV.exe,1234,0x0,DXGI,0,0,0,Hardware: Legacy Flip,0,36.527742,0.5,14.661,1.0,1.5,14.661
GTAIV.exe,1234,0x0,DXGI,0,0,0,Hardware: Legacy Flip,0,36.545380,0.5,17.638,1.0,1.5,17.638
GTAIV.exe,1234,0x0,DXGI,0,0,0,Hardware: Legacy Flip,0,36.561886,0.5,16.506,1.0,1.5,16.506
GTAIV.exe,1234,0x0,DXGI,0,0,0,Hardware: Legacy Flip,0,36.577831,0.5,15.945,1.0,1.5,15.945
GTAIV.exe,1234,0x0,DXGI,0,0,0,Hardware: Legacy Flip,0,36.594039,0.5,16.209,1.0,1.5,16.209
GTAIV.exe,1234,0x0,DXGI,0,0,0,Hardware: Legacy Flip,0,36.611921,0.5,17.881,1.0,1.5,17.881
GTAIV.exe,1234,0x0,DXGI,0,0,0,Hardware: Legacy Flip,0,36.628674,0.5,16.753,1.0,1.5,16.753
GTAIV.exe,1234,0x0,DXGI,0,0,0,Hardware: Legacy Flip,0,36.647042,0.5,18.368,1.0,1.5,18.368
GTAIV.exe,1234,0x0,DXGI,0,0,0,Hardware: Legacy Flip,0,36.663655,0.5,16.612,1.0,1.5,16.612
GTAIV.exe,1234,0x0,DXGI,0,0,0,Hardware: Legacy Flip,0,36.679225,0.5,15.571,1.0,1.5,15.571
GTAIV.exe,1234,0x0,DXGI,0,0,0,Hardware: Legacy Flip,0,36.697222,0.5,17.997,1.0,1.5,17.997
GTAIV.exe,1234,0x0,DXGI,0,0,0,Hardware: Legacy Flip,0,36.712872,0.5,15.650,1.0,1.5,15.650
GTAIV.exe,1234,0x0,DXGI,0,0,0,Hardware: Legacy Flip,0,36.730095,0.5,17.223,1.0,1.5,17.223
GTAIV.exe,1234,0x0,DXGI,0,0,0,Hardware: Legacy Flip,0,36.748779,0.5,18.684,1.0,1.5,18.684
GTAIV.exe,1234,0x0,DXGI,0,0,0,Hardware: Legacy Flip,0,36.765850,0.5,17.071,1.0,1.5,17.071
GTAIV.exe,1234,0x0,DXGI,0,0,0,Hardware: Legacy Flip,0,36.779988,0.5,14.139,1.0,1.5,14.139
GTAIV.exe,1234,0x0,DXGI,0,0,0,Hardware: Legacy Flip,0,36.797039,0.5,17.051,1.0,1.5,17.051
GTAIV.exe,1234,0x0,DXGI,0,0,0,Hardware: Legacy Flip,0,36.814181,0.5,17.142,1.0,1.5,17.142
GTAIV.exe,1234,0x0,DXGI,0,0,0,Hardware: Legacy Flip,0,36.830541,0.5,16.360,1.0,1.5,16.360
GTAIV.exe,1234,0x0,DXGI,0,0,0,Hardware: Legacy Flip,0,36.847512,0.5,16.971,1.0,1.5,16.971
GTAIV.exe,1234,0x0,DXGI,0,0,0,Hardware: Legacy Flip,0,36.863030,0.5,15.519,1.0,1.5,15.519
GTAIV.exe,1234,0x0,DXGI,0,0,0,Hardware: Legacy Flip,0,36.881394,0.5,18.364,1.0,1.5,18.364
GTAIV.exe,1234,0x0,DXGI,0,0,0,Hardware: Legacy Flip,0,36.897265,0.5,15.871,1.0,1.5,15.871
GTAIV.exe,1234,0x0,DXGI,0,0,0,Hardware: Legacy Flip,0,36.913963,0.5,16.698,1.0,1.5,16.698
GTAIV.exe,1234,0x0,DXGI,0,0,0,Hardware: Legacy Flip,0,36.930461,0.5,16.498,1.0,1.5,16.498
GTAIV.exe,1234,0x0,DXGI,0,0,0,Hardware: Legacy Flip,0,36.948351,0.5,17.890,1.0,1.5,17.890
GTAIV.exe,1234,0x0,DXGI,0,0,0,Hardware: Legacy Flip,0,36.964332,0.5,15.982,1.0,1.5,15.982
GTAIV.exe,1234,0x0,DXGI,0,0,0,Hardware: Legacy Flip,0,36.980610,0.5,16.277,1.0,1.5,16.277
GTAIV.exe,1234,0x0,DXGI,0,0,0,Hardware: Legacy Flip,0,36.996816,0.5,16.206,1.0,1.5,16.206
GTAIV.exe,1234,0x0,DXGI,0,0,0,Hardware: Legacy Flip,0,37.014139,0.5,17.323,1.0,1.5,17.323
GTAIV.exe,1234,0x0,DXGI,0,0,0,Hardware: Legacy Flip,0,37.031693,0.5,17.554,1.0,1.5,17.554
GTAIV.exe,1234,0x0,DXGI,0,0,0,Hardware: Legacy Flip,0,37.048820,0.5,17.127,1.0,1.5,17.127
GTAIV.exe,1234,0x0,DXGI,0,0,0,Hardware: Legacy Flip,0,37.064389,0.5,15.569,1.0,1.5,15.569
GTAIV.exe,1234,0x0,DXGI,0,0,0,Hardware: Legacy Flip,0,37.081206,0.5,16.818,1.0,1.5,16.818
GTAIV.exe,1234,0x0,DXGI,0,0,0,Hardware: Legacy Flip,0,37.095019,0.5,13.813,1.0,1.5,13.813
GTAIV.exe,1234,0x0,DXGI,0,0,0,Hardware: Legacy Flip,0,37.111881,0.5,16.862,1.0,1.5,16.862
GTAIV.exe,1234,0x0,DXGI,0,0,0,Hardware: Legacy Flip,0,37.125688,0.5,13.807,1.0,1.5,13.807
GTAIV.exe,1234,0x0,DXGI,0,0,0,Hardware: Legacy Flip,0,37.142623,0.5,16.935,1.0,1.5,16.935
GTAIV.exe,1234,0x0,DXGI,0,0,0,Hardware: Legacy Flip,0,37.159661,0.5,17.038,1.0,1.5,17.038
GTAIV.exe,1234,0x0,DXGI,0,0,0,Hardware: Legacy Flip,0,37.175080,0.5,15.419,1.0,1.5,15.419
GTAIV.exe,1234,0x0,DXGI,0,0,0,Hardware: Legacy Flip,0,37.194378,0.5,19.298,1.0,1.5,19.298
GTAIV.exe,1234,0x0,DXGI,0,0,0,Hardware: Legacy Flip,0,37.211708,0.5,17.330,1.0,1.5,17.330
GTAIV.exe,1234,0x0,DXGI,0,0,0,Hardware: Legacy Flip,0,37.228671,0.5,16.964,1.0,1.5,16.964
GTAIV.exe,1234,0x0,DXGI,0,0,0,Hardware: Legacy Flip,0,37.246048,0.5,17.377,1.0,1.5,17.377
GTAIV.exe,1234,0x0,DXGI,0,0,0,Hardware: Legacy Flip,0,37.261100,0.5,15.052,1.0,1.5,15.052
GTAIV.exe,1234,0x0,DXGI,0,0,0,Hardware: Legacy Flip,0,37.277320,0.5,16.220,1.0,1.5,16.220
GTAIV.exe,1234,0x0,DXGI,0,0,0,Hardware: Legacy Flip,0,37.293927,0.5,16.606,1.0,1.5,16.606
GTAIV.exe,1234,0x0,DXGI,0,0,0,Hardware: Legacy Flip,0,37.309501,0.5,15.574,1.0,1.5,15.574
GTAIV.exe,1234,0x0,DXGI,0,0,0,Hardware: Legacy Flip,0,37.325484,0.5,15.983,1.0,1.5,15.983
GTAIV.exe,1234,0x0,DXGI,0,0,0,Hardware: Legacy Flip,0,37.342872,0.5,17.389,1.0,1.5,17.389
GTAIV.exe,1234,0x0,DXGI,0,0,0,Hardware: Legacy Flip,0,37.359159,0.5,16.287,1.0,1.5,16.287
GTAIV.exe,1234,0x0,DXGI,0,0,0,Hardware: Legacy Flip,0,37.376900,0.5,17.741,1.0,1.5,17.741
GTAIV.exe,1234,0x0,DXGI,0,0,0,Hardware: Legacy Flip,0,37.394011,0.5,17.110,1.0,1.5,17.110
GTAIV.exe,1234,0x0,DXGI,0,0,0,Hardware: Legacy Flip,0,37.411361,0.5,17.350,1.0,1.5,17.350
GTAIV.exe,1234,0x0,DXGI,0,0,0,Hardware: Legacy Flip,0,37.427058,0.5,15.697,1.0,1.5,15.697
GTAIV.exe,1234,0x0,DXGI,0,0,0,Hardware: Legacy Flip,0,37.445308,0.5,18.250,1.0,1.5,18.250
GTAIV.exe,1234,0x0,DXGI,0,0,0,Hardware: Legacy Flip,0,37.460657,0.5,15.349,1.0,1.5,15.349
GTAIV.exe,1234,0x0,DXGI,0,0,0,Hardware: Legacy Flip,0,37.477850,0.5,17.193,1.0,1.5,17.193
GTAIV.exe,1234,0x0,DXGI,0,0,0,Hardware: Legacy Flip,0,37.493930,0.5,16.080,1.0,1.5,16.080
GTAIV.exe,1234,0x0,DXGI,0,0,0,Hardware: Legacy Flip,0,37.511261,0.5,17.330,1.0,1.5,17.330
GTAIV.exe,1234,0x0,DXGI,0,0,0,Hardware: Legacy Flip,0,37.527598,0.5,16.337,1.0,1.5,16.337
GTAIV.exe,1234,0x0,DXGI,0,0,0,Hardware: Legacy Flip,0,37.542456,0.5,14.858,1.0,1.5,14.858
GTAIV.exe,1234,0x0,DXGI,0,0,0,Hardware: Legacy Flip,0,37.557852,0.5,15.396,1.0,1.5,15.396
GTAIV.exe,1234,0x0,DXGI,0,0,0,Hardware: Legacy Flip,0,37.575866,0.5,18.014,1.0,1.5,18.014
GTAIV.exe,1234,0x0,DXGI,0,0,0,Hardware: Legacy Flip,0,37.591025,0.5,15.159,1.0,1.5,15.159
GTAIV.exe,1234,0x0,DXGI,0,0,0,Hardware: Legacy Flip,0,37.606567,0.5,15.542,1.0,1.5,15.542
GTAIV.exe,1234,0x0,DXGI,0,0,0,Hardware: Legacy Flip,0,37.622541,0.5,15.973,1.0,1.5,15.973
GTAIV.exe,1234,0x0,DXGI,0,0,0,Hardware: Legacy Flip,0,37.639243,0.5,16.702,1.0,1.5,16.702
GTAIV.exe,1234,0x0,DXGI,0,0,0,Hardware: Legacy Flip,0,37.654332,0.5,15.089,1.0,1.5,15.089
GTAIV.exe,1234,0x0,DXGI,0,0,0,Hardware: Legacy Flip,0,37.670594,0.5,16.261,1.0,1.5,16.261
GTAIV.exe,1234,0x0,DXGI,0,0,0,Hardware: Legacy Flip,0,37.687198,0.5,16.605,1.0,1.5,16.605
GTAIV.exe,1234,0x0,DXGI,0,0,0,Hardware: Legacy Flip,0,37.705300,0.5,18.102,1.0,1.5,18.102
GTAIV.exe,1234,0x0,DXGI,0,0,0,Hardware: Legacy Flip,0,37.725039,0.5,19.739,1.0,1.5,19.739
GTAIV.exe,1234,0x0,DXGI,0,0,0,Hardware: Legacy Flip,0,37.741752,0.5,16.713,1.0,1.5,16.713
GTAIV.exe,1234,0x0,DXGI,0,0,0,Hardware: Legacy Flip,0,37.757568,0.5,15.816,1.0,1.5,15.816
GTAIV.exe,1234,0x0,DXGI,0,0,0,Hardware: Legacy Flip,0,37.774193,0.5,16.625,1.0,1.5,16.625
GTAIV.exe,1234,0x0,DXGI,0,0,0,Hardware: Legacy Flip,0,37.790206,0.5,16.013,1.0,1.5,16.013
GTAIV.exe,1234,0x0,DXGI,0,0,0,Hardware: Legacy Flip,0,37.806590,0.5,16.384,1.0,1.5,16.384
GTAIV.exe,1234,0x0,DXGI,0,0,0,Hardware: Legacy Flip,0,37.822305,0.5,15.715,1.0,1.5,15.715
GTAIV.exe,1234,0x0,DXGI,0,0,0,Hardware: Legacy Flip,0,37.838843,0.5,16.538,1.0,1.5,16.538
GTAIV.exe,1234,0x0,DXGI,0,0,0,Hardware: Legacy Flip,0,37.855078,0.5,16.235,1.0,1.5,16.235
GTAIV.exe,1234,0x0,DXGI,0,0,0,Hardware: Legacy Flip,0,37.869734,0.5,14.656,1.0,1.5,14.656
GTAIV.exe,1234,0x0,DXGI,0,0,0,Hardware: Legacy Flip,0,37.885780,0.5,16.046,1.0,1.5,16.046
GTAIV.exe,1234,0x0,DXGI,0,0,0,Hardware: Legacy Flip,0,37.901732,0.5,15.952,1.0,1.5,15.952
GTAIV.exe,1234,0x0,DXGI,0,0,0,Hardware: Legacy Flip,0,37.919380,0.5,17.648,1.0,1.5,17.648
GTAIV.exe,1234,0x0,DXGI,0,0,0,Hardware: Legacy Flip,0,37.936752,0.5,17.372,1.0,1.5,17.372
GTAIV.exe,1234,0x0,DXGI,0,0,0,Hardware: Legacy Flip,0,37.955361,0.5,18.609,1.0,1.5,18.609
GTAIV.exe,1234,0x0,DXGI,0,0,0,Hardware: Legacy Flip,0,37.974214,0.5,18.853,1.0,1.5,18.853
GTAIV.exe,1234,0x0,DXGI,0,0,0,Hardware: Legacy Flip,0,37.989273,0.5,15.059,1.0,1.5,15.059
GTAIV.exe,1234,0x0,DXGI,0,0,0,Hardware: Legacy Flip,0,38.007299,0.5,18.026,1.0,1.5,18.026
GTAIV.exe,1234,0x0,DXGI,0,0,0,Hardware: Legacy Flip,0,38.024013,0.5,16.714,1.0,1.5,16.714
GTAIV.exe,1234,0x0,DXGI,0,0,0,Hardware: Legacy Flip,0,38.041342,0.5,17.329,1.0,1.5,17.329
GTAIV.exe,1234,0x0,DXGI,0,0,0,Hardware: Legacy Flip,0,38.056922,0.5,15.580,1.0,1.5,15.580
GTAIV.exe,1234,0x0,DXGI,0,0,0,Hardware: Legacy Flip,0,38.072579,0.5,15.657,1.0,1.5,15.657
GTAIV.exe,1234,0x0,DXGI,0,0,0,Hardware: Legacy Flip,0,38.089673,0.5,17.094,1.0,1.5,17.094
GTAIV.exe,1234,0x0,DXGI,0,0,0,Hardware: Legacy Flip,0,38.105150,0.5,15.477,1.0,1.5,15.477
GTAIV.exe,1234,0x0,DXGI,0,0,0,Hardware: Legacy Flip,0,38.121577,0.5,16.427,1.0,1.5,16.427
GTAIV.exe,1234,0x0,DXGI,0,0,0,Hardware: Legacy Flip,0,38.139743,0.5,18.166,1.0,1.5,18.166
GTAIV.exe,1234,0x0,DXGI,0,0,0,Hardware: Legacy Flip,0,38.156151,0.5,16.409,1.0,1.5,16.409
GTAIV.exe,1234,0x0,DXGI,0,0,0,Hardware: Legacy Flip,0,38.170586,0.5,14.435,1.0,1.5,14.435
GTAIV.exe,1234,0x0,DXGI,0,0,0,Hardware: Legacy Flip,0,38.186929,0.5,16.343,1.0,1.5,16.343
GTAIV.exe,1234,0x0,DXGI,0,0,0,Hardware: Legacy Flip,0,38.201665,0.5,14.736,1.0,1.5,14.736
GTAIV.exe,1234,0x0,DXGI,0,0,0,Hardware: Legacy Flip,0,38.220268,0.5,18.603,1.0,1.5,18.603
GTAIV.exe,1234,0x0,DXGI,0,0,0,Hardware: Legacy Flip,0,38.239268,0.5,19.001,1.0,1.5,19.001
GTAIV.exe,1234,0x0,DXGI,0,0,0,Hardware: Legacy Flip,0,38.253065,0.5,13.797,1.0,1.5,13.797
GTAIV.exe,1234,0x0,DXGI,0,0,0,Hardware: Legacy Flip,0,38.271130,0.5,18.065,1.0,1.5,18.065
GTAIV.exe,1234,0x0,DXGI,0,0,0,Hardware: Legacy Flip,0,38.286855,0.5,15.725,1.0,1.5,15.725
GTAIV.exe,1234,0x0,DXGI,0,0,0,Hardware: Legacy Flip,0,38.304147,0.5,17.292,1.0,1.5,17.292
GTAIV.exe,1234,0x0,DXGI,0,0,0,Hardware: Legacy Flip,0,38.319967,0.5,15.820,1.0,1.5,15.820
GTAIV.exe,1234,0x0,DXGI,0,0,0,Hardware: Legacy Flip,0,38.335949,0.5,15.982,1.0,1.5,15.982
GTAIV.exe,1234,0x0,DXGI,0,0,0,Hardware: Legacy Flip,0,38.352679,0.5,16.729,1.0,1.5,16.729
GTAIV.exe,1234,0x0,DXGI,0,0,0,Hardware: Legacy Flip,0,38.368492,0.5,15.813,1.0,1.5,15.813
GTAIV.exe,1234,0x0,DXGI,0,0,0,Hardware: Legacy Flip,0,38.385906,0.5,17.414,1.0,1.5,17.414
GTAIV.exe,1234,0x0,DXGI,0,0,0,Hardware: Legacy Flip,0,38.403180,0.5,17.273,1.0,1.5,17.273
GTAIV.exe,1234,0x0,DXGI,0,0,0,Hardware: Legacy Flip,0,38.419525,0.5,16.345,1.0,1.5,16.345
GTAIV.exe,1234,0x0,DXGI,0,0,0,Hardware: Legacy Flip,0,38.435202,0.5,15.677,1.0,1.5,15.677
GTAIV.exe,1234,0x0,DXGI,0,0,0,Hardware: Legacy Flip,0,38.450043,0.5,14.841,1.0,1.5,14.841
GTAIV.exe,1234,0x0,DXGI,0,0,0,Hardware: Legacy Flip,0,38.466787,0.5,16.745,1.0,1.5,16.745
GTAIV.exe,1234,0x0,DXGI,0,0,0,Hardware: Legacy Flip,0,38.482278,0.5,15.491,1.0,1.5,15.491
GTAIV.exe,1234,0x0,DXGI,0,0,0,Hardware: Legacy Flip,0,38.499036,0.5,16.758,1.0,1.5,16.758
GTAIV.exe,1234,0x0,DXGI,0,0,0,Hardware: Legacy Flip,0,38.515494,0.5,16.459,1.0,1.5,16.459
GTAIV.exe,1234,0x0,DXGI,0,0,0,Hardware: Legacy Flip,0,38.532080,0.5,16.585,1.0,1.5,16.585
GTAIV.exe,1234,0x0,DXGI,0,0,0,Hardware: Legacy Flip,0,38.549687,0.5,17.607,1.0,1.5,17.607
GTAIV.exe,1234,0x0,DXGI,0,0,0,Hardware: Legacy Flip,0,38.565775,0.5,16.088,1.0,1.5,16.088
GTAIV.exe,1234,0x0,DXGI,0,0,0,Hardware: Legacy Flip,0,38.582310,0.5,16.535,1.0,1.5,16.535
GTAIV.exe,1234,0x0,DXGI,0,0,0,Hardware: Legacy Flip,0,38.598648,0.5,16.338,1.0,1.5,16.338
GTAIV.exe,1234,0x0,DXGI,0,0,0,Hardware: Legacy Flip,0,38.615153,0.5,16.505,1.0,1.5,16.505
GTAIV.exe,1234,0x0,DXGI,0,0,0,Hardware: Legacy Flip,0,38.632719,0.5,17.566,1.0,1.5,17.566
GTAIV.exe,1234,0x0,DXGI,0,0,0,Hardware: Legacy Flip,0,38.648311,0.5,15.593,1.0,1.5,15.593
GTAIV.exe,1234,0x0,DXGI,0,0,0,Hardware: Legacy Flip,0,38.663772,0.5,15.461,1.0,1.5,15.461
GTAIV.exe,1234,0x0,DXGI,0,0,0,Hardware: Legacy Flip,0,38.680812,0.5,17.040,1.0,1.5,17.040
GTAIV.exe,1234,0x0,DXGI,0,0,0,Hardware: Legacy Flip,0,38.695890,0.5,15.077,1.0,1.5,15.077
GTAIV.exe,1234,0x0,DXGI,0,0,0,Hardware: Legacy Flip,0,38.712567,0.5,16.677,1.0,1.5,16.677
GTAIV.exe,1234,0x0,DXGI,0,0,0,Hardware: Legacy Flip,0,38.729961,0.5,17.395,1.0,1.5,17.395
GTAIV.exe,1234,0x0,DXGI,0,0,0,Hardware: Legacy Flip,0,38.746276,0.5,16.315,1.0,1.5,16.315
GTAIV.exe,1234,0x0,DXGI,0,0,0,Hardware: Legacy Flip,0,38.762076,0.5,15.800,1.0,1.5,15.800
GTAIV.exe,1234,0x0,DXGI,0,0,0,Hardware: Legacy Flip,0,38.775859,0.5,13.782,1.0,1.5,13.782
GTAIV.exe,1234,0x0,DXGI,0,0,0,Hardware: Legacy Flip,0,38.791357,0.5,15.498,1.0,1.5,15.498
GTAIV.exe,1234,0x0,DXGI,0,0,0,Hardware: Legacy Flip,0,38.806019,0.5,14.662,1.0,1.5,14.662
GTAIV.exe,1234,0x0,DXGI,0,0,0,Hardware: Legacy Flip,0,38.822605,0.5,16.586,1.0,1.5,16.586
GTAIV.exe,1234,0x0,DXGI,0,0,0,Hardware: Legacy Flip,0,38.838541,0.5,15.936,1.0,1.5,15.936
GTAIV.exe,1234,0x0,DXGI,0,0,0,Hardware: Legacy Flip,0,38.855714,0.5,17.172,1.0,1.5,17.172
GTAIV.exe,1234,0x0,DXGI,0,0,0,Hardware: Legacy Flip,0,38.872394,0.5,16.681,1.0,1.5,16.681
GTAIV.exe,1234,0x0,DXGI,0,0,0,Hardware: Legacy Flip,0,38.888521,0.5,16.127,1.0,1.5,16.127
GTAIV.exe,1234,0x0,DXGI,0,0,0,Hardware: Legacy Flip,0,38.905884,0.5,17.363,1.0,1.5,17.363
GTAIV.exe,1234,0x0,DXGI,0,0,0,Hardware: Legacy Flip,0,38.922851,0.5,16.967,1.0,1.5,16.967
GTAIV.exe,1234,0x0,DXGI,0,0,0,Hardware: Legacy Flip,0,38.939112,0.5,16.261,1.0,1.5,16.261
GTAIV.exe,1234,0x0,DXGI,0,0,0,Hardware: Legacy Flip,0,38.956338,0.5,17.226,1.0,1.5,17.226
GTAIV.exe,1234,0x0,DXGI,0,0,0,Hardware: Legacy Flip,0,38.973322,0.5,16.985,1.0,1.5,16.985
GTAIV.exe,1234,0x0,DXGI,0,0,0,Hardware: Legacy Flip,0,38.990636,0.5,17.314,1.0,1.5,17.314
GTAIV.exe,1234,0x0,DXGI,0,0,0,Hardware: Legacy Flip,0,39.007827,0.5,17.190,1.0,1.5,17.190
GTAIV.exe,1234,0x0,DXGI,0,0,0,Hardware: Legacy Flip,0,39.025154,0.5,17.328,1.0,1.5,17.328
GTAIV.exe,1234,0x0,DXGI,0,0,0,Hardware: Legacy Flip,0,39.043515,0.5,18.361,1.0,1.5,18.361
GTAIV.exe,1234,0x0,DXGI,0,0,0,Hardware: Legacy Flip,0,39.062205,0.5,18.690,1.0,1.5,18.690
GTAIV.exe,1234,0x0,DXGI,0,0,0,Hardware: Legacy Flip,0,39.077452,0.5,15.247,1.0,1.5,15.247
GTAIV.exe,1234,0x0,DXGI,0,0,0,Hardware: Legacy Flip,0,39.094776,0.5,17.324,1.0,1.5,17.324
GTAIV.exe,1234,0x0,DXGI,0,0,0,Hardware: Legacy Flip,0,39.110348,0.5,15.572,1.0,1.5,15.572
GTAIV.exe,1234,0x0,DXGI,0,0,0,Hardware: Legacy Flip,0,39.127979,0.5,17.631,1.0,1.5,17.631
GTAIV.exe,1234,0x0,DXGI,0,0,0,Hardware: Legacy Flip,0,39.143785,0.5,15.805,1.0,1.5,15.805
GTAIV.exe,1234,0x0,DXGI,0,0,0,Hardware: Legacy Flip,0,39.159257,0.5,15.472,1.0,1.5,15.472
GTAIV.exe,1234,0x0,DXGI,0,0,0,Hardware: Legacy Flip,0,39.176166,0.5,16.910,1.0,1.5,16.910
GTAIV.exe,1234,0x0,DXGI,0,0,0,Hardware: Legacy Flip,0,39.193374,0.5,17.208,1.0,1.5,17.208
GTAIV.exe,1234,0x0,DXGI,0,0,0,Hardware: Legacy Flip,0,39.209530,0.5,16.155,1.0,1.5,16.155
GTAIV.exe,1234,0x0,DXGI,0,0,0,Hardware: Legacy Flip,0,39.226138,0.5,16.609,1.0,1.5,16.609
GTAIV.exe,1234,0x0,DXGI,0,0,0,Hardware: Legacy Flip,0,39.241497,0.5,15.359,1.0,1.5,15.359
GTAIV.exe,1234,0x0,DXGI,0,0,0,Hardware: Legacy Flip,0,39.257082,0.5,15.584,1.0,1.5,15.584
GTAIV.exe,1234,0x0,DXGI,0,0,0,Hardware: Legacy Flip,0,39.270995,0.5,13.913,1.0,1.5,13.913
GTAIV.exe,1234,0x0,DXGI,0,0,0,Hardware: Legacy Flip,0,39.288738,0.5,17.743,1.0,1.5,17.743
GTAIV.exe,1234,0x0,DXGI,0,0,0,Hardware: Legacy Flip,0,39.303395,0.5,14.657,1.0,1.5,14.657
GTAIV.exe,1234,0x0,DXGI,0,0,0,Hardware: Legacy Flip,0,39.319035,0.5,15.639,1.0,1.5,15.639
GTAIV.exe,1234,0x0,DXGI,0,0,0,Hardware: Legacy Flip,0,39.337586,0.5,18.551,1.0,1.5,18.551
GTAIV.exe,1234,0x0,DXGI,0,0,0,Hardware: Legacy Flip,0,39.354728,0.5,17.143,1.0,1.5,17.143
GTAIV.exe,1234,0x0,DXGI,0,0,0,Hardware: Legacy Flip,0,39.371066,0.5,16.338,1.0,1.5,16.338
GTAIV.exe,1234,0x0,DXGI,0,0,0,Hardware: Legacy Flip,0,39.386902,0.5,15.836,1.0,1.5,15.836
GTAIV.exe,1234,0x0,DXGI,0,0,0,Hardware: Legacy Flip,0,39.403406,0.5,16.504,1.0,1.5,16.504
GTAIV.exe,1234,0x0,DXGI,0,0,0,Hardware: Legacy Flip,0,39.418783,0.5,15.377,1.0,1.5,15.377
GTAIV.exe,1234,0x0,DXGI,0,0,0,Hardware: Legacy Flip,0,39.436653,0.5,17.870,1.0,1.5,17.870
GTAIV.exe,1234,0x0,DXGI,0,0,0,Hardware: Legacy Flip,0,39.453493,0.5,16.840,1.0,1.5,16.840
GTAIV.exe,1234,0x0,DXGI,0,0,0,Hardware: Legacy Flip,0,39.472069,0.5,18.576,1.0,1.5,18.576
GTAIV.exe,1234,0x0,DXGI,0,0,0,Hardware: Legacy Flip,0,39.487068,0.5,14.998,1.0,1.5,14.998
GTAIV.exe,1234,0x0,DXGI,0,0,0,Hardware: Legacy Flip,0,39.505430,0.5,18.363,1.0,1.5,18.363
GTAIV.exe,1234,0x0,DXGI,0,0,0,Hardware: Legacy Flip,0,39.522512,0.5,17.082,1.0,1.5,17.082
GTAIV.exe,1234,0x0,DXGI,0,0,0,Hardware: Legacy Flip,0,39.538959,0.5,16.448,1.0,1.5,16.448
GTAIV.exe,1234,0x0,DXGI,0,0,0,Hardware: Legacy Flip,0,39.554958,0.5,15.999,1.0,1.5,15.999
GTAIV.exe,1234,0x0,DXGI,0,0,0,Hardware: Legacy Flip,0,39.571309,0.5,16.350,1.0,1.5,16.350
GTAIV.exe,1234,0x0,DXGI,0,0,0,Hardware: Legacy Flip,0,39.588134,0.5,16.825,1.0,1.5,16.825
GTAIV.exe,1234,0x0,DXGI,0,0,0,Hardware: Legacy Flip,0,39.603768,0.5,15.634,1.0,1.5,15.634
GTAIV.exe,1234,0x0,DXGI,0,0,0,Hardware: Legacy Flip,0,39.620061,0.5,16.294,1.0,1.5,16.294
GTAIV.exe,1234,0x0,DXGI,0,0,0,Hardware: Legacy Flip,0,39.636593,0.5,16.532,1.0,1.5,16.532
GTAIV.exe,1234,0x0,DXGI,0,0,0,Hardware: Legacy Flip,0,39.653361,0.5,16.768,1.0,1.5,16.768
GTAIV.exe,1234,0x0,DXGI,0,0,0,Hardware: Legacy Flip,0,39.669764,0.5,16.403,1.0,1.5,16.403
GTAIV.exe,1234,0x0,DXGI,0,0,0,Hardware: Legacy Flip,0,39.684916,0.5,15.152,1.0,1.5,15.152
GTAIV.exe,1234,0x0,DXGI,0,0,0,Hardware: Legacy Flip,0,39.701136,0.5,16.220,1.0,1.5,16.220
GTAIV.exe,1234,0x0,DXGI,0,0,0,Hardware: Legacy Flip,0,39.719490,0.5,18.355,1.0,1.5,18.355
GTAIV.exe,1234,0x0,DXGI,0,0,0,Hardware: Legacy Flip,0,39.736359,0.5,16.868,1.0,1.5,16.868
GTAIV.exe,1234,0x0,DXGI,0,0,0,Hardware: Legacy Flip,0,39.754191,0.5,17.832,1.0,1.5,17.832
GTAIV.exe,1234,0x0,DXGI,0,0,0,Hardware: Legacy Flip,0,39.769491,0.5,15.300,1.0,1.5,15.300
GTAIV.exe,1234,0x0,DXGI,0,0,0,Hardware: Legacy Flip,0,39.785922,0.5,16.432,1.0,1.5,16.432
GTAIV.exe,1234,0x0,DXGI,0,0,0,Hardware: Legacy Flip,0,39.804833,0.5,18.911,1.0,1.5,18.911
GTAIV.exe,1234,0x0,DXGI,0,0,0,Hardware: Legacy Flip,0,39.823658,0.5,18.825,1.0,1.5,18.825
GTAIV.exe,1234,0x0,DXGI,0,0,0,Hardware: Legacy Flip,0,39.839232,0.5,15.575,1.0,1.5,15.575
GTAIV.exe,1234,0x0,DXGI,0,0,0,Hardware: Legacy Flip,0,39.854321,0.5,15.089,1.0,1.5,15.089
GTAIV.exe,1234,0x0,DXGI,0,0,0,Hardware: Legacy Flip,0,39.871375,0.5,17.054,1.0,1.5,17.054
GTAIV.exe,1234,0x0,DXGI,0,0,0,Hardware: Legacy Flip,0,39.889903,0.5,18.528,1.0,1.5,18.528
GTAIV.exe,1234,0x0,DXGI,0,0,0,Hardware: Legacy Flip,0,39.906024,0.5,16.121,1.0,1.5,16.121
GTAIV.exe,1234,0x0,DXGI,0,0,0,Hardware: Legacy Flip,0,39.922346,0.5,16.323,1.0,1.5,16.323
GTAIV.exe,1234,0x0,DXGI,0,0,0,Hardware: Legacy Flip,0,39.938865,0.5,16.519,1.0,1.5,16.519
GTAIV.exe,1234,0x0,DXGI,0,0,0,Hardware: Legacy Flip,0,39.955674,0.5,16.809,1.0,1.5,16.809
GTAIV.exe,1234,0x0,DXGI,0,0,0,Hardware: Legacy Flip,0,39.971896,0.5,16.222,1.0,1.5,16.222
GTAIV.exe,1234,0x0,DXGI,0,0,0,Hardware: Legacy Flip,0,39.989095,0.5,17.199,1.0,1.5,17.199
GTAIV.exe,1234,0x0,DXGI,0,0,0,Hardware: Legacy Flip,0,40.006403,0.5,17.308,1.0,1.5,17.308
GTAIV.exe,1234,0x0,DXGI,0,0,0,Hardware: Legacy Flip,0,40.023874,0.5,17.471,1.0,1.5,17.471
GTAIV.exe,1234,0x0,DXGI,0,0,0,Hardware: Legacy Flip,0,40.040105,0.5,16.231,1.0,1.5,16.231
GTAIV.exe,1234,0x0,DXGI,0,0,0,Hardware: Legacy Flip,0,40.057211,0.5,17.106,1.0,1.5,17.106
GTAIV.exe,1234,0x0,DXGI,0,0,0,Hardware: Legacy Flip,0,40.074442,0.5,17.231,1.0,1.5,17.231
GTAIV.exe,1234,0x0,DXGI,0,0,0,Hardware: Legacy Flip,0,40.091534,0.5,17.092,1.0,1.5,17.092
GTAIV.exe,1234,0x0,DXGI,0,0,0,Hardware: Legacy Flip,0,40.106926,0.5,15.391,1.0,1.5,15.391
GTAIV.exe,1234,0x0,DXGI,0,0,0,Hardware: Legacy Flip,0,40.121129,0.5,14.204,1.0,1.5,14.204
GTAIV.exe,1234,0x0,DXGI,0,0,0,Hardware: Legacy Flip,0,40.136119,0.5,14.989,1.0,1.5,14.989
GTAIV.exe,1234,0x0,DXGI,0,0,0,Hardware: Legacy Flip,0,40.151777,0.5,15.658,1.0,1.5,15.658
GTAIV.exe,1234,0x0,DXGI,0,0,0,Hardware: Legacy Flip,0,40.166906,0.5,15.130,1.0,1.5,15.130
GTAIV.exe,1234,0x0,DXGI,0,0,0,Hardware: Legacy Flip,0,40.183692,0.5,16.786,1.0,1.5,16.786
GTAIV.exe,1234,0x0,DXGI,0,0,0,Hardware: Legacy Flip,0,40.199981,0.5,16.289,1.0,1.5,16.289
GTAIV.exe,1234,0x0,DXGI,0,0,0,Hardware: Legacy Flip,0,40.215980,0.5,15.999,1.0,1.5,15.999
GTAIV.exe,1234,0x0,DXGI,0,0,0,Hardware: Legacy Flip,0,40.232968,0.5,16.989,1.0,1.5,16.989
GTAIV.exe,1234,0x0,DXGI,0,0,0,Hardware: Legacy Flip,0,40.248507,0.5,15.539,1.0,1.5,15.539
GTAIV.exe,1234,0x0,DXGI,0,0,0,Hardware: Legacy Flip,0,40.265909,0.5,17.402,1.0,1.5,17.402
GTAIV.exe,1234,0x0,DXGI,0,0,0,Hardware: Legacy Flip,0,40.283104,0.5,17.195,1.0,1.5,17.195
GTAIV.exe,1234,0x0,DXGI,0,0,0,Hardware: Legacy Flip,0,40.297594,0.5,14.490,1.0,1.5,14.490
GTAIV.exe,1234,0x0,DXGI,0,0,0,Hardware: Legacy Flip,0,40.314758,0.5,17.164,1.0,1.5,17.164
GTAIV.exe,1234,0x0,DXGI,0,0,0,Hardware: Legacy Flip,0,40.331064,0.5,16.306,1.0,1.5,16.306
GTAIV.exe,1234,0x0,DXGI,0,0,0,Hardware: Legacy Flip,0,40.347585,0.5,16.521,1.0,1.5,16.521
GTAIV.exe,1234,0x0,DXGI,0,0,0,Hardware: Legacy Flip,0,40.363818,0.5,16.233,1.0,1.5,16.233
GTAIV.exe,1234,0x0,DXGI,0,0,0,Hardware: Legacy Flip,0,40.380548,0.5,16.730,1.0,1.5,16.730
GTAIV.exe,1234,0x0,DXGI,0,0,0,Hardware: Legacy Flip,0,40.397184,0.5,16.636,1.0,1.5,16.636
GTAIV.exe,1234,0x0,DXGI,0,0,0,Hardware: Legacy Flip,0,40.413974,0.5,16.791,1.0,1.5,16.791
GTAIV.exe,1234,0x0,DXGI,0,0,0,Hardware: Legacy Flip,0,40.428482,0.5,14.508,1.0,1.5,14.508
GTAIV.exe,1234,0x0,DXGI,0,0,0,Hardware: Legacy Flip,0,40.444632,0.5,16.150,1.0,1.5,16.150
GTAIV.exe,1234,0x0,DXGI,0,0,0,Hardware: Legacy Flip,0,40.459590,0.5,14.958,1.0,1.5,14.958
GTAIV.exe,1234,0x0,DXGI,0,0,0,Hardware: Legacy Flip,0,40.475066,0.5,15.476,1.0,1.5,15.476
GTAIV.exe,1234,0x0,DXGI,0,0,0,Hardware: Legacy Flip,0,40.491940,0.5,16.873,1.0,1.5,16.873
GTAIV.exe,1234,0x0,DXGI,0,0,0,Hardware: Legacy Flip,0,40.506784,0.5,14.845,1.0,1.5,14.845
GTAIV.exe,1234,0x0,DXGI,0,0,0,Hardware: Legacy Flip,0,40.524098,0.5,17.314,1.0,1.5,17.314
GTAIV.exe,1234,0x0,DXGI,0,0,0,Hardware: Legacy Flip,0,40.540180,0.5,16.082,1.0,1.5,16.082
GTAIV.exe,1234,0x0,DXGI,0,0,0,Hardware: Legacy Flip,0,40.554672,0.5,14.492,1.0,1.5,14.492
GTAIV.exe,1234,0x0,DXGI,0,0,0,Hardware: Legacy Flip,0,40.571139,0.5,16.467,1.0,1.5,16.467
GTAIV.exe,1234,0x0,DXGI,0,0,0,Hardware: Legacy Flip,0,40.590353,0.5,19.214,1.0,1.5,19.214
GTAIV.exe,1234,0x0,DXGI,0,0,0,Hardware: Legacy Flip,0,40.607176,0.5,16.823,1.0,1.5,16.823
GTAIV.exe,1234,0x0,DXGI,0,0,0,Hardware: Legacy Flip,0,40.623290,0.5,16.115,1.0,1.5,16.115
GTAIV.exe,1234,0x0,DXGI,0,0,0,Hardware: Legacy Flip,0,40.640304,0.5,17.013,1.0,1.5,17.013
GTAIV.exe,1234,0x0,DXGI,0,0,0,Hardware: Legacy Flip,0,40.657873,0.5,17.569,1.0,1.5,17.569
GTAIV.exe,1234,0x0,DXGI,0,0,0,Hardware: Legacy Flip,0,40.673585,0.5,15.712,1.0,1.5,15.712
GTAIV.exe,1234,0x0,DXGI,0,0,0,Hardware: Legacy Flip,0,40.689359,0.5,15.773,1.0,1.5,15.773
GTAIV.exe,1234,0x0,DXGI,0,0,0,Hardware: Legacy Flip,0,40.705643,0.5,16.284,1.0,1.5,16.284
GTAIV.exe,1234,0x0,DXGI,0,0,0,Hardware: Legacy Flip,0,40.720971,0.5,15.329,1.0,1.5,15.329
GTAIV.exe,1234,0x0,DXGI,0,0,0,Hardware: Legacy Flip,0,40.736202,0.5,15.231,1.0,1.5,15.231
GTAIV.exe,1234,0x0,DXGI,0,0,0,Hardware: Legacy Flip,0,40.752013,0.5,15.811,1.0,1.5,15.811
GTAIV.exe,1234,0x0,DXGI,0,0,0,Hardware: Legacy Flip,0,40.769093,0.5,17.080,1.0,1.5,17.080
GTAIV.exe,1234,0x0,DXGI,0,0,0,Hardware: Legacy Flip,0,40.785905,0.5,16.811,1.0,1.5,16.811
GTAIV.exe,1234,0x0,DXGI,0,0,0,Hardware: Legacy Flip,0,40.801506,0.5,15.602,1.0,1.5,15.602
GTAIV.exe,1234,0x0,DXGI,0,0,0,Hardware: Legacy Flip,0,40.819298,0.5,17.791,1.0,1.5,17.791
GTAIV.exe,1234,0x0,DXGI,0,0,0,Hardware: Legacy Flip,0,40.835450,0.5,16.152,1.0,1.5,16.152
GTAIV.exe,1234,0x0,DXGI,0,0,0,Hardware: Legacy Flip,0,40.850241,0.5,14.791,1.0,1.5,14.791
GTAIV.exe,1234,0x0,DXGI,0,0,0,Hardware: Legacy Flip,0,40.865492,0.5,15.251,1.0,1.5,15.251
GTAIV.exe,1234,0x0,DXGI,0,0,0,Hardware: Legacy Flip,0,40.883911,0.5,18.419,1.0,1.5,18.419
GTAIV.exe,1234,0x0,DXGI,0,0,0,Hardware: Legacy Flip,0,40.899599,0.5,15.689,1.0,1.5,15.689
GTAIV.exe,1234,0x0,DXGI,0,0,0,Hardware: Legacy Flip,0,40.914888,0.5,15.289,1.0,1.5,15.289
GTAIV.exe,1234,0x0,DXGI,0,0,0,Hardware: Legacy Flip,0,40.932032,0.5,17.143,1.0,1.5,17.143
GTAIV.exe,1234,0x0,DXGI,0,0,0,Hardware: Legacy Flip,0,40.949567,0.5,17.535,1.0,1.5,17.535
GTAIV.exe,1234,0x0,DXGI,0,0,0,Hardware: Legacy Flip,0,40.965365,0.5,15.798,1.0,1.5,15.798
GTAIV.exe,1234,0x0,DXGI,0,0,0,Hardware: Legacy Flip,0,40.981920,0.5,16.555,1.0,1.5,16.555
GTAIV.exe,1234,0x0,DXGI,0,0,0,Hardware: Legacy Flip,0,40.998188,0.5,16.268,1.0,1.5,16.268
GTAIV.exe,1234,0x0,DXGI,0,0,0,Hardware: Legacy Flip,0,41.015869,0.5,17.681,1.0,1.5,17.681
GTAIV.exe,1234,0x0,DXGI,0,0,0,Hardware: Legacy Flip,0,41.031929,0.5,16.060,1.0,1.5,16.060
GTAIV.exe,1234,0x0,DXGI,0,0,0,Hardware: Legacy Flip,0,41.047131,0.5,15.202,1.0,1.5,15.202
GTAIV.exe,1234,0x0,DXGI,0,0,0,Hardware: Legacy Flip,0,41.064274,0.5,17.142,1.0,1.5,17.142
GTAIV.exe,1234,0x0,DXGI,0,0,0,Hardware: Legacy Flip,0,41.080537,0.5,16.263,1.0,1.5,16.263
GTAIV.exe,1234,0x0,DXGI,0,0,0,Hardware: Legacy Flip,0,41.097618,0.5,17.081,1.0,1.5,17.081
GTAIV.exe,1234,0x0,DXGI,0,0,0,Hardware: Legacy Flip,0,41.113694,0.5,16.076,1.0,1.5,16.076
GTAIV.exe,1234,0x0,DXGI,0,0,0,Hardware: Legacy Flip,0,41.129483,0.5,15.789,1.0,1.5,15.789
GTAIV.exe,1234,0x0,DXGI,0,0,0,Hardware: Legacy Flip,0,41.144523,0.5,15.040,1.0,1.5,15.040
GTAIV.exe,1234,0x0,DXGI,0,0,0,Hardware: Legacy Flip,0,41.161083,0.5,16.560,1.0,1.5,16.560
GTAIV.exe,1234,0x0,DXGI,0,0,0,Hardware: Legacy Flip,0,41.177476,0.5,16.393,1.0,1.5,16.393
GTAIV.exe,1234,0x0,DXGI,0,0,0,Hardware: Legacy Flip,0,41.193163,0.5,15.687,1.0,1.5,15.687
GTAIV.exe,1234,0x0,DXGI,0,0,0,Hardware: Legacy Flip,0,41.210490,0.5,17.327,1.0,1.5,17.327
GTAIV.exe,1234,0x0,DXGI,0,0,0,Hardware: Legacy Flip,0,41.227889,0.5,17.399,1.0,1.5,17.399
GTAIV.exe,1234,0x0,DXGI,0,0,0,Hardware: Legacy Flip,0,41.244578,0.5,16.689,1.0,1.5,16.689
GTAIV.exe,1234,0x0,DXGI,0,0,0,Hardware: Legacy Flip,0,41.260800,0.5,16.221,1.0,1.5,16.221
GTAIV.exe,1234,0x0,DXGI,0,0,0,Hardware: Legacy Flip,0,41.277824,0.5,17.025,1.0,1.5,17.025
GTAIV.exe,1234,0x0,DXGI,0,0,0,Hardware: Legacy Flip,0,41.295219,0.5,17.395,1.0,1.5,17.395
GTAIV.exe,1234,0x0,DXGI,0,0,0,Hardware: Legacy Flip,0,41.313460,0.5,18.241,1.0,1.5,18.241
GTAIV.exe,1234,0x0,DXGI,0,0,0,Hardware: Legacy Flip,0,41.331033,0.5,17.573,1.0,1.5,17.573
GTAIV.exe,1234,0x0,DXGI,0,0,0,Hardware: Legacy Flip,0,41.348590,0.5,17.557,1.0,1.5,17.557
GTAIV.exe,1234,0x0,DXGI,0,0,0,Hardware: Legacy Flip,0,41.362988,0.5,14.398,1.0,1.5,14.398
GTAIV.exe,1234,0x0,DXGI,0,0,0,Hardware: Legacy Flip,0,41.379994,0.5,17.005,1.0,1.5,17.005
GTAIV.exe,1234,0x0,DXGI,0,0,0,Hardware: Legacy Flip,0,41.395759,0.5,15.765,1.0,1.5,15.765
GTAIV.exe,1234,0x0,DXGI,0,0,0,Hardware: Legacy Flip,0,41.410851,0.5,15.093,1.0,1.5,15.093
GTAIV.exe,1234,0x0,DXGI,0,0,0,Hardware: Legacy Flip,0,41.427616,0.5,16.764,1.0,1.5,16.764
GTAIV.exe,1234,0x0,DXGI,0,0,0,Hardware: Legacy Flip,0,41.445785,0.5,18.169,1.0,1.5,18.169
GTAIV.exe,1234,0x0,DXGI,0,0,0,Hardware: Legacy Flip,0,41.462368,0.5,16.584,1.0,1.5,16.584
GTAIV.exe,1234,0x0,DXGI,0,0,0,Hardware: Legacy Flip,0,41.478338,0.5,15.970,1.0,1.5,15.970
GTAIV.exe,1234,0x0,DXGI,0,0,0,Hardware: Legacy Flip,0,41.494803,0.5,16.465,1.0,1.5,16.465
GTAIV.exe,1234,0x0,DXGI,0,0,0,Hardware: Legacy Flip,0,41.511235,0.5,16.432,1.0,1.5,16.432
GTAIV.exe,1234,0x0,DXGI,0,0,0,Hardware: Legacy Flip,0,41.528597,0.5,17.362,1.0,1.5,17.362
GTAIV.exe,1234,0x0,DXGI,0,0,0,Hardware: Legacy Flip,0,41.546447,0.5,17.850,1.0,1.5,17.850
GTAIV.exe,1234,0x0,DXGI,0,0,0,Hardware: Legacy Flip,0,41.561662,0.5,15.215,1.0,1.5,15.215
GTAIV.exe,1234,0x0,DXGI,0,0,0,Hardware: Legacy Flip,0,41.577692,0.5,16.029,1.0,1.5,16.029
GTAIV.exe,1234,0x0,DXGI,0,0,0,Hardware: Legacy Flip,0,41.593985,0.5,16.293,1.0,1.5,16.293
GTAIV.exe,1234,0x0,DXGI,0,0,0,Hardware: Legacy Flip,0,41.612007,0.5,18.022,1.0,1.5,18.022
GTAIV.exe,1234,0x0,DXGI,0,0,0,Hardware: Legacy Flip,0,41.629246,0.5,17.239,1.0,1.5,17.239
GTAIV.exe,1234,0x0,DXGI,0,0,0,Hardware: Legacy Flip,0,41.646375,0.5,17.129,1.0,1.5,17.129
GTAIV.exe,1234,0x0,DXGI,0,0,0,Hardware: Legacy Flip,0,41.663307,0.5,16.932,1.0,1.5,16.932
GTAIV.exe,1234,0x0,DXGI,0,0,0,Hardware: Legacy Flip,0,41.679396,0.5,16.089,1.0,1.5,16.089
GTAIV.exe,1234,0x0,DXGI,0,0,0,Hardware: Legacy Flip,0,41.695489,0.5,16.094,1.0,1.5,16.094
GTAIV.exe,1234,0x0,DXGI,0,0,0,Hardware: Legacy Flip,0,41.710261,0.5,14.771,1.0,1.5,14.771
GTAIV.exe,1234,0x0,DXGI,0,0,0,Hardware: Legacy Flip,0,41.726313,0.5,16.053,1.0,1.5,16.053
GTAIV.exe,1234,0x0,DXGI,0,0,0,Hardware: Legacy Flip,0,41.744758,0.5,18.445,1.0,1.5,18.445
GTAIV.exe,1234,0x0,DXGI,0,0,0,Hardware: Legacy Flip,0,41.761371,0.5,16.613,1.0,1.5,16.613
GTAIV.exe,1234,0x0,DXGI,0,0,0,Hardware: Legacy Flip,0,41.776881,0.5,15.510,1.0,1.5,15.510
GTAIV.exe,1234,0x0,DXGI,0,0,0,Hardware: Legacy Flip,0,41.794040,0.5,17.159,1.0,1.5,17.159
GTAIV.exe,1234,0x0,DXGI,0,0,0,Hardware: Legacy Flip,0,41.810630,0.5,16.590,1.0,1.5,16.590
GTAIV.exe,1234,0x0,DXGI,0,0,0,Hardware: Legacy Flip,0,41.827387,0.5,16.757,1.0,1.5,16.757
GTAIV.exe,1234,0x0,DXGI,0,0,0,Hardware: Legacy Flip,0,41.845360,0.5,17.973,1.0,1.5,17.973
GTAIV.exe,1234,0x0,DXGI,0,0,0,Hardware: Legacy Flip,0,41.860425,0.5,15.065,1.0,1.5,15.065
GTAIV.exe,1234,0x0,DXGI,0,0,0,Hardware: Legacy Flip,0,41.877964,0.5,17.539,1.0,1.5,17.539
GTAIV.exe,1234,0x0,DXGI,0,0,0,Hardware: Legacy Flip,0,41.894068,0.5,16.104,1.0,1.5,16.104
GTAIV.exe,1234,0x0,DXGI,0,0,0,Hardware: Legacy Flip,0,41.911345,0.5,17.277,1.0,1.5,17.277
GTAIV.exe,1234,0x0,DXGI,0,0,0,Hardware: Legacy Flip,0,41.927963,0.5,16.618,1.0,1.5,16.618
GTAIV.exe,1234,0x0,DXGI,0,0,0,Hardware: Legacy Flip,0,41.945581,0.5,17.618,1.0,1.5,17.618
GTAIV.exe,1234,0x0,DXGI,0,0,0,Hardware: Legacy Flip,0,41.961892,0.5,16.311,1.0,1.5,16.311
GTAIV.exe,1234,0x0,DXGI,0,0,0,Hardware: Legacy Flip,0,41.978615,0.5,16.723,1.0,1.5,16.723
GTAIV.exe,1234,0x0,DXGI,0,0,0,Hardware: Legacy Flip,0,41.997670,0.5,19.055,1.0,1.5,19.055
GTAIV.exe,1234,0x0,DXGI,0,0,0,Hardware: Legacy Flip,0,42.013542,0.5,15.872,1.0,1.5,15.872
GTAIV.exe,1234,0x0,DXGI,0,0,0,Hardware: Legacy Flip,0,42.031739,0.5,18.197,1.0,1.5,18.197
GTAIV.exe,1234,0x0,DXGI,0,0,0,Hardware: Legacy Flip,0,42.049972,0.5,18.233,1.0,1.5,18.233
GTAIV.exe,1234,0x0,DXGI,0,0,0,Hardware: Legacy Flip,0,42.066101,0.5,16.129,1.0,1.5,16.129
GTAIV.exe,1234,0x0,DXGI,0,0,0,Hardware: Legacy Flip,0,42.083865,0.5,17.764,1.0,1.5,17.764
GTAIV.exe,1234,0x0,DXGI,0,0,0,Hardware: Legacy Flip,0,42.101427,0.5,17.562,1.0,1.5,17.562
GTAIV.exe,1234,0x0,DXGI,0,0,0,Hardware: Legacy Flip,0,42.119081,0.5,17.654,1.0,1.5,17.654
GTAIV.exe,1234,0x0,DXGI,0,0,0,Hardware: Legacy Flip,0,42.134714,0.5,15.633,1.0,1.5,15.633
GTAIV.exe,1234,0x0,DXGI,0,0,0,Hardware: Legacy Flip,0,42.151220,0.5,16.506,1.0,1.5,16.506
GTAIV.exe,1234,0x0,DXGI,0,0,0,Hardware: Legacy Flip,0,42.166865,0.5,15.645,1.0,1.5,15.645
GTAIV.exe,1234,0x0,DXGI,0,0,0,Hardware: Legacy Flip,0,42.184852,0.5,17.988,1.0,1.5,17.988
GTAIV.exe,1234,0x0,DXGI,0,0,0,Hardware: Legacy Flip,0,42.200923,0.5,16.071,1.0,1.5,16.071
GTAIV.exe,1234,0x0,DXGI,0,0,0,Hardware: Legacy Flip,0,42.216714,0.5,15.791,1.0,1.5,15.791
GTAIV.exe,1234,0x0,DXGI,0,0,0,Hardware: Legacy Flip,0,42.232438,0.5,15.724,1.0,1.5,15.724
GTAIV.exe,1234,0x0,DXGI,0,0,0,Hardware: Legacy Flip,0,42.250334,0.5,17.896,1.0,1.5,17.896
GTAIV.exe,1234,0x0,DXGI,0,0,0,Hardware: Legacy Flip,0,42.265195,0.5,14.860,1.0,1.5,14.860
GTAIV.exe,1234,0x0,DXGI,0,0,0,Hardware: Legacy Flip,0,42.280560,0.5,15.365,1.0,1.5,15.365
GTAIV.exe,1234,0x0,DXGI,0,0,0,Hardware: Legacy Flip,0,42.296607,0.5,16.047,1.0,1.5,16.047
GTAIV.exe,1234,0x0,DXGI,0,0,0,Hardware: Legacy Flip,0,42.312048,0.5,15.442,1.0,1.5,15.442
GTAIV.exe,1234,0x0,DXGI,0,0,0,Hardware: Legacy Flip,0,42.328940,0.5,16.892,1.0,1.5,16.892
GTAIV.exe,1234,0x0,DXGI,0,0,0,Hardware: Legacy Flip,0,42.346815,0.5,17.875,1.0,1.5,17.875
GTAIV.exe,1234,0x0,DXGI,0,0,0,Hardware: Legacy Flip,0,42.362926,0.5,16.111,1.0,1.5,16.111
GTAIV.exe,1234,0x0,DXGI,0,0,0,Hardware: Legacy Flip,0,42.379850,0.5,16.925,1.0,1.5,16.925
GTAIV.exe,1234,0x0,DXGI,0,0,0,Hardware: Legacy Flip,0,42.394883,0.5,15.033,1.0,1.5,15.033
GTAIV.exe,1234,0x0,DXGI,0,0,0,Hardware: Legacy Flip,0,42.410611,0.5,15.728,1.0,1.5,15.728
GTAIV.exe,1234,0x0,DXGI,0,0,0,Hardware: Legacy Flip,0,42.427097,0.5,16.486,1.0,1.5,16.486
GTAIV.exe,1234,0x0,DXGI,0,0,0,Hardware: Legacy Flip,0,42.443593,0.5,16.496,1.0,1.5,16.496
GTAIV.exe,1234,0x0,DXGI,0,0,0,Hardware: Legacy Flip,0,42.458804,0.5,15.211,1.0,1.5,15.211
GTAIV.exe,1234,0x0,DXGI,0,0,0,Hardware: Legacy Flip,0,42.475567,0.5,16.763,1.0,1.5,16.763
GTAIV.exe,1234,0x0,DXGI,0,0,0,Hardware: Legacy Flip,0,42.491055,0.5,15.488,1.0,1.5,15.488
GTAIV.exe,1234,0x0,DXGI,0,0,0,Hardware: Legacy Flip,0,42.507886,0.5,16.831,1.0,1.5,16.831
GTAIV.exe,1234,0x0,DXGI,0,0,0,Hardware: Legacy Flip,0,42.524930,0.5,17.045,1.0,1.5,17.045
GTAIV.exe,1234,0x0,DXGI,0,0,0,Hardware: Legacy Flip,0,42.543289,0.5,18.358,1.0,1.5,18.358
GTAIV.exe,1234,0x0,DXGI,0,0,0,Hardware: Legacy Flip,0,42.559331,0.5,16.043,1.0,1.5,16.043
GTAIV.exe,1234,0x0,DXGI,0,0,0,Hardware: Legacy Flip,0,42.576561,0.5,17.230,1.0,1.5,17.230
GTAIV.exe,1234,0x0,DXGI,0,0,0,Hardware: Legacy Flip,0,42.593961,0.5,17.399,1.0,1.5,17.399
GTAIV.exe,1234,0x0,DXGI,0,0,0,Hardware: Legacy Flip,0,42.610322,0.5,16.361,1.0,1.5,16.361
GTAIV.exe,1234,0x0,DXGI,0,0,0,Hardware: Legacy Flip,0,42.627120,0.5,16.798,1.0,1.5,16.798
GTAIV.exe,1234,0x0,DXGI,0,0,0,Hardware: Legacy Flip,0,42.644239,0.5,17.119,1.0,1.5,17.119
GTAIV.exe,1234,0x0,DXGI,0,0,0,Hardware: Legacy Flip,0,42.660499,0.5,16.260,1.0,1.5,16.260
GTAIV.exe,1234,0x0,DXGI,0,0,0,Hardware: Legacy Flip,0,42.678058,0.5,17.559,1.0,1.5,17.559
GTAIV.exe,1234,0x0,DXGI,0,0,0,Hardware: Legacy Flip,0,42.693900,0.5,15.842,1.0,1.5,15.842
GTAIV.exe,1234,0x0,DXGI,0,0,0,Hardware: Legacy Flip,0,42.711047,0.5,17.148,1.0,1.5,17.148
GTAIV.exe,1234,0x0,DXGI,0,0,0,Hardware: Legacy Flip,0,42.727369,0.5,16.322,1.0,1.5,16.322
GTAIV.exe,1234,0x0,DXGI,0,0,0,Hardware: Legacy Flip,0,42.743640,0.5,16.271,1.0,1.5,16.271
GTAIV.exe,1234,0x0,DXGI,0,0,0,Hardware: Legacy Flip,0,42.760235,0.5,16.595,1.0,1.5,16.595
GTAIV.exe,1234,0x0,DXGI,0,0,0,Hardware: Legacy Flip,0,42.776628,0.5,16.393,1.0,1.5,16.393
GTAIV.exe,1234,0x0,DXGI,0,0,0,Hardware: Legacy Flip,0,42.793893,0.5,17.265,1.0,1.5,17.265
GTAIV.exe,1234,0x0,DXGI,0,0,0,Hardware: Legacy Flip,0,42.809632,0.5,15.739,1.0,1.5,15.739
GTAIV.exe,1234,0x0,DXGI,0,0,0,Hardware: Legacy Flip,0,42.824646,0.5,15.014,1.0,1.5,15.014
GTAIV.exe,1234,0x0,DXGI,0,0,0,Hardware: Legacy Flip,0,42.842008,0.5,17.361,1.0,1.5,17.361
GTAIV.exe,1234,0x0,DXGI,0,0,0,Hardware: Legacy Flip,0,42.857791,0.5,15.784,1.0,1.5,15.784
GTAIV.exe,1234,0x0,DXGI,0,0,0,Hardware: Legacy Flip,0,42.875086,0.5,17.294,1.0,1.5,17.294
GTAIV.exe,1234,0x0,DXGI,0,0,0,Hardware: Legacy Flip,0,42.891039,0.5,15.953,1.0,1.5,15.953
GTAIV.exe,1234,0x0,DXGI,0,0,0,Hardware: Legacy Flip,0,42.909291,0.5,18.252,1.0,1.5,18.252
GTAIV.exe,1234,0x0,DXGI,0,0,0,Hardware: Legacy Flip,0,42.926742,0.5,17.451,1.0,1.5,17.451
GTAIV.exe,1234,0x0,DXGI,0,0,0,Hardware: Legacy Flip,0,42.943371,0.5,16.629,1.0,1.5,16.629
GTAIV.exe,1234,0x0,DXGI,0,0,0,Hardware: Legacy Flip,0,42.959918,0.5,16.548,1.0,1.5,16.548
GTAIV.exe,1234,0x0,DXGI,0,0,0,Hardware: Legacy Flip,0,42.976697,0.5,16.778,1.0,1.5,16.778
GTAIV.exe,1234,0x0,DXGI,0,0,0,Hardware: Legacy Flip,0,42.992404,0.5,15.707,1.0,1.5,15.707
GTAIV.exe,1234,0x0,DXGI,0,0,0,Hardware: Legacy Flip,0,43.009109,0.5,16.705,1.0,1.5,16.705
GTAIV.exe,1234,0x0,DXGI,0,0,0,Hardware: Legacy Flip,0,43.026939,0.5,17.830,1.0,1.5,17.830
GTAIV.exe,1234,0x0,DXGI,0,0,0,Hardware: Legacy Flip,0,43.042446,0.5,15.506,1.0,1.5,15.506
GTAIV.exe,1234,0x0,DXGI,0,0,0,Hardware: Legacy Flip,0,43.060138,0.5,17.693,1.0,1.5,17.693
GTAIV.exe,1234,0x0,DXGI,0,0,0,Hardware: Legacy Flip,0,43.076253,0.5,16.115,1.0,1.5,16.115
GTAIV.exe,1234,0x0,DXGI,0,0,0,Hardware: Legacy Flip,0,43.093204,0.5,16.950,1.0,1.5,16.950
GTAIV.exe,1234,0x0,DXGI,0,0,0,Hardware: Legacy Flip,0,43.111688,0.5,18.484,1.0,1.5,18.484
GTAIV.exe,1234,0x0,DXGI,0,0,0,Hardware: Legacy Flip,0,43.127806,0.5,16.119,1.0,1.5,16.119
GTAIV.exe,1234,0x0,DXGI,0,0,0,Hardware: Legacy Flip,0,43.144176,0.5,16.370,1.0,1.5,16.370
GTAIV.exe,1234,0x0,DXGI,0,0,0,Hardware: Legacy Flip,0,43.159757,0.5,15.582,1.0,1.5,15.582
GTAIV.exe,1234,0x0,DXGI,0,0,0,Hardware: Legacy Flip,0,43.176203,0.5,16.446,1.0,1.5,16.446
GTAIV.exe,1234,0x0,DXGI,0,0,0,Hardware: Legacy Flip,0,43.192025,0.5,15.822,1.0,1.5,15.822
GTAIV.exe,1234,0x0,DXGI,0,0,0,Hardware: Legacy Flip,0,43.207586,0.5,15.560,1.0,1.5,15.560
GTAIV.exe,1234,0x0,DXGI,0,0,0,Hardware: Legacy Flip,0,43.223153,0.5,15.567,1.0,1.5,15.567
GTAIV.exe,1234,0x0,DXGI,0,0,0,Hardware: Legacy Flip,0,43.240309,0.5,17.155,1.0,1.5,17.155
GTAIV.exe,1234,0x0,DXGI,0,0,0,Hardware: Legacy Flip,0,43.256329,0.5,16.021,1.0,1.5,16.021
GTAIV.exe,1234,0x0,DXGI,0,0,0,Hardware: Legacy Flip,0,43.272307,0.5,15.977,1.0,1.5,15.977
GTAIV.exe,1234,0x0,DXGI,0,0,0,Hardware: Legacy Flip,0,43.288807,0.5,16.500,1.0,1.5,16.500
GTAIV.exe,1234,0x0,DXGI,0,0,0,Hardware: Legacy Flip,0,43.306916,0.5,18.109,1.0,1.5,18.109
GTAIV.exe,1234,0x0,DXGI,0,0,0,Hardware: Legacy Flip,0,43.323639,0.5,16.723,1.0,1.5,16.723
GTAIV.exe,1234,0x0,DXGI,0,0,0,Hardware: Legacy Flip,0,43.342513,0.5,18.874,1.0,1.5,18.874
GTAIV.exe,1234,0x0,DXGI,0,0,0,Hardware: Legacy Flip,0,43.358583,0.5,16.070,1.0,1.5,16.070
GTAIV.exe,1234,0x0,DXGI,0,0,0,Hardware: Legacy Flip,0,43.375972,0.5,17.389,1.0,1.5,17.389
GTAIV.exe,1234,0x0,DXGI,0,0,0,Hardware: Legacy Flip,0,43.392694,0.5,16.722,1.0,1.5,16.722
GTAIV.exe,1234,0x0,DXGI,0,0,0,Hardware: Legacy Flip,0,43.410006,0.5,17.312,1.0,1.5,17.312
GTAIV.exe,1234,0x0,DXGI,0,0,0,Hardware: Legacy Flip,0,43.427165,0.5,17.159,1.0,1.5,17.159
GTAIV.exe,1234,0x0,DXGI,0,0,0,Hardware: Legacy Flip,0,43.441435,0.5,14.269,1.0,1.5,14.269
GTAIV.exe,1234,0x0,DXGI,0,0,0,Hardware: Legacy Flip,0,43.458208,0.5,16.774,1.0,1.5,16.774
GTAIV.exe,1234,0x0,DXGI,0,0,0,Hardware: Legacy Flip,0,43.474576,0.5,16.368,1.0,1.5,16.368
GTAIV.exe,1234,0x0,DXGI,0,0,0,Hardware: Legacy Flip,0,43.491802,0.5,17.226,1.0,1.5,17.226
GTAIV.exe,1234,0x0,DXGI,0,0,0,Hardware: Legacy Flip,0,43.508813,0.5,17.012,1.0,1.5,17.012
GTAIV.exe,1234,0x0,DXGI,0,0,0,Hardware: Legacy Flip,0,43.525795,0.5,16.982,1.0,1.5,16.982
GTAIV.exe,1234,0x0,DXGI,0,0,0,Hardware: Legacy Flip,0,43.541121,0.5,15.326,1.0,1.5,15.326
GTAIV.exe,1234,0x0,DXGI,0,0,0,Hardware: Legacy Flip,0,43.557207,0.5,16.086,1.0,1.5,16.086
GTAIV.exe,1234,0x0,DXGI,0,0,0,Hardware: Legacy Flip,0,43.575166,0.5,17.959,1.0,1.5,17.959
GTAIV.exe,1234,0x0,DXGI,0,0,0,Hardware: Legacy Flip,0,43.590088,0.5,14.922,1.0,1.5,14.922
GTAIV.exe,1234,0x0,DXGI,0,0,0,Hardware: Legacy Flip,0,43.606916,0.5,16.828,1.0,1.5,16.828
GTAIV.exe,1234,0x0,DXGI,0,0,0,Hardware: Legacy Flip,0,43.624790,0.5,17.873,1.0,1.5,17.873
GTAIV.exe,1234,0x0,DXGI,0,0,0,Hardware: Legacy Flip,0,43.641373,0.5,16.584,1.0,1.5,16.584
GTAIV.exe,1234,0x0,DXGI,0,0,0,Hardware: Legacy Flip,0,43.656770,0.5,15.396,1.0,1.5,15.396
GTAIV.exe,1234,0x0,DXGI,0,0,0,Hardware: Legacy Flip,0,43.672923,0.5,16.153,1.0,1.5,16.153
GTAIV.exe,1234,0x0,DXGI,0,0,0,Hardware: Legacy Flip,0,43.690614,0.5,17.691,1.0,1.5,17.691
GTAIV.exe,1234,0x0,DXGI,0,0,0,Hardware: Legacy Flip,0,43.708393,0.5,17.779,1.0,1.5,17.779
GTAIV.exe,1234,0x0,DXGI,0,0,0,Hardware: Legacy Flip,0,43.725187,0.5,16.794,1.0,1.5,16.794
GTAIV.exe,1234,0x0,DXGI,0,0,0,Hardware: Legacy Flip,0,43.740569,0.5,15.381,1.0,1.5,15.381
GTAIV.exe,1234,0x0,DXGI,0,0,0,Hardware: Legacy Flip,0,43.755423,0.5,14.855,1.0,1.5,14.855
GTAIV.exe,1234,0x0,DXGI,0,0,0,Hardware: Legacy Flip,0,43.772870,0.5,17.447,1.0,1.5,17.447
GTAIV.exe,1234,0x0,DXGI,0,0,0,Hardware: Legacy Flip,0,43.791048,0.5,18.178,1.0,1.5,18.178
GTAIV.exe,1234,0x0,DXGI,0,0,0,Hardware: Legacy Flip,0,43.807660,0.5,16.612,1.0,1.5,16.612
GTAIV.exe,1234,0x0,DXGI,0,0,0,Hardware: Legacy Flip,0,43.824125,0.5,16.465,1.0,1.5,16.465
GTAIV.exe,1234,0x0,DXGI,0,0,0,Hardware: Legacy Flip,0,43.839697,0.5,15.572,1.0,1.5,15.572
GTAIV.exe,1234,0x0,DXGI,0,0,0,Hardware: Legacy Flip,0,43.857610,0.5,17.913,1.0,1.5,17.913
GTAIV.exe,1234,0x0,DXGI,0,0,0,Hardware: Legacy Flip,0,43.875430,0.5,17.820,1.0,1.5,17.820
GTAIV.exe,1234,0x0,DXGI,0,0,0,Hardware: Legacy Flip,0,43.892048,0.5,16.617,1.0,1.5,16.617
GTAIV.exe,1234,0x0,DXGI,0,0,0,Hardware: Legacy Flip,0,43.909709,0.5,17.662,1.0,1.5,17.662
GTAIV.exe,1234,0x0,DXGI,0,0,0,Hardware: Legacy Flip,0,43.925905,0.5,16.195,1.0,1.5,16.195
GTAIV.exe,1234,0x0,DXGI,0,0,0,Hardware: Legacy Flip,0,43.942293,0.5,16.388,1.0,1.5,16.388
GTAIV.exe,1234,0x0,DXGI,0,0,0,Hardware: Legacy Flip,0,43.958578,0.5,16.285,1.0,1.5,16.285
GTAIV.exe,1234,0x0,DXGI,0,0,0,Hardware: Legacy Flip,0,43.975055,0.5,16.477,1.0,1.5,16.477
GTAIV.exe,1234,0x0,DXGI,0,0,0,Hardware: Legacy Flip,0,43.991792,0.5,16.737,1.0,1.5,16.737
GTAIV.exe,1234,0x0,DXGI,0,0,0,Hardware: Legacy Flip,0,44.008377,0.5,16.586,1.0,1.5,16.586
GTAIV.exe,1234,0x0,DXGI,0,0,0,Hardware: Legacy Flip,0,44.025841,0.5,17.464,1.0,1.5,17.464
GTAIV.exe,1234,0x0,DXGI,0,0,0,Hardware: Legacy Flip,0,44.039882,0.5,14.041,1.0,1.5,14.041
GTAIV.exe,1234,0x0,DXGI,0,0,0,Hardware: Legacy Flip,0,44.056656,0.5,16.774,1.0,1.5,16.774
GTAIV.exe,1234,0x0,DXGI,0,0,0,Hardware: Legacy Flip,0,44.073136,0.5,16.480,1.0,1.5,16.480
GTAIV.exe,1234,0x0,DXGI,0,0,0,Hardware: Legacy Flip,0,44.090168,0.5,17.033,1.0,1.5,17.033
GTAIV.exe,1234,0x0,DXGI,0,0,0,Hardware: Legacy Flip,0,44.107628,0.5,17.459,1.0,1.5,17.459
GTAIV.exe,1234,0x0,DXGI,0,0,0,Hardware: Legacy Flip,0,44.125206,0.5,17.578,1.0,1.5,17.578
GTAIV.exe,1234,0x0,DXGI,0,0,0,Hardware: Legacy Flip,0,44.141947,0.5,16.741,1.0,1.5,16.741
GTAIV.exe,1234,0x0,DXGI,0,0,0,Hardware: Legacy Flip,0,44.158640,0.5,16.694,1.0,1.5,16.694
GTAIV.exe,1234,0x0,DXGI,0,0,0,Hardware: Legacy Flip,0,44.176166,0.5,17.525,1.0,1.5,17.525
GTAIV.exe,1234,0x0,DXGI,0,0,0,Hardware: Legacy Flip,0,44.192625,0.5,16.459,1.0,1.5,16.459
GTAIV.exe,1234,0x0,DXGI,0,0,0,Hardware: Legacy Flip,0,44.210244,0.5,17.619,1.0,1.5,17.619
GTAIV.exe,1234,0x0,DXGI,0,0,0,Hardware: Legacy Flip,0,44.226023,0.5,15.780,1.0,1.5,15.780
GTAIV.exe,1234,0x0,DXGI,0,0,0,Hardware: Legacy Flip,0,44.240577,0.5,14.554,1.0,1.5,14.554
GTAIV.exe,1234,0x0,DXGI,0,0,0,Hardware: Legacy Flip,0,44.255202,0.5,14.625,1.0,1.5,14.625
GTAIV.exe,1234,0x0,DXGI,0,0,0,Hardware: Legacy Flip,0,44.272373,0.5,17.172,1.0,1.5,17.172
GTAIV.exe,1234,0x0,DXGI,0,0,0,Hardware: Legacy Flip,0,44.288006,0.5,15.633,1.0,1.5,15.633
GTAIV.exe,1234,0x0,DXGI,0,0,0,Hardware: Legacy Flip,0,44.302795,0.5,14.789,1.0,1.5,14.789
GTAIV.exe,1234,0x0,DXGI,0,0,0,Hardware: Legacy Flip,0,44.318678,0.5,15.882,1.0,1.5,15.882
GTAIV.exe,1234,0x0,DXGI,0,0,0,Hardware: Legacy Flip,0,44.333330,0.5,14.652,1.0,1.5,14.652
GTAIV.exe,1234,0x0,DXGI,0,0,0,Hardware: Legacy Flip,0,44.350139,0.5,16.808,1.0,1.5,16.808
GTAIV.exe,1234,0x0,DXGI,0,0,0,Hardware: Legacy Flip,0,44.368060,0.5,17.922,1.0,1.5,17.922
GTAIV.exe,1234,0x0,DXGI,0,0,0,Hardware: Legacy Flip,0,44.383561,0.5,15.501,1.0,1.5,15.501
GTAIV.exe,1234,0x0,DXGI,0,0,0,Hardware: Legacy Flip,0,44.398694,0.5,15.133,1.0,1.5,15.133
GTAIV.exe,1234,0x0,DXGI,0,0,0,Hardware: Legacy Flip,0,44.414079,0.5,15.385,1.0,1.5,15.385
GTAIV.exe,1234,0x0,DXGI,0,0,0,Hardware: Legacy Flip,0,44.430296,0.5,16.217,1.0,1.5,16.217
GTAIV.exe,1234,0x0,DXGI,0,0,0,Hardware: Legacy Flip,0,44.448282,0.5,17.987,1.0,1.5,17.987
GTAIV.exe,1234,0x0,DXGI,0,0,0,Hardware: Legacy Flip,0,44.465408,0.5,17.126,1.0,1.5,17.126
GTAIV.exe,1234,0x0,DXGI,0,0,0,Hardware: Legacy Flip,0,44.481626,0.5,16.218,1.0,1.5,16.218
GTAIV.exe,1234,0x0,DXGI,0,0,0,Hardware: Legacy Flip,0,44.499054,0.5,17.428,1.0,1.5,17.428
GTAIV.exe,1234,0x0,DXGI,0,0,0,Hardware: Legacy Flip,0,44.516422,0.5,17.368,1.0,1.5,17.368
GTAIV.exe,1234,0x0,DXGI,0,0,0,Hardware: Legacy Flip,0,44.533612,0.5,17.190,1.0,1.5,17.190
GTAIV.exe,1234,0x0,DXGI,0,0,0,Hardware: Legacy Flip,0,44.552236,0.5,18.625,1.0,1.5,18.625
GTAIV.exe,1234,0x0,DXGI,0,0,0,Hardware: Legacy Flip,0,44.567453,0.5,15.217,1.0,1.5,15.217
GTAIV.exe,1234,0x0,DXGI,0,0,0,Hardware: Legacy Flip,0,44.584604,0.5,17.151,1.0,1.5,17.151
GTAIV.exe,1234,0x0,DXGI,0,0,0,Hardware: Legacy Flip,0,44.602123,0.5,17.519,1.0,1.5,17.519
GTAIV.exe,1234,0x0,DXGI,0,0,0,Hardware: Legacy Flip,0,44.620067,0.5,17.944,1.0,1.5,17.944
GTAIV.exe,1234,0x0,DXGI,0,0,0,Hardware: Legacy Flip,0,44.636094,0.5,16.027,1.0,1.5,16.027
GTAIV.exe,1234,0x0,DXGI,0,0,0,Hardware: Legacy Flip,0,44.653124,0.5,17.030,1.0,1.5,17.030
GTAIV.exe,1234,0x0,DXGI,0,0,0,Hardware: Legacy Flip,0,44.668951,0.5,15.827,1.0,1.5,15.827
GTAIV.exe,1234,0x0,DXGI,0,0,0,Hardware: Legacy Flip,0,44.685533,0.5,16.582,1.0,1.5,16.582
GTAIV.exe,1234,0x0,DXGI,0,0,0,Hardware: Legacy Flip,0,44.700845,0.5,15.312,1.0,1.5,15.312
GTAIV.exe,1234,0x0,DXGI,0,0,0,Hardware: Legacy Flip,0,44.720080,0.5,19.236,1.0,1.5,19.236
GTAIV.exe,1234,0x0,DXGI,0,0,0,Hardware: Legacy Flip,0,44.736407,0.5,16.326,1.0,1.5,16.326
GTAIV.exe,1234,0x0,DXGI,0,0,0,Hardware: Legacy Flip,0,44.751480,0.5,15.074,1.0,1.5,15.074
GTAIV.exe,1234,0x0,DXGI,0,0,0,Hardware: Legacy Flip,0,44.767540,0.5,16.060,1.0,1.5,16.060
GTAIV.exe,1234,0x0,DXGI,0,0,0,Hardware: Legacy Flip,0,44.784854,0.5,17.314,1.0,1.5,17.314
GTAIV.exe,1234,0x0,DXGI,0,0,0,Hardware: Legacy Flip,0,44.802648,0.5,17.794,1.0,1.5,17.794
GTAIV.exe,1234,0x0,DXGI,0,0,0,Hardware: Legacy Flip,0,44.819465,0.5,16.817,1.0,1.5,16.817
GTAIV.exe,1234,0x0,DXGI,0,0,0,Hardware: Legacy Flip,0,44.835243,0.5,15.777,1.0,1.5,15.777
GTAIV.exe,1234,0x0,DXGI,0,0,0,Hardware: Legacy Flip,0,44.849599,0.5,14.357,1.0,1.5,14.357
GTAIV.exe,1234,0x0,DXGI,0,0,0,Hardware: Legacy Flip,0,44.865321,0.5,15.721,1.0,1.5,15.721
GTAIV.exe,1234,0x0,DXGI,0,0,0,Hardware: Legacy Flip,0,44.883107,0.5,17.786,1.0,1.5,17.786
GTAIV.exe,1234,0x0,DXGI,0,0,0,Hardware: Legacy Flip,0,44.899539,0.5,16.432,1.0,1.5,16.432
GTAIV.exe,1234,0x0,DXGI,0,0,0,Hardware: Legacy Flip,0,44.916192,0.5,16.654,1.0,1.5,16.654
GTAIV.exe,1234,0x0,DXGI,0,0,0,Hardware: Legacy Flip,0,44.931013,0.5,14.821,1.0,1.5,14.821
GTAIV.exe,1234,0x0,DXGI,0,0,0,Hardware: Legacy Flip,0,44.944842,0.5,13.828,1.0,1.5,13.828
GTAIV.exe,1234,0x0,DXGI,0,0,0,Hardware: Legacy Flip,0,44.962415,0.5,17.573,1.0,1.5,17.573
GTAIV.exe,1234,0x0,DXGI,0,0,0,Hardware: Legacy Flip,0,44.979566,0.5,17.151,1.0,1.5,17.151
GTAIV.exe,1234,0x0,DXGI,0,0,0,Hardware: Legacy Flip,0,44.997898,0.5,18.332,1.0,1.5,18.332
GTAIV.exe,1234,0x0,DXGI,0,0,0,Hardware: Legacy Flip,0,45.012936,0.5,15.038,1.0,1.5,15.038
GTAIV.exe,1234,0x0,DXGI,0,0,0,Hardware: Legacy Flip,0,45.028148,0.5,15.212,1.0,1.5,15.212
GTAIV.exe,1234,0x0,DXGI,0,0,0,Hardware: Legacy Flip,0,45.044348,0.5,16.201,1.0,1.5,16.201
GTAIV.exe,1234,0x0,DXGI,0,0,0,Hardware: Legacy Flip,0,45.063467,0.5,19.118,1.0,1.5,19.118
GTAIV.exe,1234,0x0,DXGI,0,0,0,Hardware: Legacy Flip,0,45.081517,0.5,18.050,1.0,1.5,18.050
GTAIV.exe,1234,0x0,DXGI,0,0,0,Hardware: Legacy Flip,0,45.096534,0.5,15.017,1.0,1.5,15.017
GTAIV.exe,1234,0x0,DXGI,0,0,0,Hardware: Legacy Flip,0,45.115113,0.5,18.579,1.0,1.5,18.579
GTAIV.exe,1234,0x0,DXGI,0,0,0,Hardware: Legacy Flip,0,45.132021,0.5,16.908,1.0,1.5,16.908
GTAIV.exe,1234,0x0,DXGI,0,0,0,Hardware: Legacy Flip,0,45.148352,0.5,16.331,1.0,1.5,16.331
GTAIV.exe,1234,0x0,DXGI,0,0,0,Hardware: Legacy Flip,0,45.163441,0.5,15.089,1.0,1.5,15.089
GTAIV.exe,1234,0x0,DXGI,0,0,0,Hardware: Legacy Flip,0,45.180831,0.5,17.390,1.0,1.5,17.390
GTAIV.exe,1234,0x0,DXGI,0,0,0,Hardware: Legacy Flip,0,45.198258,0.5,17.427,1.0,1.5,17.427
GTAIV.exe,1234,0x0,DXGI,0,0,0,Hardware: Legacy Flip,0,45.214732,0.5,16.474,1.0,1.5,16.474
GTAIV.exe,1234,0x0,DXGI,0,0,0,Hardware: Legacy Flip,0,45.232591,0.5,17.859,1.0,1.5,17.859
GTAIV.exe,1234,0x0,DXGI,0,0,0,Hardware: Legacy Flip,0,45.248661,0.5,16.070,1.0,1.5,16.070
GTAIV.exe,1234,0x0,DXGI,0,0,0,Hardware: Legacy Flip,0,45.266781,0.5,18.120,1.0,1.5,18.120
GTAIV.exe,1234,0x0,DXGI,0,0,0,Hardware: Legacy Flip,0,45.284237,0.5,17.456,1.0,1.5,17.456
GTAIV.exe,1234,0x0,DXGI,0,0,0,Hardware: Legacy Flip,0,45.301841,0.5,17.604,1.0,1.5,17.604
GTAIV.exe,1234,0x0,DXGI,0,0,0,Hardware: Legacy Flip,0,45.319048,0.5,17.207,1.0,1.5,17.207
GTAIV.exe,1234,0x0,DXGI,0,0,0,Hardware: Legacy Flip,0,45.334477,0.5,15.430,1.0,1.5,15.430
GTAIV.exe,1234,0x0,DXGI,0,0,0,Hardware: Legacy Flip,0,45.351192,0.5,16.715,1.0,1.5,16.715
GTAIV.exe,1234,0x0,DXGI,0,0,0,Hardware: Legacy Flip,0,45.368433,0.5,17.241,1.0,1.5,17.241
GTAIV.exe,1234,0x0,DXGI,0,0,0,Hardware: Legacy Flip,0,45.383218,0.5,14.785,1.0,1.5,14.785
GTAIV.exe,1234,0x0,DXGI,0,0,0,Hardware: Legacy Flip,0,45.398203,0.5,14.985,1.0,1.5,14.985
GTAIV.exe,1234,0x0,DXGI,0,0,0,Hardware: Legacy Flip,0,45.413985,0.5,15.782,1.0,1.5,15.782
GTAIV.exe,1234,0x0,DXGI,0,0,0,Hardware: Legacy Flip,0,45.430114,0.5,16.129,1.0,1.5,16.129
GTAIV.exe,1234,0x0,DXGI,0,0,0,Hardware: Legacy Flip,0,45.446405,0.5,16.292,1.0,1.5,16.292
GTAIV.exe,1234,0x0,DXGI,0,0,0,Hardware: Legacy Flip,0,45.463736,0.5,17.330,1.0,1.5,17.330
GTAIV.exe,1234,0x0,DXGI,0,0,0,Hardware: Legacy Flip,0,45.480236,0.5,16.501,1.0,1.5,16.501
GTAIV.exe,1234,0x0,DXGI,0,0,0,Hardware: Legacy Flip,0,45.497189,0.5,16.953,1.0,1.5,16.953
GTAIV.exe,1234,0x0,DXGI,0,0,0,Hardware: Legacy Flip,0,45.514258,0.5,17.069,1.0,1.5,17.069
GTAIV.exe,1234,0x0,DXGI,0,0,0,Hardware: Legacy Flip,0,45.530281,0.5,16.023,1.0,1.5,16.023
GTAIV.exe,1234,0x0,DXGI,0,0,0,Hardware: Legacy Flip,0,45.547980,0.5,17.699,1.0,1.5,17.699
GTAIV.exe,1234,0x0,DXGI,0,0,0,Hardware: Legacy Flip,0,45.563562,0.5,15.582,1.0,1.5,15.582
GTAIV.exe,1234,0x0,DXGI,0,0,0,Hardware: Legacy Flip,0,45.581263,0.5,17.700,1.0,1.5,17.700
GTAIV.exe,1234,0x0,DXGI,0,0,0,Hardware: Legacy Flip,0,45.597446,0.5,16.183,1.0,1.5,16.183
GTAIV.exe,1234,0x0,DXGI,0,0,0,Hardware: Legacy Flip,0,45.613141,0.5,15.696,1.0,1.5,15.696
GTAIV.exe,1234,0x0,DXGI,0,0,0,Hardware: Legacy Flip,0,45.629860,0.5,16.719,1.0,1.5,16.719
GTAIV.exe,1234,0x0,DXGI,0,0,0,Hardware: Legacy Flip,0,45.646607,0.5,16.747,1.0,1.5,16.747
GTAIV.exe,1234,0x0,DXGI,0,0,0,Hardware: Legacy Flip,0,45.663347,0.5,16.740,1.0,1.5,16.740
GTAIV.exe,1234,0x0,DXGI,0,0,0,Hardware: Legacy Flip,0,45.679093,0.5,15.746,1.0,1.5,15.746
GTAIV.exe,1234,0x0,DXGI,0,0,0,Hardware: Legacy Flip,0,45.697204,0.5,18.111,1.0,1.5,18.111
GTAIV.exe,1234,0x0,DXGI,0,0,0,Hardware: Legacy Flip,0,45.713125,0.5,15.921,1.0,1.5,15.921
GTAIV.exe,1234,0x0,DXGI,0,0,0,Hardware: Legacy Flip,0,45.728708,0.5,15.583,1.0,1.5,15.583
GTAIV.exe,1234,0x0,DXGI,0,0,0,Hardware: Legacy Flip,0,45.745282,0.5,16.574,1.0,1.5,16.574
GTAIV.exe,1234,0x0,DXGI,0,0,0,Hardware: Legacy Flip,0,45.761816,0.5,16.535,1.0,1.5,16.535
GTAIV.exe,1234,0x0,DXGI,0,0,0,Hardware: Legacy Flip,0,45.779008,0.5,17.192,1.0,1.5,17.192
GTAIV.exe,1234,0x0,DXGI,0,0,0,Hardware: Legacy Flip,0,45.795889,0.5,16.881,1.0,1.5,16.881
GTAIV.exe,1234,0x0,DXGI,0,0,0,Hardware: Legacy Flip,0,45.811126,0.5,15.236,1.0,1.5,15.236
GTAIV.exe,1234,0x0,DXGI,0,0,0,Hardware: Legacy Flip,0,45.827049,0.5,15.924,1.0,1.5,15.924
GTAIV.exe,1234,0x0,DXGI,0,0,0,Hardware: Legacy Flip,0,45.843352,0.5,16.302,1.0,1.5,16.302
GTAIV.exe,1234,0x0,DXGI,0,0,0,Hardware: Legacy Flip,0,45.859445,0.5,16.093,1.0,1.5,16.093
GTAIV.exe,1234,0x0,DXGI,0,0,0,Hardware: Legacy Flip,0,45.875283,0.5,15.839,1.0,1.5,15.839
GTAIV.exe,1234,0x0,DXGI,0,0,0,Hardware: Legacy Flip,0,45.890703,0.5,15.420,1.0,1.5,15.420
GTAIV.exe,1234,0x0,DXGI,0,0,0,Hardware: Legacy Flip,0,45.907094,0.5,16.390,1.0,1.5,16.390
GTAIV.exe,1234,0x0,DXGI,0,0,0,Hardware: Legacy Flip,0,45.922716,0.5,15.622,1.0,1.5,15.622
GTAIV.exe,1234,0x0,DXGI,0,0,0,Hardware: Legacy Flip,0,45.938239,0.5,15.523,1.0,1.5,15.523
GTAIV.exe,1234,0x0,DXGI,0,0,0,Hardware: Legacy Flip,0,45.954780,0.5,16.542,1.0,1.5,16.542
GTAIV.exe,1234,0x0,DXGI,0,0,0,Hardware: Legacy Flip,0,45.972525,0.5,17.745,1.0,1.5,17.745
GTAIV.exe,1234,0x0,DXGI,0,0,0,Hardware: Legacy Flip,0,45.988561,0.5,16.035,1.0,1.5,16.035
GTAIV.exe,1234,0x0,DXGI,0,0,0,Hardware: Legacy Flip,0,46.006974,0.5,18.414,1.0,1.5,18.414
GTAIV.exe,1234,0x0,DXGI,0,0,0,Hardware: Legacy Flip,0,46.023553,0.5,16.579,1.0,1.5,16.579
GTAIV.exe,1234,0x0,DXGI,0,0,0,Hardware: Legacy Flip,0,46.038106,0.5,14.553,1.0,1.5,14.553
GTAIV.exe,1234,0x0,DXGI,0,0,0,Hardware: Legacy Flip,0,46.053883,0.5,15.777,1.0,1.5,15.777
GTAIV.exe,1234,0x0,DXGI,0,0,0,Hardware: Legacy Flip,0,46.070022,0.5,16.139,1.0,1.5,16.139
GTAIV.exe,1234,0x0,DXGI,0,0,0,Hardware: Legacy Flip,0,46.087488,0.5,17.466,1.0,1.5,17.466
GTAIV.exe,1234,0x0,DXGI,0,0,0,Hardware: Legacy Flip,0,46.102595,0.5,15.108,1.0,1.5,15.108
GTAIV.exe,1234,0x0,DXGI,0,0,0,Hardware: Legacy Flip,0,46.120222,0.5,17.627,1.0,1.5,17.627
GTAIV.exe,1234,0x0,DXGI,0,0,0,Hardware: Legacy Flip,0,46.137485,0.5,17.263,1.0,1.5,17.263
GTAIV.exe,1234,0x0,DXGI,0,0,0,Hardware: Legacy Flip,0,46.154757,0.5,17.272,1.0,1.5,17.272
GTAIV.exe,1234,0x0,DXGI,0,0,0,Hardware: Legacy Flip,0,46.172407,0.5,17.650,1.0,1.5,17.650
GTAIV.exe,1234,0x0,DXGI,0,0,0,Hardware: Legacy Flip,0,46.189694,0.5,17.287,1.0,1.5,17.287
GTAIV.exe,1234,0x0,DXGI,0,0,0,Hardware: Legacy Flip,0,46.206652,0.5,16.958,1.0,1.5,16.958
GTAIV.exe,1234,0x0,DXGI,0,0,0,Hardware: Legacy Flip,0,46.222772,0.5,16.120,1.0,1.5,16.120
GTAIV.exe,1234,0x0,DXGI,0,0,0,Hardware: Legacy Flip,0,46.239592,0.5,16.820,1.0,1.5,16.820
GTAIV.exe,1234,0x0,DXGI,0,0,0,Hardware: Legacy Flip,0,46.254088,0.5,14.496,1.0,1.5,14.496
GTAIV.exe,1234,0x0,DXGI,0,0,0,Hardware: Legacy Flip,0,46.269358,0.5,15.270,1.0,1.5,15.270
GTAIV.exe,1234,0x0,DXGI,0,0,0,Hardware: Legacy Flip,0,46.282294,0.5,12.936,1.0,1.5,12.936
GTAIV.exe,1234,0x0,DXGI,0,0,0,Hardware: Legacy Flip,0,46.300608,0.5,18.314,1.0,1.5,18.314
GTAIV.exe,1234,0x0,DXGI,0,0,0,Hardware: Legacy Flip,0,46.318585,0.5,17.977,1.0,1.5,17.977
GTAIV.exe,1234,0x0,DXGI,0,0,0,Hardware: Legacy Flip,0,46.337118,0.5,18.533,1.0,1.5,18.533
GTAIV.exe,1234,0x0,DXGI,0,0,0,Hardware: Legacy Flip,0,46.353837,0.5,16.719,1.0,1.5,16.719
GTAIV.exe,1234,0x0,DXGI,0,0,0,Hardware: Legacy Flip,0,46.371328,0.5,17.491,1.0,1.5,17.491
GTAIV.exe,1234,0x0,DXGI,0,0,0,Hardware: Legacy Flip,0,46.389444,0.5,18.116,1.0,1.5,18.116
GTAIV.exe,1234,0x0,DXGI,0,0,0,Hardware: Legacy Flip,0,46.406277,0.5,16.833,1.0,1.5,16.833
GTAIV.exe,1234,0x0,DXGI,0,0,0,Hardware: Legacy Flip,0,46.423216,0.5,16.939,1.0,1.5,16.939
GTAIV.exe,1234,0x0,DXGI,0,0,0,Hardware: Legacy Flip,0,46.441070,0.5,17.854,1.0,1.5,17.854
GTAIV.exe,1234,0x0,DXGI,0,0,0,Hardware: Legacy Flip,0,46.458004,0.5,16.934,1.0,1.5,16.934
GTAIV.exe,1234,0x0,DXGI,0,0,0,Hardware: Legacy Flip,0,46.473251,0.5,15.247,1.0,1.5,15.247
GTAIV.exe,1234,0x0,DXGI,0,0,0,Hardware: Legacy Flip,0,46.489644,0.5,16.393,1.0,1.5,16.393
GTAIV.exe,1234,0x0,DXGI,0,0,0,Hardware: Legacy Flip,0,46.507244,0.5,17.600,1.0,1.5,17.600
GTAIV.exe,1234,0x0,DXGI,0,0,0,Hardware: Legacy Flip,0,46.522422,0.5,15.179,1.0,1.5,15.179
GTAIV.exe,1234,0x0,DXGI,0,0,0,Hardware: Legacy Flip,0,46.540118,0.5,17.695,1.0,1.5,17.695
GTAIV.exe,1234,0x0,DXGI,0,0,0,Hardware: Legacy Flip,0,46.556383,0.5,16.265,1.0,1.5,16.265
GTAIV.exe,1234,0x0,DXGI,0,0,0,Hardware: Legacy Flip,0,46.572864,0.5,16.481,1.0,1.5,16.481
GTAIV.exe,1234,0x0,DXGI,0,0,0,Hardware: Legacy Flip,0,46.588458,0.5,15.594,1.0,1.5,15.594
GTAIV.exe,1234,0x0,DXGI,0,0,0,Hardware: Legacy Flip,0,46.603393,0.5,14.935,1.0,1.5,14.935
GTAIV.exe,1234,0x0,DXGI,0,0,0,Hardware: Legacy Flip,0,46.619709,0.5,16.317,1.0,1.5,16.317
GTAIV.exe,1234,0x0,DXGI,0,0,0,Hardware: Legacy Flip,0,46.636393,0.5,16.683,1.0,1.5,16.683
GTAIV.exe,1234,0x0,DXGI,0,0,0,Hardware: Legacy Flip,0,46.651769,0.5,15.376,1.0,1.5,15.376
GTAIV.exe,1234,0x0,DXGI,0,0,0,Hardware: Legacy Flip,0,46.668310,0.5,16.541,1.0,1.5,16.541
GTAIV.exe,1234,0x0,DXGI,0,0,0,Hardware: Legacy Flip,0,46.686789,0.5,18.479,1.0,1.5,18.479
GTAIV.exe,1234,0x0,DXGI,0,0,0,Hardware: Legacy Flip,0,46.704552,0.5,17.763,1.0,1.5,17.763
GTAIV.exe,1234,0x0,DXGI,0,0,0,Hardware: Legacy Flip,0,46.722052,0.5,17.500,1.0,1.5,17.500
GTAIV.exe,1234,0x0,DXGI,0,0,0,Hardware: Legacy Flip,0,46.737864,0.5,15.812,1.0,1.5,15.812
GTAIV.exe,1234,0x0,DXGI,0,0,0,Hardware: Legacy Flip,0,46.755229,0.5,17.365,1.0,1.5,17.365
GTAIV.exe,1234,0x0,DXGI,0,0,0,Hardware: Legacy Flip,0,46.772205,0.5,16.976,1.0,1.5,16.976
GTAIV.exe,1234,0x0,DXGI,0,0,0,Hardware: Legacy Flip,0,46.788807,0.5,16.602,1.0,1.5,16.602
GTAIV.exe,1234,0x0,DXGI,0,0,0,Hardware: Legacy Flip,0,46.805663,0.5,16.856,1.0,1.5,16.856
GTAIV.exe,1234,0x0,DXGI,0,0,0,Hardware: Legacy Flip,0,46.822587,0.5,16.925,1.0,1.5,16.925
GTAIV.exe,1234,0x0,DXGI,0,0,0,Hardware: Legacy Flip,0,46.839810,0.5,17.223,1.0,1.5,17.223
GTAIV.exe,1234,0x0,DXGI,0,0,0,Hardware: Legacy Flip,0,46.858291,0.5,18.481,1.0,1.5,18.481
GTAIV.exe,1234,0x0,DXGI,0,0,0,Hardware: Legacy Flip,0,46.873343,0.5,15.052,1.0,1.5,15.052
GTAIV.exe,1234,0x0,DXGI,0,0,0,Hardware: Legacy Flip,0,46.887799,0.5,14.455,1.0,1.5,14.455
GTAIV.exe,1234,0x0,DXGI,0,0,0,Hardware: Legacy Flip,0,46.905803,0.5,18.004,1.0,1.5,18.004
GTAIV.exe,1234,0x0,DXGI,0,0,0,Hardware: Legacy Flip,0,46.920334,0.5,14.531,1.0,1.5,14.531
GTAIV.exe,1234,0x0,DXGI,0,0,0,Hardware: Legacy Flip,0,46.936633,0.5,16.300,1.0,1.5,16.300
GTAIV.exe,1234,0x0,DXGI,0,0,0,Hardware: Legacy Flip,0,46.952826,0.5,16.193,1.0,1.5,16.193
GTAIV.exe,1234,0x0,DXGI,0,0,0,Hardware: Legacy Flip,0,46.968513,0.5,15.687,1.0,1.5,15.687
GTAIV.exe,1234,0x0,DXGI,0,0,0,Hardware: Legacy Flip,0,46.985348,0.5,16.835,1.0,1.5,16.835
GTAIV.exe,1234,0x0,DXGI,0,0,0,Hardware: Legacy Flip,0,47.000537,0.5,15.189,1.0,1.5,15.189
GTAIV.exe,1234,0x0,DXGI,0,0,0,Hardware: Legacy Flip,0,47.017950,0.5,17.413,1.0,1.5,17.413
GTAIV.exe,1234,0x0,DXGI,0,0,0,Hardware: Legacy Flip,0,47.036520,0.5,18.571,1.0,1.5,18.571
GTAIV.exe,1234,0x0,DXGI,0,0,0,Hardware: Legacy Flip,0,47.054512,0.5,17.992,1.0,1.5,17.992
GTAIV.exe,1234,0x0,DXGI,0,0,0,Hardware: Legacy Flip,0,47.069639,0.5,15.127,1.0,1.5,15.127
GTAIV.exe,1234,0x0,DXGI,0,0,0,Hardware: Legacy Flip,0,47.087906,0.5,18.267,1.0,1.5,18.267
GTAIV.exe,1234,0x0,DXGI,0,0,0,Hardware: Legacy Flip,0,47.104783,0.5,16.877,1.0,1.5,16.877
GTAIV.exe,1234,0x0,DXGI,0,0,0,Hardware: Legacy Flip,0,47.123215,0.5,18.431,1.0,1.5,18.431
GTAIV.exe,1234,0x0,DXGI,0,0,0,Hardware: Legacy Flip,0,47.140370,0.5,17.155,1.0,1.5,17.155
GTAIV.exe,1234,0x0,DXGI,0,0,0,Hardware: Legacy Flip,0,47.156861,0.5,16.491,1.0,1.5,16.491
GTAIV.exe,1234,0x0,DXGI,0,0,0,Hardware: Legacy Flip,0,47.174569,0.5,17.708,1.0,1.5,17.708
GTAIV.exe,1234,0x0,DXGI,0,0,0,Hardware: Legacy Flip,0,47.189413,0.5,14.844,1.0,1.5,14.844
GTAIV.exe,1234,0x0,DXGI,0,0,0,Hardware: Legacy Flip,0,47.206048,0.5,16.635,1.0,1.5,16.635
GTAIV.exe,1234,0x0,DXGI,0,0,0,Hardware: Legacy Flip,0,47.223190,0.5,17.142,1.0,1.5,17.142
GTAIV.exe,1234,0x0,DXGI,0,0,0,Hardware: Legacy Flip,0,47.238845,0.5,15.655,1.0,1.5,15.655
GTAIV.exe,1234,0x0,DXGI,0,0,0,Hardware: Legacy Flip,0,47.254879,0.5,16.033,1.0,1.5,16.033
GTAIV.exe,1234,0x0,DXGI,0,0,0,Hardware: Legacy Flip,0,47.270177,0.5,15.299,1.0,1.5,15.299
GTAIV.exe,1234,0x0,DXGI,0,0,0,Hardware: Legacy Flip,0,47.287311,0.5,17.134,1.0,1.5,17.134
GTAIV.exe,1234,0x0,DXGI,0,0,0,Hardware: Legacy Flip,0,47.303932,0.5,16.620,1.0,1.5,16.620
GTAIV.exe,1234,0x0,DXGI,0,0,0,Hardware: Legacy Flip,0,47.321254,0.5,17.322,1.0,1.5,17.322
GTAIV.exe,1234,0x0,DXGI,0,0,0,Hardware: Legacy Flip,0,47.337276,0.5,16.022,1.0,1.5,16.022
GTAIV.exe,1234,0x0,DXGI,0,0,0,Hardware: Legacy Flip,0,47.351993,0.5,14.717,1.0,1.5,14.717
GTAIV.exe,1234,0x0,DXGI,0,0,0,Hardware: Legacy Flip,0,47.368720,0.5,16.727,1.0,1.5,16.727
GTAIV.exe,1234,0x0,DXGI,0,0,0,Hardware: Legacy Flip,0,47.384684,0.5,15.964,1.0,1.5,15.964
GTAIV.exe,1234,0x0,DXGI,0,0,0,Hardware: Legacy Flip,0,47.400847,0.5,16.163,1.0,1.5,16.163
GTAIV.exe,1234,0x0,DXGI,0,0,0,Hardware: Legacy Flip,0,47.417273,0.5,16.426,1.0,1.5,16.426
GTAIV.exe,1234,0x0,DXGI,0,0,0,Hardware: Legacy Flip,0,47.434476,0.5,17.203,1.0,1.5,17.203
GTAIV.exe,1234,0x0,DXGI,0,0,0,Hardware: Legacy Flip,0,47.450720,0.5,16.244,1.0,1.5,16.244
GTAIV.exe,1234,0x0,DXGI,0,0,0,Hardware: Legacy Flip,0,47.468060,0.5,17.341,1.0,1.5,17.341
GTAIV.exe,1234,0x0,DXGI,0,0,0,Hardware: Legacy Flip,0,47.483060,0.5,15.000,1.0,1.5,15.000
GTAIV.exe,1234,0x0,DXGI,0,0,0,Hardware: Legacy Flip,0,47.499318,0.5,16.258,1.0,1.5,16.258
GTAIV.exe,1234,0x0,DXGI,0,0,0,Hardware: Legacy Flip,0,47.517138,0.5,17.820,1.0,1.5,17.820
GTAIV.exe,1234,0x0,DXGI,0,0,0,Hardware: Legacy Flip,0,47.532939,0.5,15.801,1.0,1.5,15.801
GTAIV.exe,1234,0x0,DXGI,0,0,0,Hardware: Legacy Flip,0,47.550016,0.5,17.077,1.0,1.5,17.077
GTAIV.exe,1234,0x0,DXGI,0,0,0,Hardware: Legacy Flip,0,47.566088,0.5,16.073,1.0,1.5,16.073
GTAIV.exe,1234,0x0,DXGI,0,0,0,Hardware: Legacy Flip,0,47.583258,0.5,17.170,1.0,1.5,17.170
GTAIV.exe,1234,0x0,DXGI,0,0,0,Hardware: Legacy Flip,0,47.600134,0.5,16.876,1.0,1.5,16.876
GTAIV.exe,1234,0x0,DXGI,0,0,0,Hardware: Legacy Flip,0,47.616547,0.5,16.413,1.0,1.5,16.413
GTAIV.exe,1234,0x0,DXGI,0,0,0,Hardware: Legacy Flip,0,47.633425,0.5,16.878,1.0,1.5,16.878
GTAIV.exe,1234,0x0,DXGI,0,0,0,Hardware: Legacy Flip,0,47.650807,0.5,17.382,1.0,1.5,17.382
GTAIV.exe,1234,0x0,DXGI,0,0,0,Hardware: Legacy Flip,0,47.667482,0.5,16.675,1.0,1.5,16.675
GTAIV.exe,1234,0x0,DXGI,0,0,0,Hardware: Legacy Flip,0,47.683580,0.5,16.098,1.0,1.5,16.098
GTAIV.exe,1234,0x0,DXGI,0,0,0,Hardware: Legacy Flip,0,47.700237,0.5,16.656,1.0,1.5,16.656
GTAIV.exe,1234,0x0,DXGI,0,0,0,Hardware: Legacy Flip,0,47.716540,0.5,16.304,1.0,1.5,16.304
GTAIV.exe,1234,0x0,DXGI,0,0,0,Hardware: Legacy Flip,0,47.734707,0.5,18.167,1.0,1.5,18.167
GTAIV.exe,1234,0x0,DXGI,0,0,0,Hardware: Legacy Flip,0,47.752285,0.5,17.578,1.0,1.5,17.578
GTAIV.exe,1234,0x0,DXGI,0,0,0,Hardware: Legacy Flip,0,47.771383,0.5,19.098,1.0,1.5,19.098
GTAIV.exe,1234,0x0,DXGI,0,0,0,Hardware: Legacy Flip,0,47.786534,0.5,15.151,1.0,1.5,15.151
GTAIV.exe,1234,0x0,DXGI,0,0,0,Hardware: Legacy Flip,0,47.804227,0.5,17.693,1.0,1.5,17.693
GTAIV.exe,1234,0x0,DXGI,0,0,0,Hardware: Legacy Flip,0,47.821999,0.5,17.772,1.0,1.5,17.772
GTAIV.exe,1234,0x0,DXGI,0,0,0,Hardware: Legacy Flip,0,47.839148,0.5,17.149,1.0,1.5,17.149
GTAIV.exe,1234,0x0,DXGI,0,0,0,Hardware: Legacy Flip,0,47.854950,0.5,15.801,1.0,1.5,15.801
GTAIV.exe,1234,0x0,DXGI,0,0,0,Hardware: Legacy Flip,0,47.872510,0.5,17.560,1.0,1.5,17.560
GTAIV.exe,1234,0x0,DXGI,0,0,0,Hardware: Legacy Flip,0,47.887743,0.5,15.234,1.0,1.5,15.234
GTAIV.exe,1234,0x0,DXGI,0,0,0,Hardware: Legacy Flip,0,47.905333,0.5,17.589,1.0,1.5,17.589
GTAIV.exe,1234,0x0,DXGI,0,0,0,Hardware: Legacy Flip,0,47.920761,0.5,15.429,1.0,1.5,15.429
GTAIV.exe,1234,0x0,DXGI,0,0,0,Hardware: Legacy Flip,0,47.936530,0.5,15.769,1.0,1.5,15.769
GTAIV.exe,1234,0x0,DXGI,0,0,0,Hardware: Legacy Flip,0,47.952047,0.5,15.516,1.0,1.5,15.516
GTAIV.exe,1234,0x0,DXGI,0,0,0,Hardware: Legacy Flip,0,47.968965,0.5,16.919,1.0,1.5,16.919
GTAIV.exe,1234,0x0,DXGI,0,0,0,Hardware: Legacy Flip,0,47.986386,0.5,17.421,1.0,1.5,17.421
GTAIV.exe,1234,0x0,DXGI,0,0,0,Hardware: Legacy Flip,0,48.002849,0.5,16.463,1.0,1.5,16.463
GTAIV.exe,1234,0x0,DXGI,0,0,0,Hardware: Legacy Flip,0,48.018726,0.5,15.876,1.0,1.5,15.876
GTAIV.exe,1234,0x0,DXGI,0,0,0,Hardware: Legacy Flip,0,48.035725,0.5,16.999,1.0,1.5,16.999
GTAIV.exe,1234,0x0,DXGI,0,0,0,Hardware: Legacy Flip,0,48.052933,0.5,17.208,1.0,1.5,17.208
GTAIV.exe,1234,0x0,DXGI,0,0,0,Hardware: Legacy Flip,0,48.069083,0.5,16.151,1.0,1.5,16.151
GTAIV.exe,1234,0x0,DXGI,0,0,0,Hardware: Legacy Flip,0,48.088008,0.5,18.925,1.0,1.5,18.925
GTAIV.exe,1234,0x0,DXGI,0,0,0,Hardware: Legacy Flip,0,48.103324,0.5,15.317,1.0,1.5,15.317
GTAIV.exe,1234,0x0,DXGI,0,0,0,Hardware: Legacy Flip,0,48.118681,0.5,15.357,1.0,1.5,15.357
GTAIV.exe,1234,0x0,DXGI,0,0,0,Hardware: Legacy Flip,0,48.135496,0.5,16.815,1.0,1.5,16.815
GTAIV.exe,1234,0x0,DXGI,0,0,0,Hardware: Legacy Flip,0,48.153761,0.5,18.265,1.0,1.5,18.265
GTAIV.exe,1234,0x0,DXGI,0,0,0,Hardware: Legacy Flip,0,48.168754,0.5,14.993,1.0,1.5,14.993
GTAIV.exe,1234,0x0,DXGI,0,0,0,Hardware: Legacy Flip,0,48.186890,0.5,18.136,1.0,1.5,18.136
GTAIV.exe,1234,0x0,DXGI,0,0,0,Hardware: Legacy Flip,0,48.203936,0.5,17.046,1.0,1.5,17.046
GTAIV.exe,1234,0x0,DXGI,0,0,0,Hardware: Legacy Flip,0,48.221207,0.5,17.271,1.0,1.5,17.271
GTAIV.exe,1234,0x0,DXGI,0,0,0,Hardware: Legacy Flip,0,48.237867,0.5,16.661,1.0,1.5,16.661
GTAIV.exe,1234,0x0,DXGI,0,0,0,Hardware: Legacy Flip,0,48.254767,0.5,16.900,1.0,1.5,16.900
GTAIV.exe,1234,0x0,DXGI,0,0,0,Hardware: Legacy Flip,0,48.271251,0.5,16.483,1.0,1.5,16.483
GTAIV.exe,1234,0x0,DXGI,0,0,0,Hardware: Legacy Flip,0,48.286558,0.5,15.307,1.0,1.5,15.307
GTAIV.exe,1234,0x0,DXGI,0,0,0,Hardware: Legacy Flip,0,48.303472,0.5,16.914,1.0,1.5,16.914
GTAIV.exe,1234,0x0,DXGI,0,0,0,Hardware: Legacy Flip,0,48.318043,0.5,14.571,1.0,1.5,14.571
GTAIV.exe,1234,0x0,DXGI,0,0,0,Hardware: Legacy Flip,0,48.335896,0.5,17.853,1.0,1.5,17.853
GTAIV.exe,1234,0x0,DXGI,0,0,0,Hardware: Legacy Flip,0,48.351656,0.5,15.760,1.0,1.5,15.760
GTAIV.exe,1234,0x0,DXGI,0,0,0,Hardware: Legacy Flip,0,48.371381,0.5,19.725,1.0,1.5,19.725
GTAIV.exe,1234,0x0,DXGI,0,0,0,Hardware: Legacy Flip,0,48.388596,0.5,17.215,1.0,1.5,17.215
GTAIV.exe,1234,0x0,DXGI,0,0,0,Hardware: Legacy Flip,0,48.407190,0.5,18.593,1.0,1.5,18.593
GTAIV.exe,1234,0x0,DXGI,0,0,0,Hardware: Legacy Flip,0,48.424715,0.5,17.526,1.0,1.5,17.526
GTAIV.exe,1234,0x0,DXGI,0,0,0,Hardware: Legacy Flip,0,48.441641,0.5,16.926,1.0,1.5,16.926
GTAIV.exe,1234,0x0,DXGI,0,0,0,Hardware: Legacy Flip,0,48.458532,0.5,16.891,1.0,1.5,16.891
GTAIV.exe,1234,0x0,DXGI,0,0,0,Hardware: Legacy Flip,0,48.475513,0.5,16.981,1.0,1.5,16.981
GTAIV.exe,1234,0x0,DXGI,0,0,0,Hardware: Legacy Flip,0,48.492847,0.5,17.334,1.0,1.5,17.334
GTAIV.exe,1234,0x0,DXGI,0,0,0,Hardware: Legacy Flip,0,48.509157,0.5,16.310,1.0,1.5,16.310
GTAIV.exe,1234,0x0,DXGI,0,0,0,Hardware: Legacy Flip,0,48.525871,0.5,16.715,1.0,1.5,16.715
GTAIV.exe,1234,0x0,DXGI,0,0,0,Hardware: Legacy Flip,0,48.541445,0.5,15.573,1.0,1.5,15.573
GTAIV.exe,1234,0x0,DXGI,0,0,0,Hardware: Legacy Flip,0,48.556698,0.5,15.253,1.0,1.5,15.253
GTAIV.exe,1234,0x0,DXGI,0,0,0,Hardware: Legacy Flip,0,48.575713,0.5,19.014,1.0,1.5,19.014
GTAIV.exe,1234,0x0,DXGI,0,0,0,Hardware: Legacy Flip,0,48.593632,0.5,17.919,1.0,1.5,17.919
GTAIV.exe,1234,0x0,DXGI,0,0,0,Hardware: Legacy Flip,0,48.611019,0.5,17.387,1.0,1.5,17.387
GTAIV.exe,1234,0x0,DXGI,0,0,0,Hardware: Legacy Flip,0,48.626525,0.5,15.506,1.0,1.5,15.506
GTAIV.exe,1234,0x0,DXGI,0,0,0,Hardware: Legacy Flip,0,48.643293,0.5,16.768,1.0,1.5,16.768
GTAIV.exe,1234,0x0,DXGI,0,0,0,Hardware: Legacy Flip,0,48.659448,0.5,16.155,1.0,1.5,16.155
GTAIV.exe,1234,0x0,DXGI,0,0,0,Hardware: Legacy Flip,0,48.675120,0.5,15.672,1.0,1.5,15.672
GTAIV.exe,1234,0x0,DXGI,0,0,0,Hardware: Legacy Flip,0,48.690760,0.5,15.640,1.0,1.5,15.640
GTAIV.exe,1234,0x0,DXGI,0,0,0,Hardware: Legacy Flip,0,48.708528,0.5,17.768,1.0,1.5,17.768
GTAIV.exe,1234,0x0,DXGI,0,0,0,Hardware: Legacy Flip,0,48.725766,0.5,17.238,1.0,1.5,17.238
GTAIV.exe,1234,0x0,DXGI,0,0,0,Hardware: Legacy Flip,0,48.744234,0.5,18.468,1.0,1.5,18.468
GTAIV.exe,1234,0x0,DXGI,0,0,0,Hardware: Legacy Flip,0,48.759417,0.5,15.182,1.0,1.5,15.182
GTAIV.exe,1234,0x0,DXGI,0,0,0,Hardware: Legacy Flip,0,48.774077,0.5,14.660,1.0,1.5,14.660
GTAIV.exe,1234,0x0,DXGI,0,0,0,Hardware: Legacy Flip,0,48.789489,0.5,15.412,1.0,1.5,15.412
GTAIV.exe,1234,0x0,DXGI,0,0,0,Hardware: Legacy Flip,0,48.806707,0.5,17.218,1.0,1.5,17.218
GTAIV.exe,1234,0x0,DXGI,0,0,0,Hardware: Legacy Flip,0,48.821795,0.5,15.088,1.0,1.5,15.088
GTAIV.exe,1234,0x0,DXGI,0,0,0,Hardware: Legacy Flip,0,48.839215,0.5,17.420,1.0,1.5,17.420
GTAIV.exe,1234,0x0,DXGI,0,0,0,Hardware: Legacy Flip,0,48.855625,0.5,16.410,1.0,1.5,16.410
GTAIV.exe,1234,0x0,DXGI,0,0,0,Hardware: Legacy Flip,0,48.873479,0.5,17.854,1.0,1.5,17.854
GTAIV.exe,1234,0x0,DXGI,0,0,0,Hardware: Legacy Flip,0,48.891849,0.5,18.369,1.0,1.5,18.369
GTAIV.exe,1234,0x0,DXGI,0,0,0,Hardware: Legacy Flip,0,48.908383,0.5,16.534,1.0,1.5,16.534
GTAIV.exe,1234,0x0,DXGI,0,0,0,Hardware: Legacy Flip,0,48.927204,0.5,18.821,1.0,1.5,18.821
GTAIV.exe,1234,0x0,DXGI,0,0,0,Hardware: Legacy Flip,0,48.944578,0.5,17.374,1.0,1.5,17.374
GTAIV.exe,1234,0x0,DXGI,0,0,0,Hardware: Legacy Flip,0,48.960572,0.5,15.994,1.0,1.5,15.994
GTAIV.exe,1234,0x0,DXGI,0,0,0,Hardware: Legacy Flip,0,48.977663,0.5,17.091,1.0,1.5,17.091
GTAIV.exe,1234,0x0,DXGI,0,0,0,Hardware: Legacy Flip,0,48.992520,0.5,14.857,1.0,1.5,14.857
GTAIV.exe,1234,0x0,DXGI,0,0,0,Hardware: Legacy Flip,0,49.009117,0.5,16.597,1.0,1.5,16.597
GTAIV.exe,1234,0x0,DXGI,0,0,0,Hardware: Legacy Flip,0,49.026144,0.5,17.027,1.0,1.5,17.027
GTAIV.exe,1234,0x0,DXGI,0,0,0,Hardware: Legacy Flip,0,49.044360,0.5,18.216,1.0,1.5,18.216
GTAIV.exe,1234,0x0,DXGI,0,0,0,Hardware: Legacy Flip,0,49.062388,0.5,18.028,1.0,1.5,18.028
GTAIV.exe,1234,0x0,DXGI,0,0,0,Hardware: Legacy Flip,0,49.079745,0.5,17.357,1.0,1.5,17.357
GTAIV.exe,1234,0x0,DXGI,0,0,0,Hardware: Legacy Flip,0,49.097850,0.5,18.105,1.0,1.5,18.105
GTAIV.exe,1234,0x0,DXGI,0,0,0,Hardware: Legacy Flip,0,49.115596,0.5,17.745,1.0,1.5,17.745
GTAIV.exe,1234,0x0,DXGI,0,0,0,Hardware: Legacy Flip,0,49.132085,0.5,16.489,1.0,1.5,16.489
GTAIV.exe,1234,0x0,DXGI,0,0,0,Hardware: Legacy Flip,0,49.148332,0.5,16.247,1.0,1.5,16.247
GTAIV.exe,1234,0x0,DXGI,0,0,0,Hardware: Legacy Flip,0,49.164310,0.5,15.978,1.0,1.5,15.978
GTAIV.exe,1234,0x0,DXGI,0,0,0,Hardware: Legacy Flip,0,49.180431,0.5,16.121,1.0,1.5,16.121
GTAIV.exe,1234,0x0,DXGI,0,0,0,Hardware: Legacy Flip,0,49.196853,0.5,16.422,1.0,1.5,16.422
GTAIV.exe,1234,0x0,DXGI,0,0,0,Hardware: Legacy Flip,0,49.212600,0.5,15.747,1.0,1.5,15.747
GTAIV.exe,1234,0x0,DXGI,0,0,0,Hardware: Legacy Flip,0,49.226875,0.5,14.275,1.0,1.5,14.275
GTAIV.exe,1234,0x0,DXGI,0,0,0,Hardware: Legacy Flip,0,49.245090,0.5,18.215,1.0,1.5,18.215
GTAIV.exe,1234,0x0,DXGI,0,0,0,Hardware: Legacy Flip,0,49.261373,0.5,16.283,1.0,1.5,16.283
GTAIV.exe,1234,0x0,DXGI,0,0,0,Hardware: Legacy Flip,0,49.277720,0.5,16.348,1.0,1.5,16.348
GTAIV.exe,1234,0x0,DXGI,0,0,0,Hardware: Legacy Flip,0,49.293624,0.5,15.904,1.0,1.5,15.904
GTAIV.exe,1234,0x0,DXGI,0,0,0,Hardware: Legacy Flip,0,49.308530,0.5,14.906,1.0,1.5,14.906
GTAIV.exe,1234,0x0,DXGI,0,0,0,Hardware: Legacy Flip,0,49.324967,0.5,16.437,1.0,1.5,16.437
GTAIV.exe,1234,0x0,DXGI,0,0,0,Hardware: Legacy Flip,0,49.340963,0.5,15.996,1.0,1.5,15.996
GTAIV.exe,1234,0x0,DXGI,0,0,0,Hardware: Legacy Flip,0,49.359011,0.5,18.048,1.0,1.5,18.048
GTAIV.exe,1234,0x0,DXGI,0,0,0,Hardware: Legacy Flip,0,49.375973,0.5,16.962,1.0,1.5,16.962
GTAIV.exe,1234,0x0,DXGI,0,0,0,Hardware: Legacy Flip,0,49.393395,0.5,17.422,1.0,1.5,17.422
GTAIV.exe,1234,0x0,DXGI,0,0,0,Hardware: Legacy Flip,0,49.409398,0.5,16.002,1.0,1.5,16.002
GTAIV.exe,1234,0x0,DXGI,0,0,0,Hardware: Legacy Flip,0,49.425151,0.5,15.753,1.0,1.5,15.753
GTAIV.exe,1234,0x0,DXGI,0,0,0,Hardware: Legacy Flip,0,49.443499,0.5,18.348,1.0,1.5,18.348
GTAIV.exe,1234,0x0,DXGI,0,0,0,Hardware: Legacy Flip,0,49.459387,0.5,15.888,1.0,1.5,15.888
GTAIV.exe,1234,0x0,DXGI,0,0,0,Hardware: Legacy Flip,0,49.475892,0.5,16.505,1.0,1.5,16.505
GTAIV.exe,1234,0x0,DXGI,0,0,0,Hardware: Legacy Flip,0,49.488022,0.5,12.131,1.0,1.5,12.131
GTAIV.exe,1234,0x0,DXGI,0,0,0,Hardware: Legacy Flip,0,49.505298,0.5,17.275,1.0,1.5,17.275
GTAIV.exe,1234,0x0,DXGI,0,0,0,Hardware: Legacy Flip,0,49.522649,0.5,17.351,1.0,1.5,17.351
GTAIV.exe,1234,0x0,DXGI,0,0,0,Hardware: Legacy Flip,0,49.540477,0.5,17.828,1.0,1.5,17.828
GTAIV.exe,1234,0x0,DXGI,0,0,0,Hardware: Legacy Flip,0,49.556560,0.5,16.083,1.0,1.5,16.083
GTAIV.exe,1234,0x0,DXGI,0,0,0,Hardware: Legacy Flip,0,49.574649,0.5,18.089,1.0,1.5,18.089
GTAIV.exe,1234,0x0,DXGI,0,0,0,Hardware: Legacy Flip,0,49.591467,0.5,16.817,1.0,1.5,16.817
GTAIV.exe,1234,0x0,DXGI,0,0,0,Hardware: Legacy Flip,0,49.609480,0.5,18.013,1.0,1.5,18.013
GTAIV.exe,1234,0x0,DXGI,0,0,0,Hardware: Legacy Flip,0,49.625890,0.5,16.411,1.0,1.5,16.411
GTAIV.exe,1234,0x0,DXGI,0,0,0,Hardware: Legacy Flip,0,49.641823,0.5,15.933,1.0,1.5,15.933
GTAIV.exe,1234,0x0,DXGI,0,0,0,Hardware: Legacy Flip,0,49.659033,0.5,17.210,1.0,1.5,17.210
GTAIV.exe,1234,0x0,DXGI,0,0,0,Hardware: Legacy Flip,0,49.676417,0.5,17.384,1.0,1.5,17.384
GTAIV.exe,1234,0x0,DXGI,0,0,0,Hardware: Legacy Flip,0,49.692617,0.5,16.200,1.0,1.5,16.200
GTAIV.exe,1234,0x0,DXGI,0,0,0,Hardware: Legacy Flip,0,49.710116,0.5,17.499,1.0,1.5,17.499
GTAIV.exe,1234,0x0,DXGI,0,0,0,Hardware: Legacy Flip,0,49.726905,0.5,16.789,1.0,1.5,16.789
GTAIV.exe,1234,0x0,DXGI,0,0,0,Hardware: Legacy Flip,0,49.743321,0.5,16.416,1.0,1.5,16.416
GTAIV.exe,1234,0x0,DXGI,0,0,0,Hardware: Legacy Flip,0,49.758681,0.5,15.360,1.0,1.5,15.360
GTAIV.exe,1234,0x0,DXGI,0,0,0,Hardware: Legacy Flip,0,49.773690,0.5,15.009,1.0,1.5,15.009
GTAIV.exe,1234,0x0,DXGI,0,0,0,Hardware: Legacy Flip,0,49.789829,0.5,16.138,1.0,1.5,16.138
GTAIV.exe,1234,0x0,DXGI,0,0,0,Hardware: Legacy Flip,0,49.807354,0.5,17.525,1.0,1.5,17.525
GTAIV.exe,1234,0x0,DXGI,0,0,0,Hardware: Legacy Flip,0,49.822859,0.5,15.505,1.0,1.5,15.505
GTAIV.exe,1234,0x0,DXGI,0,0,0,Hardware: Legacy Flip,0,49.838739,0.5,15.880,1.0,1.5,15.880
GTAIV.exe,1234,0x0,DXGI,0,0,0,Hardware: Legacy Flip,0,49.853338,0.5,14.599,1.0,1.5,14.599
GTAIV.exe,1234,0x0,DXGI,0,0,0,Hardware: Legacy Flip,0,49.869890,0.5,16.552,1.0,1.5,16.552
GTAIV.exe,1234,0x0,DXGI,0,0,0,Hardware: Legacy Flip,0,49.886227,0.5,16.337,1.0,1.5,16.337
GTAIV.exe,1234,0x0,DXGI,0,0,0,Hardware: Legacy Flip,0,49.902212,0.5,15.985,1.0,1.5,15.985
GTAIV.exe,1234,0x0,DXGI,0,0,0,Hardware: Legacy Flip,0,49.919572,0.5,17.359,1.0,1.5,17.359
GTAIV.exe,1234,0x0,DXGI,0,0,0,Hardware: Legacy Flip,0,49.936731,0.5,17.159,1.0,1.5,17.159
GTAIV.exe,1234,0x0,DXGI,0,0,0,Hardware: Legacy Flip,0,49.954424,0.5,17.694,1.0,1.5,17.694
GTAIV.exe,1234,0x0,DXGI,0,0,0,Hardware: Legacy Flip,0,49.972019,0.5,17.595,1.0,1.5,17.595
GTAIV.exe,1234,0x0,DXGI,0,0,0,Hardware: Legacy Flip,0,49.987310,0.5,15.291,1.0,1.5,15.291
GTAIV.exe,1234,0x0,DXGI,0,0,0,Hardware: Legacy Flip,0,50.003021,0.5,15.711,1.0,1.5,15.711
GTAIV.exe,1234,0x0,DXGI,0,0,0,Hardware: Legacy Flip,0,50.019246,0.5,16.225,1.0,1.5,16.225
GTAIV.exe,1234,0x0,DXGI,0,0,0,Hardware: Legacy Flip,0,50.034904,0.5,15.659,1.0,1.5,15.659
GTAIV.exe,1234,0x0,DXGI,0,0,0,Hardware: Legacy Flip,0,50.051201,0.5,16.297,1.0,1.5,16.297
GTAIV.exe,1234,0x0,DXGI,0,0,0,Hardware: Legacy Flip,0,50.067248,0.5,16.047,1.0,1.5,16.047
GTAIV.exe,1234,0x0,DXGI,0,0,0,Hardware: Legacy Flip,0,50.083209,0.5,15.961,1.0,1.5,15.961
GTAIV.exe,1234,0x0,DXGI,0,0,0,Hardware: Legacy Flip,0,50.099223,0.5,16.014,1.0,1.5,16.014
GTAIV.exe,1234,0x0,DXGI,0,0,0,Hardware: Legacy Flip,0,50.115869,0.5,16.646,1.0,1.5,16.646
GTAIV.exe,1234,0x0,DXGI,0,0,0,Hardware: Legacy Flip,0,50.132858,0.5,16.989,1.0,1.5,16.989
GTAIV.exe,1234,0x0,DXGI,0,0,0,Hardware: Legacy Flip,0,50.148096,0.5,15.239,1.0,1.5,15.239
GTAIV.exe,1234,0x0,DXGI,0,0,0,Hardware: Legacy Flip,0,50.166960,0.5,18.863,1.0,1.5,18.863
GTAIV.exe,1234,0x0,DXGI,0,0,0,Hardware: Legacy Flip,0,50.183303,0.5,16.343,1.0,1.5,16.343
GTAIV.exe,1234,0x0,DXGI,0,0,0,Hardware: Legacy Flip,0,50.199715,0.5,16.412,1.0,1.5,16.412
GTAIV.exe,1234,0x0,DXGI,0,0,0,Hardware: Legacy Flip,0,50.217744,0.5,18.030,1.0,1.5,18.030
GTAIV.exe,1234,0x0,DXGI,0,0,0,Hardware: Legacy Flip,0,50.235203,0.5,17.459,1.0,1.5,17.459
GTAIV.exe,1234,0x0,DXGI,0,0,0,Hardware: Legacy Flip,0,50.250432,0.5,15.229,1.0,1.5,15.229
GTAIV.exe,1234,0x0,DXGI,0,0,0,Hardware: Legacy Flip,0,50.266242,0.5,15.810,1.0,1.5,15.810
GTAIV.exe,1234,0x0,DXGI,0,0,0,Hardware: Legacy Flip,0,50.283475,0.5,17.233,1.0,1.5,17.233
GTAIV.exe,1234,0x0,DXGI,0,0,0,Hardware: Legacy Flip,0,50.298270,0.5,14.795,1.0,1.5,14.795
GTAIV.exe,1234,0x0,DXGI,0,0,0,Hardware: Legacy Flip,0,50.315023,0.5,16.752,1.0,1.5,16.752
GTAIV.exe,1234,0x0,DXGI,0,0,0,Hardware: Legacy Flip,0,50.330695,0.5,15.672,1.0,1.5,15.672
GTAIV.exe,1234,0x0,DXGI,0,0,0,Hardware: Legacy Flip,0,50.349119,0.5,18.424,1.0,1.5,18.424
GTAIV.exe,1234,0x0,DXGI,0,0,0,Hardware: Legacy Flip,0,50.365499,0.5,16.381,1.0,1.5,16.381
GTAIV.exe,1234,0x0,DXGI,0,0,0,Hardware: Legacy Flip,0,50.380688,0.5,15.189,1.0,1.5,15.189
GTAIV.exe,1234,0x0,DXGI,0,0,0,Hardware: Legacy Flip,0,50.396587,0.5,15.899,1.0,1.5,15.899
GTAIV.exe,1234,0x0,DXGI,0,0,0,Hardware: Legacy Flip,0,50.414670,0.5,18.083,1.0,1.5,18.083
GTAIV.exe,1234,0x0,DXGI,0,0,0,Hardware: Legacy Flip,0,50.431227,0.5,16.558,1.0,1.5,16.558
GTAIV.exe,1234,0x0,DXGI,0,0,0,Hardware: Legacy Flip,0,50.449076,0.5,17.849,1.0,1.5,17.849
GTAIV.exe,1234,0x0,DXGI,0,0,0,Hardware: Legacy Flip,0,50.467703,0.5,18.627,1.0,1.5,18.627
GTAIV.exe,1234,0x0,DXGI,0,0,0,Hardware: Legacy Flip,0,50.485270,0.5,17.567,1.0,1.5,17.567
GTAIV.exe,1234,0x0,DXGI,0,0,0,Hardware: Legacy Flip,0,50.499656,0.5,14.386,1.0,1.5,14.386
GTAIV.exe,1234,0x0,DXGI,0,0,0,Hardware: Legacy Flip,0,50.518240,0.5,18.584,1.0,1.5,18.584
GTAIV.exe,1234,0x0,DXGI,0,0,0,Hardware: Legacy Flip,0,50.533973,0.5,15.733,1.0,1.5,15.733
GTAIV.exe,1234,0x0,DXGI,0,0,0,Hardware: Legacy Flip,0,50.550446,0.5,16.473,1.0,1.5,16.473
GTAIV.exe,1234,0x0,DXGI,0,0,0,Hardware: Legacy Flip,0,50.566706,0.5,16.260,1.0,1.5,16.260
GTAIV.exe,1234,0x0,DXGI,0,0,0,Hardware: Legacy Flip,0,50.585008,0.5,18.302,1.0,1.5,18.302
GTAIV.exe,1234,0x0,DXGI,0,0,0,Hardware: Legacy Flip,0,50.602316,0.5,17.308,1.0,1.5,17.308
GTAIV.exe,1234,0x0,DXGI,0,0,0,Hardware: Legacy Flip,0,50.618035,0.5,15.720,1.0,1.5,15.720
GTAIV.exe,1234,0x0,DXGI,0,0,0,Hardware: Legacy Flip,0,50.634022,0.5,15.987,1.0,1.5,15.987
GTAIV.exe,1234,0x0,DXGI,0,0,0,Hardware: Legacy Flip,0,50.650046,0.5,16.023,1.0,1.5,16.023
GTAIV.exe,1234,0x0,DXGI,0,0,0,Hardware: Legacy Flip,0,50.669728,0.5,19.682,1.0,1.5,19.682
GTAIV.exe,1234,0x0,DXGI,0,0,0,Hardware: Legacy Flip,0,50.686814,0.5,17.086,1.0,1.5,17.086
GTAIV.exe,1234,0x0,DXGI,0,0,0,Hardware: Legacy Flip,0,50.701787,0.5,14.972,1.0,1.5,14.972
GTAIV.exe,1234,0x0,DXGI,0,0,0,Hardware: Legacy Flip,0,50.719125,0.5,17.338,1.0,1.5,17.338
GTAIV.exe,1234,0x0,DXGI,0,0,0,Hardware: Legacy Flip,0,50.736567,0.5,17.442,1.0,1.5,17.442
GTAIV.exe,1234,0x0,DXGI,0,0,0,Hardware: Legacy Flip,0,50.752766,0.5,16.199,1.0,1.5,16.199
GTAIV.exe,1234,0x0,DXGI,0,0,0,Hardware: Legacy Flip,0,50.770481,0.5,17.715,1.0,1.5,17.715
GTAIV.exe,1234,0x0,DXGI,0,0,0,Hardware: Legacy Flip,0,50.787662,0.5,17.181,1.0,1.5,17.181
GTAIV.exe,1234,0x0,DXGI,0,0,0,Hardware: Legacy Flip,0,50.803869,0.5,16.207,1.0,1.5,16.207
GTAIV.exe,1234,0x0,DXGI,0,0,0,Hardware: Legacy Flip,0,50.820843,0.5,16.974,1.0,1.5,16.974
GTAIV.exe,1234,0x0,DXGI,0,0,0,Hardware: Legacy Flip,0,50.836655,0.5,15.812,1.0,1.5,15.812
GTAIV.exe,1234,0x0,DXGI,0,0,0,Hardware: Legacy Flip,0,50.851249,0.5,14.594,1.0,1.5,14.594
GTAIV.exe,1234,0x0,DXGI,0,0,0,Hardware: Legacy Flip,0,50.869444,0.5,18.194,1.0,1.5,18.194
GTAIV.exe,1234,0x0,DXGI,0,0,0,Hardware: Legacy Flip,0,50.886256,0.5,16.812,1.0,1.5,16.812
GTAIV.exe,1234,0x0,DXGI,0,0,0,Hardware: Legacy Flip,0,50.902426,0.5,16.171,1.0,1.5,16.171
GTAIV.exe,1234,0x0,DXGI,0,0,0,Hardware: Legacy Flip,0,50.918781,0.5,16.355,1.0,1.5,16.355
GTAIV.exe,1234,0x0,DXGI,0,0,0,Hardware: Legacy Flip,0,50.936162,0.5,17.381,1.0,1.5,17.381
GTAIV.exe,1234,0x0,DXGI,0,0,0,Hardware: Legacy Flip,0,50.953595,0.5,17.432,1.0,1.5,17.432
GTAIV.exe,1234,0x0,DXGI,0,0,0,Hardware: Legacy Flip,0,50.969999,0.5,16.404,1.0,1.5,16.404
GTAIV.exe,1234,0x0,DXGI,0,0,0,Hardware: Legacy Flip,0,50.986619,0.5,16.620,1.0,1.5,16.620
GTAIV.exe,1234,0x0,DXGI,0,0,0,Hardware: Legacy Flip,0,51.003472,0.5,16.853,1.0,1.5,16.853
GTAIV.exe,1234,0x0,DXGI,0,0,0,Hardware: Legacy Flip,0,51.019435,0.5,15.963,1.0,1.5,15.963
GTAIV.exe,1234,0x0,DXGI,0,0,0,Hardware: Legacy Flip,0,51.035086,0.5,15.651,1.0,1.5,15.651
GTAIV.exe,1234,0x0,DXGI,0,0,0,Hardware: Legacy Flip,0,51.051337,0.5,16.250,1.0,1.5,16.250
GTAIV.exe,1234,0x0,DXGI,0,0,0,Hardware: Legacy Flip,0,51.069875,0.5,18.538,1.0,1.5,18.538
GTAIV.exe,1234,0x0,DXGI,0,0,0,Hardware: Legacy Flip,0,51.085025,0.5,15.151,1.0,1.5,15.151
GTAIV.exe,1234,0x0,DXGI,0,0,0,Hardware: Legacy Flip,0,51.102002,0.5,16.976,1.0,1.5,16.976
GTAIV.exe,1234,0x0,DXGI,0,0,0,Hardware: Legacy Flip,0,51.119283,0.5,17.282,1.0,1.5,17.282
GTAIV.exe,1234,0x0,DXGI,0,0,0,Hardware: Legacy Flip,0,51.136914,0.5,17.631,1.0,1.5,17.631
GTAIV.exe,1234,0x0,DXGI,0,0,0,Hardware: Legacy Flip,0,51.153519,0.5,16.605,1.0,1.5,16.605
GTAIV.exe,1234,0x0,DXGI,0,0,0,Hardware: Legacy Flip,0,51.170831,0.5,17.313,1.0,1.5,17.313
GTAIV.exe,1234,0x0,DXGI,0,0,0,Hardware: Legacy Flip,0,51.186659,0.5,15.827,1.0,1.5,15.827
GTAIV.exe,1234,0x0,DXGI,0,0,0,Hardware: Legacy Flip,0,51.202958,0.5,16.300,1.0,1.5,16.300
GTAIV.exe,1234,0x0,DXGI,0,0,0,Hardware: Legacy Flip,0,51.219827,0.5,16.869,1.0,1.5,16.869
GTAIV.exe,1234,0x0,DXGI,0,0,0,Hardware: Legacy Flip,0,51.238407,0.5,18.580,1.0,1.5,18.580
GTAIV.exe,1234,0x0,DXGI,0,0,0,Hardware: Legacy Flip,0,51.255598,0.5,17.191,1.0,1.5,17.191
GTAIV.exe,1234,0x0,DXGI,0,0,0,Hardware: Legacy Flip,0,51.271785,0.5,16.186,1.0,1.5,16.186
GTAIV.exe,1234,0x0,DXGI,0,0,0,Hardware: Legacy Flip,0,51.290660,0.5,18.876,1.0,1.5,18.876
GTAIV.exe,1234,0x0,DXGI,0,0,0,Hardware: Legacy Flip,0,51.308959,0.5,18.299,1.0,1.5,18.299
GTAIV.exe,1234,0x0,DXGI,0,0,0,Hardware: Legacy Flip,0,51.325317,0.5,16.357,1.0,1.5,16.357
GTAIV.exe,1234,0x0,DXGI,0,0,0,Hardware: Legacy Flip,0,51.344189,0.5,18.873,1.0,1.5,18.873
GTAIV.exe,1234,0x0,DXGI,0,0,0,Hardware: Legacy Flip,0,51.360232,0.5,16.042,1.0,1.5,16.042
GTAIV.exe,1234,0x0,DXGI,0,0,0,Hardware: Legacy Flip,0,51.376747,0.5,16.515,1.0,1.5,16.515
GTAIV.exe,1234,0x0,DXGI,0,0,0,Hardware: Legacy Flip,0,51.391812,0.5,15.065,1.0,1.5,15.065
GTAIV.exe,1234,0x0,DXGI,0,0,0,Hardware: Legacy Flip,0,51.408254,0.5,16.442,1.0,1.5,16.442
GTAIV.exe,1234,0x0,DXGI,0,0,0,Hardware: Legacy Flip,0,51.426329,0.5,18.075,1.0,1.5,18.075
GTAIV.exe,1234,0x0,DXGI,0,0,0,Hardware: Legacy Flip,0,51.441064,0.5,14.735,1.0,1.5,14.735
GTAIV.exe,1234,0x0,DXGI,0,0,0,Hardware: Legacy Flip,0,51.458192,0.5,17.128,1.0,1.5,17.128
GTAIV.exe,1234,0x0,DXGI,0,0,0,Hardware: Legacy Flip,0,51.475508,0.5,17.316,1.0,1.5,17.316
GTAIV.exe,1234,0x0,DXGI,0,0,0,Hardware: Legacy Flip,0,51.494474,0.5,18.966,1.0,1.5,18.966
GTAIV.exe,1234,0x0,DXGI,0,0,0,Hardware: Legacy Flip,0,51.511899,0.5,17.426,1.0,1.5,17.426
GTAIV.exe,1234,0x0,DXGI,0,0,0,Hardware: Legacy Flip,0,51.527700,0.5,15.801,1.0,1.5,15.801
GTAIV.exe,1234,0x0,DXGI,0,0,0,Hardware: Legacy Flip,0,51.544787,0.5,17.087,1.0,1.5,17.087
GTAIV.exe,1234,0x0,DXGI,0,0,0,Hardware: Legacy Flip,0,51.562829,0.5,18.042,1.0,1.5,18.042
GTAIV.exe,1234,0x0,DXGI,0,0,0,Hardware: Legacy Flip,0,51.578331,0.5,15.502,1.0,1.5,15.502
GTAIV.exe,1234,0x0,DXGI,0,0,0,Hardware: Legacy Flip,0,51.593375,0.5,15.043,1.0,1.5,15.043
GTAIV.exe,1234,0x0,DXGI,0,0,0,Hardware: Legacy Flip,0,51.609651,0.5,16.277,1.0,1.5,16.277
GTAIV.exe,1234,0x0,DXGI,0,0,0,Hardware: Legacy Flip,0,51.627119,0.5,17.468,1.0,1.5,17.468
GTAIV.exe,1234,0x0,DXGI,0,0,0,Hardware: Legacy Flip,0,51.643990,0.5,16.870,1.0,1.5,16.870
GTAIV.exe,1234,0x0,DXGI,0,0,0,Hardware: Legacy Flip,0,51.658900,0.5,14.910,1.0,1.5,14.910
GTAIV.exe,1234,0x0,DXGI,0,0,0,Hardware: Legacy Flip,0,51.676924,0.5,18.024,1.0,1.5,18.024
GTAIV.exe,1234,0x0,DXGI,0,0,0,Hardware: Legacy Flip,0,51.695167,0.5,18.243,1.0,1.5,18.243
GTAIV.exe,1234,0x0,DXGI,0,0,0,Hardware: Legacy Flip,0,51.710937,0.5,15.770,1.0,1.5,15.770
GTAIV.exe,1234,0x0,DXGI,0,0,0,Hardware: Legacy Flip,0,51.726556,0.5,15.619,1.0,1.5,15.619
GTAIV.exe,1234,0x0,DXGI,0,0,0,Hardware: Legacy Flip,0,51.741533,0.5,14.977,1.0,1.5,14.977
GTAIV.exe,1234,0x0,DXGI,0,0,0,Hardware: Legacy Flip,0,51.759263,0.5,17.730,1.0,1.5,17.730
GTAIV.exe,1234,0x0,DXGI,0,0,0,Hardware: Legacy Flip,0,51.775604,0.5,16.340,1.0,1.5,16.340
GTAIV.exe,1234,0x0,DXGI,0,0,0,Hardware: Legacy Flip,0,51.791276,0.5,15.672,1.0,1.5,15.672
GTAIV.exe,1234,0x0,DXGI,0,0,0,Hardware: Legacy Flip,0,51.810199,0.5,18.922,1.0,1.5,18.922
GTAIV.exe,1234,0x0,DXGI,0,0,0,Hardware: Legacy Flip,0,51.825840,0.5,15.641,1.0,1.5,15.641
GTAIV.exe,1234,0x0,DXGI,0,0,0,Hardware: Legacy Flip,0,51.840078,0.5,14.239,1.0,1.5,14.239
GTAIV.exe,1234,0x0,DXGI,0,0,0,Hardware: Legacy Flip,0,51.857751,0.5,17.672,1.0,1.5,17.672
GTAIV.exe,1234,0x0,DXGI,0,0,0,Hardware: Legacy Flip,0,51.873875,0.5,16.124,1.0,1.5,16.124
GTAIV.exe,1234,0x0,DXGI,0,0,0,Hardware: Legacy Flip,0,51.890604,0.5,16.730,1.0,1.5,16.730
GTAIV.exe,1234,0x0,DXGI,0,0,0,Hardware: Legacy Flip,0,51.909290,0.5,18.686,1.0,1.5,18.686
GTAIV.exe,1234,0x0,DXGI,0,0,0,Hardware: Legacy Flip,0,51.923842,0.5,14.552,1.0,1.5,14.552
GTAIV.exe,1234,0x0,DXGI,0,0,0,Hardware: Legacy Flip,0,51.940435,0.5,16.594,1.0,1.5,16.594
GTAIV.exe,1234,0x0,DXGI,0,0,0,Hardware: Legacy Flip,0,51.956754,0.5,16.318,1.0,1.5,16.318
GTAIV.exe,1234,0x0,DXGI,0,0,0,Hardware: Legacy Flip,0,51.974453,0.5,17.700,1.0,1.5,17.700
GTAIV.exe,1234,0x0,DXGI,0,0,0,Hardware: Legacy Flip,0,51.991749,0.5,17.296,1.0,1.5,17.296
GTAIV.exe,1234,0x0,DXGI,0,0,0,Hardware: Legacy Flip,0,52.009743,0.5,17.994,1.0,1.5,17.994
GTAIV.exe,1234,0x0,DXGI,0,0,0,Hardware: Legacy Flip,0,52.026311,0.5,16.568,1.0,1.5,16.568
GTAIV.exe,1234,0x0,DXGI,0,0,0,Hardware: Legacy Flip,0,52.043509,0.5,17.198,1.0,1.5,17.198
GTAIV.exe,1234,0x0,DXGI,0,0,0,Hardware: Legacy Flip,0,52.060643,0.5,17.134,1.0,1.5,17.134
GTAIV.exe,1234,0x0,DXGI,0,0,0,Hardware: Legacy Flip,0,52.075879,0.5,15.235,1.0,1.5,15.235
GTAIV.exe,1234,0x0,DXGI,0,0,0,Hardware: Legacy Flip,0,52.093241,0.5,17.362,1.0,1.5,17.362
GTAIV.exe,1234,0x0,DXGI,0,0,0,Hardware: Legacy Flip,0,52.110432,0.5,17.191,1.0,1.5,17.191
GTAIV.exe,1234,0x0,DXGI,0,0,0,Hardware: Legacy Flip,0,52.127336,0.5,16.904,1.0,1.5,16.904
GTAIV.exe,1234,0x0,DXGI,0,0,0,Hardware: Legacy Flip,0,52.144486,0.5,17.150,1.0,1.5,17.150
GTAIV.exe,1234,0x0,DXGI,0,0,0,Hardware: Legacy Flip,0,52.160383,0.5,15.896,1.0,1.5,15.896
GTAIV.exe,1234,0x0,DXGI,0,0,0,Hardware: Legacy Flip,0,52.175883,0.5,15.500,1.0,1.5,15.500
GTAIV.exe,1234,0x0,DXGI,0,0,0,Hardware: Legacy Flip,0,52.194042,0.5,18.159,1.0,1.5,18.159
GTAIV.exe,1234,0x0,DXGI,0,0,0,Hardware: Legacy Flip,0,52.211047,0.5,17.005,1.0,1.5,17.005
GTAIV.exe,1234,0x0,DXGI,0,0,0,Hardware: Legacy Flip,0,52.227193,0.5,16.146,1.0,1.5,16.146
GTAIV.exe,1234,0x0,DXGI,0,0,0,Hardware: Legacy Flip,0,52.242237,0.5,15.044,1.0,1.5,15.044
GTAIV.exe,1234,0x0,DXGI,0,0,0,Hardware: Legacy Flip,0,52.258124,0.5,15.887,1.0,1.5,15.887
GTAIV.exe,1234,0x0,DXGI,0,0,0,Hardware: Legacy Flip,0,52.274702,0.5,16.578,1.0,1.5,16.578
GTAIV.exe,1234,0x0,DXGI,0,0,0,Hardware: Legacy Flip,0,52.291226,0.5,16.524,1.0,1.5,16.524
GTAIV.exe,1234,0x0,DXGI,0,0,0,Hardware: Legacy Flip,0,52.305995,0.5,14.769,1.0,1.5,14.769
GTAIV.exe,1234,0x0,DXGI,0,0,0,Hardware: Legacy Flip,0,52.323922,0.5,17.928,1.0,1.5,17.928
GTAIV.exe,1234,0x0,DXGI,0,0,0,Hardware: Legacy Flip,0,52.342228,0.5,18.306,1.0,1.5,18.306
GTAIV.exe,1234,0x0,DXGI,0,0,0,Hardware: Legacy Flip,0,52.360691,0.5,18.463,1.0,1.5,18.463
GTAIV.exe,1234,0x0,DXGI,0,0,0,Hardware: Legacy Flip,0,52.378265,0.5,17.574,1.0,1.5,17.574
GTAIV.exe,1234,0x0,DXGI,0,0,0,Hardware: Legacy Flip,0,52.393592,0.5,15.326,1.0,1.5,15.326
GTAIV.exe,1234,0x0,DXGI,0,0,0,Hardware: Legacy Flip,0,52.409074,0.5,15.482,1.0,1.5,15.482
GTAIV.exe,1234,0x0,DXGI,0,0,0,Hardware: Legacy Flip,0,52.426052,0.5,16.978,1.0,1.5,16.978
GTAIV.exe,1234,0x0,DXGI,0,0,0,Hardware: Legacy Flip,0,52.440476,0.5,14.424,1.0,1.5,14.424
GTAIV.exe,1234,0x0,DXGI,0,0,0,Hardware: Legacy Flip,0,52.456596,0.5,16.120,1.0,1.5,16.120
GTAIV.exe,1234,0x0,DXGI,0,0,0,Hardware: Legacy Flip,0,52.472628,0.5,16.032,1.0,1.5,16.032
GTAIV.exe,1234,0x0,DXGI,0,0,0,Hardware: Legacy Flip,0,52.488555,0.5,15.926,1.0,1.5,15.926
GTAIV.exe,1234,0x0,DXGI,0,0,0,Hardware: Legacy Flip,0,52.504661,0.5,16.106,1.0,1.5,16.106
GTAIV.exe,1234,0x0,DXGI,0,0,0,Hardware: Legacy Flip,0,52.521990,0.5,17.329,1.0,1.5,17.329
GTAIV.exe,1234,0x0,DXGI,0,0,0,Hardware: Legacy Flip,0,52.539835,0.5,17.845,1.0,1.5,17.845
GTAIV.exe,1234,0x0,DXGI,0,0,0,Hardware: Legacy Flip,0,52.555482,0.5,15.647,1.0,1.5,15.647
GTAIV.exe,1234,0x0,DXGI,0,0,0,Hardware: Legacy Flip,0,52.573038,0.5,17.556,1.0,1.5,17.556
GTAIV.exe,1234,0x0,DXGI,0,0,0,Hardware: Legacy Flip,0,52.591567,0.5,18.528,1.0,1.5,18.528
GTAIV.exe,1234,0x0,DXGI,0,0,0,Hardware: Legacy Flip,0,52.607712,0.5,16.146,1.0,1.5,16.146
GTAIV.exe,1234,0x0,DXGI,0,0,0,Hardware: Legacy Flip,0,52.623269,0.5,15.557,1.0,1.5,15.557
GTAIV.exe,1234,0x0,DXGI,0,0,0,Hardware: Legacy Flip,0,52.639181,0.5,15.912,1.0,1.5,15.912
GTAIV.exe,1234,0x0,DXGI,0,0,0,Hardware: Legacy Flip,0,52.654390,0.5,15.209,1.0,1.5,15.209
GTAIV.exe,1234,0x0,DXGI,0,0,0,Hardware: Legacy Flip,0,52.671132,0.5,16.742,1.0,1.5,16.742
GTAIV.exe,1234,0x0,DXGI,0,0,0,Hardware: Legacy Flip,0,52.687241,0.5,16.108,1.0,1.5,16.108
GTAIV.exe,1234,0x0,DXGI,0,0,0,Hardware: Legacy Flip,0,52.703851,0.5,16.610,1.0,1.5,16.610
GTAIV.exe,1234,0x0,DXGI,0,0,0,Hardware: Legacy Flip,0,52.719591,0.5,15.740,1.0,1.5,15.740
GTAIV.exe,1234,0x0,DXGI,0,0,0,Hardware: Legacy Flip,0,52.734979,0.5,15.388,1.0,1.5,15.388
GTAIV.exe,1234,0x0,DXGI,0,0,0,Hardware: Legacy Flip,0,52.752215,0.5,17.236,1.0,1.5,17.236
GTAIV.exe,1234,0x0,DXGI,0,0,0,Hardware: Legacy Flip,0,52.769311,0.5,17.096,1.0,1.5,17.096
GTAIV.exe,1234,0x0,DXGI,0,0,0,Hardware: Legacy Flip,0,52.785885,0.5,16.574,1.0,1.5,16.574
GTAIV.exe,1234,0x0,DXGI,0,0,0,Hardware: Legacy Flip,0,52.801074,0.5,15.190,1.0,1.5,15.190
GTAIV.exe,1234,0x0,DXGI,0,0,0,Hardware: Legacy Flip,0,52.818439,0.5,17.365,1.0,1.5,17.365
GTAIV.exe,1234,0x0,DXGI,0,0,0,Hardware: Legacy Flip,0,52.835093,0.5,16.654,1.0,1.5,16.654
GTAIV.exe,1234,0x0,DXGI,0,0,0,Hardware: Legacy Flip,0,52.851940,0.5,16.847,1.0,1.5,16.847
GTAIV.exe,1234,0x0,DXGI,0,0,0,Hardware: Legacy Flip,0,52.869116,0.5,17.176,1.0,1.5,17.176
GTAIV.exe,1234,0x0,DXGI,0,0,0,Hardware: Legacy Flip,0,52.885759,0.5,16.643,1.0,1.5,16.643
GTAIV.exe,1234,0x0,DXGI,0,0,0,Hardware: Legacy Flip,0,52.902099,0.5,16.340,1.0,1.5,16.340
GTAIV.exe,1234,0x0,DXGI,0,0,0,Hardware: Legacy Flip,0,52.916530,0.5,14.431,1.0,1.5,14.431
GTAIV.exe,1234,0x0,DXGI,0,0,0,Hardware: Legacy Flip,0,52.931975,0.5,15.445,1.0,1.5,15.445
GTAIV.exe,1234,0x0,DXGI,0,0,0,Hardware: Legacy Flip,0,52.949666,0.5,17.691,1.0,1.5,17.691
GTAIV.exe,1234,0x0,DXGI,0,0,0,Hardware: Legacy Flip,0,52.965394,0.5,15.728,1.0,1.5,15.728
GTAIV.exe,1234,0x0,DXGI,0,0,0,Hardware: Legacy Flip,0,52.982488,0.5,17.094,1.0,1.5,17.094
GTAIV.exe,1234,0x0,DXGI,0,0,0,Hardware: Legacy Flip,0,52.997732,0.5,15.244,1.0,1.5,15.244
GTAIV.exe,1234,0x0,DXGI,0,0,0,Hardware: Legacy Flip,0,53.016071,0.5,18.339,1.0,1.5,18.339
GTAIV.exe,1234,0x0,DXGI,0,0,0,Hardware: Legacy Flip,0,53.031680,0.5,15.608,1.0,1.5,15.608
GTAIV.exe,1234,0x0,DXGI,0,0,0,Hardware: Legacy Flip,0,53.048559,0.5,16.879,1.0,1.5,16.879
GTAIV.exe,1234,0x0,DXGI,0,0,0,Hardware: Legacy Flip,0,53.066175,0.5,17.616,1.0,1.5,17.616
GTAIV.exe,1234,0x0,DXGI,0,0,0,Hardware: Legacy Flip,0,53.084091,0.5,17.916,1.0,1.5,17.916
GTAIV.exe,1234,0x0,DXGI,0,0,0,Hardware: Legacy Flip,0,53.101310,0.5,17.219,1.0,1.5,17.219
GTAIV.exe,1234,0x0,DXGI,0,0,0,Hardware: Legacy Flip,0,53.117950,0.5,16.640,1.0,1.5,16.640
GTAIV.exe,1234,0x0,DXGI,0,0,0,Hardware: Legacy Flip,0,53.132962,0.5,15.012,1.0,1.5,15.012
GTAIV.exe,1234,0x0,DXGI,0,0,0,Hardware: Legacy Flip,0,53.150028,0.5,17.066,1.0,1.5,17.066
GTAIV.exe,1234,0x0,DXGI,0,0,0,Hardware: Legacy Flip,0,53.167874,0.5,17.846,1.0,1.5,17.846
GTAIV.exe,1234,0x0,DXGI,0,0,0,Hardware: Legacy Flip,0,53.186543,0.5,18.669,1.0,1.5,18.669
GTAIV.exe,1234,0x0,DXGI,0,0,0,Hardware: Legacy Flip,0,53.205473,0.5,18.930,1.0,1.5,18.930
GTAIV.exe,1234,0x0,DXGI,0,0,0,Hardware: Legacy Flip,0,53.221960,0.5,16.487,1.0,1.5,16.487
GTAIV.exe,1234,0x0,DXGI,0,0,0,Hardware: Legacy Flip,0,53.238668,0.5,16.708,1.0,1.5,16.708
GTAIV.exe,1234,0x0,DXGI,0,0,0,Hardware: Legacy Flip,0,53.254922,0.5,16.254,1.0,1.5,16.254
GTAIV.exe,1234,0x0,DXGI,0,0,0,Hardware: Legacy Flip,0,53.271480,0.5,16.558,1.0,1.5,16.558
GTAIV.exe,1234,0x0,DXGI,0,0,0,Hardware: Legacy Flip,0,53.287590,0.5,16.110,1.0,1.5,16.110
GTAIV.exe,1234,0x0,DXGI,0,0,0,Hardware: Legacy Flip,0,53.302831,0.5,15.241,1.0,1.5,15.241
GTAIV.exe,1234,0x0,DXGI,0,0,0,Hardware: Legacy Flip,0,53.317868,0.5,15.037,1.0,1.5,15.037
GTAIV.exe,1234,0x0,DXGI,0,0,0,Hardware: Legacy Flip,0,53.334573,0.5,16.705,1.0,1.5,16.705
GTAIV.exe,1234,0x0,DXGI,0,0,0,Hardware: Legacy Flip,0,53.350095,0.5,15.521,1.0,1.5,15.521
GTAIV.exe,1234,0x0,DXGI,0,0,0,Hardware: Legacy Flip,0,53.366777,0.5,16.682,1.0,1.5,16.682
GTAIV.exe,1234,0x0,DXGI,0,0,0,Hardware: Legacy Flip,0,53.383070,0.5,16.293,1.0,1.5,16.293
GTAIV.exe,1234,0x0,DXGI,0,0,0,Hardware: Legacy Flip,0,53.398483,0.5,15.413,1.0,1.5,15.413
GTAIV.exe,1234,0x0,DXGI,0,0,0,Hardware: Legacy Flip,0,53.414295,0.5,15.812,1.0,1.5,15.812
GTAIV.exe,1234,0x0,DXGI,0,0,0,Hardware: Legacy Flip,0,53.430377,0.5,16.082,1.0,1.5,16.082
GTAIV.exe,1234,0x0,DXGI,0,0,0,Hardware: Legacy Flip,0,53.446043,0.5,15.666,1.0,1.5,15.666
GTAIV.exe,1234,0x0,DXGI,0,0,0,Hardware: Legacy Flip,0,53.462285,0.5,16.241,1.0,1.5,16.241
GTAIV.exe,1234,0x0,DXGI,0,0,0,Hardware: Legacy Flip,0,53.479003,0.5,16.718,1.0,1.5,16.718
GTAIV.exe,1234,0x0,DXGI,0,0,0,Hardware: Legacy Flip,0,53.495259,0.5,16.256,1.0,1.5,16.256
GTAIV.exe,1234,0x0,DXGI,0,0,0,Hardware: Legacy Flip,0,53.512896,0.5,17.637,1.0,1.5,17.637
GTAIV.exe,1234,0x0,DXGI,0,0,0,Hardware: Legacy Flip,0,53.532407,0.5,19.512,1.0,1.5,19.512
GTAIV.exe,1234,0x0,DXGI,0,0,0,Hardware: Legacy Flip,0,53.549124,0.5,16.716,1.0,1.5,16.716
GTAIV.exe,1234,0x0,DXGI,0,0,0,Hardware: Legacy Flip,0,53.566016,0.5,16.893,1.0,1.5,16.893
GTAIV.exe,1234,0x0,DXGI,0,0,0,Hardware: Legacy Flip,0,53.581994,0.5,15.977,1.0,1.5,15.977
GTAIV.exe,1234,0x0,DXGI,0,0,0,Hardware: Legacy Flip,0,53.600531,0.5,18.537,1.0,1.5,18.537
GTAIV.exe,1234,0x0,DXGI,0,0,0,Hardware: Legacy Flip,0,53.617048,0.5,16.517,1.0,1.5,16.517
GTAIV.exe,1234,0x0,DXGI,0,0,0,Hardware: Legacy Flip,0,53.632653,0.5,15.605,1.0,1.5,15.605
GTAIV.exe,1234,0x0,DXGI,0,0,0,Hardware: Legacy Flip,0,53.649745,0.5,17.091,1.0,1.5,17.091
GTAIV.exe,1234,0x0,DXGI,0,0,0,Hardware: Legacy Flip,0,53.667007,0.5,17.262,1.0,1.5,17.262
GTAIV.exe,1234,0x0,DXGI,0,0,0,Hardware: Legacy Flip,0,53.684588,0.5,17.581,1.0,1.5,17.581
GTAIV.exe,1234,0x0,DXGI,0,0,0,Hardware: Legacy Flip,0,53.702958,0.5,18.369,1.0,1.5,18.369
GTAIV.exe,1234,0x0,DXGI,0,0,0,Hardware: Legacy Flip,0,53.722160,0.5,19.203,1.0,1.5,19.203
GTAIV.exe,1234,0x0,DXGI,0,0,0,Hardware: Legacy Flip,0,53.738706,0.5,16.546,1.0,1.5,16.546
GTAIV.exe,1234,0x0,DXGI,0,0,0,Hardware: Legacy Flip,0,53.755141,0.5,16.435,1.0,1.5,16.435
GTAIV.exe,1234,0x0,DXGI,0,0,0,Hardware: Legacy Flip,0,53.771388,0.5,16.247,1.0,1.5,16.247
GTAIV.exe,1234,0x0,DXGI,0,0,0,Hardware: Legacy Flip,0,53.788122,0.5,16.734,1.0,1.5,16.734
GTAIV.exe,1234,0x0,DXGI,0,0,0,Hardware: Legacy Flip,0,53.804934,0.5,16.812,1.0,1.5,16.812
GTAIV.exe,1234,0x0,DXGI,0,0,0,Hardware: Legacy Flip,0,53.821409,0.5,16.475,1.0,1.5,16.475
GTAIV.exe,1234,0x0,DXGI,0,0,0,Hardware: Legacy Flip,0,53.838745,0.5,17.336,1.0,1.5,17.336
GTAIV.exe,1234,0x0,DXGI,0,0,0,Hardware: Legacy Flip,0,53.855486,0.5,16.742,1.0,1.5,16.742
GTAIV.exe,1234,0x0,DXGI,0,0,0,Hardware: Legacy Flip,0,53.874466,0.5,18.980,1.0,1.5,18.980
GTAIV.exe,1234,0x0,DXGI,0,0,0,Hardware: Legacy Flip,0,53.893089,0.5,18.623,1.0,1.5,18.623
GTAIV.exe,1234,0x0,DXGI,0,0,0,Hardware: Legacy Flip,0,53.907584,0.5,14.495,1.0,1.5,14.495
GTAIV.exe,1234,0x0,DXGI,0,0,0,Hardware: Legacy Flip,0,53.924015,0.5,16.431,1.0,1.5,16.431
GTAIV.exe,1234,0x0,DXGI,0,0,0,Hardware: Legacy Flip,0,53.941338,0.5,17.323,1.0,1.5,17.323
GTAIV.exe,1234,0x0,DXGI,0,0,0,Hardware: Legacy Flip,0,53.959869,0.5,18.531,1.0,1.5,18.531
GTAIV.exe,1234,0x0,DXGI,0,0,0,Hardware: Legacy Flip,0,53.976189,0.5,16.320,1.0,1.5,16.320
GTAIV.exe,1234,0x0,DXGI,0,0,0,Hardware: Legacy Flip,0,53.992726,0.5,16.537,1.0,1.5,16.537
GTAIV.exe,1234,0x0,DXGI,0,0,0,Hardware: Legacy Flip,0,54.008518,0.5,15.792,1.0,1.5,15.792
GTAIV.exe,1234,0x0,DXGI,0,0,0,Hardware: Legacy Flip,0,54.024552,0.5,16.034,1.0,1.5,16.034
GTAIV.exe,1234,0x0,DXGI,0,0,0,Hardware: Legacy Flip,0,54.043174,0.5,18.622,1.0,1.5,18.622
GTAIV.exe,1234,0x0,DXGI,0,0,0,Hardware: Legacy Flip,0,54.058686,0.5,15.512,1.0,1.5,15.512
GTAIV.exe,1234,0x0,DXGI,0,0,0,Hardware: Legacy Flip,0,54.075345,0.5,16.659,1.0,1.5,16.659
GTAIV.exe,1234,0x0,DXGI,0,0,0,Hardware: Legacy Flip,0,54.091637,0.5,16.293,1.0,1.5,16.293
GTAIV.exe,1234,0x0,DXGI,0,0,0,Hardware: Legacy Flip,0,54.108036,0.5,16.399,1.0,1.5,16.399
GTAIV.exe,1234,0x0,DXGI,0,0,0,Hardware: Legacy Flip,0,54.124018,0.5,15.982,1.0,1.5,15.982
GTAIV.exe,1234,0x0,DXGI,0,0,0,Hardware: Legacy Flip,0,54.141829,0.5,17.811,1.0,1.5,17.811
GTAIV.exe,1234,0x0,DXGI,0,0,0,Hardware: Legacy Flip,0,54.159315,0.5,17.487,1.0,1.5,17.487
GTAIV.exe,1234,0x0,DXGI,0,0,0,Hardware: Legacy Flip,0,54.178033,0.5,18.718,1.0,1.5,18.718
GTAIV.exe,1234,0x0,DXGI,0,0,0,Hardware: Legacy Flip,0,54.194390,0.5,16.357,1.0,1.5,16.357
GTAIV.exe,1234,0x0,DXGI,0,0,0,Hardware: Legacy Flip,0,54.211830,0.5,17.440,1.0,1.5,17.440
GTAIV.exe,1234,0x0,DXGI,0,0,0,Hardware: Legacy Flip,0,54.227703,0.5,15.873,1.0,1.5,15.873
GTAIV.exe,1234,0x0,DXGI,0,0,0,Hardware: Legacy Flip,0,54.244691,0.5,16.988,1.0,1.5,16.988
GTAIV.exe,1234,0x0,DXGI,0,0,0,Hardware: Legacy Flip,0,54.262423,0.5,17.732,1.0,1.5,17.732
GTAIV.exe,1234,0x0,DXGI,0,0,0,Hardware: Legacy Flip,0,54.278860,0.5,16.437,1.0,1.5,16.437
GTAIV.exe,1234,0x0,DXGI,0,0,0,Hardware: Legacy Flip,0,54.297475,0.5,18.615,1.0,1.5,18.615
GTAIV.exe,1234,0x0,DXGI,0,0,0,Hardware: Legacy Flip,0,54.312593,0.5,15.118,1.0,1.5,15.118
GTAIV.exe,1234,0x0,DXGI,0,0,0,Hardware: Legacy Flip,0,54.326785,0.5,14.192,1.0,1.5,14.192
GTAIV.exe,1234,0x0,DXGI,0,0,0,Hardware: Legacy Flip,0,54.343431,0.5,16.645,1.0,1.5,16.645
GTAIV.exe,1234,0x0,DXGI,0,0,0,Hardware: Legacy Flip,0,54.361593,0.5,18.162,1.0,1.5,18.162
GTAIV.exe,1234,0x0,DXGI,0,0,0,Hardware: Legacy Flip,0,54.379628,0.5,18.035,1.0,1.5,18.035
GTAIV.exe,1234,0x0,DXGI,0,0,0,Hardware: Legacy Flip,0,54.397582,0.5,17.955,1.0,1.5,17.955
GTAIV.exe,1234,0x0,DXGI,0,0,0,Hardware: Legacy Flip,0,54.415604,0.5,18.022,1.0,1.5,18.022
GTAIV.exe,1234,0x0,DXGI,0,0,0,Hardware: Legacy Flip,0,54.432323,0.5,16.719,1.0,1.5,16.719
GTAIV.exe,1234,0x0,DXGI,0,0,0,Hardware: Legacy Flip,0,54.448642,0.5,16.319,1.0,1.5,16.319
GTAIV.exe,1234,0x0,DXGI,0,0,0,Hardware: Legacy Flip,0,54.463573,0.5,14.931,1.0,1.5,14.931
GTAIV.exe,1234,0x0,DXGI,0,0,0,Hardware: Legacy Flip,0,54.481811,0.5,18.238,1.0,1.5,18.238
GTAIV.exe,1234,0x0,DXGI,0,0,0,Hardware: Legacy Flip,0,54.500059,0.5,18.248,1.0,1.5,18.248
GTAIV.exe,1234,0x0,DXGI,0,0,0,Hardware: Legacy Flip,0,54.516040,0.5,15.980,1.0,1.5,15.980
GTAIV.exe,1234,0x0,DXGI,0,0,0,Hardware: Legacy Flip,0,54.533487,0.5,17.447,1.0,1.5,17.447
GTAIV.exe,1234,0x0,DXGI,0,0,0,Hardware: Legacy Flip,0,54.550501,0.5,17.015,1.0,1.5,17.015
GTAIV.exe,1234,0x0,DXGI,0,0,0,Hardware: Legacy Flip,0,54.568677,0.5,18.176,1.0,1.5,18.176
GTAIV.exe,1234,0x0,DXGI,0,0,0,Hardware: Legacy Flip,0,54.585074,0.5,16.397,1.0,1.5,16.397
GTAIV.exe,1234,0x0,DXGI,0,0,0,Hardware: Legacy Flip,0,54.601919,0.5,16.845,1.0,1.5,16.845
GTAIV.exe,1234,0x0,DXGI,0,0,0,Hardware: Legacy Flip,0,54.618631,0.5,16.712,1.0,1.5,16.712
GTAIV.exe,1234,0x0,DXGI,0,0,0,Hardware: Legacy Flip,0,54.635844,0.5,17.214,1.0,1.5,17.214
GTAIV.exe,1234,0x0,DXGI,0,0,0,Hardware: Legacy Flip,0,54.651462,0.5,15.617,1.0,1.5,15.617
GTAIV.exe,1234,0x0,DXGI,0,0,0,Hardware: Legacy Flip,0,54.668652,0.5,17.191,1.0,1.5,17.191
GTAIV.exe,1234,0x0,DXGI,0,0,0,Hardware: Legacy Flip,0,54.684972,0.5,16.320,1.0,1.5,16.320
GTAIV.exe,1234,0x0,DXGI,0,0,0,Hardware: Legacy Flip,0,54.702578,0.5,17.606,1.0,1.5,17.606
GTAIV.exe,1234,0x0,DXGI,0,0,0,Hardware: Legacy Flip,0,54.719327,0.5,16.749,1.0,1.5,16.749
GTAIV.exe,1234,0x0,DXGI,0,0,0,Hardware: Legacy Flip,0,54.735691,0.5,16.364,1.0,1.5,16.364
GTAIV.exe,1234,0x0,DXGI,0,0,0,Hardware: Legacy Flip,0,54.754198,0.5,18.507,1.0,1.5,18.507
GTAIV.exe,1234,0x0,DXGI,0,0,0,Hardware: Legacy Flip,0,54.771775,0.5,17.577,1.0,1.5,17.577
GTAIV.exe,1234,0x0,DXGI,0,0,0,Hardware: Legacy Flip,0,54.789135,0.5,17.360,1.0,1.5,17.360
GTAIV.exe,1234,0x0,DXGI,0,0,0,Hardware: Legacy Flip,0,54.805733,0.5,16.598,1.0,1.5,16.598
GTAIV.exe,1234,0x0,DXGI,0,0,0,Hardware: Legacy Flip,0,54.822478,0.5,16.745,1.0,1.5,16.745
GTAIV.exe,1234,0x0,DXGI,0,0,0,Hardware: Legacy Flip,0,54.839629,0.5,17.151,1.0,1.5,17.151
GTAIV.exe,1234,0x0,DXGI,0,0,0,Hardware: Legacy Flip,0,54.855736,0.5,16.107,1.0,1.5,16.107
GTAIV.exe,1234,0x0,DXGI,0,0,0,Hardware: Legacy Flip,0,54.872358,0.5,16.622,1.0,1.5,16.622
GTAIV.exe,1234,0x0,DXGI,0,0,0,Hardware: Legacy Flip,0,54.888994,0.5,16.636,1.0,1.5,16.636
GTAIV.exe,1234,0x0,DXGI,0,0,0,Hardware: Legacy Flip,0,54.906876,0.5,17.881,1.0,1.5,17.881
GTAIV.exe,1234,0x0,DXGI,0,0,0,Hardware: Legacy Flip,0,54.923954,0.5,17.079,1.0,1.5,17.079
GTAIV.exe,1234,0x0,DXGI,0,0,0,Hardware: Legacy Flip,0,54.939075,0.5,15.121,1.0,1.5,15.121
GTAIV.exe,1234,0x0,DXGI,0,0,0,Hardware: Legacy Flip,0,54.957390,0.5,18.315,1.0,1.5,18.315
GTAIV.exe,1234,0x0,DXGI,0,0,0,Hardware: Legacy Flip,0,54.972924,0.5,15.533,1.0,1.5,15.533
GTAIV.exe,1234,0x0,DXGI,0,0,0,Hardware: Legacy Flip,0,54.988646,0.5,15.722,1.0,1.5,15.722
GTAIV.exe,1234,0x0,DXGI,0,0,0,Hardware: Legacy Flip,0,55.004306,0.5,15.661,1.0,1.5,15.661
GTAIV.exe,1234,0x0,DXGI,0,0,0,Hardware: Legacy Flip,0,55.020832,0.5,16.525,1.0,1.5,16.525
GTAIV.exe,1234,0x0,DXGI,0,0,0,Hardware: Legacy Flip,0,55.037749,0.5,16.917,1.0,1.5,16.917
GTAIV.exe,1234,0x0,DXGI,0,0,0,Hardware: Legacy Flip,0,55.053486,0.5,15.738,1.0,1.5,15.738
GTAIV.exe,1234,0x0,DXGI,0,0,0,Hardware: Legacy Flip,0,55.070458,0.5,16.972,1.0,1.5,16.972
GTAIV.exe,1234,0x0,DXGI,0,0,0,Hardware: Legacy Flip,0,55.087148,0.5,16.689,1.0,1.5,16.689
GTAIV.exe,1234,0x0,DXGI,0,0,0,Hardware: Legacy Flip,0,55.103120,0.5,15.972,1.0,1.5,15.972
GTAIV.exe,1234,0x0,DXGI,0,0,0,Hardware: Legacy Flip,0,55.120169,0.5,17.049,1.0,1.5,17.049
GTAIV.exe,1234,0x0,DXGI,0,0,0,Hardware: Legacy Flip,0,55.137763,0.5,17.594,1.0,1.5,17.594
GTAIV.exe,1234,0x0,DXGI,0,0,0,Hardware: Legacy Flip,0,55.154170,0.5,16.407,1.0,1.5,16.407
GTAIV.exe,1234,0x0,DXGI,0,0,0,Hardware: Legacy Flip,0,55.170933,0.5,16.764,1.0,1.5,16.764
GTAIV.exe,1234,0x0,DXGI,0,0,0,Hardware: Legacy Flip,0,55.188456,0.5,17.522,1.0,1.5,17.522
GTAIV.exe,1234,0x0,DXGI,0,0,0,Hardware: Legacy Flip,0,55.202799,0.5,14.343,1.0,1.5,14.343
GTAIV.exe,1234,0x0,DXGI,0,0,0,Hardware: Legacy Flip,0,55.220326,0.5,17.527,1.0,1.5,17.527
GTAIV.exe,1234,0x0,DXGI,0,0,0,Hardware: Legacy Flip,0,55.239045,0.5,18.719,1.0,1.5,18.719
GTAIV.exe,1234,0x0,DXGI,0,0,0,Hardware: Legacy Flip,0,55.256925,0.5,17.880,1.0,1.5,17.880
GTAIV.exe,1234,0x0,DXGI,0,0,0,Hardware: Legacy Flip,0,55.272998,0.5,16.073,1.0,1.5,16.073
GTAIV.exe,1234,0x0,DXGI,0,0,0,Hardware: Legacy Flip,0,55.289890,0.5,16.892,1.0,1.5,16.892
GTAIV.exe,1234,0x0,DXGI,0,0,0,Hardware: Legacy Flip,0,55.305855,0.5,15.965,1.0,1.5,15.965
GTAIV.exe,1234,0x0,DXGI,0,0,0,Hardware: Legacy Flip,0,55.323244,0.5,17.389,1.0,1.5,17.389
GTAIV.exe,1234,0x0,DXGI,0,0,0,Hardware: Legacy Flip,0,55.339102,0.5,15.857,1.0,1.5,15.857
GTAIV.exe,1234,0x0,DXGI,0,0,0,Hardware: Legacy Flip,0,55.355804,0.5,16.702,1.0,1.5,16.702
GTAIV.exe,1234,0x0,DXGI,0,0,0,Hardware: Legacy Flip,0,55.373193,0.5,17.389,1.0,1.5,17.389
GTAIV.exe,1234,0x0,DXGI,0,0,0,Hardware: Legacy Flip,0,55.390202,0.5,17.009,1.0,1.5,17.009
GTAIV.exe,1234,0x0,DXGI,0,0,0,Hardware: Legacy Flip,0,55.406875,0.5,16.673,1.0,1.5,16.673
GTAIV.exe,1234,0x0,DXGI,0,0,0,Hardware: Legacy Flip,0,55.424790,0.5,17.915,1.0,1.5,17.915
GTAIV.exe,1234,0x0,DXGI,0,0,0,Hardware: Legacy Flip,0,55.442413,0.5,17.623,1.0,1.5,17.623
GTAIV.exe,1234,0x0,DXGI,0,0,0,Hardware: Legacy Flip,0,55.459351,0.5,16.939,1.0,1.5,16.939
GTAIV.exe,1234,0x0,DXGI,0,0,0,Hardware: Legacy Flip,0,55.474785,0.5,15.434,1.0,1.5,15.434
GTAIV.exe,1234,0x0,DXGI,0,0,0,Hardware: Legacy Flip,0,55.489037,0.5,14.252,1.0,1.5,14.252
GTAIV.exe,1234,0x0,DXGI,0,0,0,Hardware: Legacy Flip,0,55.506320,0.5,17.284,1.0,1.5,17.284
GTAIV.exe,1234,0x0,DXGI,0,0,0,Hardware: Legacy Flip,0,55.523346,0.5,17.025,1.0,1.5,17.025
GTAIV.exe,1234,0x0,DXGI,0,0,0,Hardware: Legacy Flip,0,55.538956,0.5,15.610,1.0,1.5,15.610
GTAIV.exe,1234,0x0,DXGI,0,0,0,Hardware: Legacy Flip,0,55.556134,0.5,17.178,1.0,1.5,17.178
GTAIV.exe,1234,0x0,DXGI,0,0,0,Hardware: Legacy Flip,0,55.574047,0.5,17.913,1.0,1.5,17.913
GTAIV.exe,1234,0x0,DXGI,0,0,0,Hardware: Legacy Flip,0,55.590416,0.5,16.369,1.0,1.5,16.369
GTAIV.exe,1234,0x0,DXGI,0,0,0,Hardware: Legacy Flip,0,55.607278,0.5,16.863,1.0,1.5,16.863
GTAIV.exe,1234,0x0,DXGI,0,0,0,Hardware: Legacy Flip,0,55.623271,0.5,15.993,1.0,1.5,15.993
GTAIV.exe,1234,0x0,DXGI,0,0,0,Hardware: Legacy Flip,0,55.638487,0.5,15.216,1.0,1.5,15.216
GTAIV.exe,1234,0x0,DXGI,0,0,0,Hardware: Legacy Flip,0,55.655087,0.5,16.600,1.0,1.5,16.600
GTAIV.exe,1234,0x0,DXGI,0,0,0,Hardware: Legacy Flip,0,55.671900,0.5,16.813,1.0,1.5,16.813
GTAIV.exe,1234,0x0,DXGI,0,0,0,Hardware: Legacy Flip,0,55.687176,0.5,15.276,1.0,1.5,15.276
GTAIV.exe,1234,0x0,DXGI,0,0,0,Hardware: Legacy Flip,0,55.705888,0.5,18.711,1.0,1.5,18.711
GTAIV.exe,1234,0x0,DXGI,0,0,0,Hardware: Legacy Flip,0,55.721640,0.5,15.752,1.0,1.5,15.752
GTAIV.exe,1234,0x0,DXGI,0,0,0,Hardware: Legacy Flip,0,55.738749,0.5,17.109,1.0,1.5,17.109
GTAIV.exe,1234,0x0,DXGI,0,0,0,Hardware: Legacy Flip,0,55.753394,0.5,14.645,1.0,1.5,14.645
GTAIV.exe,1234,0x0,DXGI,0,0,0,Hardware: Legacy Flip,0,55.769334,0.5,15.940,1.0,1.5,15.940
GTAIV.exe,1234,0x0,DXGI,0,0,0,Hardware: Legacy Flip,0,55.786796,0.5,17.462,1.0,1.5,17.462
GTAIV.exe,1234,0x0,DXGI,0,0,0,Hardware: Legacy Flip,0,55.802967,0.5,16.171,1.0,1.5,16.171
GTAIV.exe,1234,0x0,DXGI,0,0,0,Hardware: Legacy Flip,0,55.819618,0.5,16.651,1.0,1.5,16.651
GTAIV.exe,1234,0x0,DXGI,0,0,0,Hardware: Legacy Flip,0,55.836498,0.5,16.879,1.0,1.5,16.879
GTAIV.exe,1234,0x0,DXGI,0,0,0,Hardware: Legacy Flip,0,55.854721,0.5,18.223,1.0,1.5,18.223
GTAIV.exe,1234,0x0,DXGI,0,0,0,Hardware: Legacy Flip,0,55.870929,0.5,16.208,1.0,1.5,16.208
GTAIV.exe,1234,0x0,DXGI,0,0,0,Hardware: Legacy Flip,0,55.887610,0.5,16.681,1.0,1.5,16.681
GTAIV.exe,1234,0x0,DXGI,0,0,0,Hardware: Legacy Flip,0,55.902756,0.5,15.146,1.0,1.5,15.146
GTAIV.exe,1234,0x0,DXGI,0,0,0,Hardware: Legacy Flip,0,55.919024,0.5,16.267,1.0,1.5,16.267
GTAIV.exe,1234,0x0,DXGI,0,0,0,Hardware: Legacy Flip,0,55.936597,0.5,17.573,1.0,1.5,17.573
GTAIV.exe,1234,0x0,DXGI,0,0,0,Hardware: Legacy Flip,0,55.951842,0.5,15.246,1.0,1.5,15.246
GTAIV.exe,1234,0x0,DXGI,0,0,0,Hardware: Legacy Flip,0,55.968817,0.5,16.974,1.0,1.5,16.974
GTAIV.exe,1234,0x0,DXGI,0,0,0,Hardware: Legacy Flip,0,55.985788,0.5,16.971,1.0,1.5,16.971
GTAIV.exe,1234,0x0,DXGI,0,0,0,Hardware: Legacy Flip,0,56.003518,0.5,17.730,1.0,1.5,17.730
GTAIV.exe,1234,0x0,DXGI,0,0,0,Hardware: Legacy Flip,0,56.018683,0.5,15.165,1.0,1.5,15.165
GTAIV.exe,1234,0x0,DXGI,0,0,0,Hardware: Legacy Flip,0,56.036106,0.5,17.423,1.0,1.5,17.423
GTAIV.exe,1234,0x0,DXGI,0,0,0,Hardware: Legacy Flip,0,56.053821,0.5,17.715,1.0,1.5,17.715
GTAIV.exe,1234,0x0,DXGI,0,0,0,Hardware: Legacy Flip,0,56.070465,0.5,16.644,1.0,1.5,16.644
GTAIV.exe,1234,0x0,DXGI,0,0,0,Hardware: Legacy Flip,0,56.086190,0.5,15.724,1.0,1.5,15.724
GTAIV.exe,1234,0x0,DXGI,0,0,0,Hardware: Legacy Flip,0,56.102381,0.5,16.191,1.0,1.5,16.191
GTAIV.exe,1234,0x0,DXGI,0,0,0,Hardware: Legacy Flip,0,56.118520,0.5,16.139,1.0,1.5,16.139
GTAIV.exe,1234,0x0,DXGI,0,0,0,Hardware: Legacy Flip,0,56.133767,0.5,15.247,1.0,1.5,15.247
GTAIV.exe,1234,0x0,DXGI,0,0,0,Hardware: Legacy Flip,0,56.148997,0.5,15.230,1.0,1.5,15.230
GTAIV.exe,1234,0x0,DXGI,0,0,0,Hardware: Legacy Flip,0,56.167286,0.5,18.289,1.0,1.5,18.289
GTAIV.exe,1234,0x0,DXGI,0,0,0,Hardware: Legacy Flip,0,56.182422,0.5,15.136,1.0,1.5,15.136
GTAIV.exe,1234,0x0,DXGI,0,0,0,Hardware: Legacy Flip,0,56.199239,0.5,16.817,1.0,1.5,16.817
GTAIV.exe,1234,0x0,DXGI,0,0,0,Hardware: Legacy Flip,0,56.216130,0.5,16.890,1.0,1.5,16.890
GTAIV.exe,1234,0x0,DXGI,0,0,0,Hardware: Legacy Flip,0,56.233450,0.5,17.320,1.0,1.5,17.320
GTAIV.exe,1234,0x0,DXGI,0,0,0,Hardware: Legacy Flip,0,56.249551,0.5,16.101,1.0,1.5,16.101
GTAIV.exe,1234,0x0,DXGI,0,0,0,Hardware: Legacy Flip,0,56.265984,0.5,16.433,1.0,1.5,16.433
GTAIV.exe,1234,0x0,DXGI,0,0,0,Hardware: Legacy Flip,0,56.281801,0.5,15.817,1.0,1.5,15.817
GTAIV.exe,1234,0x0,DXGI,0,0,0,Hardware: Legacy Flip,0,56.297770,0.5,15.969,1.0,1.5,15.969
GTAIV.exe,1234,0x0,DXGI,0,0,0,Hardware: Legacy Flip,0,56.312743,0.5,14.973,1.0,1.5,14.973
GTAIV.exe,1234,0x0,DXGI,0,0,0,Hardware: Legacy Flip,0,56.329916,0.5,17.173,1.0,1.5,17.173
GTAIV.exe,1234,0x0,DXGI,0,0,0,Hardware: Legacy Flip,0,56.346849,0.5,16.932,1.0,1.5,16.932
GTAIV.exe,1234,0x0,DXGI,0,0,0,Hardware: Legacy Flip,0,56.364527,0.5,17.679,1.0,1.5,17.679
GTAIV.exe,1234,0x0,DXGI,0,0,0,Hardware: Legacy Flip,0,56.380014,0.5,15.487,1.0,1.5,15.487
GTAIV.exe,1234,0x0,DXGI,0,0,0,Hardware: Legacy Flip,0,56.396541,0.5,16.526,1.0,1.5,16.526
GTAIV.exe,1234,0x0,DXGI,0,0,0,Hardware: Legacy Flip,0,56.414623,0.5,18.082,1.0,1.5,18.082
GTAIV.exe,1234,0x0,DXGI,0,0,0,Hardware: Legacy Flip,0,56.432279,0.5,17.656,1.0,1.5,17.656
GTAIV.exe,1234,0x0,DXGI,0,0,0,Hardware: Legacy Flip,0,56.450259,0.5,17.980,1.0,1.5,17.980
GTAIV.exe,1234,0x0,DXGI,0,0,0,Hardware: Legacy Flip,0,56.465048,0.5,14.789,1.0,1.5,14.789
GTAIV.exe,1234,0x0,DXGI,0,0,0,Hardware: Legacy Flip,0,56.481882,0.5,16.834,1.0,1.5,16.834
GTAIV.exe,1234,0x0,DXGI,0,0,0,Hardware: Legacy Flip,0,56.500396,0.5,18.514,1.0,1.5,18.514
GTAIV.exe,1234,0x0,DXGI,0,0,0,Hardware: Legacy Flip,0,56.514639,0.5,14.243,1.0,1.5,14.243
GTAIV.exe,1234,0x0,DXGI,0,0,0,Hardware: Legacy Flip,0,56.532702,0.5,18.063,1.0,1.5,18.063
GTAIV.exe,1234,0x0,DXGI,0,0,0,Hardware: Legacy Flip,0,56.548726,0.5,16.024,1.0,1.5,16.024
GTAIV.exe,1234,0x0,DXGI,0,0,0,Hardware: Legacy Flip,0,56.567264,0.5,18.538,1.0,1.5,18.538
GTAIV.exe,1234,0x0,DXGI,0,0,0,Hardware: Legacy Flip,0,56.582163,0.5,14.899,1.0,1.5,14.899
GTAIV.exe,1234,0x0,DXGI,0,0,0,Hardware: Legacy Flip,0,56.599288,0.5,17.125,1.0,1.5,17.125
GTAIV.exe,1234,0x0,DXGI,0,0,0,Hardware: Legacy Flip,0,56.616619,0.5,17.332,1.0,1.5,17.332
GTAIV.exe,1234,0x0,DXGI,0,0,0,Hardware: Legacy Flip,0,56.633105,0.5,16.486,1.0,1.5,16.486
GTAIV.exe,1234,0x0,DXGI,0,0,0,Hardware: Legacy Flip,0,56.650169,0.5,17.064,1.0,1.5,17.064
GTAIV.exe,1234,0x0,DXGI,0,0,0,Hardware: Legacy Flip,0,56.671423,0.5,21.253,1.0,1.5,21.253
GTAIV.exe,1234,0x0,DXGI,0,0,0,Hardware: Legacy Flip,0,56.692496,0.5,21.073,1.0,1.5,21.073
GTAIV.exe,1234,0x0,DXGI,0,0,0,Hardware: Legacy Flip,0,56.714912,0.5,22.416,1.0,1.5,22.416
GTAIV.exe,1234,0x0,DXGI,0,0,0,Hardware: Legacy Flip,0,56.735877,0.5,20.965,1.0,1.5,20.965
GTAIV.exe,1234,0x0,DXGI,0,0,0,Hardware: Legacy Flip,0,56.757949,0.5,22.072,1.0,1.5,22.072
GTAIV.exe,1234,0x0,DXGI,0,0,0,Hardware: Legacy Flip,0,56.778064,0.5,20.115,1.0,1.5,20.115
GTAIV.exe,1234,0x0,DXGI,0,0,0,Hardware: Legacy Flip,0,56.798121,0.5,20.056,1.0,1.5,20.056
GTAIV.exe,1234,0x0,DXGI,0,0,0,Hardware: Legacy Flip,0,56.819588,0.5,21.467,1.0,1.5,21.467
GTAIV.exe,1234,0x0,DXGI,0,0,0,Hardware: Legacy Flip,0,56.841520,0.5,21.932,1.0,1.5,21.932
GTAIV.exe,1234,0x0,DXGI,0,0,0,Hardware: Legacy Flip,0,56.864659,0.5,23.139,1.0,1.5,23.139
GTAIV.exe,1234,0x0,DXGI,0,0,0,Hardware: Legacy Flip,0,56.888474,0.5,23.816,1.0,1.5,23.816
GTAIV.exe,1234,0x0,DXGI,0,0,0,Hardware: Legacy Flip,0,56.908634,0.5,20.159,1.0,1.5,20.159
GTAIV.exe,1234,0x0,DXGI,0,0,0,Hardware: Legacy Flip,0,56.931645,0.5,23.012,1.0,1.5,23.012
GTAIV.exe,1234,0x0,DXGI,0,0,0,Hardware: Legacy Flip,0,56.955129,0.5,23.483,1.0,1.5,23.483
GTAIV.exe,1234,0x0,DXGI,0,0,0,Hardware: Legacy Flip,0,56.975310,0.5,20.181,1.0,1.5,20.181
GTAIV.exe,1234,0x0,DXGI,0,0,0,Hardware: Legacy Flip,0,56.995316,0.5,20.006,1.0,1.5,20.006
GTAIV.exe,1234,0x0,DXGI,0,0,0,Hardware: Legacy Flip,0,57.016919,0.5,21.603,1.0,1.5,21.603
GTAIV.exe,1234,0x0,DXGI,0,0,0,Hardware: Legacy Flip,0,57.036235,0.5,19.316,1.0,1.5,19.316
GTAIV.exe,1234,0x0,DXGI,0,0,0,Hardware: Legacy Flip,0,57.057728,0.5,21.494,1.0,1.5,21.494
GTAIV.exe,1234,0x0,DXGI,0,0,0,Hardware: Legacy Flip,0,57.080094,0.5,22.365,1.0,1.5,22.365
GTAIV.exe,1234,0x0,DXGI,0,0,0,Hardware: Legacy Flip,0,57.099576,0.5,19.482,1.0,1.5,19.482
GTAIV.exe,1234,0x0,DXGI,0,0,0,Hardware: Legacy Flip,0,57.120500,0.5,20.924,1.0,1.5,20.924
GTAIV.exe,1234,0x0,DXGI,0,0,0,Hardware: Legacy Flip,0,57.142959,0.5,22.459,1.0,1.5,22.459
GTAIV.exe,1234,0x0,DXGI,0,0,0,Hardware: Legacy Flip,0,57.164103,0.5,21.144,1.0,1.5,21.144
GTAIV.exe,1234,0x0,DXGI,0,0,0,Hardware: Legacy Flip,0,57.187686,0.5,23.583,1.0,1.5,23.583
GTAIV.exe,1234,0x0,DXGI,0,0,0,Hardware: Legacy Flip,0,57.210860,0.5,23.174,1.0,1.5,23.174
GTAIV.exe,1234,0x0,DXGI,0,0,0,Hardware: Legacy Flip,0,57.232146,0.5,21.286,1.0,1.5,21.286
GTAIV.exe,1234,0x0,DXGI,0,0,0,Hardware: Legacy Flip,0,57.254542,0.5,22.396,1.0,1.5,22.396
GTAIV.exe,1234,0x0,DXGI,0,0,0,Hardware: Legacy Flip,0,57.275577,0.5,21.036,1.0,1.5,21.036
GTAIV.exe,1234,0x0,DXGI,0,0,0,Hardware: Legacy Flip,0,57.296937,0.5,21.360,1.0,1.5,21.360
GTAIV.exe,1234,0x0,DXGI,0,0,0,Hardware: Legacy Flip,0,57.319634,0.5,22.696,1.0,1.5,22.696
GTAIV.exe,1234,0x0,DXGI,0,0,0,Hardware: Legacy Flip,0,57.343724,0.5,24.091,1.0,1.5,24.091
GTAIV.exe,1234,0x0,DXGI,0,0,0,Hardware: Legacy Flip,0,57.366272,0.5,22.548,1.0,1.5,22.548
GTAIV.exe,1234,0x0,DXGI,0,0,0,Hardware: Legacy Flip,0,57.388181,0.5,21.909,1.0,1.5,21.909
GTAIV.exe,1234,0x0,DXGI,0,0,0,Hardware: Legacy Flip,0,57.409043,0.5,20.862,1.0,1.5,20.862
GTAIV.exe,1234,0x0,DXGI,0,0,0,Hardware: Legacy Flip,0,57.430814,0.5,21.771,1.0,1.5,21.771
GTAIV.exe,1234,0x0,DXGI,0,0,0,Hardware: Legacy Flip,0,57.453184,0.5,22.370,1.0,1.5,22.370
GTAIV.exe,1234,0x0,DXGI,0,0,0,Hardware: Legacy Flip,0,57.475299,0.5,22.116,1.0,1.5,22.116
GTAIV.exe,1234,0x0,DXGI,0,0,0,Hardware: Legacy Flip,0,57.496664,0.5,21.364,1.0,1.5,21.364
GTAIV.exe,1234,0x0,DXGI,0,0,0,Hardware: Legacy Flip,0,57.518799,0.5,22.136,1.0,1.5,22.136
GTAIV.exe,1234,0x0,DXGI,0,0,0,Hardware: Legacy Flip,0,57.542687,0.5,23.887,1.0,1.5,23.887
GTAIV.exe,1234,0x0,DXGI,0,0,0,Hardware: Legacy Flip,0,57.562560,0.5,19.874,1.0,1.5,19.874
GTAIV.exe,1234,0x0,DXGI,0,0,0,Hardware: Legacy Flip,0,57.583960,0.5,21.399,1.0,1.5,21.399
GTAIV.exe,1234,0x0,DXGI,0,0,0,Hardware: Legacy Flip,0,57.603652,0.5,19.693,1.0,1.5,19.693
GTAIV.exe,1234,0x0,DXGI,0,0,0,Hardware: Legacy Flip,0,57.628236,0.5,24.584,1.0,1.5,24.584
GTAIV.exe,1234,0x0,DXGI,0,0,0,Hardware: Legacy Flip,0,57.649563,0.5,21.327,1.0,1.5,21.327
GTAIV.exe,1234,0x0,DXGI,0,0,0,Hardware: Legacy Flip,0,57.672174,0.5,22.610,1.0,1.5,22.610
GTAIV.exe,1234,0x0,DXGI,0,0,0,Hardware: Legacy Flip,0,57.696671,0.5,24.497,1.0,1.5,24.497
GTAIV.exe,1234,0x0,DXGI,0,0,0,Hardware: Legacy Flip,0,57.717485,0.5,20.814,1.0,1.5,20.814
GTAIV.exe,1234,0x0,DXGI,0,0,0,Hardware: Legacy Flip,0,57.739035,0.5,21.550,1.0,1.5,21.550
GTAIV.exe,1234,0x0,DXGI,0,0,0,Hardware: Legacy Flip,0,57.760319,0.5,21.284,1.0,1.5,21.284
GTAIV.exe,1234,0x0,DXGI,0,0,0,Hardware: Legacy Flip,0,57.780146,0.5,19.828,1.0,1.5,19.828
GTAIV.exe,1234,0x0,DXGI,0,0,0,Hardware: Legacy Flip,0,57.797158,0.5,17.012,1.0,1.5,17.012
GTAIV.exe,1234,0x0,DXGI,0,0,0,Hardware: Legacy Flip,0,57.818159,0.5,21.001,1.0,1.5,21.001
GTAIV.exe,1234,0x0,DXGI,0,0,0,Hardware: Legacy Flip,0,57.840340,0.5,22.181,1.0,1.5,22.181
GTAIV.exe,1234,0x0,DXGI,0,0,0,Hardware: Legacy Flip,0,57.862501,0.5,22.161,1.0,1.5,22.161
GTAIV.exe,1234,0x0,DXGI,0,0,0,Hardware: Legacy Flip,0,57.883361,0.5,20.861,1.0,1.5,20.861
GTAIV.exe,1234,0x0,DXGI,0,0,0,Hardware: Legacy Flip,0,57.903839,0.5,20.477,1.0,1.5,20.477
GTAIV.exe,1234,0x0,DXGI,0,0,0,Hardware: Legacy Flip,0,57.926361,0.5,22.522,1.0,1.5,22.522
GTAIV.exe,1234,0x0,DXGI,0,0,0,Hardware: Legacy Flip,0,57.947437,0.5,21.077,1.0,1.5,21.077
GTAIV.exe,1234,0x0,DXGI,0,0,0,Hardware: Legacy Flip,0,57.968618,0.5,21.181,1.0,1.5,21.181
GTAIV.exe,1234,0x0,DXGI,0,0,0,Hardware: Legacy Flip,0,57.987366,0.5,18.747,1.0,1.5,18.747
GTAIV.exe,1234,0x0,DXGI,0,0,0,Hardware: Legacy Flip,0,58.010584,0.5,23.218,1.0,1.5,23.218
GTAIV.exe,1234,0x0,DXGI,0,0,0,Hardware: Legacy Flip,0,58.032261,0.5,21.677,1.0,1.5,21.677
GTAIV.exe,1234,0x0,DXGI,0,0,0,Hardware: Legacy Flip,0,58.055381,0.5,23.121,1.0,1.5,23.121
GTAIV.exe,1234,0x0,DXGI,0,0,0,Hardware: Legacy Flip,0,58.077231,0.5,21.850,1.0,1.5,21.850
GTAIV.exe,1234,0x0,DXGI,0,0,0,Hardware: Legacy Flip,0,58.100734,0.5,23.503,1.0,1.5,23.503
GTAIV.exe,1234,0x0,DXGI,0,0,0,Hardware: Legacy Flip,0,58.122691,0.5,21.957,1.0,1.5,21.957
GTAIV.exe,1234,0x0,DXGI,0,0,0,Hardware: Legacy Flip,0,58.143473,0.5,20.781,1.0,1.5,20.781
GTAIV.exe,1234,0x0,DXGI,0,0,0,Hardware: Legacy Flip,0,58.165338,0.5,21.865,1.0,1.5,21.865
GTAIV.exe,1234,0x0,DXGI,0,0,0,Hardware: Legacy Flip,0,58.188294,0.5,22.956,1.0,1.5,22.956
GTAIV.exe,1234,0x0,DXGI,0,0,0,Hardware: Legacy Flip,0,58.209417,0.5,21.124,1.0,1.5,21.124
GTAIV.exe,1234,0x0,DXGI,0,0,0,Hardware: Legacy Flip,0,58.231574,0.5,22.157,1.0,1.5,22.157
GTAIV.exe,1234,0x0,DXGI,0,0,0,Hardware: Legacy Flip,0,58.253687,0.5,22.113,1.0,1.5,22.113
GTAIV.exe,1234,0x0,DXGI,0,0,0,Hardware: Legacy Flip,0,58.274156,0.5,20.469,1.0,1.5,20.469
GTAIV.exe,1234,0x0,DXGI,0,0,0,Hardware: Legacy Flip,0,58.297314,0.5,23.158,1.0,1.5,23.158
GTAIV.exe,1234,0x0,DXGI,0,0,0,Hardware: Legacy Flip,0,58.317745,0.5,20.431,1.0,1.5,20.431
GTAIV.exe,1234,0x0,DXGI,0,0,0,Hardware: Legacy Flip,0,58.341143,0.5,23.398,1.0,1.5,23.398
GTAIV.exe,1234,0x0,DXGI,0,0,0,Hardware: Legacy Flip,0,58.360490,0.5,19.347,1.0,1.5,19.347
GTAIV.exe,1234,0x0,DXGI,0,0,0,Hardware: Legacy Flip,0,58.383920,0.5,23.430,1.0,1.5,23.430
GTAIV.exe,1234,0x0,DXGI,0,0,0,Hardware: Legacy Flip,0,58.405641,0.5,21.721,1.0,1.5,21.721
GTAIV.exe,1234,0x0,DXGI,0,0,0,Hardware: Legacy Flip,0,58.425990,0.5,20.349,1.0,1.5,20.349
GTAIV.exe,1234,0x0,DXGI,0,0,0,Hardware: Legacy Flip,0,58.447032,0.5,21.042,1.0,1.5,21.042
GTAIV.exe,1234,0x0,DXGI,0,0,0,Hardware: Legacy Flip,0,58.470604,0.5,23.572,1.0,1.5,23.572
GTAIV.exe,1234,0x0,DXGI,0,0,0,Hardware: Legacy Flip,0,58.492763,0.5,22.159,1.0,1.5,22.159
GTAIV.exe,1234,0x0,DXGI,0,0,0,Hardware: Legacy Flip,0,58.515502,0.5,22.739,1.0,1.5,22.739
GTAIV.exe,1234,0x0,DXGI,0,0,0,Hardware: Legacy Flip,0,58.537240,0.5,21.738,1.0,1.5,21.738
GTAIV.exe,1234,0x0,DXGI,0,0,0,Hardware: Legacy Flip,0,58.559653,0.5,22.413,1.0,1.5,22.413
GTAIV.exe,1234,0x0,DXGI,0,0,0,Hardware: Legacy Flip,0,58.583690,0.5,24.037,1.0,1.5,24.037
GTAIV.exe,1234,0x0,DXGI,0,0,0,Hardware: Legacy Flip,0,58.606507,0.5,22.817,1.0,1.5,22.817
GTAIV.exe,1234,0x0,DXGI,0,0,0,Hardware: Legacy Flip,0,58.628018,0.5,21.512,1.0,1.5,21.512
GTAIV.exe,1234,0x0,DXGI,0,0,0,Hardware: Legacy Flip,0,58.648249,0.5,20.231,1.0,1.5,20.231
GTAIV.exe,1234,0x0,DXGI,0,0,0,Hardware: Legacy Flip,0,58.669369,0.5,21.119,1.0,1.5,21.119
GTAIV.exe,1234,0x0,DXGI,0,0,0,Hardware: Legacy Flip,0,58.687315,0.5,17.946,1.0,1.5,17.946
GTAIV.exe,1234,0x0,DXGI,0,0,0,Hardware: Legacy Flip,0,58.710838,0.5,23.523,1.0,1.5,23.523
GTAIV.exe,1234,0x0,DXGI,0,0,0,Hardware: Legacy Flip,0,58.731307,0.5,20.468,1.0,1.5,20.468
GTAIV.exe,1234,0x0,DXGI,0,0,0,Hardware: Legacy Flip,0,58.752086,0.5,20.779,1.0,1.5,20.779
GTAIV.exe,1234,0x0,DXGI,0,0,0,Hardware: Legacy Flip,0,58.772265,0.5,20.179,1.0,1.5,20.179
GTAIV.exe,1234,0x0,DXGI,0,0,0,Hardware: Legacy Flip,0,58.794256,0.5,21.991,1.0,1.5,21.991
GTAIV.exe,1234,0x0,DXGI,0,0,0,Hardware: Legacy Flip,0,58.815658,0.5,21.402,1.0,1.5,21.402
GTAIV.exe,1234,0x0,DXGI,0,0,0,Hardware: Legacy Flip,0,58.838424,0.5,22.766,1.0,1.5,22.766
GTAIV.exe,1234,0x0,DXGI,0,0,0,Hardware: Legacy Flip,0,58.860547,0.5,22.123,1.0,1.5,22.123
GTAIV.exe,1234,0x0,DXGI,0,0,0,Hardware: Legacy Flip,0,58.883316,0.5,22.769,1.0,1.5,22.769
GTAIV.exe,1234,0x0,DXGI,0,0,0,Hardware: Legacy Flip,0,58.904409,0.5,21.093,1.0,1.5,21.093
GTAIV.exe,1234,0x0,DXGI,0,0,0,Hardware: Legacy Flip,0,58.926819,0.5,22.410,1.0,1.5,22.410
GTAIV.exe,1234,0x0,DXGI,0,0,0,Hardware: Legacy Flip,0,58.949030,0.5,22.211,1.0,1.5,22.211
GTAIV.exe,1234,0x0,DXGI,0,0,0,Hardware: Legacy Flip,0,58.971483,0.5,22.453,1.0,1.5,22.453
GTAIV.exe,1234,0x0,DXGI,0,0,0,Hardware: Legacy Flip,0,58.992948,0.5,21.465,1.0,1.5,21.465
GTAIV.exe,1234,0x0,DXGI,0,0,0,Hardware: Legacy Flip,0,59.015726,0.5,22.778,1.0,1.5,22.778
GTAIV.exe,1234,0x0,DXGI,0,0,0,Hardware: Legacy Flip,0,59.037277,0.5,21.550,1.0,1.5,21.550
GTAIV.exe,1234,0x0,DXGI,0,0,0,Hardware: Legacy Flip,0,59.059021,0.5,21.744,1.0,1.5,21.744
GTAIV.exe,1234,0x0,DXGI,0,0,0,Hardware: Legacy Flip,0,59.082824,0.5,23.803,1.0,1.5,23.803
GTAIV.exe,1234,0x0,DXGI,0,0,0,Hardware: Legacy Flip,0,59.105674,0.5,22.851,1.0,1.5,22.851
GTAIV.exe,1234,0x0,DXGI,0,0,0,Hardware: Legacy Flip,0,59.127056,0.5,21.381,1.0,1.5,21.381
GTAIV.exe,1234,0x0,DXGI,0,0,0,Hardware: Legacy Flip,0,59.151198,0.5,24.143,1.0,1.5,24.143
GTAIV.exe,1234,0x0,DXGI,0,0,0,Hardware: Legacy Flip,0,59.169648,0.5,18.449,1.0,1.5,18.449
GTAIV.exe,1234,0x0,DXGI,0,0,0,Hardware: Legacy Flip,0,59.191671,0.5,22.024,1.0,1.5,22.024
GTAIV.exe,1234,0x0,DXGI,0,0,0,Hardware: Legacy Flip,0,59.216067,0.5,24.396,1.0,1.5,24.396
GTAIV.exe,1234,0x0,DXGI,0,0,0,Hardware: Legacy Flip,0,59.235021,0.5,18.953,1.0,1.5,18.953
GTAIV.exe,1234,0x0,DXGI,0,0,0,Hardware: Legacy Flip,0,59.255264,0.5,20.243,1.0,1.5,20.243
GTAIV.exe,1234,0x0,DXGI,0,0,0,Hardware: Legacy Flip,0,59.275494,0.5,20.230,1.0,1.5,20.230
GTAIV.exe,1234,0x0,DXGI,0,0,0,Hardware: Legacy Flip,0,59.297969,0.5,22.475,1.0,1.5,22.475
GTAIV.exe,1234,0x0,DXGI,0,0,0,Hardware: Legacy Flip,0,59.318675,0.5,20.706,1.0,1.5,20.706
GTAIV.exe,1234,0x0,DXGI,0,0,0,Hardware: Legacy Flip,0,59.339384,0.5,20.709,1.0,1.5,20.709
GTAIV.exe,1234,0x0,DXGI,0,0,0,Hardware: Legacy Flip,0,59.362087,0.5,22.703,1.0,1.5,22.703
GTAIV.exe,1234,0x0,DXGI,0,0,0,Hardware: Legacy Flip,0,59.382888,0.5,20.802,1.0,1.5,20.802
GTAIV.exe,1234,0x0,DXGI,0,0,0,Hardware: Legacy Flip,0,59.403143,0.5,20.254,1.0,1.5,20.254
GTAIV.exe,1234,0x0,DXGI,0,0,0,Hardware: Legacy Flip,0,59.423439,0.5,20.296,1.0,1.5,20.296
GTAIV.exe,1234,0x0,DXGI,0,0,0,Hardware: Legacy Flip,0,59.448432,0.5,24.994,1.0,1.5,24.994
GTAIV.exe,1234,0x0,DXGI,0,0,0,Hardware: Legacy Flip,0,59.470355,0.5,21.923,1.0,1.5,21.923
GTAIV.exe,1234,0x0,DXGI,0,0,0,Hardware: Legacy Flip,0,59.493894,0.5,23.539,1.0,1.5,23.539
GTAIV.exe,1234,0x0,DXGI,0,0,0,Hardware: Legacy Flip,0,59.513117,0.5,19.223,1.0,1.5,19.223
GTAIV.exe,1234,0x0,DXGI,0,0,0,Hardware: Legacy Flip,0,59.535965,0.5,22.848,1.0,1.5,22.848
GTAIV.exe,1234,0x0,DXGI,0,0,0,Hardware: Legacy Flip,0,59.558063,0.5,22.098,1.0,1.5,22.098
GTAIV.exe,1234,0x0,DXGI,0,0,0,Hardware: Legacy Flip,0,59.579934,0.5,21.871,1.0,1.5,21.871
GTAIV.exe,1234,0x0,DXGI,0,0,0,Hardware: Legacy Flip,0,59.604626,0.5,24.692,1.0,1.5,24.692
GTAIV.exe,1234,0x0,DXGI,0,0,0,Hardware: Legacy Flip,0,59.623733,0.5,19.107,1.0,1.5,19.107
GTAIV.exe,1234,0x0,DXGI,0,0,0,Hardware: Legacy Flip,0,59.643986,0.5,20.253,1.0,1.5,20.253
GTAIV.exe,1234,0x0,DXGI,0,0,0,Hardware: Legacy Flip,0,59.665388,0.5,21.402,1.0,1.5,21.402
GTAIV.exe,1234,0x0,DXGI,0,0,0,Hardware: Legacy Flip,0,59.689372,0.5,23.984,1.0,1.5,23.984
GTAIV.exe,1234,0x0,DXGI,0,0,0,Hardware: Legacy Flip,0,59.711867,0.5,22.495,1.0,1.5,22.495
GTAIV.exe,1234,0x0,DXGI,0,0,0,Hardware: Legacy Flip,0,59.732702,0.5,20.835,1.0,1.5,20.835
GTAIV.exe,1234,0x0,DXGI,0,0,0,Hardware: Legacy Flip,0,59.754707,0.5,22.006,1.0,1.5,22.006
GTAIV.exe,1234,0x0,DXGI,0,0,0,Hardware: Legacy Flip,0,59.778315,0.5,23.608,1.0,1.5,23.608
GTAIV.exe,1234,0x0,DXGI,0,0,0,Hardware: Legacy Flip,0,59.800131,0.5,21.815,1.0,1.5,21.815
GTAIV.exe,1234,0x0,DXGI,0,0,0,Hardware: Legacy Flip,0,59.820110,0.5,19.979,1.0,1.5,19.979
GTAIV.exe,1234,0x0,DXGI,0,0,0,Hardware: Legacy Flip,0,59.842353,0.5,22.243,1.0,1.5,22.243
GTAIV.exe,1234,0x0,DXGI,0,0,0,Hardware: Legacy Flip,0,59.862187,0.5,19.833,1.0,1.5,19.833
GTAIV.exe,1234,0x0,DXGI,0,0,0,Hardware: Legacy Flip,0,59.884288,0.5,22.102,1.0,1.5,22.102
GTAIV.exe,1234,0x0,DXGI,0,0,0,Hardware: Legacy Flip,0,59.907177,0.5,22.888,1.0,1.5,22.888
GTAIV.exe,1234,0x0,DXGI,0,0,0,Hardware: Legacy Flip,0,59.928607,0.5,21.431,1.0,1.5,21.431
GTAIV.exe,1234,0x0,DXGI,0,0,0,Hardware: Legacy Flip,0,59.952004,0.5,23.396,1.0,1.5,23.396
GTAIV.exe,1234,0x0,DXGI,0,0,0,Hardware: Legacy Flip,0,59.973430,0.5,21.427,1.0,1.5,21.427
GTAIV.exe,1234,0x0,DXGI,0,0,0,Hardware: Legacy Flip,0,59.995383,0.5,21.953,1.0,1.5,21.953
GTAIV.exe,1234,0x0,DXGI,0,0,0,Hardware: Legacy Flip,0,60.018128,0.5,22.745,1.0,1.5,22.745
GTAIV.exe,1234,0x0,DXGI,0,0,0,Hardware: Legacy Flip,0,60.042718,0.5,24.590,1.0,1.5,24.590
GTAIV.exe,1234,0x0,DXGI,0,0,0,Hardware: Legacy Flip,0,60.064140,0.5,21.423,1.0,1.5,21.423
GTAIV.exe,1234,0x0,DXGI,0,0,0,Hardware: Legacy Flip,0,60.088937,0.5,24.797,1.0,1.5,24.797
GTAIV.exe,1234,0x0,DXGI,0,0,0,Hardware: Legacy Flip,0,60.110429,0.5,21.491,1.0,1.5,21.491
GTAIV.exe,1234,0x0,DXGI,0,0,0,Hardware: Legacy Flip,0,60.132744,0.5,22.315,1.0,1.5,22.315
GTAIV.exe,1234,0x0,DXGI,0,0,0,Hardware: Legacy Flip,0,60.154407,0.5,21.663,1.0,1.5,21.663
GTAIV.exe,1234,0x0,DXGI,0,0,0,Hardware: Legacy Flip,0,60.177041,0.5,22.634,1.0,1.5,22.634
GTAIV.exe,1234,0x0,DXGI,0,0,0,Hardware: Legacy Flip,0,60.197812,0.5,20.771,1.0,1.5,20.771
GTAIV.exe,1234,0x0,DXGI,0,0,0,Hardware: Legacy Flip,0,60.217703,0.5,19.890,1.0,1.5,19.890
GTAIV.exe,1234,0x0,DXGI,0,0,0,Hardware: Legacy Flip,0,60.240482,0.5,22.779,1.0,1.5,22.779
GTAIV.exe,1234,0x0,DXGI,0,0,0,Hardware: Legacy Flip,0,60.264542,0.5,24.060,1.0,1.5,24.060
GTAIV.exe,1234,0x0,DXGI,0,0,0,Hardware: Legacy Flip,0,60.284390,0.5,19.848,1.0,1.5,19.848
GTAIV.exe,1234,0x0,DXGI,0,0,0,Hardware: Legacy Flip,0,60.307088,0.5,22.698,1.0,1.5,22.698
GTAIV.exe,1234,0x0,DXGI,0,0,0,Hardware: Legacy Flip,0,60.330801,0.5,23.713,1.0,1.5,23.713
GTAIV.exe,1234,0x0,DXGI,0,0,0,Hardware: Legacy Flip,0,60.354381,0.5,23.580,1.0,1.5,23.580
GTAIV.exe,1234,0x0,DXGI,0,0,0,Hardware: Legacy Flip,0,60.375812,0.5,21.431,1.0,1.5,21.431
GTAIV.exe,1234,0x0,DXGI,0,0,0,Hardware: Legacy Flip,0,60.398819,0.5,23.007,1.0,1.5,23.007
GTAIV.exe,1234,0x0,DXGI,0,0,0,Hardware: Legacy Flip,0,60.421024,0.5,22.205,1.0,1.5,22.205
GTAIV.exe,1234,0x0,DXGI,0,0,0,Hardware: Legacy Flip,0,60.444078,0.5,23.054,1.0,1.5,23.054
GTAIV.exe,1234,0x0,DXGI,0,0,0,Hardware: Legacy Flip,0,60.463414,0.5,19.336,1.0,1.5,19.336
GTAIV.exe,1234,0x0,DXGI,0,0,0,Hardware: Legacy Flip,0,60.485293,0.5,21.879,1.0,1.5,21.879
GTAIV.exe,1234,0x0,DXGI,0,0,0,Hardware: Legacy Flip,0,60.508702,0.5,23.409,1.0,1.5,23.409
GTAIV.exe,1234,0x0,DXGI,0,0,0,Hardware: Legacy Flip,0,60.530708,0.5,22.006,1.0,1.5,22.006
GTAIV.exe,1234,0x0,DXGI,0,0,0,Hardware: Legacy Flip,0,60.549754,0.5,19.046,1.0,1.5,19.046
GTAIV.exe,1234,0x0,DXGI,0,0,0,Hardware: Legacy Flip,0,60.570454,0.5,20.700,1.0,1.5,20.700
GTAIV.exe,1234,0x0,DXGI,0,0,0,Hardware: Legacy Flip,0,60.587455,0.5,17.001,1.0,1.5,17.001
GTAIV.exe,1234,0x0,DXGI,0,0,0,Hardware: Legacy Flip,0,60.602930,0.5,15.475,1.0,1.5,15.475
GTAIV.exe,1234,0x0,DXGI,0,0,0,Hardware: Legacy Flip,0,60.619727,0.5,16.797,1.0,1.5,16.797
GTAIV.exe,1234,0x0,DXGI,0,0,0,Hardware: Legacy Flip,0,60.636119,0.5,16.392,1.0,1.5,16.392
GTAIV.exe,1234,0x0,DXGI,0,0,0,Hardware: Legacy Flip,0,60.653618,0.5,17.499,1.0,1.5,17.499
GTAIV.exe,1234,0x0,DXGI,0,0,0,Hardware: Legacy Flip,0,60.668055,0.5,14.437,1.0,1.5,14.437
GTAIV.exe,1234,0x0,DXGI,0,0,0,Hardware: Legacy Flip,0,60.683382,0.5,15.328,1.0,1.5,15.328
GTAIV.exe,1234,0x0,DXGI,0,0,0,Hardware: Legacy Flip,0,60.699182,0.5,15.800,1.0,1.5,15.800
GTAIV.exe,1234,0x0,DXGI,0,0,0,Hardware: Legacy Flip,0,60.716772,0.5,17.590,1.0,1.5,17.590
GTAIV.exe,1234,0x0,DXGI,0,0,0,Hardware: Legacy Flip,0,60.733295,0.5,16.524,1.0,1.5,16.524
GTAIV.exe,1234,0x0,DXGI,0,0,0,Hardware: Legacy Flip,0,60.750001,0.5,16.705,1.0,1.5,16.705
GTAIV.exe,1234,0x0,DXGI,0,0,0,Hardware: Legacy Flip,0,60.767947,0.5,17.947,1.0,1.5,17.947
GTAIV.exe,1234,0x0,DXGI,0,0,0,Hardware: Legacy Flip,0,60.782054,0.5,14.107,1.0,1.5,14.107
GTAIV.exe,1234,0x0,DXGI,0,0,0,Hardware: Legacy Flip,0,60.799544,0.5,17.489,1.0,1.5,17.489
GTAIV.exe,1234,0x0,DXGI,0,0,0,Hardware: Legacy Flip,0,60.816669,0.5,17.126,1.0,1.5,17.126
GTAIV.exe,1234,0x0,DXGI,0,0,0,Hardware: Legacy Flip,0,60.832961,0.5,16.292,1.0,1.5,16.292
GTAIV.exe,1234,0x0,DXGI,0,0,0,Hardware: Legacy Flip,0,60.849039,0.5,16.077,1.0,1.5,16.077
GTAIV.exe,1234,0x0,DXGI,0,0,0,Hardware: Legacy Flip,0,60.865737,0.5,16.698,1.0,1.5,16.698
GTAIV.exe,1234,0x0,DXGI,0,0,0,Hardware: Legacy Flip,0,60.883093,0.5,17.356,1.0,1.5,17.356
GTAIV.exe,1234,0x0,DXGI,0,0,0,Hardware: Legacy Flip,0,60.899715,0.5,16.621,1.0,1.5,16.621
GTAIV.exe,1234,0x0,DXGI,0,0,0,Hardware: Legacy Flip,0,60.917780,0.5,18.065,1.0,1.5,18.065
GTAIV.exe,1234,0x0,DXGI,0,0,0,Hardware: Legacy Flip,0,60.936758,0.5,18.978,1.0,1.5,18.978
GTAIV.exe,1234,0x0,DXGI,0,0,0,Hardware: Legacy Flip,0,60.952652,0.5,15.894,1.0,1.5,15.894
GTAIV.exe,1234,0x0,DXGI,0,0,0,Hardware: Legacy Flip,0,60.967862,0.5,15.210,1.0,1.5,15.210
GTAIV.exe,1234,0x0,DXGI,0,0,0,Hardware: Legacy Flip,0,60.984779,0.5,16.918,1.0,1.5,16.918
GTAIV.exe,1234,0x0,DXGI,0,0,0,Hardware: Legacy Flip,0,61.001549,0.5,16.770,1.0,1.5,16.770
GTAIV.exe,1234,0x0,DXGI,0,0,0,Hardware: Legacy Flip,0,61.018575,0.5,17.026,1.0,1.5,17.026
GTAIV.exe,1234,0x0,DXGI,0,0,0,Hardware: Legacy Flip,0,61.036054,0.5,17.478,1.0,1.5,17.478
GTAIV.exe,1234,0x0,DXGI,0,0,0,Hardware: Legacy Flip,0,61.052897,0.5,16.844,1.0,1.5,16.844
GTAIV.exe,1234,0x0,DXGI,0,0,0,Hardware: Legacy Flip,0,61.068056,0.5,15.159,1.0,1.5,15.159
GTAIV.exe,1234,0x0,DXGI,0,0,0,Hardware: Legacy Flip,0,61.084541,0.5,16.484,1.0,1.5,16.484
GTAIV.exe,1234,0x0,DXGI,0,0,0,Hardware: Legacy Flip,0,61.100932,0.5,16.392,1.0,1.5,16.392
GTAIV.exe,1234,0x0,DXGI,0,0,0,Hardware: Legacy Flip,0,61.119459,0.5,18.526,1.0,1.5,18.526
GTAIV.exe,1234,0x0,DXGI,0,0,0,Hardware: Legacy Flip,0,61.135115,0.5,15.656,1.0,1.5,15.656
GTAIV.exe,1234,0x0,DXGI,0,0,0,Hardware: Legacy Flip,0,61.153454,0.5,18.339,1.0,1.5,18.339
GTAIV.exe,1234,0x0,DXGI,0,0,0,Hardware: Legacy Flip,0,61.172167,0.5,18.713,1.0,1.5,18.713
GTAIV.exe,1234,0x0,DXGI,0,0,0,Hardware: Legacy Flip,0,61.189309,0.5,17.143,1.0,1.5,17.143
GTAIV.exe,1234,0x0,DXGI,0,0,0,Hardware: Legacy Flip,0,61.204886,0.5,15.577,1.0,1.5,15.577
GTAIV.exe,1234,0x0,DXGI,0,0,0,Hardware: Legacy Flip,0,61.222502,0.5,17.616,1.0,1.5,17.616
GTAIV.exe,1234,0x0,DXGI,0,0,0,Hardware: Legacy Flip,0,61.239422,0.5,16.920,1.0,1.5,16.920
GTAIV.exe,1234,0x0,DXGI,0,0,0,Hardware: Legacy Flip,0,61.255090,0.5,15.668,1.0,1.5,15.668
GTAIV.exe,1234,0x0,DXGI,0,0,0,Hardware: Legacy Flip,0,61.272170,0.5,17.080,1.0,1.5,17.080
GTAIV.exe,1234,0x0,DXGI,0,0,0,Hardware: Legacy Flip,0,61.289514,0.5,17.344,1.0,1.5,17.344
GTAIV.exe,1234,0x0,DXGI,0,0,0,Hardware: Legacy Flip,0,61.307178,0.5,17.664,1.0,1.5,17.664
GTAIV.exe,1234,0x0,DXGI,0,0,0,Hardware: Legacy Flip,0,61.323073,0.5,15.894,1.0,1.5,15.894
GTAIV.exe,1234,0x0,DXGI,0,0,0,Hardware: Legacy Flip,0,61.339673,0.5,16.600,1.0,1.5,16.600
GTAIV.exe,1234,0x0,DXGI,0,0,0,Hardware: Legacy Flip,0,61.355596,0.5,15.923,1.0,1.5,15.923
GTAIV.exe,1234,0x0,DXGI,0,0,0,Hardware: Legacy Flip,0,61.372282,0.5,16.686,1.0,1.5,16.686
GTAIV.exe,1234,0x0,DXGI,0,0,0,Hardware: Legacy Flip,0,61.387850,0.5,15.568,1.0,1.5,15.568
GTAIV.exe,1234,0x0,DXGI,0,0,0,Hardware: Legacy Flip,0,61.405448,0.5,17.598,1.0,1.5,17.598
GTAIV.exe,1234,0x0,DXGI,0,0,0,Hardware: Legacy Flip,0,61.423001,0.5,17.552,1.0,1.5,17.552
GTAIV.exe,1234,0x0,DXGI,0,0,0,Hardware: Legacy Flip,0,61.439413,0.5,16.412,1.0,1.5,16.412
GTAIV.exe,1234,0x0,DXGI,0,0,0,Hardware: Legacy Flip,0,61.456307,0.5,16.894,1.0,1.5,16.894
GTAIV.exe,1234,0x0,DXGI,0,0,0,Hardware: Legacy Flip,0,61.472740,0.5,16.433,1.0,1.5,16.433
GTAIV.exe,1234,0x0,DXGI,0,0,0,Hardware: Legacy Flip,0,61.490445,0.5,17.705,1.0,1.5,17.705
GTAIV.exe,1234,0x0,DXGI,0,0,0,Hardware: Legacy Flip,0,61.509588,0.5,19.143,1.0,1.5,19.143
GTAIV.exe,1234,0x0,DXGI,0,0,0,Hardware: Legacy Flip,0,61.529253,0.5,19.665,1.0,1.5,19.665
GTAIV.exe,1234,0x0,DXGI,0,0,0,Hardware: Legacy Flip,0,61.543818,0.5,14.564,1.0,1.5,14.564
GTAIV.exe,1234,0x0,DXGI,0,0,0,Hardware: Legacy Flip,0,61.560320,0.5,16.503,1.0,1.5,16.503
GTAIV.exe,1234,0x0,DXGI,0,0,0,Hardware: Legacy Flip,0,61.575898,0.5,15.578,1.0,1.5,15.578
GTAIV.exe,1234,0x0,DXGI,0,0,0,Hardware: Legacy Flip,0,61.592009,0.5,16.111,1.0,1.5,16.111
GTAIV.exe,1234,0x0,DXGI,0,0,0,Hardware: Legacy Flip,0,61.608530,0.5,16.521,1.0,1.5,16.521
GTAIV.exe,1234,0x0,DXGI,0,0,0,Hardware: Legacy Flip,0,61.625627,0.5,17.097,1.0,1.5,17.097
GTAIV.exe,1234,0x0,DXGI,0,0,0,Hardware: Legacy Flip,0,61.642373,0.5,16.746,1.0,1.5,16.746
GTAIV.exe,1234,0x0,DXGI,0,0,0,Hardware: Legacy Flip,0,61.660402,0.5,18.029,1.0,1.5,18.029
GTAIV.exe,1234,0x0,DXGI,0,0,0,Hardware: Legacy Flip,0,61.677342,0.5,16.940,1.0,1.5,16.940
GTAIV.exe,1234,0x0,DXGI,0,0,0,Hardware: Legacy Flip,0,61.694974,0.5,17.632,1.0,1.5,17.632
GTAIV.exe,1234,0x0,DXGI,0,0,0,Hardware: Legacy Flip,0,61.710642,0.5,15.668,1.0,1.5,15.668
GTAIV.exe,1234,0x0,DXGI,0,0,0,Hardware: Legacy Flip,0,61.729350,0.5,18.708,1.0,1.5,18.708
GTAIV.exe,1234,0x0,DXGI,0,0,0,Hardware: Legacy Flip,0,61.747987,0.5,18.637,1.0,1.5,18.637
GTAIV.exe,1234,0x0,DXGI,0,0,0,Hardware: Legacy Flip,0,61.763660,0.5,15.673,1.0,1.5,15.673
GTAIV.exe,1234,0x0,DXGI,0,0,0,Hardware: Legacy Flip,0,61.779987,0.5,16.327,1.0,1.5,16.327
GTAIV.exe,1234,0x0,DXGI,0,0,0,Hardware: Legacy Flip,0,61.797306,0.5,17.320,1.0,1.5,17.320
GTAIV.exe,1234,0x0,DXGI,0,0,0,Hardware: Legacy Flip,0,61.814695,0.5,17.389,1.0,1.5,17.389
GTAIV.exe,1234,0x0,DXGI,0,0,0,Hardware: Legacy Flip,0,61.832859,0.5,18.164,1.0,1.5,18.164
GTAIV.exe,1234,0x0,DXGI,0,0,0,Hardware: Legacy Flip,0,61.850686,0.5,17.826,1.0,1.5,17.826
GTAIV.exe,1234,0x0,DXGI,0,0,0,Hardware: Legacy Flip,0,61.866716,0.5,16.031,1.0,1.5,16.031
GTAIV.exe,1234,0x0,DXGI,0,0,0,Hardware: Legacy Flip,0,61.884741,0.5,18.025,1.0,1.5,18.025
GTAIV.exe,1234,0x0,DXGI,0,0,0,Hardware: Legacy Flip,0,61.901711,0.5,16.970,1.0,1.5,16.970
GTAIV.exe,1234,0x0,DXGI,0,0,0,Hardware: Legacy Flip,0,61.919361,0.5,17.649,1.0,1.5,17.649
GTAIV.exe,1234,0x0,DXGI,0,0,0,Hardware: Legacy Flip,0,61.938155,0.5,18.794,1.0,1.5,18.794
GTAIV.exe,1234,0x0,DXGI,0,0,0,Hardware: Legacy Flip,0,61.953378,0.5,15.223,1.0,1.5,15.223
GTAIV.exe,1234,0x0,DXGI,0,0,0,Hardware: Legacy Flip,0,61.970857,0.5,17.479,1.0,1.5,17.479
GTAIV.exe,1234,0x0,DXGI,0,0,0,Hardware: Legacy Flip,0,61.988479,0.5,17.622,1.0,1.5,17.622
GTAIV.exe,1234,0x0,DXGI,0,0,0,Hardware: Legacy Flip,0,62.004330,0.5,15.851,1.0,1.5,15.851
GTAIV.exe,1234,0x0,DXGI,0,0,0,Hardware: Legacy Flip,0,62.020394,0.5,16.064,1.0,1.5,16.064
GTAIV.exe,1234,0x0,DXGI,0,0,0,Hardware: Legacy Flip,0,62.036617,0.5,16.223,1.0,1.5,16.223
GTAIV.exe,1234,0x0,DXGI,0,0,0,Hardware: Legacy Flip,0,62.053550,0.5,16.932,1.0,1.5,16.932
GTAIV.exe,1234,0x0,DXGI,0,0,0,Hardware: Legacy Flip,0,62.069294,0.5,15.744,1.0,1.5,15.744
GTAIV.exe,1234,0x0,DXGI,0,0,0,Hardware: Legacy Flip,0,62.085276,0.5,15.982,1.0,1.5,15.982
GTAIV.exe,1234,0x0,DXGI,0,0,0,Hardware: Legacy Flip,0,62.102069,0.5,16.793,1.0,1.5,16.793
GTAIV.exe,1234,0x0,DXGI,0,0,0,Hardware: Legacy Flip,0,62.119450,0.5,17.381,1.0,1.5,17.381
GTAIV.exe,1234,0x0,DXGI,0,0,0,Hardware: Legacy Flip,0,62.136802,0.5,17.352,1.0,1.5,17.352
GTAIV.exe,1234,0x0,DXGI,0,0,0,Hardware: Legacy Flip,0,62.153784,0.5,16.981,1.0,1.5,16.981
GTAIV.exe,1234,0x0,DXGI,0,0,0,Hardware: Legacy Flip,0,62.169819,0.5,16.036,1.0,1.5,16.036
GTAIV.exe,1234,0x0,DXGI,0,0,0,Hardware: Legacy Flip,0,62.187162,0.5,17.343,1.0,1.5,17.343
GTAIV.exe,1234,0x0,DXGI,0,0,0,Hardware: Legacy Flip,0,62.203561,0.5,16.399,1.0,1.5,16.399
GTAIV.exe,1234,0x0,DXGI,0,0,0,Hardware: Legacy Flip,0,62.219719,0.5,16.158,1.0,1.5,16.158
GTAIV.exe,1234,0x0,DXGI,0,0,0,Hardware: Legacy Flip,0,62.237217,0.5,17.498,1.0,1.5,17.498
GTAIV.exe,1234,0x0,DXGI,0,0,0,Hardware: Legacy Flip,0,62.253824,0.5,16.607,1.0,1.5,16.607
GTAIV.exe,1234,0x0,DXGI,0,0,0,Hardware: Legacy Flip,0,62.269711,0.5,15.887,1.0,1.5,15.887
GTAIV.exe,1234,0x0,DXGI,0,0,0,Hardware: Legacy Flip,0,62.287645,0.5,17.934,1.0,1.5,17.934
GTAIV.exe,1234,0x0,DXGI,0,0,0,Hardware: Legacy Flip,0,62.304959,0.5,17.314,1.0,1.5,17.314
GTAIV.exe,1234,0x0,DXGI,0,0,0,Hardware: Legacy Flip,0,62.320355,0.5,15.396,1.0,1.5,15.396
GTAIV.exe,1234,0x0,DXGI,0,0,0,Hardware: Legacy Flip,0,62.337525,0.5,17.170,1.0,1.5,17.170
GTAIV.exe,1234,0x0,DXGI,0,0,0,Hardware: Legacy Flip,0,62.353608,0.5,16.083,1.0,1.5,16.083
GTAIV.exe,1234,0x0,DXGI,0,0,0,Hardware: Legacy Flip,0,62.370074,0.5,16.466,1.0,1.5,16.466
GTAIV.exe,1234,0x0,DXGI,0,0,0,Hardware: Legacy Flip,0,62.387924,0.5,17.851,1.0,1.5,17.851
GTAIV.exe,1234,0x0,DXGI,0,0,0,Hardware: Legacy Flip,0,62.403873,0.5,15.949,1.0,1.5,15.949
GTAIV.exe,1234,0x0,DXGI,0,0,0,Hardware: Legacy Flip,0,62.421188,0.5,17.315,1.0,1.5,17.315
GTAIV.exe,1234,0x0,DXGI,0,0,0,Hardware: Legacy Flip,0,62.437518,0.5,16.330,1.0,1.5,16.330
GTAIV.exe,1234,0x0,DXGI,0,0,0,Hardware: Legacy Flip,0,62.455371,0.5,17.852,1.0,1.5,17.852
GTAIV.exe,1234,0x0,DXGI,0,0,0,Hardware: Legacy Flip,0,62.471140,0.5,15.770,1.0,1.5,15.770
GTAIV.exe,1234,0x0,DXGI,0,0,0,Hardware: Legacy Flip,0,62.488138,0.5,16.998,1.0,1.5,16.998
GTAIV.exe,1234,0x0,DXGI,0,0,0,Hardware: Legacy Flip,0,62.504721,0.5,16.583,1.0,1.5,16.583
GTAIV.exe,1234,0x0,DXGI,0,0,0,Hardware: Legacy Flip,0,62.520989,0.5,16.268,1.0,1.5,16.268
GTAIV.exe,1234,0x0,DXGI,0,0,0,Hardware: Legacy Flip,0,62.537184,0.5,16.196,1.0,1.5,16.196
GTAIV.exe,1234,0x0,DXGI,0,0,0,Hardware: Legacy Flip,0,62.554401,0.5,17.217,1.0,1.5,17.217
GTAIV.exe,1234,0x0,DXGI,0,0,0,Hardware: Legacy Flip,0,62.570803,0.5,16.401,1.0,1.5,16.401
GTAIV.exe,1234,0x0,DXGI,0,0,0,Hardware: Legacy Flip,0,62.586587,0.5,15.784,1.0,1.5,15.784
GTAIV.exe,1234,0x0,DXGI,0,0,0,Hardware: Legacy Flip,0,62.602000,0.5,15.414,1.0,1.5,15.414
GTAIV.exe,1234,0x0,DXGI,0,0,0,Hardware: Legacy Flip,0,62.616252,0.5,14.251,1.0,1.5,14.251
GTAIV.exe,1234,0x0,DXGI,0,0,0,Hardware: Legacy Flip,0,62.632314,0.5,16.062,1.0,1.5,16.062
GTAIV.exe,1234,0x0,DXGI,0,0,0,Hardware: Legacy Flip,0,62.648401,0.5,16.087,1.0,1.5,16.087
GTAIV.exe,1234,0x0,DXGI,0,0,0,Hardware: Legacy Flip,0,62.663432,0.5,15.031,1.0,1.5,15.031
GTAIV.exe,1234,0x0,DXGI,0,0,0,Hardware: Legacy Flip,0,62.680476,0.5,17.044,1.0,1.5,17.044
GTAIV.exe,1234,0x0,DXGI,0,0,0,Hardware: Legacy Flip,0,62.695448,0.5,14.972,1.0,1.5,14.972
GTAIV.exe,1234,0x0,DXGI,0,0,0,Hardware: Legacy Flip,0,62.713942,0.5,18.493,1.0,1.5,18.493
GTAIV.exe,1234,0x0,DXGI,0,0,0,Hardware: Legacy Flip,0,62.729679,0.5,15.738,1.0,1.5,15.738
GTAIV.exe,1234,0x0,DXGI,0,0,0,Hardware: Legacy Flip,0,62.744884,0.5,15.205,1.0,1.5,15.205
GTAIV.exe,1234,0x0,DXGI,0,0,0,Hardware: Legacy Flip,0,62.761727,0.5,16.843,1.0,1.5,16.843
GTAIV.exe,1234,0x0,DXGI,0,0,0,Hardware: Legacy Flip,0,62.779522,0.5,17.795,1.0,1.5,17.795
GTAIV.exe,1234,0x0,DXGI,0,0,0,Hardware: Legacy Flip,0,62.794947,0.5,15.425,1.0,1.5,15.425
GTAIV.exe,1234,0x0,DXGI,0,0,0,Hardware: Legacy Flip,0,62.810744,0.5,15.797,1.0,1.5,15.797
GTAIV.exe,1234,0x0,DXGI,0,0,0,Hardware: Legacy Flip,0,62.828664,0.5,17.920,1.0,1.5,17.920
GTAIV.exe,1234,0x0,DXGI,0,0,0,Hardware: Legacy Flip,0,62.846638,0.5,17.974,1.0,1.5,17.974
GTAIV.exe,1234,0x0,DXGI,0,0,0,Hardware: Legacy Flip,0,62.864186,0.5,17.548,1.0,1.5,17.548
GTAIV.exe,1234,0x0,DXGI,0,0,0,Hardware: Legacy Flip,0,62.881431,0.5,17.245,1.0,1.5,17.245
GTAIV.exe,1234,0x0,DXGI,0,0,0,Hardware: Legacy Flip,0,62.897904,0.5,16.473,1.0,1.5,16.473
GTAIV.exe,1234,0x0,DXGI,0,0,0,Hardware: Legacy Flip,0,62.915092,0.5,17.187,1.0,1.5,17.187
GTAIV.exe,1234,0x0,DXGI,0,0,0,Hardware: Legacy Flip,0,62.930210,0.5,15.118,1.0,1.5,15.118
GTAIV.exe,1234,0x0,DXGI,0,0,0,Hardware: Legacy Flip,0,62.946846,0.5,16.636,1.0,1.5,16.636
GTAIV.exe,1234,0x0,DXGI,0,0,0,Hardware: Legacy Flip,0,62.964628,0.5,17.782,1.0,1.5,17.782
GTAIV.exe,1234,0x0,DXGI,0,0,0,Hardware: Legacy Flip,0,62.982440,0.5,17.812,1.0,1.5,17.812
GTAIV.exe,1234,0x0,DXGI,0,0,0,Hardware: Legacy Flip,0,63.000609,0.5,18.169,1.0,1.5,18.169
GTAIV.exe,1234,0x0,DXGI,0,0,0,Hardware: Legacy Flip,0,63.016692,0.5,16.083,1.0,1.5,16.083
GTAIV.exe,1234,0x0,DXGI,0,0,0,Hardware: Legacy Flip,0,63.033377,0.5,16.685,1.0,1.5,16.685
GTAIV.exe,1234,0x0,DXGI,0,0,0,Hardware: Legacy Flip,0,63.051053,0.5,17.676,1.0,1.5,17.676
GTAIV.exe,1234,0x0,DXGI,0,0,0,Hardware: Legacy Flip,0,63.065974,0.5,14.920,1.0,1.5,14.920
GTAIV.exe,1234,0x0,DXGI,0,0,0,Hardware: Legacy Flip,0,63.081086,0.5,15.112,1.0,1.5,15.112
GTAIV.exe,1234,0x0,DXGI,0,0,0,Hardware: Legacy Flip,0,63.096279,0.5,15.194,1.0,1.5,15.194
GTAIV.exe,1234,0x0,DXGI,0,0,0,Hardware: Legacy Flip,0,63.113523,0.5,17.243,1.0,1.5,17.243
GTAIV.exe,1234,0x0,DXGI,0,0,0,Hardware: Legacy Flip,0,63.130933,0.5,17.410,1.0,1.5,17.410
GTAIV.exe,1234,0x0,DXGI,0,0,0,Hardware: Legacy Flip,0,63.148043,0.5,17.110,1.0,1.5,17.110
GTAIV.exe,1234,0x0,DXGI,0,0,0,Hardware: Legacy Flip,0,63.163228,0.5,15.185,1.0,1.5,15.185
GTAIV.exe,1234,0x0,DXGI,0,0,0,Hardware: Legacy Flip,0,63.179664,0.5,16.436,1.0,1.5,16.436
GTAIV.exe,1234,0x0,DXGI,0,0,0,Hardware: Legacy Flip,0,63.196580,0.5,16.915,1.0,1.5,16.915
GTAIV.exe,1234,0x0,DXGI,0,0,0,Hardware: Legacy Flip,0,63.213229,0.5,16.649,1.0,1.5,16.649
GTAIV.exe,1234,0x0,DXGI,0,0,0,Hardware: Legacy Flip,0,63.229430,0.5,16.201,1.0,1.5,16.201
GTAIV.exe,1234,0x0,DXGI,0,0,0,Hardware: Legacy Flip,0,63.244904,0.5,15.474,1.0,1.5,15.474
GTAIV.exe,1234,0x0,DXGI,0,0,0,Hardware: Legacy Flip,0,63.260411,0.5,15.507,1.0,1.5,15.507
GTAIV.exe,1234,0x0,DXGI,0,0,0,Hardware: Legacy Flip,0,63.277797,0.5,17.386,1.0,1.5,17.386
GTAIV.exe,1234,0x0,DXGI,0,0,0,Hardware: Legacy Flip,0,63.295299,0.5,17.502,1.0,1.5,17.502
GTAIV.exe,1234,0x0,DXGI,0,0,0,Hardware: Legacy Flip,0,63.313925,0.5,18.626,1.0,1.5,18.626
GTAIV.exe,1234,0x0,DXGI,0,0,0,Hardware: Legacy Flip,0,63.329318,0.5,15.392,1.0,1.5,15.392
GTAIV.exe,1234,0x0,DXGI,0,0,0,Hardware: Legacy Flip,0,63.345570,0.5,16.252,1.0,1.5,16.252
GTAIV.exe,1234,0x0,DXGI,0,0,0,Hardware: Legacy Flip,0,63.362015,0.5,16.446,1.0,1.5,16.446
GTAIV.exe,1234,0x0,DXGI,0,0,0,Hardware: Legacy Flip,0,63.377543,0.5,15.527,1.0,1.5,15.527
GTAIV.exe,1234,0x0,DXGI,0,0,0,Hardware: Legacy Flip,0,63.391707,0.5,14.165,1.0,1.5,14.165
GTAIV.exe,1234,0x0,DXGI,0,0,0,Hardware: Legacy Flip,0,63.408001,0.5,16.293,1.0,1.5,16.293
GTAIV.exe,1234,0x0,DXGI,0,0,0,Hardware: Legacy Flip,0,63.424310,0.5,16.309,1.0,1.5,16.309
GTAIV.exe,1234,0x0,DXGI,0,0,0,Hardware: Legacy Flip,0,63.440577,0.5,16.268,1.0,1.5,16.268
GTAIV.exe,1234,0x0,DXGI,0,0,0,Hardware: Legacy Flip,0,63.456583,0.5,16.005,1.0,1.5,16.005
GTAIV.exe,1234,0x0,DXGI,0,0,0,Hardware: Legacy Flip,0,63.473614,0.5,17.031,1.0,1.5,17.031
GTAIV.exe,1234,0x0,DXGI,0,0,0,Hardware: Legacy Flip,0,63.489555,0.5,15.941,1.0,1.5,15.941
GTAIV.exe,1234,0x0,DXGI,0,0,0,Hardware: Legacy Flip,0,63.505182,0.5,15.627,1.0,1.5,15.627
GTAIV.exe,1234,0x0,DXGI,0,0,0,Hardware: Legacy Flip,0,63.521178,0.5,15.995,1.0,1.5,15.995
GTAIV.exe,1234,0x0,DXGI,0,0,0,Hardware: Legacy Flip,0,63.537429,0.5,16.252,1.0,1.5,16.252
GTAIV.exe,1234,0x0,DXGI,0,0,0,Hardware: Legacy Flip,0,63.555345,0.5,17.916,1.0,1.5,17.916
GTAIV.exe,1234,0x0,DXGI,0,0,0,Hardware: Legacy Flip,0,63.572571,0.5,17.226,1.0,1.5,17.226
GTAIV.exe,1234,0x0,DXGI,0,0,0,Hardware: Legacy Flip,0,63.589441,0.5,16.869,1.0,1.5,16.869
GTAIV.exe,1234,0x0,DXGI,0,0,0,Hardware: Legacy Flip,0,63.609079,0.5,19.638,1.0,1.5,19.638
GTAIV.exe,1234,0x0,DXGI,0,0,0,Hardware: Legacy Flip,0,63.624943,0.5,15.864,1.0,1.5,15.864
GTAIV.exe,1234,0x0,DXGI,0,0,0,Hardware: Legacy Flip,0,63.641179,0.5,16.237,1.0,1.5,16.237
GTAIV.exe,1234,0x0,DXGI,0,0,0,Hardware: Legacy Flip,0,63.659665,0.5,18.485,1.0,1.5,18.485
GTAIV.exe,1234,0x0,DXGI,0,0,0,Hardware: Legacy Flip,0,63.674619,0.5,14.954,1.0,1.5,14.954
GTAIV.exe,1234,0x0,DXGI,0,0,0,Hardware: Legacy Flip,0,63.690489,0.5,15.871,1.0,1.5,15.871
GTAIV.exe,1234,0x0,DXGI,0,0,0,Hardware: Legacy Flip,0,63.707178,0.5,16.689,1.0,1.5,16.689
GTAIV.exe,1234,0x0,DXGI,0,0,0,Hardware: Legacy Flip,0,63.722932,0.5,15.754,1.0,1.5,15.754
GTAIV.exe,1234,0x0,DXGI,0,0,0,Hardware: Legacy Flip,0,63.742690,0.5,19.759,1.0,1.5,19.759
GTAIV.exe,1234,0x0,DXGI,0,0,0,Hardware: Legacy Flip,0,63.759491,0.5,16.800,1.0,1.5,16.800
GTAIV.exe,1234,0x0,DXGI,0,0,0,Hardware: Legacy Flip,0,63.774886,0.5,15.395,1.0,1.5,15.395
GTAIV.exe,1234,0x0,DXGI,0,0,0,Hardware: Legacy Flip,0,63.792272,0.5,17.386,1.0,1.5,17.386
GTAIV.exe,1234,0x0,DXGI,0,0,0,Hardware: Legacy Flip,0,63.808652,0.5,16.380,1.0,1.5,16.380
GTAIV.exe,1234,0x0,DXGI,0,0,0,Hardware: Legacy Flip,0,63.825511,0.5,16.858,1.0,1.5,16.858
GTAIV.exe,1234,0x0,DXGI,0,0,0,Hardware: Legacy Flip,0,63.840240,0.5,14.730,1.0,1.5,14.730
GTAIV.exe,1234,0x0,DXGI,0,0,0,Hardware: Legacy Flip,0,63.855846,0.5,15.606,1.0,1.5,15.606
GTAIV.exe,1234,0x0,DXGI,0,0,0,Hardware: Legacy Flip,0,63.872064,0.5,16.218,1.0,1.5,16.218
GTAIV.exe,1234,0x0,DXGI,0,0,0,Hardware: Legacy Flip,0,63.889098,0.5,17.034,1.0,1.5,17.034
GTAIV.exe,1234,0x0,DXGI,0,0,0,Hardware: Legacy Flip,0,63.905879,0.5,16.781,1.0,1.5,16.781
GTAIV.exe,1234,0x0,DXGI,0,0,0,Hardware: Legacy Flip,0,63.921587,0.5,15.708,1.0,1.5,15.708
GTAIV.exe,1234,0x0,DXGI,0,0,0,Hardware: Legacy Flip,0,63.937780,0.5,16.193,1.0,1.5,16.193
GTAIV.exe,1234,0x0,DXGI,0,0,0,Hardware: Legacy Flip,0,63.955478,0.5,17.698,1.0,1.5,17.698
GTAIV.exe,1234,0x0,DXGI,0,0,0,Hardware: Legacy Flip,0,63.970418,0.5,14.940,1.0,1.5,14.940
GTAIV.exe,1234,0x0,DXGI,0,0,0,Hardware: Legacy Flip,0,63.989085,0.5,18.667,1.0,1.5,18.667
GTAIV.exe,1234,0x0,DXGI,0,0,0,Hardware: Legacy Flip,0,64.007275,0.5,18.191,1.0,1.5,18.191
GTAIV.exe,1234,0x0,DXGI,0,0,0,Hardware: Legacy Flip,0,64.024488,0.5,17.212,1.0,1.5,17.212
GTAIV.exe,1234,0x0,DXGI,0,0,0,Hardware: Legacy Flip,0,64.040315,0.5,15.827,1.0,1.5,15.827
GTAIV.exe,1234,0x0,DXGI,0,0,0,Hardware: Legacy Flip,0,64.057935,0.5,17.620,1.0,1.5,17.620
GTAIV.exe,1234,0x0,DXGI,0,0,0,Hardware: Legacy Flip,0,64.074716,0.5,16.782,1.0,1.5,16.782
GTAIV.exe,1234,0x0,DXGI,0,0,0,Hardware: Legacy Flip,0,64.092360,0.5,17.643,1.0,1.5,17.643
GTAIV.exe,1234,0x0,DXGI,0,0,0,Hardware: Legacy Flip,0,64.109671,0.5,17.311,1.0,1.5,17.311
GTAIV.exe,1234,0x0,DXGI,0,0,0,Hardware: Legacy Flip,0,64.127657,0.5,17.986,1.0,1.5,17.986
GTAIV.exe,1234,0x0,DXGI,0,0,0,Hardware: Legacy Flip,0,64.143550,0.5,15.893,1.0,1.5,15.893
GTAIV.exe,1234,0x0,DXGI,0,0,0,Hardware: Legacy Flip,0,64.160626,0.5,17.076,1.0,1.5,17.076
GTAIV.exe,1234,0x0,DXGI,0,0,0,Hardware: Legacy Flip,0,64.176799,0.5,16.172,1.0,1.5,16.172
GTAIV.exe,1234,0x0,DXGI,0,0,0,Hardware: Legacy Flip,0,64.193872,0.5,17.073,1.0,1.5,17.073
GTAIV.exe,1234,0x0,DXGI,0,0,0,Hardware: Legacy Flip,0,64.211581,0.5,17.710,1.0,1.5,17.710
GTAIV.exe,1234,0x0,DXGI,0,0,0,Hardware: Legacy Flip,0,64.227567,0.5,15.986,1.0,1.5,15.986
GTAIV.exe,1234,0x0,DXGI,0,0,0,Hardware: Legacy Flip,0,64.242882,0.5,15.315,1.0,1.5,15.315
GTAIV.exe,1234,0x0,DXGI,0,0,0,Hardware: Legacy Flip,0,64.260319,0.5,17.437,1.0,1.5,17.437
GTAIV.exe,1234,0x0,DXGI,0,0,0,Hardware: Legacy Flip,0,64.276170,0.5,15.851,1.0,1.5,15.851
GTAIV.exe,1234,0x0,DXGI,0,0,0,Hardware: Legacy Flip,0,64.290789,0.5,14.618,1.0,1.5,14.618
GTAIV.exe,1234,0x0,DXGI,0,0,0,Hardware: Legacy Flip,0,64.307444,0.5,16.655,1.0,1.5,16.655
GTAIV.exe,1234,0x0,DXGI,0,0,0,Hardware: Legacy Flip,0,64.322243,0.5,14.800,1.0,1.5,14.800
GTAIV.exe,1234,0x0,DXGI,0,0,0,Hardware: Legacy Flip,0,64.338906,0.5,16.663,1.0,1.5,16.663
GTAIV.exe,1234,0x0,DXGI,0,0,0,Hardware: Legacy Flip,0,64.355506,0.5,16.600,1.0,1.5,16.600
GTAIV.exe,1234,0x0,DXGI,0,0,0,Hardware: Legacy Flip,0,64.372314,0.5,16.807,1.0,1.5,16.807
GTAIV.exe,1234,0x0,DXGI,0,0,0,Hardware: Legacy Flip,0,64.391312,0.5,18.998,1.0,1.5,18.998
GTAIV.exe,1234,0x0,DXGI,0,0,0,Hardware: Legacy Flip,0,64.407721,0.5,16.409,1.0,1.5,16.409
GTAIV.exe,1234,0x0,DXGI,0,0,0,Hardware: Legacy Flip,0,64.425057,0.5,17.336,1.0,1.5,17.336
GTAIV.exe,1234,0x0,DXGI,0,0,0,Hardware: Legacy Flip,0,64.443205,0.5,18.148,1.0,1.5,18.148
GTAIV.exe,1234,0x0,DXGI,0,0,0,Hardware: Legacy Flip,0,64.459728,0.5,16.523,1.0,1.5,16.523
GTAIV.exe,1234,0x0,DXGI,0,0,0,Hardware: Legacy Flip,0,64.476455,0.5,16.727,1.0,1.5,16.727
GTAIV.exe,1234,0x0,DXGI,0,0,0,Hardware: Legacy Flip,0,64.493349,0.5,16.894,1.0,1.5,16.894
GTAIV.exe,1234,0x0,DXGI,0,0,0,Hardware: Legacy Flip,0,64.508263,0.5,14.913,1.0,1.5,14.913
GTAIV.exe,1234,0x0,DXGI,0,0,0,Hardware: Legacy Flip,0,64.524716,0.5,16.453,1.0,1.5,16.453
GTAIV.exe,1234,0x0,DXGI,0,0,0,Hardware: Legacy Flip,0,64.541593,0.5,16.877,1.0,1.5,16.877
GTAIV.exe,1234,0x0,DXGI,0,0,0,Hardware: Legacy Flip,0,64.558957,0.5,17.364,1.0,1.5,17.364
GTAIV.exe,1234,0x0,DXGI,0,0,0,Hardware: Legacy Flip,0,64.577221,0.5,18.264,1.0,1.5,18.264
GTAIV.exe,1234,0x0,DXGI,0,0,0,Hardware: Legacy Flip,0,64.593881,0.5,16.660,1.0,1.5,16.660
GTAIV.exe,1234,0x0,DXGI,0,0,0,Hardware: Legacy Flip,0,64.610620,0.5,16.738,1.0,1.5,16.738
GTAIV.exe,1234,0x0,DXGI,0,0,0,Hardware: Legacy Flip,0,64.627634,0.5,17.014,1.0,1.5,17.014
GTAIV.exe,1234,0x0,DXGI,0,0,0,Hardware: Legacy Flip,0,64.643111,0.5,15.477,1.0,1.5,15.477
GTAIV.exe,1234,0x0,DXGI,0,0,0,Hardware: Legacy Flip,0,64.658502,0.5,15.391,1.0,1.5,15.391
GTAIV.exe,1234,0x0,DXGI,0,0,0,Hardware: Legacy Flip,0,64.673931,0.5,15.429,1.0,1.5,15.429
GTAIV.exe,1234,0x0,DXGI,0,0,0,Hardware: Legacy Flip,0,64.692868,0.5,18.937,1.0,1.5,18.937
GTAIV.exe,1234,0x0,DXGI,0,0,0,Hardware: Legacy Flip,0,64.710390,0.5,17.522,1.0,1.5,17.522
GTAIV.exe,1234,0x0,DXGI,0,0,0,Hardware: Legacy Flip,0,64.727010,0.5,16.620,1.0,1.5,16.620
GTAIV.exe,1234,0x0,DXGI,0,0,0,Hardware: Legacy Flip,0,64.744493,0.5,17.483,1.0,1.5,17.483
GTAIV.exe,1234,0x0,DXGI,0,0,0,Hardware: Legacy Flip,0,64.761472,0.5,16.979,1.0,1.5,16.979
GTAIV.exe,1234,0x0,DXGI,0,0,0,Hardware: Legacy Flip,0,64.777394,0.5,15.921,1.0,1.5,15.921
GTAIV.exe,1234,0x0,DXGI,0,0,0,Hardware: Legacy Flip,0,64.794683,0.5,17.289,1.0,1.5,17.289
GTAIV.exe,1234,0x0,DXGI,0,0,0,Hardware: Legacy Flip,0,64.810181,0.5,15.498,1.0,1.5,15.498
GTAIV.exe,1234,0x0,DXGI,0,0,0,Hardware: Legacy Flip,0,64.827837,0.5,17.656,1.0,1.5,17.656
GTAIV.exe,1234,0x0,DXGI,0,0,0,Hardware: Legacy Flip,0,64.844202,0.5,16.365,1.0,1.5,16.365
GTAIV.exe,1234,0x0,DXGI,0,0,0,Hardware: Legacy Flip,0,64.860516,0.5,16.314,1.0,1.5,16.314
GTAIV.exe,1234,0x0,DXGI,0,0,0,Hardware: Legacy Flip,0,64.877731,0.5,17.215,1.0,1.5,17.215
GTAIV.exe,1234,0x0,DXGI,0,0,0,Hardware: Legacy Flip,0,64.894051,0.5,16.320,1.0,1.5,16.320
GTAIV.exe,1234,0x0,DXGI,0,0,0,Hardware: Legacy Flip,0,64.912141,0.5,18.089,1.0,1.5,18.089
GTAIV.exe,1234,0x0,DXGI,0,0,0,Hardware: Legacy Flip,0,64.929193,0.5,17.052,1.0,1.5,17.052
GTAIV.exe,1234,0x0,DXGI,0,0,0,Hardware: Legacy Flip,0,64.946223,0.5,17.030,1.0,1.5,17.030
GTAIV.exe,1234,0x0,DXGI,0,0,0,Hardware: Legacy Flip,0,64.963333,0.5,17.110,1.0,1.5,17.110
GTAIV.exe,1234,0x0,DXGI,0,0,0,Hardware: Legacy Flip,0,64.980318,0.5,16.986,1.0,1.5,16.986
GTAIV.exe,1234,0x0,DXGI,0,0,0,Hardware: Legacy Flip,0,64.998269,0.5,17.951,1.0,1.5,17.951
GTAIV.exe,1234,0x0,DXGI,0,0,0,Hardware: Legacy Flip,0,65.014318,0.5,16.049,1.0,1.5,16.049
GTAIV.exe,1234,0x0,DXGI,0,0,0,Hardware: Legacy Flip,0,65.031208,0.5,16.890,1.0,1.5,16.890
GTAIV.exe,1234,0x0,DXGI,0,0,0,Hardware: Legacy Flip,0,65.048766,0.5,17.557,1.0,1.5,17.557
GTAIV.exe,1234,0x0,DXGI,0,0,0,Hardware: Legacy Flip,0,65.065367,0.5,16.601,1.0,1.5,16.601
GTAIV.exe,1234,0x0,DXGI,0,0,0,Hardware: Legacy Flip,0,65.082772,0.5,17.406,1.0,1.5,17.406
GTAIV.exe,1234,0x0,DXGI,0,0,0,Hardware: Legacy Flip,0,65.099964,0.5,17.192,1.0,1.5,17.192
GTAIV.exe,1234,0x0,DXGI,0,0,0,Hardware: Legacy Flip,0,65.117343,0.5,17.379,1.0,1.5,17.379
GTAIV.exe,1234,0x0,DXGI,0,0,0,Hardware: Legacy Flip,0,65.133971,0.5,16.629,1.0,1.5,16.629
GTAIV.exe,1234,0x0,DXGI,0,0,0,Hardware: Legacy Flip,0,65.149830,0.5,15.859,1.0,1.5,15.859
GTAIV.exe,1234,0x0,DXGI,0,0,0,Hardware: Legacy Flip,0,65.165617,0.5,15.786,1.0,1.5,15.786
GTAIV.exe,1234,0x0,DXGI,0,0,0,Hardware: Legacy Flip,0,65.182856,0.5,17.239,1.0,1.5,17.239
GTAIV.exe,1234,0x0,DXGI,0,0,0,Hardware: Legacy Flip,0,65.197080,0.5,14.224,1.0,1.5,14.224
GTAIV.exe,1234,0x0,DXGI,0,0,0,Hardware: Legacy Flip,0,65.215459,0.5,18.380,1.0,1.5,18.380
GTAIV.exe,1234,0x0,DXGI,0,0,0,Hardware: Legacy Flip,0,65.233471,0.5,18.012,1.0,1.5,18.012
GTAIV.exe,1234,0x0,DXGI,0,0,0,Hardware: Legacy Flip,0,65.249772,0.5,16.301,1.0,1.5,16.301
GTAIV.exe,1234,0x0,DXGI,0,0,0,Hardware: Legacy Flip,0,65.264924,0.5,15.152,1.0,1.5,15.152
GTAIV.exe,1234,0x0,DXGI,0,0,0,Hardware: Legacy Flip,0,65.279388,0.5,14.464,1.0,1.5,14.464
GTAIV.exe,1234,0x0,DXGI,0,0,0,Hardware: Legacy Flip,0,65.298415,0.5,19.026,1.0,1.5,19.026
GTAIV.exe,1234,0x0,DXGI,0,0,0,Hardware: Legacy Flip,0,65.315186,0.5,16.771,1.0,1.5,16.771
GTAIV.exe,1234,0x0,DXGI,0,0,0,Hardware: Legacy Flip,0,65.331908,0.5,16.722,1.0,1.5,16.722
GTAIV.exe,1234,0x0,DXGI,0,0,0,Hardware: Legacy Flip,0,65.349269,0.5,17.361,1.0,1.5,17.361
GTAIV.exe,1234,0x0,DXGI,0,0,0,Hardware: Legacy Flip,0,65.366525,0.5,17.256,1.0,1.5,17.256
GTAIV.exe,1234,0x0,DXGI,0,0,0,Hardware: Legacy Flip,0,65.383867,0.5,17.342,1.0,1.5,17.342
GTAIV.exe,1234,0x0,DXGI,0,0,0,Hardware: Legacy Flip,0,65.399703,0.5,15.836,1.0,1.5,15.836
GTAIV.exe,1234,0x0,DXGI,0,0,0,Hardware: Legacy Flip,0,65.416879,0.5,17.176,1.0,1.5,17.176
GTAIV.exe,1234,0x0,DXGI,0,0,0,Hardware: Legacy Flip,0,65.433116,0.5,16.237,1.0,1.5,16.237
GTAIV.exe,1234,0x0,DXGI,0,0,0,Hardware: Legacy Flip,0,65.450141,0.5,17.025,1.0,1.5,17.025
GTAIV.exe,1234,0x0,DXGI,0,0,0,Hardware: Legacy Flip,0,65.467142,0.5,17.001,1.0,1.5,17.001
GTAIV.exe,1234,0x0,DXGI,0,0,0,Hardware: Legacy Flip,0,65.483904,0.5,16.762,1.0,1.5,16.762
GTAIV.exe,1234,0x0,DXGI,0,0,0,Hardware: Legacy Flip,0,65.500198,0.5,16.294,1.0,1.5,16.294
GTAIV.exe,1234,0x0,DXGI,0,0,0,Hardware: Legacy Flip,0,65.521316,0.5,21.118,1.0,1.5,21.118
GTAIV.exe,1234,0x0,DXGI,0,0,0,Hardware: Legacy Flip,0,65.538177,0.5,16.860,1.0,1.5,16.860
GTAIV.exe,1234,0x0,DXGI,0,0,0,Hardware: Legacy Flip,0,65.554178,0.5,16.002,1.0,1.5,16.002
GTAIV.exe,1234,0x0,DXGI,0,0,0,Hardware: Legacy Flip,0,65.570664,0.5,16.486,1.0,1.5,16.486
GTAIV.exe,1234,0x0,DXGI,0,0,0,Hardware: Legacy Flip,0,65.586707,0.5,16.043,1.0,1.5,16.043
GTAIV.exe,1234,0x0,DXGI,0,0,0,Hardware: Legacy Flip,0,65.602797,0.5,16.090,1.0,1.5,16.090
GTAIV.exe,1234,0x0,DXGI,0,0,0,Hardware: Legacy Flip,0,65.620218,0.5,17.421,1.0,1.5,17.421
GTAIV.exe,1234,0x0,DXGI,0,0,0,Hardware: Legacy Flip,0,65.637271,0.5,17.053,1.0,1.5,17.053
GTAIV.exe,1234,0x0,DXGI,0,0,0,Hardware: Legacy Flip,0,65.655286,0.5,18.016,1.0,1.5,18.016
GTAIV.exe,1234,0x0,DXGI,0,0,0,Hardware: Legacy Flip,0,65.670907,0.5,15.621,1.0,1.5,15.621
GTAIV.exe,1234,0x0,DXGI,0,0,0,Hardware: Legacy Flip,0,65.685962,0.5,15.054,1.0,1.5,15.054
GTAIV.exe,1234,0x0,DXGI,0,0,0,Hardware: Legacy Flip,0,65.702025,0.5,16.063,1.0,1.5,16.063
GTAIV.exe,1234,0x0,DXGI,0,0,0,Hardware: Legacy Flip,0,65.717062,0.5,15.037,1.0,1.5,15.037
GTAIV.exe,1234,0x0,DXGI,0,0,0,Hardware: Legacy Flip,0,65.733447,0.5,16.385,1.0,1.5,16.385
GTAIV.exe,1234,0x0,DXGI,0,0,0,Hardware: Legacy Flip,0,65.751787,0.5,18.340,1.0,1.5,18.340
GTAIV.exe,1234,0x0,DXGI,0,0,0,Hardware: Legacy Flip,0,65.768607,0.5,16.821,1.0,1.5,16.821
GTAIV.exe,1234,0x0,DXGI,0,0,0,Hardware: Legacy Flip,0,65.783386,0.5,14.779,1.0,1.5,14.779
GTAIV.exe,1234,0x0,DXGI,0,0,0,Hardware: Legacy Flip,0,65.797126,0.5,13.739,1.0,1.5,13.739
GTAIV.exe,1234,0x0,DXGI,0,0,0,Hardware: Legacy Flip,0,65.813607,0.5,16.482,1.0,1.5,16.482
GTAIV.exe,1234,0x0,DXGI,0,0,0,Hardware: Legacy Flip,0,65.829467,0.5,15.860,1.0,1.5,15.860
GTAIV.exe,1234,0x0,DXGI,0,0,0,Hardware: Legacy Flip,0,65.846724,0.5,17.257,1.0,1.5,17.257
GTAIV.exe,1234,0x0,DXGI,0,0,0,Hardware: Legacy Flip,0,65.864277,0.5,17.553,1.0,1.5,17.553
GTAIV.exe,1234,0x0,DXGI,0,0,0,Hardware: Legacy Flip,0,65.882461,0.5,18.184,1.0,1.5,18.184
GTAIV.exe,1234,0x0,DXGI,0,0,0,Hardware: Legacy Flip,0,65.899416,0.5,16.955,1.0,1.5,16.955
GTAIV.exe,1234,0x0,DXGI,0,0,0,Hardware: Legacy Flip,0,65.916598,0.5,17.183,1.0,1.5,17.183
GTAIV.exe,1234,0x0,DXGI,0,0,0,Hardware: Legacy Flip,0,65.934511,0.5,17.913,1.0,1.5,17.913
GTAIV.exe,1234,0x0,DXGI,0,0,0,Hardware: Legacy Flip,0,65.950303,0.5,15.792,1.0,1.5,15.792
GTAIV.exe,1234,0x0,DXGI,0,0,0,Hardware: Legacy Flip,0,65.964738,0.5,14.435,1.0,1.5,14.435
GTAIV.exe,1234,0x0,DXGI,0,0,0,Hardware: Legacy Flip,0,65.979929,0.5,15.191,1.0,1.5,15.191
GTAIV.exe,1234,0x0,DXGI,0,0,0,Hardware: Legacy Flip,0,65.995364,0.5,15.435,1.0,1.5,15.435
GTAIV.exe,1234,0x0,DXGI,0,0,0,Hardware: Legacy Flip,0,66.011536,0.5,16.171,1.0,1.5,16.171
GTAIV.exe,1234,0x0,DXGI,0,0,0,Hardware: Legacy Flip,0,66.026321,0.5,14.786,1.0,1.5,14.786
GTAIV.exe,1234,0x0,DXGI,0,0,0,Hardware: Legacy Flip,0,66.043189,0.5,16.867,1.0,1.5,16.867
GTAIV.exe,1234,0x0,DXGI,0,0,0,Hardware: Legacy Flip,0,66.060872,0.5,17.683,1.0,1.5,17.683
GTAIV.exe,1234,0x0,DXGI,0,0,0,Hardware: Legacy Flip,0,66.077203,0.5,16.331,1.0,1.5,16.331
GTAIV.exe,1234,0x0,DXGI,0,0,0,Hardware: Legacy Flip,0,66.092282,0.5,15.080,1.0,1.5,15.080
GTAIV.exe,1234,0x0,DXGI,0,0,0,Hardware: Legacy Flip,0,66.109686,0.5,17.403,1.0,1.5,17.403
GTAIV.exe,1234,0x0,DXGI,0,0,0,Hardware: Legacy Flip,0,66.124346,0.5,14.661,1.0,1.5,14.661
GTAIV.exe,1234,0x0,DXGI,0,0,0,Hardware: Legacy Flip,0,66.140360,0.5,16.013,1.0,1.5,16.013
GTAIV.exe,1234,0x0,DXGI,0,0,0,Hardware: Legacy Flip,0,66.156520,0.5,16.161,1.0,1.5,16.161
GTAIV.exe,1234,0x0,DXGI,0,0,0,Hardware: Legacy Flip,0,66.173252,0.5,16.731,1.0,1.5,16.731
GTAIV.exe,1234,0x0,DXGI,0,0,0,Hardware: Legacy Flip,0,66.190172,0.5,16.921,1.0,1.5,16.921
GTAIV.exe,1234,0x0,DXGI,0,0,0,Hardware: Legacy Flip,0,66.207287,0.5,17.115,1.0,1.5,17.115
GTAIV.exe,1234,0x0,DXGI,0,0,0,Hardware: Legacy Flip,0,66.223777,0.5,16.490,1.0,1.5,16.490
GTAIV.exe,1234,0x0,DXGI,0,0,0,Hardware: Legacy Flip,0,66.240952,0.5,17.175,1.0,1.5,17.175
GTAIV.exe,1234,0x0,DXGI,0,0,0,Hardware: Legacy Flip,0,66.258595,0.5,17.643,1.0,1.5,17.643
GTAIV.exe,1234,0x0,DXGI,0,0,0,Hardware: Legacy Flip,0,66.274891,0.5,16.297,1.0,1.5,16.297
GTAIV.exe,1234,0x0,DXGI,0,0,0,Hardware: Legacy Flip,0,66.291901,0.5,17.010,1.0,1.5,17.010
GTAIV.exe,1234,0x0,DXGI,0,0,0,Hardware: Legacy Flip,0,66.307158,0.5,15.256,1.0,1.5,15.256
GTAIV.exe,1234,0x0,DXGI,0,0,0,Hardware: Legacy Flip,0,66.325054,0.5,17.896,1.0,1.5,17.896
GTAIV.exe,1234,0x0,DXGI,0,0,0,Hardware: Legacy Flip,0,66.341903,0.5,16.849,1.0,1.5,16.849
GTAIV.exe,1234,0x0,DXGI,0,0,0,Hardware: Legacy Flip,0,66.357558,0.5,15.655,1.0,1.5,15.655
GTAIV.exe,1234,0x0,DXGI,0,0,0,Hardware: Legacy Flip,0,66.373775,0.5,16.216,1.0,1.5,16.216
GTAIV.exe,1234,0x0,DXGI,0,0,0,Hardware: Legacy Flip,0,66.390385,0.5,16.610,1.0,1.5,16.610
GTAIV.exe,1234,0x0,DXGI,0,0,0,Hardware: Legacy Flip,0,66.408426,0.5,18.041,1.0,1.5,18.041
GTAIV.exe,1234,0x0,DXGI,0,0,0,Hardware: Legacy Flip,0,66.426326,0.5,17.899,1.0,1.5,17.899
GTAIV.exe,1234,0x0,DXGI,0,0,0,Hardware: Legacy Flip,0,66.443246,0.5,16.920,1.0,1.5,16.920
GTAIV.exe,1234,0x0,DXGI,0,0,0,Hardware: Legacy Flip,0,66.460004,0.5,16.757,1.0,1.5,16.757
GTAIV.exe,1234,0x0,DXGI,0,0,0,Hardware: Legacy Flip,0,66.476348,0.5,16.345,1.0,1.5,16.345
GTAIV.exe,1234,0x0,DXGI,0,0,0,Hardware: Legacy Flip,0,66.492480,0.5,16.131,1.0,1.5,16.131
GTAIV.exe,1234,0x0,DXGI,0,0,0,Hardware: Legacy Flip,0,66.510272,0.5,17.792,1.0,1.5,17.792
GTAIV.exe,1234,0x0,DXGI,0,0,0,Hardware: Legacy Flip,0,66.526675,0.5,16.403,1.0,1.5,16.403
GTAIV.exe,1234,0x0,DXGI,0,0,0,Hardware: Legacy Flip,0,66.542726,0.5,16.051,1.0,1.5,16.051
GTAIV.exe,1234,0x0,DXGI,0,0,0,Hardware: Legacy Flip,0,66.559207,0.5,16.481,1.0,1.5,16.481
GTAIV.exe,1234,0x0,DXGI,0,0,0,Hardware: Legacy Flip,0,66.574728,0.5,15.521,1.0,1.5,15.521
GTAIV.exe,1234,0x0,DXGI,0,0,0,Hardware: Legacy Flip,0,66.590631,0.5,15.903,1.0,1.5,15.903
GTAIV.exe,1234,0x0,DXGI,0,0,0,Hardware: Legacy Flip,0,66.607719,0.5,17.088,1.0,1.5,17.088
GTAIV.exe,1234,0x0,DXGI,0,0,0,Hardware: Legacy Flip,0,66.624565,0.5,16.846,1.0,1.5,16.846
GTAIV.exe,1234,0x0,DXGI,0,0,0,Hardware: Legacy Flip,0,66.641733,0.5,17.169,1.0,1.5,17.169
GTAIV.exe,1234,0x0,DXGI,0,0,0,Hardware: Legacy Flip,0,66.657902,0.5,16.169,1.0,1.5,16.169
GTAIV.exe,1234,0x0,DXGI,0,0,0,Hardware: Legacy Flip,0,66.674986,0.5,17.085,1.0,1.5,17.085
GTAIV.exe,1234,0x0,DXGI,0,0,0,Hardware: Legacy Flip,0,66.688662,0.5,13.676,1.0,1.5,13.676
GTAIV.exe,1234,0x0,DXGI,0,0,0,Hardware: Legacy Flip,0,66.705434,0.5,16.772,1.0,1.5,16.772
GTAIV.exe,1234,0x0,DXGI,0,0,0,Hardware: Legacy Flip,0,66.722132,0.5,16.697,1.0,1.5,16.697
GTAIV.exe,1234,0x0,DXGI,0,0,0,Hardware: Legacy Flip,0,66.739737,0.5,17.605,1.0,1.5,17.605
GTAIV.exe,1234,0x0,DXGI,0,0,0,Hardware: Legacy Flip,0,66.757186,0.5,17.450,1.0,1.5,17.450
GTAIV.exe,1234,0x0,DXGI,0,0,0,Hardware: Legacy Flip,0,66.774025,0.5,16.838,1.0,1.5,16.838
GTAIV.exe,1234,0x0,DXGI,0,0,0,Hardware: Legacy Flip,0,66.790055,0.5,16.031,1.0,1.5,16.031
GTAIV.exe,1234,0x0,DXGI,0,0,0,Hardware: Legacy Flip,0,66.807639,0.5,17.584,1.0,1.5,17.584
GTAIV.exe,1234,0x0,DXGI,0,0,0,Hardware: Legacy Flip,0,66.824938,0.5,17.299,1.0,1.5,17.299
GTAIV.exe,1234,0x0,DXGI,0,0,0,Hardware: Legacy Flip,0,66.841841,0.5,16.903,1.0,1.5,16.903
GTAIV.exe,1234,0x0,DXGI,0,0,0,Hardware: Legacy Flip,0,66.857798,0.5,15.958,1.0,1.5,15.958
GTAIV.exe,1234,0x0,DXGI,0,0,0,Hardware: Legacy Flip,0,66.873709,0.5,15.911,1.0,1.5,15.911
GTAIV.exe,1234,0x0,DXGI,0,0,0,Hardware: Legacy Flip,0,66.890507,0.5,16.798,1.0,1.5,16.798
GTAIV.exe,1234,0x0,DXGI,0,0,0,Hardware: Legacy Flip,0,66.906488,0.5,15.981,1.0,1.5,15.981
GTAIV.exe,1234,0x0,DXGI,0,0,0,Hardware: Legacy Flip,0,66.921631,0.5,15.143,1.0,1.5,15.143
GTAIV.exe,1234,0x0,DXGI,0,0,0,Hardware: Legacy Flip,0,66.936431,0.5,14.800,1.0,1.5,14.800
GTAIV.exe,1234,0x0,DXGI,0,0,0,Hardware: Legacy Flip,0,66.951786,0.5,15.355,1.0,1.5,15.355
GTAIV.exe,1234,0x0,DXGI,0,0,0,Hardware: Legacy Flip,0,66.968986,0.5,17.200,1.0,1.5,17.200
GTAIV.exe,1234,0x0,DXGI,0,0,0,Hardware: Legacy Flip,0,66.984356,0.5,15.371,1.0,1.5,15.371
GTAIV.exe,1234,0x0,DXGI,0,0,0,Hardware: Legacy Flip,0,67.000416,0.5,16.059,1.0,1.5,16.059
GTAIV.exe,1234,0x0,DXGI,0,0,0,Hardware: Legacy Flip,0,67.017258,0.5,16.842,1.0,1.5,16.842
GTAIV.exe,1234,0x0,DXGI,0,0,0,Hardware: Legacy Flip,0,67.034249,0.5,16.991,1.0,1.5,16.991
GTAIV.exe,1234,0x0,DXGI,0,0,0,Hardware: Legacy Flip,0,67.051616,0.5,17.367,1.0,1.5,17.367
GTAIV.exe,1234,0x0,DXGI,0,0,0,Hardware: Legacy Flip,0,67.067190,0.5,15.574,1.0,1.5,15.574
GTAIV.exe,1234,0x0,DXGI,0,0,0,Hardware: Legacy Flip,0,67.084047,0.5,16.858,1.0,1.5,16.858
GTAIV.exe,1234,0x0,DXGI,0,0,0,Hardware: Legacy Flip,0,67.098656,0.5,14.609,1.0,1.5,14.609
GTAIV.exe,1234,0x0,DXGI,0,0,0,Hardware: Legacy Flip,0,67.115787,0.5,17.131,1.0,1.5,17.131
GTAIV.exe,1234,0x0,DXGI,0,0,0,Hardware: Legacy Flip,0,67.135202,0.5,19.415,1.0,1.5,19.415
GTAIV.exe,1234,0x0,DXGI,0,0,0,Hardware: Legacy Flip,0,67.151332,0.5,16.130,1.0,1.5,16.130
GTAIV.exe,1234,0x0,DXGI,0,0,0,Hardware: Legacy Flip,0,67.167743,0.5,16.411,1.0,1.5,16.411
GTAIV.exe,1234,0x0,DXGI,0,0,0,Hardware: Legacy Flip,0,67.185089,0.5,17.346,1.0,1.5,17.346
GTAIV.exe,1234,0x0,DXGI,0,0,0,Hardware: Legacy Flip,0,67.201342,0.5,16.253,1.0,1.5,16.253
GTAIV.exe,1234,0x0,DXGI,0,0,0,Hardware: Legacy Flip,0,67.219219,0.5,17.877,1.0,1.5,17.877
GTAIV.exe,1234,0x0,DXGI,0,0,0,Hardware: Legacy Flip,0,67.236578,0.5,17.359,1.0,1.5,17.359
GTAIV.exe,1234,0x0,DXGI,0,0,0,Hardware: Legacy Flip,0,67.251984,0.5,15.406,1.0,1.5,15.406
GTAIV.exe,1234,0x0,DXGI,0,0,0,Hardware: Legacy Flip,0,67.266988,0.5,15.004,1.0,1.5,15.004
GTAIV.exe,1234,0x0,DXGI,0,0,0,Hardware: Legacy Flip,0,67.284558,0.5,17.570,1.0,1.5,17.570
GTAIV.exe,1234,0x0,DXGI,0,0,0,Hardware: Legacy Flip,0,67.301323,0.5,16.765,1.0,1.5,16.765
GTAIV.exe,1234,0x0,DXGI,0,0,0,Hardware: Legacy Flip,0,67.316923,0.5,15.600,1.0,1.5,15.600
GTAIV.exe,1234,0x0,DXGI,0,0,0,Hardware: Legacy Flip,0,67.332865,0.5,15.942,1.0,1.5,15.942
GTAIV.exe,1234,0x0,DXGI,0,0,0,Hardware: Legacy Flip,0,67.351292,0.5,18.427,1.0,1.5,18.427
GTAIV.exe,1234,0x0,DXGI,0,0,0,Hardware: Legacy Flip,0,67.367094,0.5,15.802,1.0,1.5,15.802
GTAIV.exe,1234,0x0,DXGI,0,0,0,Hardware: Legacy Flip,0,67.382398,0.5,15.305,1.0,1.5,15.305
GTAIV.exe,1234,0x0,DXGI,0,0,0,Hardware: Legacy Flip,0,67.398090,0.5,15.691,1.0,1.5,15.691
GTAIV.exe,1234,0x0,DXGI,0,0,0,Hardware: Legacy Flip,0,67.415802,0.5,17.712,1.0,1.5,17.712
GTAIV.exe,1234,0x0,DXGI,0,0,0,Hardware: Legacy Flip,0,67.432298,0.5,16.496,1.0,1.5,16.496
GTAIV.exe,1234,0x0,DXGI,0,0,0,Hardware: Legacy Flip,0,67.448234,0.5,15.937,1.0,1.5,15.937
GTAIV.exe,1234,0x0,DXGI,0,0,0,Hardware: Legacy Flip,0,67.464691,0.5,16.457,1.0,1.5,16.457
GTAIV.exe,1234,0x0,DXGI,0,0,0,Hardware: Legacy Flip,0,67.482298,0.5,17.606,1.0,1.5,17.606
GTAIV.exe,1234,0x0,DXGI,0,0,0,Hardware: Legacy Flip,0,67.499149,0.5,16.851,1.0,1.5,16.851
GTAIV.exe,1234,0x0,DXGI,0,0,0,Hardware: Legacy Flip,0,67.516041,0.5,16.893,1.0,1.5,16.893
GTAIV.exe,1234,0x0,DXGI,0,0,0,Hardware: Legacy Flip,0,67.531494,0.5,15.453,1.0,1.5,15.453
GTAIV.exe,1234,0x0,DXGI,0,0,0,Hardware: Legacy Flip,0,67.548518,0.5,17.024,1.0,1.5,17.024
GTAIV.exe,1234,0x0,DXGI,0,0,0,Hardware: Legacy Flip,0,67.565597,0.5,17.079,1.0,1.5,17.079
GTAIV.exe,1234,0x0,DXGI,0,0,0,Hardware: Legacy Flip,0,67.582942,0.5,17.345,1.0,1.5,17.345
GTAIV.exe,1234,0x0,DXGI,0,0,0,Hardware: Legacy Flip,0,67.598447,0.5,15.505,1.0,1.5,15.505
GTAIV.exe,1234,0x0,DXGI,0,0,0,Hardware: Legacy Flip,0,67.614785,0.5,16.338,1.0,1.5,16.338
GTAIV.exe,1234,0x0,DXGI,0,0,0,Hardware: Legacy Flip,0,67.630580,0.5,15.794,1.0,1.5,15.794
GTAIV.exe,1234,0x0,DXGI,0,0,0,Hardware: Legacy Flip,0,67.648241,0.5,17.662,1.0,1.5,17.662
GTAIV.exe,1234,0x0,DXGI,0,0,0,Hardware: Legacy Flip,0,67.663953,0.5,15.712,1.0,1.5,15.712
GTAIV.exe,1234,0x0,DXGI,0,0,0,Hardware: Legacy Flip,0,67.679971,0.5,16.018,1.0,1.5,16.018
GTAIV.exe,1234,0x0,DXGI,0,0,0,Hardware: Legacy Flip,0,67.695380,0.5,15.409,1.0,1.5,15.409
GTAIV.exe,1234,0x0,DXGI,0,0,0,Hardware: Legacy Flip,0,67.712814,0.5,17.433,1.0,1.5,17.433
GTAIV.exe,1234,0x0,DXGI,0,0,0,Hardware: Legacy Flip,0,67.728954,0.5,16.141,1.0,1.5,16.141
GTAIV.exe,1234,0x0,DXGI,0,0,0,Hardware: Legacy Flip,0,67.744801,0.5,15.847,1.0,1.5,15.847
GTAIV.exe,1234,0x0,DXGI,0,0,0,Hardware: Legacy Flip,0,67.761401,0.5,16.600,1.0,1.5,16.600
GTAIV.exe,1234,0x0,DXGI,0,0,0,Hardware: Legacy Flip,0,67.779056,0.5,17.655,1.0,1.5,17.655
GTAIV.exe,1234,0x0,DXGI,0,0,0,Hardware: Legacy Flip,0,67.795059,0.5,16.003,1.0,1.5,16.003
GTAIV.exe,1234,0x0,DXGI,0,0,0,Hardware: Legacy Flip,0,67.812008,0.5,16.949,1.0,1.5,16.949
GTAIV.exe,1234,0x0,DXGI,0,0,0,Hardware: Legacy Flip,0,67.828005,0.5,15.997,1.0,1.5,15.997
GTAIV.exe,1234,0x0,DXGI,0,0,0,Hardware: Legacy Flip,0,67.844685,0.5,16.680,1.0,1.5,16.680
GTAIV.exe,1234,0x0,DXGI,0,0,0,Hardware: Legacy Flip,0,67.862924,0.5,18.240,1.0,1.5,18.240
GTAIV.exe,1234,0x0,DXGI,0,0,0,Hardware: Legacy Flip,0,67.878147,0.5,15.222,1.0,1.5,15.222
GTAIV.exe,1234,0x0,DXGI,0,0,0,Hardware: Legacy Flip,0,67.892573,0.5,14.426,1.0,1.5,14.426
GTAIV.exe,1234,0x0,DXGI,0,0,0,Hardware: Legacy Flip,0,67.909422,0.5,16.850,1.0,1.5,16.850
GTAIV.exe,1234,0x0,DXGI,0,0,0,Hardware: Legacy Flip,0,67.924868,0.5,15.446,1.0,1.5,15.446
GTAIV.exe,1234,0x0,DXGI,0,0,0,Hardware: Legacy Flip,0,67.942169,0.5,17.300,1.0,1.5,17.300
GTAIV.exe,1234,0x0,DXGI,0,0,0,Hardware: Legacy Flip,0,67.958114,0.5,15.945,1.0,1.5,15.945
GTAIV.exe,1234,0x0,DXGI,0,0,0,Hardware: Legacy Flip,0,67.974740,0.5,16.627,1.0,1.5,16.627
GTAIV.exe,1234,0x0,DXGI,0,0,0,Hardware: Legacy Flip,0,67.991562,0.5,16.822,1.0,1.5,16.822
GTAIV.exe,1234,0x0,DXGI,0,0,0,Hardware: Legacy Flip,0,68.007421,0.5,15.859,1.0,1.5,15.859
GTAIV.exe,1234,0x0,DXGI,0,0,0,Hardware: Legacy Flip,0,68.023972,0.5,16.551,1.0,1.5,16.551
GTAIV.exe,1234,0x0,DXGI,0,0,0,Hardware: Legacy Flip,0,68.040863,0.5,16.891,1.0,1.5,16.891
GTAIV.exe,1234,0x0,DXGI,0,0,0,Hardware: Legacy Flip,0,68.056601,0.5,15.738,1.0,1.5,15.738
GTAIV.exe,1234,0x0,DXGI,0,0,0,Hardware: Legacy Flip,0,68.073519,0.5,16.917,1.0,1.5,16.917
GTAIV.exe,1234,0x0,DXGI,0,0,0,Hardware: Legacy Flip,0,68.091699,0.5,18.180,1.0,1.5,18.180
GTAIV.exe,1234,0x0,DXGI,0,0,0,Hardware: Legacy Flip,0,68.110409,0.5,18.710,1.0,1.5,18.710
GTAIV.exe,1234,0x0,DXGI,0,0,0,Hardware: Legacy Flip,0,68.126973,0.5,16.564,1.0,1.5,16.564
GTAIV.exe,1234,0x0,DXGI,0,0,0,Hardware: Legacy Flip,0,68.143758,0.5,16.786,1.0,1.5,16.786
GTAIV.exe,1234,0x0,DXGI,0,0,0,Hardware: Legacy Flip,0,68.159610,0.5,15.851,1.0,1.5,15.851
GTAIV.exe,1234,0x0,DXGI,0,0,0,Hardware: Legacy Flip,0,68.175695,0.5,16.085,1.0,1.5,16.085
GTAIV.exe,1234,0x0,DXGI,0,0,0,Hardware: Legacy Flip,0,68.191736,0.5,16.040,1.0,1.5,16.040
GTAIV.exe,1234,0x0,DXGI,0,0,0,Hardware: Legacy Flip,0,68.208387,0.5,16.652,1.0,1.5,16.652
GTAIV.exe,1234,0x0,DXGI,0,0,0,Hardware: Legacy Flip,0,68.225800,0.5,17.413,1.0,1.5,17.413
GTAIV.exe,1234,0x0,DXGI,0,0,0,Hardware: Legacy Flip,0,68.242231,0.5,16.430,1.0,1.5,16.430
GTAIV.exe,1234,0x0,DXGI,0,0,0,Hardware: Legacy Flip,0,68.258687,0.5,16.456,1.0,1.5,16.456
GTAIV.exe,1234,0x0,DXGI,0,0,0,Hardware: Legacy Flip,0,68.275126,0.5,16.439,1.0,1.5,16.439
GTAIV.exe,1234,0x0,DXGI,0,0,0,Hardware: Legacy Flip,0,68.292534,0.5,17.408,1.0,1.5,17.408
GTAIV.exe,1234,0x0,DXGI,0,0,0,Hardware: Legacy Flip,0,68.307923,0.5,15.390,1.0,1.5,15.390
GTAIV.exe,1234,0x0,DXGI,0,0,0,Hardware: Legacy Flip,0,68.325114,0.5,17.190,1.0,1.5,17.190
GTAIV.exe,1234,0x0,DXGI,0,0,0,Hardware: Legacy Flip,0,68.342325,0.5,17.212,1.0,1.5,17.212
GTAIV.exe,1234,0x0,DXGI,0,0,0,Hardware: Legacy Flip,0,68.359674,0.5,17.349,1.0,1.5,17.349
GTAIV.exe,1234,0x0,DXGI,0,0,0,Hardware: Legacy Flip,0,68.377520,0.5,17.846,1.0,1.5,17.846
GTAIV.exe,1234,0x0,DXGI,0,0,0,Hardware: Legacy Flip,0,68.393357,0.5,15.838,1.0,1.5,15.838
GTAIV.exe,1234,0x0,DXGI,0,0,0,Hardware: Legacy Flip,0,68.407097,0.5,13.739,1.0,1.5,13.739
GTAIV.exe,1234,0x0,DXGI,0,0,0,Hardware: Legacy Flip,0,68.421300,0.5,14.203,1.0,1.5,14.203
GTAIV.exe,1234,0x0,DXGI,0,0,0,Hardware: Legacy Flip,0,68.438135,0.5,16.835,1.0,1.5,16.835
GTAIV.exe,1234,0x0,DXGI,0,0,0,Hardware: Legacy Flip,0,68.453702,0.5,15.567,1.0,1.5,15.567
GTAIV.exe,1234,0x0,DXGI,0,0,0,Hardware: Legacy Flip,0,68.471160,0.5,17.458,1.0,1.5,17.458
GTAIV.exe,1234,0x0,DXGI,0,0,0,Hardware: Legacy Flip,0,68.488045,0.5,16.885,1.0,1.5,16.885
GTAIV.exe,1234,0x0,DXGI,0,0,0,Hardware: Legacy Flip,0,68.505170,0.5,17.125,1.0,1.5,17.125
GTAIV.exe,1234,0x0,DXGI,0,0,0,Hardware: Legacy Flip,0,68.521472,0.5,16.302,1.0,1.5,16.302
GTAIV.exe,1234,0x0,DXGI,0,0,0,Hardware: Legacy Flip,0,68.538675,0.5,17.203,1.0,1.5,17.203
GTAIV.exe,1234,0x0,DXGI,0,0,0,Hardware: Legacy Flip,0,68.557714,0.5,19.039,1.0,1.5,19.039
GTAIV.exe,1234,0x0,DXGI,0,0,0,Hardware: Legacy Flip,0,68.574455,0.5,16.742,1.0,1.5,16.742
GTAIV.exe,1234,0x0,DXGI,0,0,0,Hardware: Legacy Flip,0,68.589525,0.5,15.070,1.0,1.5,15.070
GTAIV.exe,1234,0x0,DXGI,0,0,0,Hardware: Legacy Flip,0,68.607507,0.5,17.982,1.0,1.5,17.982
GTAIV.exe,1234,0x0,DXGI,0,0,0,Hardware: Legacy Flip,0,68.624356,0.5,16.849,1.0,1.5,16.849
GTAIV.exe,1234,0x0,DXGI,0,0,0,Hardware: Legacy Flip,0,68.642997,0.5,18.641,1.0,1.5,18.641
GTAIV.exe,1234,0x0,DXGI,0,0,0,Hardware: Legacy Flip,0,68.660338,0.5,17.341,1.0,1.5,17.341
GTAIV.exe,1234,0x0,DXGI,0,0,0,Hardware: Legacy Flip,0,68.678016,0.5,17.678,1.0,1.5,17.678
GTAIV.exe,1234,0x0,DXGI,0,0,0,Hardware: Legacy Flip,0,68.692811,0.5,14.795,1.0,1.5,14.795
GTAIV.exe,1234,0x0,DXGI,0,0,0,Hardware: Legacy Flip,0,68.708865,0.5,16.054,1.0,1.5,16.054
GTAIV.exe,1234,0x0,DXGI,0,0,0,Hardware: Legacy Flip,0,68.725223,0.5,16.359,1.0,1.5,16.359
GTAIV.exe,1234,0x0,DXGI,0,0,0,Hardware: Legacy Flip,0,68.741347,0.5,16.124,1.0,1.5,16.124
GTAIV.exe,1234,0x0,DXGI,0,0,0,Hardware: Legacy Flip,0,68.757735,0.5,16.387,1.0,1.5,16.387
GTAIV.exe,1234,0x0,DXGI,0,0,0,Hardware: Legacy Flip,0,68.774412,0.5,16.678,1.0,1.5,16.678
GTAIV.exe,1234,0x0,DXGI,0,0,0,Hardware: Legacy Flip,0,68.790478,0.5,16.066,1.0,1.5,16.066
GTAIV.exe,1234,0x0,DXGI,0,0,0,Hardware: Legacy Flip,0,68.806224,0.5,15.746,1.0,1.5,15.746
GTAIV.exe,1234,0x0,DXGI,0,0,0,Hardware: Legacy Flip,0,68.821697,0.5,15.473,1.0,1.5,15.473
GTAIV.exe,1234,0x0,DXGI,0,0,0,Hardware: Legacy Flip,0,68.838033,0.5,16.335,1.0,1.5,16.335
GTAIV.exe,1234,0x0,DXGI,0,0,0,Hardware: Legacy Flip,0,68.853962,0.5,15.930,1.0,1.5,15.930
GTAIV.exe,1234,0x0,DXGI,0,0,0,Hardware: Legacy Flip,0,68.868715,0.5,14.752,1.0,1.5,14.752
GTAIV.exe,1234,0x0,DXGI,0,0,0,Hardware: Legacy Flip,0,68.885923,0.5,17.209,1.0,1.5,17.209
GTAIV.exe,1234,0x0,DXGI,0,0,0,Hardware: Legacy Flip,0,68.901787,0.5,15.863,1.0,1.5,15.863
GTAIV.exe,1234,0x0,DXGI,0,0,0,Hardware: Legacy Flip,0,68.918462,0.5,16.675,1.0,1.5,16.675
GTAIV.exe,1234,0x0,DXGI,0,0,0,Hardware: Legacy Flip,0,68.935653,0.5,17.192,1.0,1.5,17.192
GTAIV.exe,1234,0x0,DXGI,0,0,0,Hardware: Legacy Flip,0,68.950054,0.5,14.401,1.0,1.5,14.401
GTAIV.exe,1234,0x0,DXGI,0,0,0,Hardware: Legacy Flip,0,68.966632,0.5,16.578,1.0,1.5,16.578
GTAIV.exe,1234,0x0,DXGI,0,0,0,Hardware: Legacy Flip,0,68.983516,0.5,16.884,1.0,1.5,16.884
GTAIV.exe,1234,0x0,DXGI,0,0,0,Hardware: Legacy Flip,0,69.002290,0.5,18.774,1.0,1.5,18.774
GTAIV.exe,1234,0x0,DXGI,0,0,0,Hardware: Legacy Flip,0,69.019516,0.5,17.226,1.0,1.5,17.226
GTAIV.exe,1234,0x0,DXGI,0,0,0,Hardware: Legacy Flip,0,69.034852,0.5,15.336,1.0,1.5,15.336
GTAIV.exe,1234,0x0,DXGI,0,0,0,Hardware: Legacy Flip,0,69.049852,0.5,15.001,1.0,1.5,15.001
GTAIV.exe,1234,0x0,DXGI,0,0,0,Hardware: Legacy Flip,0,69.065460,0.5,15.608,1.0,1.5,15.608
GTAIV.exe,1234,0x0,DXGI,0,0,0,Hardware: Legacy Flip,0,69.080296,0.5,14.836,1.0,1.5,14.836
GTAIV.exe,1234,0x0,DXGI,0,0,0,Hardware: Legacy Flip,0,69.097138,0.5,16.842,1.0,1.5,16.842
GTAIV.exe,1234,0x0,DXGI,0,0,0,Hardware: Legacy Flip,0,69.114041,0.5,16.903,1.0,1.5,16.903
GTAIV.exe,1234,0x0,DXGI,0,0,0,Hardware: Legacy Flip,0,69.131241,0.5,17.201,1.0,1.5,17.201
GTAIV.exe,1234,0x0,DXGI,0,0,0,Hardware: Legacy Flip,0,69.148866,0.5,17.624,1.0,1.5,17.624
GTAIV.exe,1234,0x0,DXGI,0,0,0,Hardware: Legacy Flip,0,69.165149,0.5,16.283,1.0,1.5,16.283
GTAIV.exe,1234,0x0,DXGI,0,0,0,Hardware: Legacy Flip,0,69.179993,0.5,14.844,1.0,1.5,14.844
GTAIV.exe,1234,0x0,DXGI,0,0,0,Hardware: Legacy Flip,0,69.196266,0.5,16.273,1.0,1.5,16.273
GTAIV.exe,1234,0x0,DXGI,0,0,0,Hardware: Legacy Flip,0,69.213289,0.5,17.023,1.0,1.5,17.023
GTAIV.exe,1234,0x0,DXGI,0,0,0,Hardware: Legacy Flip,0,69.229533,0.5,16.244,1.0,1.5,16.244
GTAIV.exe,1234,0x0,DXGI,0,0,0,Hardware: Legacy Flip,0,69.247312,0.5,17.780,1.0,1.5,17.780
GTAIV.exe,1234,0x0,DXGI,0,0,0,Hardware: Legacy Flip,0,69.262137,0.5,14.825,1.0,1.5,14.825
GTAIV.exe,1234,0x0,DXGI,0,0,0,Hardware: Legacy Flip,0,69.278622,0.5,16.484,1.0,1.5,16.484
GTAIV.exe,1234,0x0,DXGI,0,0,0,Hardware: Legacy Flip,0,69.294460,0.5,15.839,1.0,1.5,15.839
GTAIV.exe,1234,0x0,DXGI,0,0,0,Hardware: Legacy Flip,0,69.311939,0.5,17.479,1.0,1.5,17.479
GTAIV.exe,1234,0x0,DXGI,0,0,0,Hardware: Legacy Flip,0,69.330787,0.5,18.848,1.0,1.5,18.848
GTAIV.exe,1234,0x0,DXGI,0,0,0,Hardware: Legacy Flip,0,69.348447,0.5,17.660,1.0,1.5,17.660
GTAIV.exe,1234,0x0,DXGI,0,0,0,Hardware: Legacy Flip,0,69.365493,0.5,17.046,1.0,1.5,17.046
GTAIV.exe,1234,0x0,DXGI,0,0,0,Hardware: Legacy Flip,0,69.381777,0.5,16.284,1.0,1.5,16.284
GTAIV.exe,1234,0x0,DXGI,0,0,0,Hardware: Legacy Flip,0,69.399409,0.5,17.632,1.0,1.5,17.632
GTAIV.exe,1234,0x0,DXGI,0,0,0,Hardware: Legacy Flip,0,69.416165,0.5,16.756,1.0,1.5,16.756
GTAIV.exe,1234,0x0,DXGI,0,0,0,Hardware: Legacy Flip,0,69.433187,0.5,17.022,1.0,1.5,17.022
GTAIV.exe,1234,0x0,DXGI,0,0,0,Hardware: Legacy Flip,0,69.450914,0.5,17.727,1.0,1.5,17.727
GTAIV.exe,1234,0x0,DXGI,0,0,0,Hardware: Legacy Flip,0,69.467892,0.5,16.977,1.0,1.5,16.977
GTAIV.exe,1234,0x0,DXGI,0,0,0,Hardware: Legacy Flip,0,69.482835,0.5,14.943,1.0,1.5,14.943
GTAIV.exe,1234,0x0,DXGI,0,0,0,Hardware: Legacy Flip,0,69.498727,0.5,15.892,1.0,1.5,15.892
GTAIV.exe,1234,0x0,DXGI,0,0,0,Hardware: Legacy Flip,0,69.516611,0.5,17.885,1.0,1.5,17.885
GTAIV.exe,1234,0x0,DXGI,0,0,0,Hardware: Legacy Flip,0,69.534033,0.5,17.422,1.0,1.5,17.422
GTAIV.exe,1234,0x0,DXGI,0,0,0,Hardware: Legacy Flip,0,69.552089,0.5,18.056,1.0,1.5,18.056
GTAIV.exe,1234,0x0,DXGI,0,0,0,Hardware: Legacy Flip,0,69.569165,0.5,17.076,1.0,1.5,17.076
GTAIV.exe,1234,0x0,DXGI,0,0,0,Hardware: Legacy Flip,0,69.584334,0.5,15.169,1.0,1.5,15.169
GTAIV.exe,1234,0x0,DXGI,0,0,0,Hardware: Legacy Flip,0,69.601822,0.5,17.488,1.0,1.5,17.488
GTAIV.exe,1234,0x0,DXGI,0,0,0,Hardware: Legacy Flip,0,69.618361,0.5,16.538,1.0,1.5,16.538
GTAIV.exe,1234,0x0,DXGI,0,0,0,Hardware: Legacy Flip,0,69.633582,0.5,15.221,1.0,1.5,15.221
GTAIV.exe,1234,0x0,DXGI,0,0,0,Hardware: Legacy Flip,0,69.649457,0.5,15.876,1.0,1.5,15.876
GTAIV.exe,1234,0x0,DXGI,0,0,0,Hardware: Legacy Flip,0,69.666117,0.5,16.660,1.0,1.5,16.660
GTAIV.exe,1234,0x0,DXGI,0,0,0,Hardware: Legacy Flip,0,69.683537,0.5,17.420,1.0,1.5,17.420
GTAIV.exe,1234,0x0,DXGI,0,0,0,Hardware: Legacy Flip,0,69.700428,0.5,16.891,1.0,1.5,16.891
GTAIV.exe,1234,0x0,DXGI,0,0,0,Hardware: Legacy Flip,0,69.715973,0.5,15.546,1.0,1.5,15.546
GTAIV.exe,1234,0x0,DXGI,0,0,0,Hardware: Legacy Flip,0,69.733359,0.5,17.386,1.0,1.5,17.386
GTAIV.exe,1234,0x0,DXGI,0,0,0,Hardware: Legacy Flip,0,69.750350,0.5,16.991,1.0,1.5,16.991
GTAIV.exe,1234,0x0,DXGI,0,0,0,Hardware: Legacy Flip,0,69.767674,0.5,17.323,1.0,1.5,17.323
GTAIV.exe,1234,0x0,DXGI,0,0,0,Hardware: Legacy Flip,0,69.784388,0.5,16.714,1.0,1.5,16.714
GTAIV.exe,1234,0x0,DXGI,0,0,0,Hardware: Legacy Flip,0,69.801369,0.5,16.981,1.0,1.5,16.981
GTAIV.exe,1234,0x0,DXGI,0,0,0,Hardware: Legacy Flip,0,69.816270,0.5,14.902,1.0,1.5,14.902
GTAIV.exe,1234,0x0,DXGI,0,0,0,Hardware: Legacy Flip,0,69.834453,0.5,18.183,1.0,1.5,18.183
GTAIV.exe,1234,0x0,DXGI,0,0,0,Hardware: Legacy Flip,0,69.853057,0.5,18.604,1.0,1.5,18.604
GTAIV.exe,1234,0x0,DXGI,0,0,0,Hardware: Legacy Flip,0,69.869471,0.5,16.413,1.0,1.5,16.413
GTAIV.exe,1234,0x0,DXGI,0,0,0,Hardware: Legacy Flip,0,69.884631,0.5,15.161,1.0,1.5,15.161
GTAIV.exe,1234,0x0,DXGI,0,0,0,Hardware: Legacy Flip,0,69.901159,0.5,16.528,1.0,1.5,16.528
GTAIV.exe,1234,0x0,DXGI,0,0,0,Hardware: Legacy Flip,0,69.919541,0.5,18.382,1.0,1.5,18.382
GTAIV.exe,1234,0x0,DXGI,0,0,0,Hardware: Legacy Flip,0,69.934397,0.5,14.856,1.0,1.5,14.856
GTAIV.exe,1234,0x0,DXGI,0,0,0,Hardware: Legacy Flip,0,69.951018,0.5,16.622,1.0,1.5,16.622
GTAIV.exe,1234,0x0,DXGI,0,0,0,Hardware: Legacy Flip,0,69.967259,0.5,16.241,1.0,1.5,16.241
GTAIV.exe,1234,0x0,DXGI,0,0,0,Hardware: Legacy Flip,0,69.985164,0.5,17.904,1.0,1.5,17.904
GTAIV.exe,1234,0x0,DXGI,0,0,0,Hardware: Legacy Flip,0,70.002765,0.5,17.601,1.0,1.5,17.601
GTAIV.exe,1234,0x0,DXGI,0,0,0,Hardware: Legacy Flip,0,70.021566,0.5,18.801,1.0,1.5,18.801
GTAIV.exe,1234,0x0,DXGI,0,0,0,Hardware: Legacy Flip,0,70.037475,0.5,15.909,1.0,1.5,15.909
GTAIV.exe,1234,0x0,DXGI,0,0,0,Hardware: Legacy Flip,0,70.055200,0.5,17.725,1.0,1.5,17.725
GTAIV.exe,1234,0x0,DXGI,0,0,0,Hardware: Legacy Flip,0,70.071981,0.5,16.781,1.0,1.5,16.781
GTAIV.exe,1234,0x0,DXGI,0,0,0,Hardware: Legacy Flip,0,70.086538,0.5,14.557,1.0,1.5,14.557
GTAIV.exe,1234,0x0,DXGI,0,0,0,Hardware: Legacy Flip,0,70.104618,0.5,18.080,1.0,1.5,18.080
GTAIV.exe,1234,0x0,DXGI,0,0,0,Hardware: Legacy Flip,0,70.120635,0.5,16.017,1.0,1.5,16.017
GTAIV.exe,1234,0x0,DXGI,0,0,0,Hardware: Legacy Flip,0,70.137762,0.5,17.127,1.0,1.5,17.127
GTAIV.exe,1234,0x0,DXGI,0,0,0,Hardware: Legacy Flip,0,70.154131,0.5,16.369,1.0,1.5,16.369
GTAIV.exe,1234,0x0,DXGI,0,0,0,Hardware: Legacy Flip,0,70.174037,0.5,19.906,1.0,1.5,19.906
GTAIV.exe,1234,0x0,DXGI,0,0,0,Hardware: Legacy Flip,0,70.190714,0.5,16.677,1.0,1.5,16.677
GTAIV.exe,1234,0x0,DXGI,0,0,0,Hardware: Legacy Flip,0,70.209310,0.5,18.596,1.0,1.5,18.596
GTAIV.exe,1234,0x0,DXGI,0,0,0,Hardware: Legacy Flip,0,70.227322,0.5,18.012,1.0,1.5,18.012
GTAIV.exe,1234,0x0,DXGI,0,0,0,Hardware: Legacy Flip,0,70.243669,0.5,16.348,1.0,1.5,16.348
GTAIV.exe,1234,0x0,DXGI,0,0,0,Hardware: Legacy Flip,0,70.258332,0.5,14.663,1.0,1.5,14.663
GTAIV.exe,1234,0x0,DXGI,0,0,0,Hardware: Legacy Flip,0,70.274751,0.5,16.420,1.0,1.5,16.420
GTAIV.exe,1234,0x0,DXGI,0,0,0,Hardware: Legacy Flip,0,70.292312,0.5,17.560,1.0,1.5,17.560
GTAIV.exe,1234,0x0,DXGI,0,0,0,Hardware: Legacy Flip,0,70.308842,0.5,16.531,1.0,1.5,16.531
GTAIV.exe,1234,0x0,DXGI,0,0,0,Hardware: Legacy Flip,0,70.323842,0.5,15.000,1.0,1.5,15.000
GTAIV.exe,1234,0x0,DXGI,0,0,0,Hardware: Legacy Flip,0,70.340119,0.5,16.276,1.0,1.5,16.276
GTAIV.exe,1234,0x0,DXGI,0,0,0,Hardware: Legacy Flip,0,70.356793,0.5,16.675,1.0,1.5,16.675
GTAIV.exe,1234,0x0,DXGI,0,0,0,Hardware: Legacy Flip,0,70.373072,0.5,16.279,1.0,1.5,16.279
GTAIV.exe,1234,0x0,DXGI,0,0,0,Hardware: Legacy Flip,0,70.389973,0.5,16.901,1.0,1.5,16.901
GTAIV.exe,1234,0x0,DXGI,0,0,0,Hardware: Legacy Flip,0,70.407442,0.5,17.469,1.0,1.5,17.469
GTAIV.exe,1234,0x0,DXGI,0,0,0,Hardware: Legacy Flip,0,70.423919,0.5,16.476,1.0,1.5,16.476
GTAIV.exe,1234,0x0,DXGI,0,0,0,Hardware: Legacy Flip,0,70.438400,0.5,14.481,1.0,1.5,14.481
GTAIV.exe,1234,0x0,DXGI,0,0,0,Hardware: Legacy Flip,0,70.455484,0.5,17.085,1.0,1.5,17.085
GTAIV.exe,1234,0x0,DXGI,0,0,0,Hardware: Legacy Flip,0,70.472480,0.5,16.995,1.0,1.5,16.995
GTAIV.exe,1234,0x0,DXGI,0,0,0,Hardware: Legacy Flip,0,70.491048,0.5,18.569,1.0,1.5,18.569
GTAIV.exe,1234,0x0,DXGI,0,0,0,Hardware: Legacy Flip,0,70.507130,0.5,16.081,1.0,1.5,16.081
GTAIV.exe,1234,0x0,DXGI,0,0,0,Hardware: Legacy Flip,0,70.525276,0.5,18.147,1.0,1.5,18.147
GTAIV.exe,1234,0x0,DXGI,0,0,0,Hardware: Legacy Flip,0,70.541611,0.5,16.335,1.0,1.5,16.335
GTAIV.exe,1234,0x0,DXGI,0,0,0,Hardware: Legacy Flip,0,70.558522,0.5,16.911,1.0,1.5,16.911
GTAIV.exe,1234,0x0,DXGI,0,0,0,Hardware: Legacy Flip,0,70.573690,0.5,15.167,1.0,1.5,15.167
GTAIV.exe,1234,0x0,DXGI,0,0,0,Hardware: Legacy Flip,0,70.590439,0.5,16.750,1.0,1.5,16.750
GTAIV.exe,1234,0x0,DXGI,0,0,0,Hardware: Legacy Flip,0,70.606365,0.5,15.926,1.0,1.5,15.926
GTAIV.exe,1234,0x0,DXGI,0,0,0,Hardware: Legacy Flip,0,70.622702,0.5,16.337,1.0,1.5,16.337
GTAIV.exe,1234,0x0,DXGI,0,0,0,Hardware: Legacy Flip,0,70.639289,0.5,16.588,1.0,1.5,16.588
GTAIV.exe,1234,0x0,DXGI,0,0,0,Hardware: Legacy Flip,0,70.656605,0.5,17.315,1.0,1.5,17.315
GTAIV.exe,1234,0x0,DXGI,0,0,0,Hardware: Legacy Flip,0,70.673960,0.5,17.355,1.0,1.5,17.355
GTAIV.exe,1234,0x0,DXGI,0,0,0,Hardware: Legacy Flip,0,70.690475,0.5,16.515,1.0,1.5,16.515
GTAIV.exe,1234,0x0,DXGI,0,0,0,Hardware: Legacy Flip,0,70.706367,0.5,15.892,1.0,1.5,15.892
GTAIV.exe,1234,0x0,DXGI,0,0,0,Hardware: Legacy Flip,0,70.722305,0.5,15.937,1.0,1.5,15.937
GTAIV.exe,1234,0x0,DXGI,0,0,0,Hardware: Legacy Flip,0,70.738516,0.5,16.212,1.0,1.5,16.212
GTAIV.exe,1234,0x0,DXGI,0,0,0,Hardware: Legacy Flip,0,70.754778,0.5,16.262,1.0,1.5,16.262
GTAIV.exe,1234,0x0,DXGI,0,0,0,Hardware: Legacy Flip,0,70.773714,0.5,18.935,1.0,1.5,18.935
GTAIV.exe,1234,0x0,DXGI,0,0,0,Hardware: Legacy Flip,0,70.791842,0.5,18.128,1.0,1.5,18.128
GTAIV.exe,1234,0x0,DXGI,0,0,0,Hardware: Legacy Flip,0,70.806640,0.5,14.798,1.0,1.5,14.798
GTAIV.exe,1234,0x0,DXGI,0,0,0,Hardware: Legacy Flip,0,70.822835,0.5,16.195,1.0,1.5,16.195
GTAIV.exe,1234,0x0,DXGI,0,0,0,Hardware: Legacy Flip,0,70.838932,0.5,16.098,1.0,1.5,16.098
GTAIV.exe,1234,0x0,DXGI,0,0,0,Hardware: Legacy Flip,0,70.855755,0.5,16.823,1.0,1.5,16.823
GTAIV.exe,1234,0x0,DXGI,0,0,0,Hardware: Legacy Flip,0,70.872375,0.5,16.619,1.0,1.5,16.619
GTAIV.exe,1234,0x0,DXGI,0,0,0,Hardware: Legacy Flip,0,70.889894,0.5,17.519,1.0,1.5,17.519
GTAIV.exe,1234,0x0,DXGI,0,0,0,Hardware: Legacy Flip,0,70.908212,0.5,18.319,1.0,1.5,18.319
GTAIV.exe,1234,0x0,DXGI,0,0,0,Hardware: Legacy Flip,0,70.925336,0.5,17.124,1.0,1.5,17.124
GTAIV.exe,1234,0x0,DXGI,0,0,0,Hardware: Legacy Flip,0,70.941872,0.5,16.535,1.0,1.5,16.535
GTAIV.exe,1234,0x0,DXGI,0,0,0,Hardware: Legacy Flip,0,70.957204,0.5,15.333,1.0,1.5,15.333
GTAIV.exe,1234,0x0,DXGI,0,0,0,Hardware: Legacy Flip,0,70.972443,0.5,15.239,1.0,1.5,15.239
GTAIV.exe,1234,0x0,DXGI,0,0,0,Hardware: Legacy Flip,0,70.991253,0.5,18.810,1.0,1.5,18.810
GTAIV.exe,1234,0x0,DXGI,0,0,0,Hardware: Legacy Flip,0,71.008930,0.5,17.677,1.0,1.5,17.677
GTAIV.exe,1234,0x0,DXGI,0,0,0,Hardware: Legacy Flip,0,71.025726,0.5,16.796,1.0,1.5,16.796
GTAIV.exe,1234,0x0,DXGI,0,0,0,Hardware: Legacy Flip,0,71.042002,0.5,16.276,1.0,1.5,16.276
GTAIV.exe,1234,0x0,DXGI,0,0,0,Hardware: Legacy Flip,0,71.058823,0.5,16.821,1.0,1.5,16.821
GTAIV.exe,1234,0x0,DXGI,0,0,0,Hardware: Legacy Flip,0,71.075757,0.5,16.934,1.0,1.5,16.934
GTAIV.exe,1234,0x0,DXGI,0,0,0,Hardware: Legacy Flip,0,71.092168,0.5,16.411,1.0,1.5,16.411
GTAIV.exe,1234,0x0,DXGI,0,0,0,Hardware: Legacy Flip,0,71.109589,0.5,17.421,1.0,1.5,17.421
GTAIV.exe,1234,0x0,DXGI,0,0,0,Hardware: Legacy Flip,0,71.125486,0.5,15.898,1.0,1.5,15.898
GTAIV.exe,1234,0x0,DXGI,0,0,0,Hardware: Legacy Flip,0,71.145297,0.5,19.810,1.0,1.5,19.810
GTAIV.exe,1234,0x0,DXGI,0,0,0,Hardware: Legacy Flip,0,71.161285,0.5,15.988,1.0,1.5,15.988
GTAIV.exe,1234,0x0,DXGI,0,0,0,Hardware: Legacy Flip,0,71.178436,0.5,17.152,1.0,1.5,17.152
GTAIV.exe,1234,0x0,DXGI,0,0,0,Hardware: Legacy Flip,0,71.196874,0.5,18.437,1.0,1.5,18.437
GTAIV.exe,1234,0x0,DXGI,0,0,0,Hardware: Legacy Flip,0,71.213323,0.5,16.449,1.0,1.5,16.449
GTAIV.exe,1234,0x0,DXGI,0,0,0,Hardware: Legacy Flip,0,71.231242,0.5,17.919,1.0,1.5,17.919
GTAIV.exe,1234,0x0,DXGI,0,0,0,Hardware: Legacy Flip,0,71.248393,0.5,17.151,1.0,1.5,17.151
GTAIV.exe,1234,0x0,DXGI,0,0,0,Hardware: Legacy Flip,0,71.266277,0.5,17.884,1.0,1.5,17.884
GTAIV.exe,1234,0x0,DXGI,0,0,0,Hardware: Legacy Flip,0,71.284672,0.5,18.395,1.0,1.5,18.395
GTAIV.exe,1234,0x0,DXGI,0,0,0,Hardware: Legacy Flip,0,71.300913,0.5,16.241,1.0,1.5,16.241
GTAIV.exe,1234,0x0,DXGI,0,0,0,Hardware: Legacy Flip,0,71.318477,0.5,17.564,1.0,1.5,17.564
GTAIV.exe,1234,0x0,DXGI,0,0,0,Hardware: Legacy Flip,0,71.335659,0.5,17.182,1.0,1.5,17.182
GTAIV.exe,1234,0x0,DXGI,0,0,0,Hardware: Legacy Flip,0,71.352231,0.5,16.572,1.0,1.5,16.572
GTAIV.exe,1234,0x0,DXGI,0,0,0,Hardware: Legacy Flip,0,71.369455,0.5,17.225,1.0,1.5,17.225
GTAIV.exe,1234,0x0,DXGI,0,0,0,Hardware: Legacy Flip,0,71.385502,0.5,16.046,1.0,1.5,16.046
GTAIV.exe,1234,0x0,DXGI,0,0,0,Hardware: Legacy Flip,0,71.401802,0.5,16.301,1.0,1.5,16.301
GTAIV.exe,1234,0x0,DXGI,0,0,0,Hardware: Legacy Flip,0,71.420022,0.5,18.219,1.0,1.5,18.219
GTAIV.exe,1234,0x0,DXGI,0,0,0,Hardware: Legacy Flip,0,71.439101,0.5,19.079,1.0,1.5,19.079
GTAIV.exe,1234,0x0,DXGI,0,0,0,Hardware: Legacy Flip,0,71.454791,0.5,15.691,1.0,1.5,15.691
GTAIV.exe,1234,0x0,DXGI,0,0,0,Hardware: Legacy Flip,0,71.471117,0.5,16.326,1.0,1.5,16.326
GTAIV.exe,1234,0x0,DXGI,0,0,0,Hardware: Legacy Flip,0,71.486628,0.5,15.511,1.0,1.5,15.511
GTAIV.exe,1234,0x0,DXGI,0,0,0,Hardware: Legacy Flip,0,71.503841,0.5,17.213,1.0,1.5,17.213
GTAIV.exe,1234,0x0,DXGI,0,0,0,Hardware: Legacy Flip,0,71.519986,0.5,16.145,1.0,1.5,16.145
GTAIV.exe,1234,0x0,DXGI,0,0,0,Hardware: Legacy Flip,0,71.536499,0.5,16.512,1.0,1.5,16.512
GTAIV.exe,1234,0x0,DXGI,0,0,0,Hardware: Legacy Flip,0,71.552605,0.5,16.106,1.0,1.5,16.106
GTAIV.exe,1234,0x0,DXGI,0,0,0,Hardware: Legacy Flip,0,71.566861,0.5,14.256,1.0,1.5,14.256
GTAIV.exe,1234,0x0,DXGI,0,0,0,Hardware: Legacy Flip,0,71.582861,0.5,16.000,1.0,1.5,16.000
GTAIV.exe,1234,0x0,DXGI,0,0,0,Hardware: Legacy Flip,0,71.598593,0.5,15.732,1.0,1.5,15.732
GTAIV.exe,1234,0x0,DXGI,0,0,0,Hardware: Legacy Flip,0,71.615770,0.5,17.177,1.0,1.5,17.177
GTAIV.exe,1234,0x0,DXGI,0,0,0,Hardware: Legacy Flip,0,71.632494,0.5,16.724,1.0,1.5,16.724
GTAIV.exe,1234,0x0,DXGI,0,0,0,Hardware: Legacy Flip,0,71.648175,0.5,15.681,1.0,1.5,15.681
GTAIV.exe,1234,0x0,DXGI,0,0,0,Hardware: Legacy Flip,0,71.663844,0.5,15.669,1.0,1.5,15.669
GTAIV.exe,1234,0x0,DXGI,0,0,0,Hardware: Legacy Flip,0,71.678450,0.5,14.607,1.0,1.5,14.607
GTAIV.exe,1234,0x0,DXGI,0,0,0,Hardware: Legacy Flip,0,71.694721,0.5,16.271,1.0,1.5,16.271
GTAIV.exe,1234,0x0,DXGI,0,0,0,Hardware: Legacy Flip,0,71.712015,0.5,17.293,1.0,1.5,17.293
GTAIV.exe,1234,0x0,DXGI,0,0,0,Hardware: Legacy Flip,0,71.728734,0.5,16.719,1.0,1.5,16.719
GTAIV.exe,1234,0x0,DXGI,0,0,0,Hardware: Legacy Flip,0,71.745352,0.5,16.618,1.0,1.5,16.618
GTAIV.exe,1234,0x0,DXGI,0,0,0,Hardware: Legacy Flip,0,71.761519,0.5,16.166,1.0,1.5,16.166
GTAIV.exe,1234,0x0,DXGI,0,0,0,Hardware: Legacy Flip,0,71.777769,0.5,16.251,1.0,1.5,16.251
GTAIV.exe,1234,0x0,DXGI,0,0,0,Hardware: Legacy Flip,0,71.791779,0.5,14.009,1.0,1.5,14.009
GTAIV.exe,1234,0x0,DXGI,0,0,0,Hardware: Legacy Flip,0,71.808957,0.5,17.179,1.0,1.5,17.179
GTAIV.exe,1234,0x0,DXGI,0,0,0,Hardware: Legacy Flip,0,71.825073,0.5,16.116,1.0,1.5,16.116
GTAIV.exe,1234,0x0,DXGI,0,0,0,Hardware: Legacy Flip,0,71.842716,0.5,17.643,1.0,1.5,17.643
GTAIV.exe,1234,0x0,DXGI,0,0,0,Hardware: Legacy Flip,0,71.859268,0.5,16.552,1.0,1.5,16.552
GTAIV.exe,1234,0x0,DXGI,0,0,0,Hardware: Legacy Flip,0,71.875079,0.5,15.810,1.0,1.5,15.810
GTAIV.exe,1234,0x0,DXGI,0,0,0,Hardware: Legacy Flip,0,71.890453,0.5,15.374,1.0,1.5,15.374
GTAIV.exe,1234,0x0,DXGI,0,0,0,Hardware: Legacy Flip,0,71.906714,0.5,16.262,1.0,1.5,16.262
GTAIV.exe,1234,0x0,DXGI,0,0,0,Hardware: Legacy Flip,0,71.926066,0.5,19.351,1.0,1.5,19.351
GTAIV.exe,1234,0x0,DXGI,0,0,0,Hardware: Legacy Flip,0,71.942786,0.5,16.720,1.0,1.5,16.720
GTAIV.exe,1234,0x0,DXGI,0,0,0,Hardware: Legacy Flip,0,71.959371,0.5,16.585,1.0,1.5,16.585
GTAIV.exe,1234,0x0,DXGI,0,0,0,Hardware: Legacy Flip,0,71.977038,0.5,17.667,1.0,1.5,17.667
GTAIV.exe,1234,0x0,DXGI,0,0,0,Hardware: Legacy Flip,0,71.992207,0.5,15.170,1.0,1.5,15.170
GTAIV.exe,1234,0x0,DXGI,0,0,0,Hardware: Legacy Flip,0,72.010132,0.5,17.925,1.0,1.5,17.925
GTAIV.exe,1234,0x0,DXGI,0,0,0,Hardware: Legacy Flip,0,72.027311,0.5,17.178,1.0,1.5,17.178
GTAIV.exe,1234,0x0,DXGI,0,0,0,Hardware: Legacy Flip,0,72.043485,0.5,16.174,1.0,1.5,16.174
GTAIV.exe,1234,0x0,DXGI,0,0,0,Hardware: Legacy Flip,0,72.062870,0.5,19.385,1.0,1.5,19.385
GTAIV.exe,1234,0x0,DXGI,0,0,0,Hardware: Legacy Flip,0,72.077129,0.5,14.259,1.0,1.5,14.259
GTAIV.exe,1234,0x0,DXGI,0,0,0,Hardware: Legacy Flip,0,72.095138,0.5,18.009,1.0,1.5,18.009
GTAIV.exe,1234,0x0,DXGI,0,0,0,Hardware: Legacy Flip,0,72.111925,0.5,16.787,1.0,1.5,16.787
GTAIV.exe,1234,0x0,DXGI,0,0,0,Hardware: Legacy Flip,0,72.127701,0.5,15.776,1.0,1.5,15.776
GTAIV.exe,1234,0x0,DXGI,0,0,0,Hardware: Legacy Flip,0,72.145397,0.5,17.696,1.0,1.5,17.696
GTAIV.exe,1234,0x0,DXGI,0,0,0,Hardware: Legacy Flip,0,72.161406,0.5,16.009,1.0,1.5,16.009
GTAIV.exe,1234,0x0,DXGI,0,0,0,Hardware: Legacy Flip,0,72.176442,0.5,15.037,1.0,1.5,15.037
GTAIV.exe,1234,0x0,DXGI,0,0,0,Hardware: Legacy Flip,0,72.194456,0.5,18.013,1.0,1.5,18.013
GTAIV.exe,1234,0x0,DXGI,0,0,0,Hardware: Legacy Flip,0,72.212872,0.5,18.416,1.0,1.5,18.416
GTAIV.exe,1234,0x0,DXGI,0,0,0,Hardware: Legacy Flip,0,72.230527,0.5,17.655,1.0,1.5,17.655
GTAIV.exe,1234,0x0,DXGI,0,0,0,Hardware: Legacy Flip,0,72.247311,0.5,16.785,1.0,1.5,16.785
GTAIV.exe,1234,0x0,DXGI,0,0,0,Hardware: Legacy Flip,0,72.265961,0.5,18.650,1.0,1.5,18.650
GTAIV.exe,1234,0x0,DXGI,0,0,0,Hardware: Legacy Flip,0,72.284994,0.5,19.033,1.0,1.5,19.033
GTAIV.exe,1234,0x0,DXGI,0,0,0,Hardware: Legacy Flip,0,72.300315,0.5,15.321,1.0,1.5,15.321
GTAIV.exe,1234,0x0,DXGI,0,0,0,Hardware: Legacy Flip,0,72.315845,0.5,15.531,1.0,1.5,15.531
GTAIV.exe,1234,0x0,DXGI,0,0,0,Hardware: Legacy Flip,0,72.331783,0.5,15.937,1.0,1.5,15.937
GTAIV.exe,1234,0x0,DXGI,0,0,0,Hardware: Legacy Flip,0,72.348351,0.5,16.569,1.0,1.5,16.569
GTAIV.exe,1234,0x0,DXGI,0,0,0,Hardware: Legacy Flip,0,72.365463,0.5,17.111,1.0,1.5,17.111
GTAIV.exe,1234,0x0,DXGI,0,0,0,Hardware: Legacy Flip,0,72.382512,0.5,17.049,1.0,1.5,17.049
GTAIV.exe,1234,0x0,DXGI,0,0,0,Hardware: Legacy Flip,0,72.401439,0.5,18.927,1.0,1.5,18.927
GTAIV.exe,1234,0x0,DXGI,0,0,0,Hardware: Legacy Flip,0,72.418440,0.5,17.001,1.0,1.5,17.001
GTAIV.exe,1234,0x0,DXGI,0,0,0,Hardware: Legacy Flip,0,72.434229,0.5,15.788,1.0,1.5,15.788
GTAIV.exe,1234,0x0,DXGI,0,0,0,Hardware: Legacy Flip,0,72.449827,0.5,15.599,1.0,1.5,15.599
GTAIV.exe,1234,0x0,DXGI,0,0,0,Hardware: Legacy Flip,0,72.468147,0.5,18.320,1.0,1.5,18.320
GTAIV.exe,1234,0x0,DXGI,0,0,0,Hardware: Legacy Flip,0,72.486051,0.5,17.903,1.0,1.5,17.903
GTAIV.exe,1234,0x0,DXGI,0,0,0,Hardware: Legacy Flip,0,72.503369,0.5,17.318,1.0,1.5,17.318
GTAIV.exe,1234,0x0,DXGI,0,0,0,Hardware: Legacy Flip,0,72.520046,0.5,16.677,1.0,1.5,16.677
GTAIV.exe,1234,0x0,DXGI,0,0,0,Hardware: Legacy Flip,0,72.537955,0.5,17.909,1.0,1.5,17.909
GTAIV.exe,1234,0x0,DXGI,0,0,0,Hardware: Legacy Flip,0,72.553650,0.5,15.695,1.0,1.5,15.695
GTAIV.exe,1234,0x0,DXGI,0,0,0,Hardware: Legacy Flip,0,72.569724,0.5,16.074,1.0,1.5,16.074
GTAIV.exe,1234,0x0,DXGI,0,0,0,Hardware: Legacy Flip,0,72.586444,0.5,16.720,1.0,1.5,16.720
GTAIV.exe,1234,0x0,DXGI,0,0,0,Hardware: Legacy Flip,0,72.604686,0.5,18.242,1.0,1.5,18.242
GTAIV.exe,1234,0x0,DXGI,0,0,0,Hardware: Legacy Flip,0,72.621937,0.5,17.251,1.0,1.5,17.251
GTAIV.exe,1234,0x0,DXGI,0,0,0,Hardware: Legacy Flip,0,72.639098,0.5,17.161,1.0,1.5,17.161
GTAIV.exe,1234,0x0,DXGI,0,0,0,Hardware: Legacy Flip,0,72.657586,0.5,18.488,1.0,1.5,18.488
GTAIV.exe,1234,0x0,DXGI,0,0,0,Hardware: Legacy Flip,0,72.675175,0.5,17.589,1.0,1.5,17.589
GTAIV.exe,1234,0x0,DXGI,0,0,0,Hardware: Legacy Flip,0,72.691870,0.5,16.695,1.0,1.5,16.695
GTAIV.exe,1234,0x0,DXGI,0,0,0,Hardware: Legacy Flip,0,72.709451,0.5,17.581,1.0,1.5,17.581
GTAIV.exe,1234,0x0,DXGI,0,0,0,Hardware: Legacy Flip,0,72.727220,0.5,17.769,1.0,1.5,17.769
GTAIV.exe,1234,0x0,DXGI,0,0,0,Hardware: Legacy Flip,0,72.744645,0.5,17.425,1.0,1.5,17.425
GTAIV.exe,1234,0x0,DXGI,0,0,0,Hardware: Legacy Flip,0,72.760409,0.5,15.763,1.0,1.5,15.763
GTAIV.exe,1234,0x0,DXGI,0,0,0,Hardware: Legacy Flip,0,72.776544,0.5,16.135,1.0,1.5,16.135
GTAIV.exe,1234,0x0,DXGI,0,0,0,Hardware: Legacy Flip,0,72.794206,0.5,17.663,1.0,1.5,17.663
GTAIV.exe,1234,0x0,DXGI,0,0,0,Hardware: Legacy Flip,0,72.811080,0.5,16.874,1.0,1.5,16.874
GTAIV.exe,1234,0x0,DXGI,0,0,0,Hardware: Legacy Flip,0,72.828189,0.5,17.108,1.0,1.5,17.108
GTAIV.exe,1234,0x0,DXGI,0,0,0,Hardware: Legacy Flip,0,72.846639,0.5,18.450,1.0,1.5,18.450
GTAIV.exe,1234,0x0,DXGI,0,0,0,Hardware: Legacy Flip,0,72.862306,0.5,15.667,1.0,1.5,15.667
GTAIV.exe,1234,0x0,DXGI,0,0,0,Hardware: Legacy Flip,0,72.878359,0.5,16.053,1.0,1.5,16.053
GTAIV.exe,1234,0x0,DXGI,0,0,0,Hardware: Legacy Flip,0,72.895046,0.5,16.687,1.0,1.5,16.687
GTAIV.exe,1234,0x0,DXGI,0,0,0,Hardware: Legacy Flip,0,72.913688,0.5,18.642,1.0,1.5,18.642
GTAIV.exe,1234,0x0,DXGI,0,0,0,Hardware: Legacy Flip,0,72.929873,0.5,16.185,1.0,1.5,16.185
GTAIV.exe,1234,0x0,DXGI,0,0,0,Hardware: Legacy Flip,0,72.945611,0.5,15.738,1.0,1.5,15.738
GTAIV.exe,1234,0x0,DXGI,0,0,0,Hardware: Legacy Flip,0,72.963846,0.5,18.235,1.0,1.5,18.235
GTAIV.exe,1234,0x0,DXGI,0,0,0,Hardware: Legacy Flip,0,72.982420,0.5,18.574,1.0,1.5,18.574
GTAIV.exe,1234,0x0,DXGI,0,0,0,Hardware: Legacy Flip,0,73.001253,0.5,18.833,1.0,1.5,18.833
GTAIV.exe,1234,0x0,DXGI,0,0,0,Hardware: Legacy Flip,0,73.018989,0.5,17.736,1.0,1.5,17.736
GTAIV.exe,1234,0x0,DXGI,0,0,0,Hardware: Legacy Flip,0,73.034360,0.5,15.371,1.0,1.5,15.371
GTAIV.exe,1234,0x0,DXGI,0,0,0,Hardware: Legacy Flip,0,73.050438,0.5,16.078,1.0,1.5,16.078
GTAIV.exe,1234,0x0,DXGI,0,0,0,Hardware: Legacy Flip,0,73.068021,0.5,17.583,1.0,1.5,17.583
GTAIV.exe,1234,0x0,DXGI,0,0,0,Hardware: Legacy Flip,0,73.082457,0.5,14.436,1.0,1.5,14.436
GTAIV.exe,1234,0x0,DXGI,0,0,0,Hardware: Legacy Flip,0,73.098547,0.5,16.090,1.0,1.5,16.090
GTAIV.exe,1234,0x0,DXGI,0,0,0,Hardware: Legacy Flip,0,73.115288,0.5,16.741,1.0,1.5,16.741
GTAIV.exe,1234,0x0,DXGI,0,0,0,Hardware: Legacy Flip,0,73.131467,0.5,16.178,1.0,1.5,16.178
GTAIV.exe,1234,0x0,DXGI,0,0,0,Hardware: Legacy Flip,0,73.149048,0.5,17.582,1.0,1.5,17.582
GTAIV.exe,1234,0x0,DXGI,0,0,0,Hardware: Legacy Flip,0,73.165921,0.5,16.873,1.0,1.5,16.873
GTAIV.exe,1234,0x0,DXGI,0,0,0,Hardware: Legacy Flip,0,73.183194,0.5,17.273,1.0,1.5,17.273
GTAIV.exe,1234,0x0,DXGI,0,0,0,Hardware: Legacy Flip,0,73.202564,0.5,19.369,1.0,1.5,19.369
GTAIV.exe,1234,0x0,DXGI,0,0,0,Hardware: Legacy Flip,0,73.219997,0.5,17.433,1.0,1.5,17.433
GTAIV.exe,1234,0x0,DXGI,0,0,0,Hardware: Legacy Flip,0,73.235985,0.5,15.988,1.0,1.5,15.988
GTAIV.exe,1234,0x0,DXGI,0,0,0,Hardware: Legacy Flip,0,73.252680,0.5,16.695,1.0,1.5,16.695
GTAIV.exe,1234,0x0,DXGI,0,0,0,Hardware: Legacy Flip,0,73.269287,0.5,16.607,1.0,1.5,16.607
GTAIV.exe,1234,0x0,DXGI,0,0,0,Hardware: Legacy Flip,0,73.287052,0.5,17.765,1.0,1.5,17.765
GTAIV.exe,1234,0x0,DXGI,0,0,0,Hardware: Legacy Flip,0,73.304285,0.5,17.233,1.0,1.5,17.233
GTAIV.exe,1234,0x0,DXGI,0,0,0,Hardware: Legacy Flip,0,73.318390,0.5,14.105,1.0,1.5,14.105
GTAIV.exe,1234,0x0,DXGI,0,0,0,Hardware: Legacy Flip,0,73.334643,0.5,16.253,1.0,1.5,16.253
GTAIV.exe,1234,0x0,DXGI,0,0,0,Hardware: Legacy Flip,0,73.351820,0.5,17.177,1.0,1.5,17.177
GTAIV.exe,1234,0x0,DXGI,0,0,0,Hardware: Legacy Flip,0,73.367760,0.5,15.940,1.0,1.5,15.940
GTAIV.exe,1234,0x0,DXGI,0,0,0,Hardware: Legacy Flip,0,73.385091,0.5,17.331,1.0,1.5,17.331
GTAIV.exe,1234,0x0,DXGI,0,0,0,Hardware: Legacy Flip,0,73.400364,0.5,15.272,1.0,1.5,15.272
GTAIV.exe,1234,0x0,DXGI,0,0,0,Hardware: Legacy Flip,0,73.416928,0.5,16.565,1.0,1.5,16.565
GTAIV.exe,1234,0x0,DXGI,0,0,0,Hardware: Legacy Flip,0,73.434277,0.5,17.349,1.0,1.5,17.349
GTAIV.exe,1234,0x0,DXGI,0,0,0,Hardware: Legacy Flip,0,73.450641,0.5,16.364,1.0,1.5,16.364
GTAIV.exe,1234,0x0,DXGI,0,0,0,Hardware: Legacy Flip,0,73.469093,0.5,18.452,1.0,1.5,18.452
GTAIV.exe,1234,0x0,DXGI,0,0,0,Hardware: Legacy Flip,0,73.486362,0.5,17.268,1.0,1.5,17.268
GTAIV.exe,1234,0x0,DXGI,0,0,0,Hardware: Legacy Flip,0,73.500562,0.5,14.200,1.0,1.5,14.200
GTAIV.exe,1234,0x0,DXGI,0,0,0,Hardware: Legacy Flip,0,73.516333,0.5,15.771,1.0,1.5,15.771
GTAIV.exe,1234,0x0,DXGI,0,0,0,Hardware: Legacy Flip,0,73.532046,0.5,15.713,1.0,1.5,15.713
GTAIV.exe,1234,0x0,DXGI,0,0,0,Hardware: Legacy Flip,0,73.548636,0.5,16.590,1.0,1.5,16.590
GTAIV.exe,1234,0x0,DXGI,0,0,0,Hardware: Legacy Flip,0,73.564852,0.5,16.215,1.0,1.5,16.215
GTAIV.exe,1234,0x0,DXGI,0,0,0,Hardware: Legacy Flip,0,73.581092,0.5,16.240,1.0,1.5,16.240
GTAIV.exe,1234,0x0,DXGI,0,0,0,Hardware: Legacy Flip,0,73.598471,0.5,17.379,1.0,1.5,17.379
GTAIV.exe,1234,0x0,DXGI,0,0,0,Hardware: Legacy Flip,0,73.614561,0.5,16.090,1.0,1.5,16.090
GTAIV.exe,1234,0x0,DXGI,0,0,0,Hardware: Legacy Flip,0,73.631922,0.5,17.360,1.0,1.5,17.360
GTAIV.exe,1234,0x0,DXGI,0,0,0,Hardware: Legacy Flip,0,73.647675,0.5,15.753,1.0,1.5,15.753
GTAIV.exe,1234,0x0,DXGI,0,0,0,Hardware: Legacy Flip,0,73.664021,0.5,16.347,1.0,1.5,16.347
GTAIV.exe,1234,0x0,DXGI,0,0,0,Hardware: Legacy Flip,0,73.679909,0.5,15.888,1.0,1.5,15.888
GTAIV.exe,1234,0x0,DXGI,0,0,0,Hardware: Legacy Flip,0,73.696473,0.5,16.563,1.0,1.5,16.563
GTAIV.exe,1234,0x0,DXGI,0,0,0,Hardware: Legacy Flip,0,73.713584,0.5,17.111,1.0,1.5,17.111
GTAIV.exe,1234,0x0,DXGI,0,0,0,Hardware: Legacy Flip,0,73.729349,0.5,15.765,1.0,1.5,15.765
GTAIV.exe,1234,0x0,DXGI,0,0,0,Hardware: Legacy Flip,0,73.743763,0.5,14.414,1.0,1.5,14.414
GTAIV.exe,1234,0x0,DXGI,0,0,0,Hardware: Legacy Flip,0,73.760843,0.5,17.079,1.0,1.5,17.079
GTAIV.exe,1234,0x0,DXGI,0,0,0,Hardware: Legacy Flip,0,73.778353,0.5,17.510,1.0,1.5,17.510
GTAIV.exe,1234,0x0,DXGI,0,0,0,Hardware: Legacy Flip,0,73.796415,0.5,18.062,1.0,1.5,18.062
GTAIV.exe,1234,0x0,DXGI,0,0,0,Hardware: Legacy Flip,0,73.811638,0.5,15.223,1.0,1.5,15.223
GTAIV.exe,1234,0x0,DXGI,0,0,0,Hardware: Legacy Flip,0,73.827960,0.5,16.322,1.0,1.5,16.322
GTAIV.exe,1234,0x0,DXGI,0,0,0,Hardware: Legacy Flip,0,73.845368,0.5,17.408,1.0,1.5,17.408
GTAIV.exe,1234,0x0,DXGI,0,0,0,Hardware: Legacy Flip,0,73.863027,0.5,17.658,1.0,1.5,17.658
GTAIV.exe,1234,0x0,DXGI,0,0,0,Hardware: Legacy Flip,0,73.882132,0.5,19.105,1.0,1.5,19.105
GTAIV.exe,1234,0x0,DXGI,0,0,0,Hardware: Legacy Flip,0,73.898172,0.5,16.040,1.0,1.5,16.040
GTAIV.exe,1234,0x0,DXGI,0,0,0,Hardware: Legacy Flip,0,73.913881,0.5,15.709,1.0,1.5,15.709
GTAIV.exe,1234,0x0,DXGI,0,0,0,Hardware: Legacy Flip,0,73.930207,0.5,16.326,1.0,1.5,16.326
GTAIV.exe,1234,0x0,DXGI,0,0,0,Hardware: Legacy Flip,0,73.945408,0.5,15.201,1.0,1.5,15.201
GTAIV.exe,1234,0x0,DXGI,0,0,0,Hardware: Legacy Flip,0,73.962424,0.5,17.016,1.0,1.5,17.016
GTAIV.exe,1234,0x0,DXGI,0,0,0,Hardware: Legacy Flip,0,73.979379,0.5,16.955,1.0,1.5,16.955
GTAIV.exe,1234,0x0,DXGI,0,0,0,Hardware: Legacy Flip,0,73.994887,0.5,15.508,1.0,1.5,15.508
GTAIV.exe,1234,0x0,DXGI,0,0,0,Hardware: Legacy Flip,0,74.011936,0.5,17.048,1.0,1.5,17.048
GTAIV.exe,1234,0x0,DXGI,0,0,0,Hardware: Legacy Flip,0,74.026538,0.5,14.602,1.0,1.5,14.602
GTAIV.exe,1234,0x0,DXGI,0,0,0,Hardware: Legacy Flip,0,74.043723,0.5,17.185,1.0,1.5,17.185
GTAIV.exe,1234,0x0,DXGI,0,0,0,Hardware: Legacy Flip,0,74.061182,0.5,17.459,1.0,1.5,17.459
GTAIV.exe,1234,0x0,DXGI,0,0,0,Hardware: Legacy Flip,0,74.078252,0.5,17.070,1.0,1.5,17.070
GTAIV.exe,1234,0x0,DXGI,0,0,0,Hardware: Legacy Flip,0,74.096329,0.5,18.077,1.0,1.5,18.077
GTAIV.exe,1234,0x0,DXGI,0,0,0,Hardware: Legacy Flip,0,74.111304,0.5,14.975,1.0,1.5,14.975
GTAIV.exe,1234,0x0,DXGI,0,0,0,Hardware: Legacy Flip,0,74.126667,0.5,15.363,1.0,1.5,15.363
GTAIV.exe,1234,0x0,DXGI,0,0,0,Hardware: Legacy Flip,0,74.143391,0.5,16.724,1.0,1.5,16.724
GTAIV.exe,1234,0x0,DXGI,0,0,0,Hardware: Legacy Flip,0,74.159924,0.5,16.533,1.0,1.5,16.533
GTAIV.exe,1234,0x0,DXGI,0,0,0,Hardware: Legacy Flip,0,74.176928,0.5,17.004,1.0,1.5,17.004
GTAIV.exe,1234,0x0,DXGI,0,0,0,Hardware: Legacy Flip,0,74.192546,0.5,15.618,1.0,1.5,15.618
GTAIV.exe,1234,0x0,DXGI,0,0,0,Hardware: Legacy Flip,0,74.209302,0.5,16.756,1.0,1.5,16.756
GTAIV.exe,1234,0x0,DXGI,0,0,0,Hardware: Legacy Flip,0,74.226787,0.5,17.485,1.0,1.5,17.485
GTAIV.exe,1234,0x0,DXGI,0,0,0,Hardware: Legacy Flip,0,74.243005,0.5,16.218,1.0,1.5,16.218
GTAIV.exe,1234,0x0,DXGI,0,0,0,Hardware: Legacy Flip,0,74.258860,0.5,15.855,1.0,1.5,15.855
GTAIV.exe,1234,0x0,DXGI,0,0,0,Hardware: Legacy Flip,0,74.274168,0.5,15.308,1.0,1.5,15.308
GTAIV.exe,1234,0x0,DXGI,0,0,0,Hardware: Legacy Flip,0,74.290895,0.5,16.727,1.0,1.5,16.727
GTAIV.exe,1234,0x0,DXGI,0,0,0,Hardware: Legacy Flip,0,74.306536,0.5,15.641,1.0,1.5,15.641
GTAIV.exe,1234,0x0,DXGI,0,0,0,Hardware: Legacy Flip,0,74.323152,0.5,16.616,1.0,1.5,16.616
GTAIV.exe,1234,0x0,DXGI,0,0,0,Hardware: Legacy Flip,0,74.338018,0.5,14.866,1.0,1.5,14.866
GTAIV.exe,1234,0x0,DXGI,0,0,0,Hardware: Legacy Flip,0,74.354586,0.5,16.568,1.0,1.5,16.568
GTAIV.exe,1234,0x0,DXGI,0,0,0,Hardware: Legacy Flip,0,74.371395,0.5,16.809,1.0,1.5,16.809
GTAIV.exe,1234,0x0,DXGI,0,0,0,Hardware: Legacy Flip,0,74.386662,0.5,15.267,1.0,1.5,15.267
GTAIV.exe,1234,0x0,DXGI,0,0,0,Hardware: Legacy Flip,0,74.403743,0.5,17.082,1.0,1.5,17.082
GTAIV.exe,1234,0x0,DXGI,0,0,0,Hardware: Legacy Flip,0,74.419382,0.5,15.639,1.0,1.5,15.639
GTAIV.exe,1234,0x0,DXGI,0,0,0,Hardware: Legacy Flip,0,74.436065,0.5,16.683,1.0,1.5,16.683
GTAIV.exe,1234,0x0,DXGI,0,0,0,Hardware: Legacy Flip,0,74.452601,0.5,16.535,1.0,1.5,16.535
GTAIV.exe,1234,0x0,DXGI,0,0,0,Hardware: Legacy Flip,0,74.470140,0.5,17.539,1.0,1.5,17.539
GTAIV.exe,1234,0x0,DXGI,0,0,0,Hardware: Legacy Flip,0,74.488477,0.5,18.337,1.0,1.5,18.337
GTAIV.exe,1234,0x0,DXGI,0,0,0,Hardware: Legacy Flip,0,74.503801,0.5,15.324,1.0,1.5,15.324
GTAIV.exe,1234,0x0,DXGI,0,0,0,Hardware: Legacy Flip,0,74.519127,0.5,15.326,1.0,1.5,15.326
GTAIV.exe,1234,0x0,DXGI,0,0,0,Hardware: Legacy Flip,0,74.536701,0.5,17.573,1.0,1.5,17.573
GTAIV.exe,1234,0x0,DXGI,0,0,0,Hardware: Legacy Flip,0,74.551355,0.5,14.654,1.0,1.5,14.654
GTAIV.exe,1234,0x0,DXGI,0,0,0,Hardware: Legacy Flip,0,74.568302,0.5,16.947,1.0,1.5,16.947
GTAIV.exe,1234,0x0,DXGI,0,0,0,Hardware: Legacy Flip,0,74.587260,0.5,18.958,1.0,1.5,18.958
GTAIV.exe,1234,0x0,DXGI,0,0,0,Hardware: Legacy Flip,0,74.602785,0.5,15.525,1.0,1.5,15.525
GTAIV.exe,1234,0x0,DXGI,0,0,0,Hardware: Legacy Flip,0,74.622066,0.5,19.281,1.0,1.5,19.281
GTAIV.exe,1234,0x0,DXGI,0,0,0,Hardware: Legacy Flip,0,74.637361,0.5,15.295,1.0,1.5,15.295
GTAIV.exe,1234,0x0,DXGI,0,0,0,Hardware: Legacy Flip,0,74.652595,0.5,15.234,1.0,1.5,15.234
GTAIV.exe,1234,0x0,DXGI,0,0,0,Hardware: Legacy Flip,0,74.669188,0.5,16.593,1.0,1.5,16.593
GTAIV.exe,1234,0x0,DXGI,0,0,0,Hardware: Legacy Flip,0,74.685910,0.5,16.723,1.0,1.5,16.723
GTAIV.exe,1234,0x0,DXGI,0,0,0,Hardware: Legacy Flip,0,74.702375,0.5,16.465,1.0,1.5,16.465
GTAIV.exe,1234,0x0,DXGI,0,0,0,Hardware: Legacy Flip,0,74.720502,0.5,18.127,1.0,1.5,18.127
GTAIV.exe,1234,0x0,DXGI,0,0,0,Hardware: Legacy Flip,0,74.736765,0.5,16.262,1.0,1.5,16.262
GTAIV.exe,1234,0x0,DXGI,0,0,0,Hardware: Legacy Flip,0,74.753577,0.5,16.812,1.0,1.5,16.812
GTAIV.exe,1234,0x0,DXGI,0,0,0,Hardware: Legacy Flip,0,74.769916,0.5,16.339,1.0,1.5,16.339
GTAIV.exe,1234,0x0,DXGI,0,0,0,Hardware: Legacy Flip,0,74.787552,0.5,17.636,1.0,1.5,17.636
GTAIV.exe,1234,0x0,DXGI,0,0,0,Hardware: Legacy Flip,0,74.804469,0.5,16.916,1.0,1.5,16.916
GTAIV.exe,1234,0x0,DXGI,0,0,0,Hardware: Legacy Flip,0,74.821701,0.5,17.233,1.0,1.5,17.233
GTAIV.exe,1234,0x0,DXGI,0,0,0,Hardware: Legacy Flip,0,74.837300,0.5,15.599,1.0,1.5,15.599
GTAIV.exe,1234,0x0,DXGI,0,0,0,Hardware: Legacy Flip,0,74.853778,0.5,16.478,1.0,1.5,16.478
GTAIV.exe,1234,0x0,DXGI,0,0,0,Hardware: Legacy Flip,0,74.869181,0.5,15.402,1.0,1.5,15.402
GTAIV.exe,1234,0x0,DXGI,0,0,0,Hardware: Legacy Flip,0,74.884250,0.5,15.069,1.0,1.5,15.069
GTAIV.exe,1234,0x0,DXGI,0,0,0,Hardware: Legacy Flip,0,74.901447,0.5,17.197,1.0,1.5,17.197
GTAIV.exe,1234,0x0,DXGI,0,0,0,Hardware: Legacy Flip,0,74.918042,0.5,16.595,1.0,1.5,16.595
GTAIV.exe,1234,0x0,DXGI,0,0,0,Hardware: Legacy Flip,0,74.933824,0.5,15.783,1.0,1.5,15.783
GTAIV.exe,1234,0x0,DXGI,0,0,0,Hardware: Legacy Flip,0,74.950074,0.5,16.250,1.0,1.5,16.250
GTAIV.exe,1234,0x0,DXGI,0,0,0,Hardware: Legacy Flip,0,74.966647,0.5,16.572,1.0,1.5,16.572
GTAIV.exe,1234,0x0,DXGI,0,0,0,Hardware: Legacy Flip,0,74.984390,0.5,17.743,1.0,1.5,17.743
GTAIV.exe,1234,0x0,DXGI,0,0,0,Hardware: Legacy Flip,0,75.000314,0.5,15.924,1.0,1.5,15.924
GTAIV.exe,1234,0x0,DXGI,0,0,0,Hardware: Legacy Flip,0,75.017793,0.5,17.479,1.0,1.5,17.479
GTAIV.exe,1234,0x0,DXGI,0,0,0,Hardware: Legacy Flip,0,75.034488,0.5,16.695,1.0,1.5,16.695
GTAIV.exe,1234,0x0,DXGI,0,0,0,Hardware: Legacy Flip,0,75.049630,0.5,15.142,1.0,1.5,15.142
GTAIV.exe,1234,0x0,DXGI,0,0,0,Hardware: Legacy Flip,0,75.064226,0.5,14.596,1.0,1.5,14.596
GTAIV.exe,1234,0x0,DXGI,0,0,0,Hardware: Legacy Flip,0,75.080054,0.5,15.828,1.0,1.5,15.828
GTAIV.exe,1234,0x0,DXGI,0,0,0,Hardware: Legacy Flip,0,75.096409,0.5,16.355,1.0,1.5,16.355
GTAIV.exe,1234,0x0,DXGI,0,0,0,Hardware: Legacy Flip,0,75.113679,0.5,17.270,1.0,1.5,17.270
GTAIV.exe,1234,0x0,DXGI,0,0,0,Hardware: Legacy Flip,0,75.131944,0.5,18.265,1.0,1.5,18.265
GTAIV.exe,1234,0x0,DXGI,0,0,0,Hardware: Legacy Flip,0,75.147209,0.5,15.265,1.0,1.5,15.265
GTAIV.exe,1234,0x0,DXGI,0,0,0,Hardware: Legacy Flip,0,75.165549,0.5,18.340,1.0,1.5,18.340
GTAIV.exe,1234,0x0,DXGI,0,0,0,Hardware: Legacy Flip,0,75.180825,0.5,15.276,1.0,1.5,15.276
GTAIV.exe,1234,0x0,DXGI,0,0,0,Hardware: Legacy Flip,0,75.196021,0.5,15.196,1.0,1.5,15.196
GTAIV.exe,1234,0x0,DXGI,0,0,0,Hardware: Legacy Flip,0,75.212564,0.5,16.543,1.0,1.5,16.543
GTAIV.exe,1234,0x0,DXGI,0,0,0,Hardware: Legacy Flip,0,75.228710,0.5,16.146,1.0,1.5,16.146
GTAIV.exe,1234,0x0,DXGI,0,0,0,Hardware: Legacy Flip,0,75.245775,0.5,17.065,1.0,1.5,17.065
GTAIV.exe,1234,0x0,DXGI,0,0,0,Hardware: Legacy Flip,0,75.264424,0.5,18.649,1.0,1.5,18.649
GTAIV.exe,1234,0x0,DXGI,0,0,0,Hardware: Legacy Flip,0,75.280935,0.5,16.511,1.0,1.5,16.511
GTAIV.exe,1234,0x0,DXGI,0,0,0,Hardware: Legacy Flip,0,75.296258,0.5,15.323,1.0,1.5,15.323
GTAIV.exe,1234,0x0,DXGI,0,0,0,Hardware: Legacy Flip,0,75.312862,0.5,16.604,1.0,1.5,16.604
GTAIV.exe,1234,0x0,DXGI,0,0,0,Hardware: Legacy Flip,0,75.326950,0.5,14.088,1.0,1.5,14.088
GTAIV.exe,1234,0x0,DXGI,0,0,0,Hardware: Legacy Flip,0,75.343655,0.5,16.705,1.0,1.5,16.705
GTAIV.exe,1234,0x0,DXGI,0,0,0,Hardware: Legacy Flip,0,75.359225,0.5,15.569,1.0,1.5,15.569
GTAIV.exe,1234,0x0,DXGI,0,0,0,Hardware: Legacy Flip,0,75.375928,0.5,16.703,1.0,1.5,16.703
GTAIV.exe,1234,0x0,DXGI,0,0,0,Hardware: Legacy Flip,0,75.392306,0.5,16.378,1.0,1.5,16.378
GTAIV.exe,1234,0x0,DXGI,0,0,0,Hardware: Legacy Flip,0,75.407823,0.5,15.518,1.0,1.5,15.518
GTAIV.exe,1234,0x0,DXGI,0,0,0,Hardware: Legacy Flip,0,75.425030,0.5,17.207,1.0,1.5,17.207
GTAIV.exe,1234,0x0,DXGI,0,0,0,Hardware: Legacy Flip,0,75.441601,0.5,16.571,1.0,1.5,16.571
GTAIV.exe,1234,0x0,DXGI,0,0,0,Hardware: Legacy Flip,0,75.460121,0.5,18.521,1.0,1.5,18.521
GTAIV.exe,1234,0x0,DXGI,0,0,0,Hardware: Legacy Flip,0,75.476124,0.5,16.002,1.0,1.5,16.002
GTAIV.exe,1234,0x0,DXGI,0,0,0,Hardware: Legacy Flip,0,75.492290,0.5,16.166,1.0,1.5,16.166
GTAIV.exe,1234,0x0,DXGI,0,0,0,Hardware: Legacy Flip,0,75.507953,0.5,15.663,1.0,1.5,15.663
GTAIV.exe,1234,0x0,DXGI,0,0,0,Hardware: Legacy Flip,0,75.523859,0.5,15.906,1.0,1.5,15.906
GTAIV.exe,1234,0x0,DXGI,0,0,0,Hardware: Legacy Flip,0,75.539902,0.5,16.043,1.0,1.5,16.043
GTAIV.exe,1234,0x0,DXGI,0,0,0,Hardware: Legacy Flip,0,75.556624,0.5,16.722,1.0,1.5,16.722
GTAIV.exe,1234,0x0,DXGI,0,0,0,Hardware: Legacy Flip,0,75.571955,0.5,15.331,1.0,1.5,15.331
GTAIV.exe,1234,0x0,DXGI,0,0,0,Hardware: Legacy Flip,0,75.587416,0.5,15.461,1.0,1.5,15.461
GTAIV.exe,1234,0x0,DXGI,0,0,0,Hardware: Legacy Flip,0,75.603629,0.5,16.212,1.0,1.5,16.212
GTAIV.exe,1234,0x0,DXGI,0,0,0,Hardware: Legacy Flip,0,75.621282,0.5,17.653,1.0,1.5,17.653
GTAIV.exe,1234,0x0,DXGI,0,0,0,Hardware: Legacy Flip,0,75.639362,0.5,18.080,1.0,1.5,18.080
GTAIV.exe,1234,0x0,DXGI,0,0,0,Hardware: Legacy Flip,0,75.656101,0.5,16.740,1.0,1.5,16.740
GTAIV.exe,1234,0x0,DXGI,0,0,0,Hardware: Legacy Flip,0,75.675656,0.5,19.554,1.0,1.5,19.554
GTAIV.exe,1234,0x0,DXGI,0,0,0,Hardware: Legacy Flip,0,75.693054,0.5,17.398,1.0,1.5,17.398
GTAIV.exe,1234,0x0,DXGI,0,0,0,Hardware: Legacy Flip,0,75.707372,0.5,14.318,1.0,1.5,14.318
GTAIV.exe,1234,0x0,DXGI,0,0,0,Hardware: Legacy Flip,0,75.723807,0.5,16.435,1.0,1.5,16.435
GTAIV.exe,1234,0x0,DXGI,0,0,0,Hardware: Legacy Flip,0,75.740392,0.5,16.585,1.0,1.5,16.585
GTAIV.exe,1234,0x0,DXGI,0,0,0,Hardware: Legacy Flip,0,75.758111,0.5,17.719,1.0,1.5,17.719
GTAIV.exe,1234,0x0,DXGI,0,0,0,Hardware: Legacy Flip,0,75.775922,0.5,17.811,1.0,1.5,17.811
GTAIV.exe,1234,0x0,DXGI,0,0,0,Hardware: Legacy Flip,0,75.791575,0.5,15.653,1.0,1.5,15.653
GTAIV.exe,1234,0x0,DXGI,0,0,0,Hardware: Legacy Flip,0,75.806536,0.5,14.961,1.0,1.5,14.961
GTAIV.exe,1234,0x0,DXGI,0,0,0,Hardware: Legacy Flip,0,75.822384,0.5,15.848,1.0,1.5,15.848
GTAIV.exe,1234,0x0,DXGI,0,0,0,Hardware: Legacy Flip,0,75.838559,0.5,16.175,1.0,1.5,16.175
GTAIV.exe,1234,0x0,DXGI,0,0,0,Hardware: Legacy Flip,0,75.856808,0.5,18.249,1.0,1.5,18.249
GTAIV.exe,1234,0x0,DXGI,0,0,0,Hardware: Legacy Flip,0,75.871996,0.5,15.188,1.0,1.5,15.188
GTAIV.exe,1234,0x0,DXGI,0,0,0,Hardware: Legacy Flip,0,75.889580,0.5,17.583,1.0,1.5,17.583
GTAIV.exe,1234,0x0,DXGI,0,0,0,Hardware: Legacy Flip,0,75.905093,0.5,15.514,1.0,1.5,15.514
GTAIV.exe,1234,0x0,DXGI,0,0,0,Hardware: Legacy Flip,0,75.921766,0.5,16.672,1.0,1.5,16.672
GTAIV.exe,1234,0x0,DXGI,0,0,0,Hardware: Legacy Flip,0,75.938917,0.5,17.151,1.0,1.5,17.151
GTAIV.exe,1234,0x0,DXGI,0,0,0,Hardware: Legacy Flip,0,75.953949,0.5,15.032,1.0,1.5,15.032
GTAIV.exe,1234,0x0,DXGI,0,0,0,Hardware: Legacy Flip,0,75.970646,0.5,16.697,1.0,1.5,16.697
GTAIV.exe,1234,0x0,DXGI,0,0,0,Hardware: Legacy Flip,0,75.987064,0.5,16.418,1.0,1.5,16.418
GTAIV.exe,1234,0x0,DXGI,0,0,0,Hardware: Legacy Flip,0,76.003733,0.5,16.669,1.0,1.5,16.669
GTAIV.exe,1234,0x0,DXGI,0,0,0,Hardware: Legacy Flip,0,76.020017,0.5,16.284,1.0,1.5,16.284
GTAIV.exe,1234,0x0,DXGI,0,0,0,Hardware: Legacy Flip,0,76.036005,0.5,15.988,1.0,1.5,15.988
GTAIV.exe,1234,0x0,DXGI,0,0,0,Hardware: Legacy Flip,0,76.053452,0.5,17.447,1.0,1.5,17.447
GTAIV.exe,1234,0x0,DXGI,0,0,0,Hardware: Legacy Flip,0,76.069635,0.5,16.183,1.0,1.5,16.183
GTAIV.exe,1234,0x0,DXGI,0,0,0,Hardware: Legacy Flip,0,76.086545,0.5,16.910,1.0,1.5,16.910
GTAIV.exe,1234,0x0,DXGI,0,0,0,Hardware: Legacy Flip,0,76.102546,0.5,16.001,1.0,1.5,16.001
GTAIV.exe,1234,0x0,DXGI,0,0,0,Hardware: Legacy Flip,0,76.120529,0.5,17.983,1.0,1.5,17.983
GTAIV.exe,1234,0x0,DXGI,0,0,0,Hardware: Legacy Flip,0,76.135736,0.5,15.207,1.0,1.5,15.207
GTAIV.exe,1234,0x0,DXGI,0,0,0,Hardware: Legacy Flip,0,76.152254,0.5,16.518,1.0,1.5,16.518
GTAIV.exe,1234,0x0,DXGI,0,0,0,Hardware: Legacy Flip,0,76.168911,0.5,16.658,1.0,1.5,16.658
GTAIV.exe,1234,0x0,DXGI,0,0,0,Hardware: Legacy Flip,0,76.187407,0.5,18.496,1.0,1.5,18.496
GTAIV.exe,1234,0x0,DXGI,0,0,0,Hardware: Legacy Flip,0,76.203600,0.5,16.193,1.0,1.5,16.193
GTAIV.exe,1234,0x0,DXGI,0,0,0,Hardware: Legacy Flip,0,76.219371,0.5,15.772,1.0,1.5,15.772
GTAIV.exe,1234,0x0,DXGI,0,0,0,Hardware: Legacy Flip,0,76.236389,0.5,17.017,1.0,1.5,17.017
GTAIV.exe,1234,0x0,DXGI,0,0,0,Hardware: Legacy Flip,0,76.250084,0.5,13.695,1.0,1.5,13.695
GTAIV.exe,1234,0x0,DXGI,0,0,0,Hardware: Legacy Flip,0,76.265574,0.5,15.490,1.0,1.5,15.490
GTAIV.exe,1234,0x0,DXGI,0,0,0,Hardware: Legacy Flip,0,76.282114,0.5,16.540,1.0,1.5,16.540
GTAIV.exe,1234,0x0,DXGI,0,0,0,Hardware: Legacy Flip,0,76.298159,0.5,16.045,1.0,1.5,16.045
GTAIV.exe,1234,0x0,DXGI,0,0,0,Hardware: Legacy Flip,0,76.313412,0.5,15.253,1.0,1.5,15.253
GTAIV.exe,1234,0x0,DXGI,0,0,0,Hardware: Legacy Flip,0,76.329795,0.5,16.383,1.0,1.5,16.383
GTAIV.exe,1234,0x0,DXGI,0,0,0,Hardware: Legacy Flip,0,76.346107,0.5,16.313,1.0,1.5,16.313
GTAIV.exe,1234,0x0,DXGI,0,0,0,Hardware: Legacy Flip,0,76.362268,0.5,16.161,1.0,1.5,16.161
GTAIV.exe,1234,0x0,DXGI,0,0,0,Hardware: Legacy Flip,0,76.379007,0.5,16.739,1.0,1.5,16.739
GTAIV.exe,1234,0x0,DXGI,0,0,0,Hardware: Legacy Flip,0,76.395210,0.5,16.204,1.0,1.5,16.204
GTAIV.exe,1234,0x0,DXGI,0,0,0,Hardware: Legacy Flip,0,76.410701,0.5,15.490,1.0,1.5,15.490
GTAIV.exe,1234,0x0,DXGI,0,0,0,Hardware: Legacy Flip,0,76.426952,0.5,16.252,1.0,1.5,16.252
GTAIV.exe,1234,0x0,DXGI,0,0,0,Hardware: Legacy Flip,0,76.443771,0.5,16.819,1.0,1.5,16.819
GTAIV.exe,1234,0x0,DXGI,0,0,0,Hardware: Legacy Flip,0,76.460262,0.5,16.491,1.0,1.5,16.491
GTAIV.exe,1234,0x0,DXGI,0,0,0,Hardware: Legacy Flip,0,76.477620,0.5,17.358,1.0,1.5,17.358
GTAIV.exe,1234,0x0,DXGI,0,0,0,Hardware: Legacy Flip,0,76.495439,0.5,17.819,1.0,1.5,17.819
GTAIV.exe,1234,0x0,DXGI,0,0,0,Hardware: Legacy Flip,0,76.513828,0.5,18.388,1.0,1.5,18.388
GTAIV.exe,1234,0x0,DXGI,0,0,0,Hardware: Legacy Flip,0,76.532040,0.5,18.213,1.0,1.5,18.213
GTAIV.exe,1234,0x0,DXGI,0,0,0,Hardware: Legacy Flip,0,76.547251,0.5,15.211,1.0,1.5,15.211
GTAIV.exe,1234,0x0,DXGI,0,0,0,Hardware: Legacy Flip,0,76.565200,0.5,17.948,1.0,1.5,17.948
GTAIV.exe,1234,0x0,DXGI,0,0,0,Hardware: Legacy Flip,0,76.582181,0.5,16.982,1.0,1.5,16.982
GTAIV.exe,1234,0x0,DXGI,0,0,0,Hardware: Legacy Flip,0,76.599438,0.5,17.257,1.0,1.5,17.257
GTAIV.exe,1234,0x0,DXGI,0,0,0,Hardware: Legacy Flip,0,76.616526,0.5,17.088,1.0,1.5,17.088
GTAIV.exe,1234,0x0,DXGI,0,0,0,Hardware: Legacy Flip,0,76.632516,0.5,15.989,1.0,1.5,15.989
GTAIV.exe,1234,0x0,DXGI,0,0,0,Hardware: Legacy Flip,0,76.650478,0.5,17.962,1.0,1.5,17.962
GTAIV.exe,1234,0x0,DXGI,0,0,0,Hardware: Legacy Flip,0,76.667630,0.5,17.153,1.0,1.5,17.153
GTAIV.exe,1234,0x0,DXGI,0,0,0,Hardware: Legacy Flip,0,76.683040,0.5,15.410,1.0,1.5,15.410
GTAIV.exe,1234,0x0,DXGI,0,0,0,Hardware: Legacy Flip,0,76.699636,0.5,16.596,1.0,1.5,16.596
GTAIV.exe,1234,0x0,DXGI,0,0,0,Hardware: Legacy Flip,0,76.717550,0.5,17.915,1.0,1.5,17.915
GTAIV.exe,1234,0x0,DXGI,0,0,0,Hardware: Legacy Flip,0,76.734523,0.5,16.972,1.0,1.5,16.972
GTAIV.exe,1234,0x0,DXGI,0,0,0,Hardware: Legacy Flip,0,76.752223,0.5,17.700,1.0,1.5,17.700
GTAIV.exe,1234,0x0,DXGI,0,0,0,Hardware: Legacy Flip,0,76.770448,0.5,18.225,1.0,1.5,18.225
GTAIV.exe,1234,0x0,DXGI,0,0,0,Hardware: Legacy Flip,0,76.788796,0.5,18.348,1.0,1.5,18.348
GTAIV.exe,1234,0x0,DXGI,0,0,0,Hardware: Legacy Flip,0,76.805349,0.5,16.553,1.0,1.5,16.553
GTAIV.exe,1234,0x0,DXGI,0,0,0,Hardware: Legacy Flip,0,76.823252,0.5,17.904,1.0,1.5,17.904
GTAIV.exe,1234,0x0,DXGI,0,0,0,Hardware: Legacy Flip,0,76.840384,0.5,17.132,1.0,1.5,17.132
GTAIV.exe,1234,0x0,DXGI,0,0,0,Hardware: Legacy Flip,0,76.854812,0.5,14.427,1.0,1.5,14.427
GTAIV.exe,1234,0x0,DXGI,0,0,0,Hardware: Legacy Flip,0,76.870452,0.5,15.640,1.0,1.5,15.640
GTAIV.exe,1234,0x0,DXGI,0,0,0,Hardware: Legacy Flip,0,76.888607,0.5,18.155,1.0,1.5,18.155
GTAIV.exe,1234,0x0,DXGI,0,0,0,Hardware: Legacy Flip,0,76.905779,0.5,17.173,1.0,1.5,17.173
GTAIV.exe,1234,0x0,DXGI,0,0,0,Hardware: Legacy Flip,0,76.924969,0.5,19.190,1.0,1.5,19.190
GTAIV.exe,1234,0x0,DXGI,0,0,0,Hardware: Legacy Flip,0,76.941091,0.5,16.121,1.0,1.5,16.121
GTAIV.exe,1234,0x0,DXGI,0,0,0,Hardware: Legacy Flip,0,76.956570,0.5,15.480,1.0,1.5,15.480
GTAIV.exe,1234,0x0,DXGI,0,0,0,Hardware: Legacy Flip,0,76.971567,0.5,14.997,1.0,1.5,14.997
GTAIV.exe,1234,0x0,DXGI,0,0,0,Hardware: Legacy Flip,0,76.987633,0.5,16.065,1.0,1.5,16.065
GTAIV.exe,1234,0x0,DXGI,0,0,0,Hardware: Legacy Flip,0,77.004634,0.5,17.001,1.0,1.5,17.001
GTAIV.exe,1234,0x0,DXGI,0,0,0,Hardware: Legacy Flip,0,77.022649,0.5,18.016,1.0,1.5,18.016
GTAIV.exe,1234,0x0,DXGI,0,0,0,Hardware: Legacy Flip,0,77.038842,0.5,16.193,1.0,1.5,16.193
GTAIV.exe,1234,0x0,DXGI,0,0,0,Hardware: Legacy Flip,0,77.055002,0.5,16.160,1.0,1.5,16.160
GTAIV.exe,1234,0x0,DXGI,0,0,0,Hardware: Legacy Flip,0,77.072451,0.5,17.449,1.0,1.5,17.449
GTAIV.exe,1234,0x0,DXGI,0,0,0,Hardware: Legacy Flip,0,77.088935,0.5,16.485,1.0,1.5,16.485
GTAIV.exe,1234,0x0,DXGI,0,0,0,Hardware: Legacy Flip,0,77.105963,0.5,17.028,1.0,1.5,17.028
GTAIV.exe,1234,0x0,DXGI,0,0,0,Hardware: Legacy Flip,0,77.123159,0.5,17.195,1.0,1.5,17.195
GTAIV.exe,1234,0x0,DXGI,0,0,0,Hardware: Legacy Flip,0,77.138566,0.5,15.407,1.0,1.5,15.407
GTAIV.exe,1234,0x0,DXGI,0,0,0,Hardware: Legacy Flip,0,77.156781,0.5,18.215,1.0,1.5,18.215
GTAIV.exe,1234,0x0,DXGI,0,0,0,Hardware: Legacy Flip,0,77.174821,0.5,18.040,1.0,1.5,18.040
GTAIV.exe,1234,0x0,DXGI,0,0,0,Hardware: Legacy Flip,0,77.190846,0.5,16.025,1.0,1.5,16.025
GTAIV.exe,1234,0x0,DXGI,0,0,0,Hardware: Legacy Flip,0,77.207895,0.5,17.048,1.0,1.5,17.048
GTAIV.exe,1234,0x0,DXGI,0,0,0,Hardware: Legacy Flip,0,77.224360,0.5,16.466,1.0,1.5,16.466
GTAIV.exe,1234,0x0,DXGI,0,0,0,Hardware: Legacy Flip,0,77.240341,0.5,15.981,1.0,1.5,15.981
GTAIV.exe,1234,0x0,DXGI,0,0,0,Hardware: Legacy Flip,0,77.257283,0.5,16.942,1.0,1.5,16.942
GTAIV.exe,1234,0x0,DXGI,0,0,0,Hardware: Legacy Flip,0,77.275508,0.5,18.224,1.0,1.5,18.224
GTAIV.exe,1234,0x0,DXGI,0,0,0,Hardware: Legacy Flip,0,77.291739,0.5,16.231,1.0,1.5,16.231
GTAIV.exe,1234,0x0,DXGI,0,0,0,Hardware: Legacy Flip,0,77.307886,0.5,16.147,1.0,1.5,16.147
GTAIV.exe,1234,0x0,DXGI,0,0,0,Hardware: Legacy Flip,0,77.324300,0.5,16.414,1.0,1.5,16.414
GTAIV.exe,1234,0x0,DXGI,0,0,0,Hardware: Legacy Flip,0,77.339099,0.5,14.799,1.0,1.5,14.799
GTAIV.exe,1234,0x0,DXGI,0,0,0,Hardware: Legacy Flip,0,77.356123,0.5,17.024,1.0,1.5,17.024
GTAIV.exe,1234,0x0,DXGI,0,0,0,Hardware: Legacy Flip,0,77.371492,0.5,15.369,1.0,1.5,15.369
GTAIV.exe,1234,0x0,DXGI,0,0,0,Hardware: Legacy Flip,0,77.387803,0.5,16.311,1.0,1.5,16.311
GTAIV.exe,1234,0x0,DXGI,0,0,0,Hardware: Legacy Flip,0,77.405571,0.5,17.767,1.0,1.5,17.767
GTAIV.exe,1234,0x0,DXGI,0,0,0,Hardware: Legacy Flip,0,77.422502,0.5,16.931,1.0,1.5,16.931
GTAIV.exe,1234,0x0,DXGI,0,0,0,Hardware: Legacy Flip,0,77.439671,0.5,17.170,1.0,1.5,17.170
GTAIV.exe,1234,0x0,DXGI,0,0,0,Hardware: Legacy Flip,0,77.457493,0.5,17.822,1.0,1.5,17.822
GTAIV.exe,1234,0x0,DXGI,0,0,0,Hardware: Legacy Flip,0,77.473744,0.5,16.251,1.0,1.5,16.251
GTAIV.exe,1234,0x0,DXGI,0,0,0,Hardware: Legacy Flip,0,77.492032,0.5,18.288,1.0,1.5,18.288
GTAIV.exe,1234,0x0,DXGI,0,0,0,Hardware: Legacy Flip,0,77.509696,0.5,17.664,1.0,1.5,17.664
GTAIV.exe,1234,0x0,DXGI,0,0,0,Hardware: Legacy Flip,0,77.526221,0.5,16.525,1.0,1.5,16.525
GTAIV.exe,1234,0x0,DXGI,0,0,0,Hardware: Legacy Flip,0,77.545395,0.5,19.174,1.0,1.5,19.174
GTAIV.exe,1234,0x0,DXGI,0,0,0,Hardware: Legacy Flip,0,77.561185,0.5,15.790,1.0,1.5,15.790
GTAIV.exe,1234,0x0,DXGI,0,0,0,Hardware: Legacy Flip,0,77.576899,0.5,15.714,1.0,1.5,15.714
GTAIV.exe,1234,0x0,DXGI,0,0,0,Hardware: Legacy Flip,0,77.592773,0.5,15.874,1.0,1.5,15.874
GTAIV.exe,1234,0x0,DXGI,0,0,0,Hardware: Legacy Flip,0,77.610826,0.5,18.053,1.0,1.5,18.053
GTAIV.exe,1234,0x0,DXGI,0,0,0,Hardware: Legacy Flip,0,77.625856,0.5,15.030,1.0,1.5,15.030
GTAIV.exe,1234,0x0,DXGI,0,0,0,Hardware: Legacy Flip,0,77.642369,0.5,16.513,1.0,1.5,16.513
GTAIV.exe,1234,0x0,DXGI,0,0,0,Hardware: Legacy Flip,0,77.656325,0.5,13.956,1.0,1.5,13.956
GTAIV.exe,1234,0x0,DXGI,0,0,0,Hardware: Legacy Flip,0,77.672064,0.5,15.739,1.0,1.5,15.739
GTAIV.exe,1234,0x0,DXGI,0,0,0,Hardware: Legacy Flip,0,77.689545,0.5,17.480,1.0,1.5,17.480
GTAIV.exe,1234,0x0,DXGI,0,0,0,Hardware: Legacy Flip,0,77.709130,0.5,19.585,1.0,1.5,19.585
GTAIV.exe,1234,0x0,DXGI,0,0,0,Hardware: Legacy Flip,0,77.725993,0.5,16.863,1.0,1.5,16.863
GTAIV.exe,1234,0x0,DXGI,0,0,0,Hardware: Legacy Flip,0,77.740985,0.5,14.991,1.0,1.5,14.991
GTAIV.exe,1234,0x0,DXGI,0,0,0,Hardware: Legacy Flip,0,77.757107,0.5,16.123,1.0,1.5,16.123
GTAIV.exe,1234,0x0,DXGI,0,0,0,Hardware: Legacy Flip,0,77.773783,0.5,16.676,1.0,1.5,16.676
GTAIV.exe,1234,0x0,DXGI,0,0,0,Hardware: Legacy Flip,0,77.792622,0.5,18.839,1.0,1.5,18.839
GTAIV.exe,1234,0x0,DXGI,0,0,0,Hardware: Legacy Flip,0,77.810204,0.5,17.582,1.0,1.5,17.582
GTAIV.exe,1234,0x0,DXGI,0,0,0,Hardware: Legacy Flip,0,77.826571,0.5,16.367,1.0,1.5,16.367
GTAIV.exe,1234,0x0,DXGI,0,0,0,Hardware: Legacy Flip,0,77.842847,0.5,16.276,1.0,1.5,16.276
GTAIV.exe,1234,0x0,DXGI,0,0,0,Hardware: Legacy Flip,0,77.860836,0.5,17.989,1.0,1.5,17.989
GTAIV.exe,1234,0x0,DXGI,0,0,0,Hardware: Legacy Flip,0,77.878208,0.5,17.372,1.0,1.5,17.372
GTAIV.exe,1234,0x0,DXGI,0,0,0,Hardware: Legacy Flip,0,77.895004,0.5,16.796,1.0,1.5,16.796
GTAIV.exe,1234,0x0,DXGI,0,0,0,Hardware: Legacy Flip,0,77.914532,0.5,19.528,1.0,1.5,19.528
GTAIV.exe,1234,0x0,DXGI,0,0,0,Hardware: Legacy Flip,0,77.931529,0.5,16.997,1.0,1.5,16.997
GTAIV.exe,1234,0x0,DXGI,0,0,0,Hardware: Legacy Flip,0,77.949543,0.5,18.014,1.0,1.5,18.014
GTAIV.exe,1234,0x0,DXGI,0,0,0,Hardware: Legacy Flip,0,77.966384,0.5,16.841,1.0,1.5,16.841
GTAIV.exe,1234,0x0,DXGI,0,0,0,Hardware: Legacy Flip,0,77.982495,0.5,16.111,1.0,1.5,16.111
GTAIV.exe,1234,0x0,DXGI,0,0,0,Hardware: Legacy Flip,0,78.001838,0.5,19.343,1.0,1.5,19.343
GTAIV.exe,1234,0x0,DXGI,0,0,0,Hardware: Legacy Flip,0,78.017996,0.5,16.158,1.0,1.5,16.158
GTAIV.exe,1234,0x0,DXGI,0,0,0,Hardware: Legacy Flip,0,78.035569,0.5,17.573,1.0,1.5,17.573
GTAIV.exe,1234,0x0,DXGI,0,0,0,Hardware: Legacy Flip,0,78.051914,0.5,16.345,1.0,1.5,16.345
GTAIV.exe,1234,0x0,DXGI,0,0,0,Hardware: Legacy Flip,0,78.067835,0.5,15.921,1.0,1.5,15.921
GTAIV.exe,1234,0x0,DXGI,0,0,0,Hardware: Legacy Flip,0,78.085081,0.5,17.246,1.0,1.5,17.246
GTAIV.exe,1234,0x0,DXGI,0,0,0,Hardware: Legacy Flip,0,78.100215,0.5,15.134,1.0,1.5,15.134
GTAIV.exe,1234,0x0,DXGI,0,0,0,Hardware: Legacy Flip,0,78.115360,0.5,15.145,1.0,1.5,15.145
GTAIV.exe,1234,0x0,DXGI,0,0,0,Hardware: Legacy Flip,0,78.131705,0.5,16.345,1.0,1.5,16.345
GTAIV.exe,1234,0x0,DXGI,0,0,0,Hardware: Legacy Flip,0,78.150041,0.5,18.336,1.0,1.5,18.336
GTAIV.exe,1234,0x0,DXGI,0,0,0,Hardware: Legacy Flip,0,78.165908,0.5,15.867,1.0,1.5,15.867
GTAIV.exe,1234,0x0,DXGI,0,0,0,Hardware: Legacy Flip,0,78.182091,0.5,16.183,1.0,1.5,16.183
GTAIV.exe,1234,0x0,DXGI,0,0,0,Hardware: Legacy Flip,0,78.199610,0.5,17.519,1.0,1.5,17.519
GTAIV.exe,1234,0x0,DXGI,0,0,0,Hardware: Legacy Flip,0,78.214394,0.5,14.784,1.0,1.5,14.784
GTAIV.exe,1234,0x0,DXGI,0,0,0,Hardware: Legacy Flip,0,78.230392,0.5,15.998,1.0,1.5,15.998
GTAIV.exe,1234,0x0,DXGI,0,0,0,Hardware: Legacy Flip,0,78.246481,0.5,16.089,1.0,1.5,16.089
GTAIV.exe,1234,0x0,DXGI,0,0,0,Hardware: Legacy Flip,0,78.263489,0.5,17.008,1.0,1.5,17.008
GTAIV.exe,1234,0x0,DXGI,0,0,0,Hardware: Legacy Flip,0,78.280209,0.5,16.721,1.0,1.5,16.721
GTAIV.exe,1234,0x0,DXGI,0,0,0,Hardware: Legacy Flip,0,78.298688,0.5,18.479,1.0,1.5,18.479
GTAIV.exe,1234,0x0,DXGI,0,0,0,Hardware: Legacy Flip,0,78.315062,0.5,16.373,1.0,1.5,16.373
GTAIV.exe,1234,0x0,DXGI,0,0,0,Hardware: Legacy Flip,0,78.330020,0.5,14.958,1.0,1.5,14.958
GTAIV.exe,1234,0x0,DXGI,0,0,0,Hardware: Legacy Flip,0,78.347802,0.5,17.781,1.0,1.5,17.781
GTAIV.exe,1234,0x0,DXGI,0,0,0,Hardware: Legacy Flip,0,78.365514,0.5,17.712,1.0,1.5,17.712
GTAIV.exe,1234,0x0,DXGI,0,0,0,Hardware: Legacy Flip,0,78.382343,0.5,16.829,1.0,1.5,16.829
GTAIV.exe,1234,0x0,DXGI,0,0,0,Hardware: Legacy Flip,0,78.400673,0.5,18.330,1.0,1.5,18.330
GTAIV.exe,1234,0x0,DXGI,0,0,0,Hardware: Legacy Flip,0,78.416252,0.5,15.579,1.0,1.5,15.579
GTAIV.exe,1234,0x0,DXGI,0,0,0,Hardware: Legacy Flip,0,78.432201,0.5,15.949,1.0,1.5,15.949
GTAIV.exe,1234,0x0,DXGI,0,0,0,Hardware: Legacy Flip,0,78.447806,0.5,15.606,1.0,1.5,15.606
GTAIV.exe,1234,0x0,DXGI,0,0,0,Hardware: Legacy Flip,0,78.465802,0.5,17.996,1.0,1.5,17.996
GTAIV.exe,1234,0x0,DXGI,0,0,0,Hardware: Legacy Flip,0,78.483224,0.5,17.421,1.0,1.5,17.421
GTAIV.exe,1234,0x0,DXGI,0,0,0,Hardware: Legacy Flip,0,78.499262,0.5,16.038,1.0,1.5,16.038
GTAIV.exe,1234,0x0,DXGI,0,0,0,Hardware: Legacy Flip,0,78.515673,0.5,16.411,1.0,1.5,16.411
GTAIV.exe,1234,0x0,DXGI,0,0,0,Hardware: Legacy Flip,0,78.533786,0.5,18.112,1.0,1.5,18.112
GTAIV.exe,1234,0x0,DXGI,0,0,0,Hardware: Legacy Flip,0,78.550551,0.5,16.765,1.0,1.5,16.765
GTAIV.exe,1234,0x0,DXGI,0,0,0,Hardware: Legacy Flip,0,78.567422,0.5,16.871,1.0,1.5,16.871
GTAIV.exe,1234,0x0,DXGI,0,0,0,Hardware: Legacy Flip,0,78.583268,0.5,15.846,1.0,1.5,15.846
GTAIV.exe,1234,0x0,DXGI,0,0,0,Hardware: Legacy Flip,0,78.599654,0.5,16.387,1.0,1.5,16.387
GTAIV.exe,1234,0x0,DXGI,0,0,0,Hardware: Legacy Flip,0,78.614905,0.5,15.251,1.0,1.5,15.251
GTAIV.exe,1234,0x0,DXGI,0,0,0,Hardware: Legacy Flip,0,78.629495,0.5,14.590,1.0,1.5,14.590
GTAIV.exe,1234,0x0,DXGI,0,0,0,Hardware: Legacy Flip,0,78.645498,0.5,16.003,1.0,1.5,16.003
GTAIV.exe,1234,0x0,DXGI,0,0,0,Hardware: Legacy Flip,0,78.663658,0.5,18.160,1.0,1.5,18.160
GTAIV.exe,1234,0x0,DXGI,0,0,0,Hardware: Legacy Flip,0,78.678367,0.5,14.710,1.0,1.5,14.710
GTAIV.exe,1234,0x0,DXGI,0,0,0,Hardware: Legacy Flip,0,78.695949,0.5,17.581,1.0,1.5,17.581
GTAIV.exe,1234,0x0,DXGI,0,0,0,Hardware: Legacy Flip,0,78.713240,0.5,17.291,1.0,1.5,17.291
GTAIV.exe,1234,0x0,DXGI,0,0,0,Hardware: Legacy Flip,0,78.728895,0.5,15.655,1.0,1.5,15.655
GTAIV.exe,1234,0x0,DXGI,0,0,0,Hardware: Legacy Flip,0,78.747089,0.5,18.194,1.0,1.5,18.194
GTAIV.exe,1234,0x0,DXGI,0,0,0,Hardware: Legacy Flip,0,78.763521,0.5,16.432,1.0,1.5,16.432
GTAIV.exe,1234,0x0,DXGI,0,0,0,Hardware: Legacy Flip,0,78.780095,0.5,16.573,1.0,1.5,16.573
GTAIV.exe,1234,0x0,DXGI,0,0,0,Hardware: Legacy Flip,0,78.796814,0.5,16.719,1.0,1.5,16.719
GTAIV.exe,1234,0x0,DXGI,0,0,0,Hardware: Legacy Flip,0,78.813592,0.5,16.778,1.0,1.5,16.778
GTAIV.exe,1234,0x0,DXGI,0,0,0,Hardware: Legacy Flip,0,78.832118,0.5,18.527,1.0,1.5,18.527
GTAIV.exe,1234,0x0,DXGI,0,0,0,Hardware: Legacy Flip,0,78.848753,0.5,16.635,1.0,1.5,16.635
GTAIV.exe,1234,0x0,DXGI,0,0,0,Hardware: Legacy Flip,0,78.865204,0.5,16.451,1.0,1.5,16.451
GTAIV.exe,1234,0x0,DXGI,0,0,0,Hardware: Legacy Flip,0,78.882545,0.5,17.341,1.0,1.5,17.341
GTAIV.exe,1234,0x0,DXGI,0,0,0,Hardware: Legacy Flip,0,78.898949,0.5,16.404,1.0,1.5,16.404
GTAIV.exe,1234,0x0,DXGI,0,0,0,Hardware: Legacy Flip,0,78.915331,0.5,16.382,1.0,1.5,16.382
GTAIV.exe,1234,0x0,DXGI,0,0,0,Hardware: Legacy Flip,0,78.932457,0.5,17.126,1.0,1.5,17.126
GTAIV.exe,1234,0x0,DXGI,0,0,0,Hardware: Legacy Flip,0,78.948551,0.5,16.094,1.0,1.5,16.094
GTAIV.exe,1234,0x0,DXGI,0,0,0,Hardware: Legacy Flip,0,78.963805,0.5,15.254,1.0,1.5,15.254
GTAIV.exe,1234,0x0,DXGI,0,0,0,Hardware: Legacy Flip,0,78.980566,0.5,16.760,1.0,1.5,16.760
GTAIV.exe,1234,0x0,DXGI,0,0,0,Hardware: Legacy Flip,0,78.998906,0.5,18.340,1.0,1.5,18.340
GTAIV.exe,1234,0x0,DXGI,0,0,0,Hardware: Legacy Flip,0,79.015088,0.5,16.182,1.0,1.5,16.182
GTAIV.exe,1234,0x0,DXGI,0,0,0,Hardware: Legacy Flip,0,79.032271,0.5,17.182,1.0,1.5,17.182
GTAIV.exe,1234,0x0,DXGI,0,0,0,Hardware: Legacy Flip,0,79.050509,0.5,18.238,1.0,1.5,18.238
GTAIV.exe,1234,0x0,DXGI,0,0,0,Hardware: Legacy Flip,0,79.068443,0.5,17.934,1.0,1.5,17.934
GTAIV.exe,1234,0x0,DXGI,0,0,0,Hardware: Legacy Flip,0,79.084049,0.5,15.605,1.0,1.5,15.605
GTAIV.exe,1234,0x0,DXGI,0,0,0,Hardware: Legacy Flip,0,79.100196,0.5,16.148,1.0,1.5,16.148
GTAIV.exe,1234,0x0,DXGI,0,0,0,Hardware: Legacy Flip,0,79.117569,0.5,17.373,1.0,1.5,17.373
GTAIV.exe,1234,0x0,DXGI,0,0,0,Hardware: Legacy Flip,0,79.133883,0.5,16.314,1.0,1.5,16.314
GTAIV.exe,1234,0x0,DXGI,0,0,0,Hardware: Legacy Flip,0,79.150451,0.5,16.568,1.0,1.5,16.568
GTAIV.exe,1234,0x0,DXGI,0,0,0,Hardware: Legacy Flip,0,79.164845,0.5,14.394,1.0,1.5,14.394
GTAIV.exe,1234,0x0,DXGI,0,0,0,Hardware: Legacy Flip,0,79.181991,0.5,17.146,1.0,1.5,17.146
GTAIV.exe,1234,0x0,DXGI,0,0,0,Hardware: Legacy Flip,0,79.199325,0.5,17.335,1.0,1.5,17.335
GTAIV.exe,1234,0x0,DXGI,0,0,0,Hardware: Legacy Flip,0,79.216363,0.5,17.038,1.0,1.5,17.038
GTAIV.exe,1234,0x0,DXGI,0,0,0,Hardware: Legacy Flip,0,79.233562,0.5,17.199,1.0,1.5,17.199
GTAIV.exe,1234,0x0,DXGI,0,0,0,Hardware: Legacy Flip,0,79.249285,0.5,15.723,1.0,1.5,15.723
GTAIV.exe,1234,0x0,DXGI,0,0,0,Hardware: Legacy Flip,0,79.264894,0.5,15.609,1.0,1.5,15.609
GTAIV.exe,1234,0x0,DXGI,0,0,0,Hardware: Legacy Flip,0,79.282147,0.5,17.253,1.0,1.5,17.253
GTAIV.exe,1234,0x0,DXGI,0,0,0,Hardware: Legacy Flip,0,79.297768,0.5,15.620,1.0,1.5,15.620
GTAIV.exe,1234,0x0,DXGI,0,0,0,Hardware: Legacy Flip,0,79.314630,0.5,16.862,1.0,1.5,16.862
GTAIV.exe,1234,0x0,DXGI,0,0,0,Hardware: Legacy Flip,0,79.334054,0.5,19.425,1.0,1.5,19.425
GTAIV.exe,1234,0x0,DXGI,0,0,0,Hardware: Legacy Flip,0,79.352036,0.5,17.982,1.0,1.5,17.982
GTAIV.exe,1234,0x0,DXGI,0,0,0,Hardware: Legacy Flip,0,79.369528,0.5,17.492,1.0,1.5,17.492
GTAIV.exe,1234,0x0,DXGI,0,0,0,Hardware: Legacy Flip,0,79.386008,0.5,16.480,1.0,1.5,16.480
GTAIV.exe,1234,0x0,DXGI,0,0,0,Hardware: Legacy Flip,0,79.404088,0.5,18.080,1.0,1.5,18.080
GTAIV.exe,1234,0x0,DXGI,0,0,0,Hardware: Legacy Flip,0,79.421131,0.5,17.043,1.0,1.5,17.043
GTAIV.exe,1234,0x0,DXGI,0,0,0,Hardware: Legacy Flip,0,79.437642,0.5,16.511,1.0,1.5,16.511
GTAIV.exe,1234,0x0,DXGI,0,0,0,Hardware: Legacy Flip,0,79.454959,0.5,17.317,1.0,1.5,17.317
GTAIV.exe,1234,0x0,DXGI,0,0,0,Hardware: Legacy Flip,0,79.474249,0.5,19.290,1.0,1.5,19.290
GTAIV.exe,1234,0x0,DXGI,0,0,0,Hardware: Legacy Flip,0,79.490676,0.5,16.427,1.0,1.5,16.427
GTAIV.exe,1234,0x0,DXGI,0,0,0,Hardware: Legacy Flip,0,79.508163,0.5,17.487,1.0,1.5,17.487
GTAIV.exe,1234,0x0,DXGI,0,0,0,Hardware: Legacy Flip,0,79.525610,0.5,17.447,1.0,1.5,17.447
GTAIV.exe,1234,0x0,DXGI,0,0,0,Hardware: Legacy Flip,0,79.544424,0.5,18.814,1.0,1.5,18.814
GTAIV.exe,1234,0x0,DXGI,0,0,0,Hardware: Legacy Flip,0,79.559168,0.5,14.745,1.0,1.5,14.745
GTAIV.exe,1234,0x0,DXGI,0,0,0,Hardware: Legacy Flip,0,79.575887,0.5,16.719,1.0,1.5,16.719
GTAIV.exe,1234,0x0,DXGI,0,0,0,Hardware: Legacy Flip,0,79.592824,0.5,16.937,1.0,1.5,16.937
GTAIV.exe,1234,0x0,DXGI,0,0,0,Hardware: Legacy Flip,0,79.607974,0.5,15.150,1.0,1.5,15.150
GTAIV.exe,1234,0x0,DXGI,0,0,0,Hardware: Legacy Flip,0,79.624713,0.5,16.739,1.0,1.5,16.739
GTAIV.exe,1234,0x0,DXGI,0,0,0,Hardware: Legacy Flip,0,79.642341,0.5,17.628,1.0,1.5,17.628
GTAIV.exe,1234,0x0,DXGI,0,0,0,Hardware: Legacy Flip,0,79.659105,0.5,16.764,1.0,1.5,16.764
GTAIV.exe,1234,0x0,DXGI,0,0,0,Hardware: Legacy Flip,0,79.676209,0.5,17.104,1.0,1.5,17.104
GTAIV.exe,1234,0x0,DXGI,0,0,0,Hardware: Legacy Flip,0,79.694032,0.5,17.823,1.0,1.5,17.823
GTAIV.exe,1234,0x0,DXGI,0,0,0,Hardware: Legacy Flip,0,79.709921,0.5,15.889,1.0,1.5,15.889
GTAIV.exe,1234,0x0,DXGI,0,0,0,Hardware: Legacy Flip,0,79.725970,0.5,16.049,1.0,1.5,16.049
GTAIV.exe,1234,0x0,DXGI,0,0,0,Hardware: Legacy Flip,0,79.741256,0.5,15.286,1.0,1.5,15.286
GTAIV.exe,1234,0x0,DXGI,0,0,0,Hardware: Legacy Flip,0,79.757413,0.5,16.157,1.0,1.5,16.157
GTAIV.exe,1234,0x0,DXGI,0,0,0,Hardware: Legacy Flip,0,79.774676,0.5,17.263,1.0,1.5,17.263
GTAIV.exe,1234,0x0,DXGI,0,0,0,Hardware: Legacy Flip,0,79.791159,0.5,16.483,1.0,1.5,16.483
GTAIV.exe,1234,0x0,DXGI,0,0,0,Hardware: Legacy Flip,0,79.807721,0.5,16.562,1.0,1.5,16.562
GTAIV.exe,1234,0x0,DXGI,0,0,0,Hardware: Legacy Flip,0,79.824351,0.5,16.630,1.0,1.5,16.630
GTAIV.exe,1234,0x0,DXGI,0,0,0,Hardware: Legacy Flip,0,79.842143,0.5,17.792,1.0,1.5,17.792
GTAIV.exe,1234,0x0,DXGI,0,0,0,Hardware: Legacy Flip,0,79.856644,0.5,14.501,1.0,1.5,14.501
GTAIV.exe,1234,0x0,DXGI,0,0,0,Hardware: Legacy Flip,0,79.872254,0.5,15.610,1.0,1.5,15.610
GTAIV.exe,1234,0x0,DXGI,0,0,0,Hardware: Legacy Flip,0,79.888259,0.5,16.005,1.0,1.5,16.005
GTAIV.exe,1234,0x0,DXGI,0,0,0,Hardware: Legacy Flip,0,79.905238,0.5,16.979,1.0,1.5,16.979
GTAIV.exe,1234,0x0,DXGI,0,0,0,Hardware: Legacy Flip,0,79.922394,0.5,17.156,1.0,1.5,17.156
GTAIV.exe,1234,0x0,DXGI,0,0,0,Hardware: Legacy Flip,0,79.936996,0.5,14.602,1.0,1.5,14.602
GTAIV.exe,1234,0x0,DXGI,0,0,0,Hardware: Legacy Flip,0,79.953390,0.5,16.393,1.0,1.5,16.393
GTAIV.exe,1234,0x0,DXGI,0,0,0,Hardware: Legacy Flip,0,79.970662,0.5,17.272,1.0,1.5,17.272
GTAIV.exe,1234,0x0,DXGI,0,0,0,Hardware: Legacy Flip,0,79.985014,0.5,14.352,1.0,1.5,14.352
GTAIV.exe,1234,0x0,DXGI,0,0,0,Hardware: Legacy Flip,0,80.000807,0.5,15.793,1.0,1.5,15.793
GTAIV.exe,1234,0x0,DXGI,0,0,0,Hardware: Legacy Flip,0,80.017040,0.5,16.233,1.0,1.5,16.233
GTAIV.exe,1234,0x0,DXGI,0,0,0,Hardware: Legacy Flip,0,80.034670,0.5,17.630,1.0,1.5,17.630
GTAIV.exe,1234,0x0,DXGI,0,0,0,Hardware: Legacy Flip,0,80.049433,0.5,14.763,1.0,1.5,14.763
GTAIV.exe,1234,0x0,DXGI,0,0,0,Hardware: Legacy Flip,0,80.065504,0.5,16.071,1.0,1.5,16.071
GTAIV.exe,1234,0x0,DXGI,0,0,0,Hardware: Legacy Flip,0,80.082331,0.5,16.827,1.0,1.5,16.827
GTAIV.exe,1234,0x0,DXGI,0,0,0,Hardware: Legacy Flip,0,80.099851,0.5,17.520,1.0,1.5,17.520
GTAIV.exe,1234,0x0,DXGI,0,0,0,Hardware: Legacy Flip,0,80.116930,0.5,17.079,1.0,1.5,17.079
GTAIV.exe,1234,0x0,DXGI,0,0,0,Hardware: Legacy Flip,0,80.132709,0.5,15.779,1.0,1.5,15.779
GTAIV.exe,1234,0x0,DXGI,0,0,0,Hardware: Legacy Flip,0,80.150718,0.5,18.008,1.0,1.5,18.008
GTAIV.exe,1234,0x0,DXGI,0,0,0,Hardware: Legacy Flip,0,80.166329,0.5,15.612,1.0,1.5,15.612
GTAIV.exe,1234,0x0,DXGI,0,0,0,Hardware: Legacy Flip,0,80.183405,0.5,17.076,1.0,1.5,17.076
GTAIV.exe,1234,0x0,DXGI,0,0,0,Hardware: Legacy Flip,0,80.200734,0.5,17.329,1.0,1.5,17.329
GTAIV.exe,1234,0x0,DXGI,0,0,0,Hardware: Legacy Flip,0,80.219123,0.5,18.389,1.0,1.5,18.389
GTAIV.exe,1234,0x0,DXGI,0,0,0,Hardware: Legacy Flip,0,80.234190,0.5,15.067,1.0,1.5,15.067
GTAIV.exe,1234,0x0,DXGI,0,0,0,Hardware: Legacy Flip,0,80.250624,0.5,16.435,1.0,1.5,16.435
GTAIV.exe,1234,0x0,DXGI,0,0,0,Hardware: Legacy Flip,0,80.267652,0.5,17.028,1.0,1.5,17.028
GTAIV.exe,1234,0x0,DXGI,0,0,0,Hardware: Legacy Flip,0,80.284329,0.5,16.677,1.0,1.5,16.677
GTAIV.exe,1234,0x0,DXGI,0,0,0,Hardware: Legacy Flip,0,80.301395,0.5,17.066,1.0,1.5,17.066
GTAIV.exe,1234,0x0,DXGI,0,0,0,Hardware: Legacy Flip,0,80.317472,0.5,16.077,1.0,1.5,16.077
GTAIV.exe,1234,0x0,DXGI,0,0,0,Hardware: Legacy Flip,0,80.333554,0.5,16.081,1.0,1.5,16.081
GTAIV.exe,1234,0x0,DXGI,0,0,0,Hardware: Legacy Flip,0,80.350773,0.5,17.219,1.0,1.5,17.219
GTAIV.exe,1234,0x0,DXGI,0,0,0,Hardware: Legacy Flip,0,80.367438,0.5,16.665,1.0,1.5,16.665
GTAIV.exe,1234,0x0,DXGI,0,0,0,Hardware: Legacy Flip,0,80.383443,0.5,16.005,1.0,1.5,16.005
GTAIV.exe,1234,0x0,DXGI,0,0,0,Hardware: Legacy Flip,0,80.398886,0.5,15.443,1.0,1.5,15.443
GTAIV.exe,1234,0x0,DXGI,0,0,0,Hardware: Legacy Flip,0,80.415748,0.5,16.863,1.0,1.5,16.863
GTAIV.exe,1234,0x0,DXGI,0,0,0,Hardware: Legacy Flip,0,80.430537,0.5,14.789,1.0,1.5,14.789
GTAIV.exe,1234,0x0,DXGI,0,0,0,Hardware: Legacy Flip,0,80.448000,0.5,17.462,1.0,1.5,17.462
GTAIV.exe,1234,0x0,DXGI,0,0,0,Hardware: Legacy Flip,0,80.463845,0.5,15.845,1.0,1.5,15.845
GTAIV.exe,1234,0x0,DXGI,0,0,0,Hardware: Legacy Flip,0,80.478807,0.5,14.962,1.0,1.5,14.962
GTAIV.exe,1234,0x0,DXGI,0,0,0,Hardware: Legacy Flip,0,80.496643,0.5,17.837,1.0,1.5,17.837
GTAIV.exe,1234,0x0,DXGI,0,0,0,Hardware: Legacy Flip,0,80.512924,0.5,16.281,1.0,1.5,16.281
GTAIV.exe,1234,0x0,DXGI,0,0,0,Hardware: Legacy Flip,0,80.530387,0.5,17.462,1.0,1.5,17.462
GTAIV.exe,1234,0x0,DXGI,0,0,0,Hardware: Legacy Flip,0,80.546855,0.5,16.468,1.0,1.5,16.468
GTAIV.exe,1234,0x0,DXGI,0,0,0,Hardware: Legacy Flip,0,80.562538,0.5,15.683,1.0,1.5,15.683
GTAIV.exe,1234,0x0,DXGI,0,0,0,Hardware: Legacy Flip,0,80.580073,0.5,17.535,1.0,1.5,17.535
GTAIV.exe,1234,0x0,DXGI,0,0,0,Hardware: Legacy Flip,0,80.594481,0.5,14.407,1.0,1.5,14.407
GTAIV.exe,1234,0x0,DXGI,0,0,0,Hardware: Legacy Flip,0,80.609989,0.5,15.509,1.0,1.5,15.509
GTAIV.exe,1234,0x0,DXGI,0,0,0,Hardware: Legacy Flip,0,80.627270,0.5,17.281,1.0,1.5,17.281
GTAIV.exe,1234,0x0,DXGI,0,0,0,Hardware: Legacy Flip,0,80.643265,0.5,15.994,1.0,1.5,15.994
GTAIV.exe,1234,0x0,DXGI,0,0,0,Hardware: Legacy Flip,0,80.659477,0.5,16.213,1.0,1.5,16.213
GTAIV.exe,1234,0x0,DXGI,0,0,0,Hardware: Legacy Flip,0,80.677171,0.5,17.694,1.0,1.5,17.694
GTAIV.exe,1234,0x0,DXGI,0,0,0,Hardware: Legacy Flip,0,80.693726,0.5,16.555,1.0,1.5,16.555
GTAIV.exe,1234,0x0,DXGI,0,0,0,Hardware: Legacy Flip,0,80.708642,0.5,14.916,1.0,1.5,14.916
GTAIV.exe,1234,0x0,DXGI,0,0,0,Hardware: Legacy Flip,0,80.724684,0.5,16.042,1.0,1.5,16.042
GTAIV.exe,1234,0x0,DXGI,0,0,0,Hardware: Legacy Flip,0,80.742692,0.5,18.008,1.0,1.5,18.008
GTAIV.exe,1234,0x0,DXGI,0,0,0,Hardware: Legacy Flip,0,80.757573,0.5,14.881,1.0,1.5,14.881
GTAIV.exe,1234,0x0,DXGI,0,0,0,Hardware: Legacy Flip,0,80.773648,0.5,16.075,1.0,1.5,16.075
GTAIV.exe,1234,0x0,DXGI,0,0,0,Hardware: Legacy Flip,0,80.789074,0.5,15.426,1.0,1.5,15.426
GTAIV.exe,1234,0x0,DXGI,0,0,0,Hardware: Legacy Flip,0,80.805321,0.5,16.247,1.0,1.5,16.247
GTAIV.exe,1234,0x0,DXGI,0,0,0,Hardware: Legacy Flip,0,80.820852,0.5,15.531,1.0,1.5,15.531
GTAIV.exe,1234,0x0,DXGI,0,0,0,Hardware: Legacy Flip,0,80.838761,0.5,17.909,1.0,1.5,17.909
GTAIV.exe,1234,0x0,DXGI,0,0,0,Hardware: Legacy Flip,0,80.857531,0.5,18.770,1.0,1.5,18.770
GTAIV.exe,1234,0x0,DXGI,0,0,0,Hardware: Legacy Flip,0,80.873387,0.5,15.856,1.0,1.5,15.856
GTAIV.exe,1234,0x0,DXGI,0,0,0,Hardware: Legacy Flip,0,80.889627,0.5,16.240,1.0,1.5,16.240
GTAIV.exe,1234,0x0,DXGI,0,0,0,Hardware: Legacy Flip,0,80.906537,0.5,16.910,1.0,1.5,16.910
GTAIV.exe,1234,0x0,DXGI,0,0,0,Hardware: Legacy Flip,0,80.922771,0.5,16.234,1.0,1.5,16.234
GTAIV.exe,1234,0x0,DXGI,0,0,0,Hardware: Legacy Flip,0,80.939838,0.5,17.067,1.0,1.5,17.067
GTAIV.exe,1234,0x0,DXGI,0,0,0,Hardware: Legacy Flip,0,80.956743,0.5,16.905,1.0,1.5,16.905
GTAIV.exe,1234,0x0,DXGI,0,0,0,Hardware: Legacy Flip,0,80.973522,0.5,16.779,1.0,1.5,16.779
GTAIV.exe,1234,0x0,DXGI,0,0,0,Hardware: Legacy Flip,0,80.988290,0.5,14.768,1.0,1.5,14.768
GTAIV.exe,1234,0x0,DXGI,0,0,0,Hardware: Legacy Flip,0,81.002678,0.5,14.388,1.0,1.5,14.388
GTAIV.exe,1234,0x0,DXGI,0,0,0,Hardware: Legacy Flip,0,81.017430,0.5,14.752,1.0,1.5,14.752
GTAIV.exe,1234,0x0,DXGI,0,0,0,Hardware: Legacy Flip,0,81.036134,0.5,18.704,1.0,1.5,18.704
GTAIV.exe,1234,0x0,DXGI,0,0,0,Hardware: Legacy Flip,0,81.052986,0.5,16.852,1.0,1.5,16.852
GTAIV.exe,1234,0x0,DXGI,0,0,0,Hardware: Legacy Flip,0,81.070024,0.5,17.038,1.0,1.5,17.038
GTAIV.exe,1234,0x0,DXGI,0,0,0,Hardware: Legacy Flip,0,81.086658,0.5,16.635,1.0,1.5,16.635
GTAIV.exe,1234,0x0,DXGI,0,0,0,Hardware: Legacy Flip,0,81.102383,0.5,15.724,1.0,1.5,15.724
GTAIV.exe,1234,0x0,DXGI,0,0,0,Hardware: Legacy Flip,0,81.119121,0.5,16.738,1.0,1.5,16.738
GTAIV.exe,1234,0x0,DXGI,0,0,0,Hardware: Legacy Flip,0,81.135402,0.5,16.281,1.0,1.5,16.281
GTAIV.exe,1234,0x0,DXGI,0,0,0,Hardware: Legacy Flip,0,81.153115,0.5,17.714,1.0,1.5,17.714
GTAIV.exe,1234,0x0,DXGI,0,0,0,Hardware: Legacy Flip,0,81.169856,0.5,16.741,1.0,1.5,16.741
GTAIV.exe,1234,0x0,DXGI,0,0,0,Hardware: Legacy Flip,0,81.187107,0.5,17.251,1.0,1.5,17.251
GTAIV.exe,1234,0x0,DXGI,0,0,0,Hardware: Legacy Flip,0,81.204403,0.5,17.296,1.0,1.5,17.296
GTAIV.exe,1234,0x0,DXGI,0,0,0,Hardware: Legacy Flip,0,81.222206,0.5,17.803,1.0,1.5,17.803
GTAIV.exe,1234,0x0,DXGI,0,0,0,Hardware: Legacy Flip,0,81.238685,0.5,16.479,1.0,1.5,16.479
GTAIV.exe,1234,0x0,DXGI,0,0,0,Hardware: Legacy Flip,0,81.257473,0.5,18.788,1.0,1.5,18.788
GTAIV.exe,1234,0x0,DXGI,0,0,0,Hardware: Legacy Flip,0,81.274637,0.5,17.164,1.0,1.5,17.164
GTAIV.exe,1234,0x0,DXGI,0,0,0,Hardware: Legacy Flip,0,81.292266,0.5,17.629,1.0,1.5,17.629
GTAIV.exe,1234,0x0,DXGI,0,0,0,Hardware: Legacy Flip,0,81.308866,0.5,16.600,1.0,1.5,16.600
GTAIV.exe,1234,0x0,DXGI,0,0,0,Hardware: Legacy Flip,0,81.325850,0.5,16.984,1.0,1.5,16.984
GTAIV.exe,1234,0x0,DXGI,0,0,0,Hardware: Legacy Flip,0,81.341356,0.5,15.506,1.0,1.5,15.506
GTAIV.exe,1234,0x0,DXGI,0,0,0,Hardware: Legacy Flip,0,81.359783,0.5,18.427,1.0,1.5,18.427
GTAIV.exe,1234,0x0,DXGI,0,0,0,Hardware: Legacy Flip,0,81.375329,0.5,15.546,1.0,1.5,15.546
GTAIV.exe,1234,0x0,DXGI,0,0,0,Hardware: Legacy Flip,0,81.392443,0.5,17.114,1.0,1.5,17.114
GTAIV.exe,1234,0x0,DXGI,0,0,0,Hardware: Legacy Flip,0,81.409823,0.5,17.381,1.0,1.5,17.381
GTAIV.exe,1234,0x0,DXGI,0,0,0,Hardware: Legacy Flip,0,81.425893,0.5,16.069,1.0,1.5,16.069
GTAIV.exe,1234,0x0,DXGI,0,0,0,Hardware: Legacy Flip,0,81.440676,0.5,14.783,1.0,1.5,14.783
GTAIV.exe,1234,0x0,DXGI,0,0,0,Hardware: Legacy Flip,0,81.456344,0.5,15.667,1.0,1.5,15.667
GTAIV.exe,1234,0x0,DXGI,0,0,0,Hardware: Legacy Flip,0,81.471650,0.5,15.307,1.0,1.5,15.307
GTAIV.exe,1234,0x0,DXGI,0,0,0,Hardware: Legacy Flip,0,81.489227,0.5,17.576,1.0,1.5,17.576
GTAIV.exe,1234,0x0,DXGI,0,0,0,Hardware: Legacy Flip,0,81.505688,0.5,16.461,1.0,1.5,16.461
GTAIV.exe,1234,0x0,DXGI,0,0,0,Hardware: Legacy Flip,0,81.521751,0.5,16.063,1.0,1.5,16.063
GTAIV.exe,1234,0x0,DXGI,0,0,0,Hardware: Legacy Flip,0,81.538307,0.5,16.556,1.0,1.5,16.556
GTAIV.exe,1234,0x0,DXGI,0,0,0,Hardware: Legacy Flip,0,81.555091,0.5,16.784,1.0,1.5,16.784
GTAIV.exe,1234,0x0,DXGI,0,0,0,Hardware: Legacy Flip,0,81.572077,0.5,16.986,1.0,1.5,16.986
GTAIV.exe,1234,0x0,DXGI,0,0,0,Hardware: Legacy Flip,0,81.589027,0.5,16.950,1.0,1.5,16.950
GTAIV.exe,1234,0x0,DXGI,0,0,0,Hardware: Legacy Flip,0,81.604311,0.5,15.284,1.0,1.5,15.284
GTAIV.exe,1234,0x0,DXGI,0,0,0,Hardware: Legacy Flip,0,81.624028,0.5,19.717,1.0,1.5,19.717
GTAIV.exe,1234,0x0,DXGI,0,0,0,Hardware: Legacy Flip,0,81.640294,0.5,16.266,1.0,1.5,16.266
GTAIV.exe,1234,0x0,DXGI,0,0,0,Hardware: Legacy Flip,0,81.655680,0.5,15.386,1.0,1.5,15.386
GTAIV.exe,1234,0x0,DXGI,0,0,0,Hardware: Legacy Flip,0,81.671531,0.5,15.851,1.0,1.5,15.851
GTAIV.exe,1234,0x0,DXGI,0,0,0,Hardware: Legacy Flip,0,81.687154,0.5,15.623,1.0,1.5,15.623
GTAIV.exe,1234,0x0,DXGI,0,0,0,Hardware: Legacy Flip,0,81.704289,0.5,17.135,1.0,1.5,17.135
GTAIV.exe,1234,0x0,DXGI,0,0,0,Hardware: Legacy Flip,0,81.721319,0.5,17.030,1.0,1.5,17.030
GTAIV.exe,1234,0x0,DXGI,0,0,0,Hardware: Legacy Flip,0,81.737236,0.5,15.917,1.0,1.5,15.917
GTAIV.exe,1234,0x0,DXGI,0,0,0,Hardware: Legacy Flip,0,81.754648,0.5,17.412,1.0,1.5,17.412
GTAIV.exe,1234,0x0,DXGI,0,0,0,Hardware: Legacy Flip,0,81.769774,0.5,15.126,1.0,1.5,15.126
GTAIV.exe,1234,0x0,DXGI,0,0,0,Hardware: Legacy Flip,0,81.786708,0.5,16.934,1.0,1.5,16.934
GTAIV.exe,1234,0x0,DXGI,0,0,0,Hardware: Legacy Flip,0,81.803517,0.5,16.810,1.0,1.5,16.810
GTAIV.exe,1234,0x0,DXGI,0,0,0,Hardware: Legacy Flip,0,81.819383,0.5,15.866,1.0,1.5,15.866
GTAIV.exe,1234,0x0,DXGI,0,0,0,Hardware: Legacy Flip,0,81.836847,0.5,17.464,1.0,1.5,17.464
GTAIV.exe,1234,0x0,DXGI,0,0,0,Hardware: Legacy Flip,0,81.852948,0.5,16.101,1.0,1.5,16.101
GTAIV.exe,1234,0x0,DXGI,0,0,0,Hardware: Legacy Flip,0,81.867295,0.5,14.346,1.0,1.5,14.346
GTAIV.exe,1234,0x0,DXGI,0,0,0,Hardware: Legacy Flip,0,81.886301,0.5,19.006,1.0,1.5,19.006
GTAIV.exe,1234,0x0,DXGI,0,0,0,Hardware: Legacy Flip,0,81.899836,0.5,13.535,1.0,1.5,13.535
GTAIV.exe,1234,0x0,DXGI,0,0,0,Hardware: Legacy Flip,0,81.916918,0.5,17.082,1.0,1.5,17.082
GTAIV.exe,1234,0x0,DXGI,0,0,0,Hardware: Legacy Flip,0,81.934962,0.5,18.044,1.0,1.5,18.044
GTAIV.exe,1234,0x0,DXGI,0,0,0,Hardware: Legacy Flip,0,81.951642,0.5,16.680,1.0,1.5,16.680
GTAIV.exe,1234,0x0,DXGI,0,0,0,Hardware: Legacy Flip,0,81.968206,0.5,16.564,1.0,1.5,16.564
GTAIV.exe,1234,0x0,DXGI,0,0,0,Hardware: Legacy Flip,0,81.985303,0.5,17.097,1.0,1.5,17.097
GTAIV.exe,1234,0x0,DXGI,0,0,0,Hardware: Legacy Flip,0,82.001751,0.5,16.448,1.0,1.5,16.448
GTAIV.exe,1234,0x0,DXGI,0,0,0,Hardware: Legacy Flip,0,82.017309,0.5,15.558,1.0,1.5,15.558
GTAIV.exe,1234,0x0,DXGI,0,0,0,Hardware: Legacy Flip,0,82.034937,0.5,17.628,1.0,1.5,17.628
GTAIV.exe,1234,0x0,DXGI,0,0,0,Hardware: Legacy Flip,0,82.049997,0.5,15.060,1.0,1.5,15.060
GTAIV.exe,1234,0x0,DXGI,0,0,0,Hardware: Legacy Flip,0,82.066468,0.5,16.471,1.0,1.5,16.471
GTAIV.exe,1234,0x0,DXGI,0,0,0,Hardware: Legacy Flip,0,82.081790,0.5,15.322,1.0,1.5,15.322
GTAIV.exe,1234,0x0,DXGI,0,0,0,Hardware: Legacy Flip,0,82.098801,0.5,17.011,1.0,1.5,17.011
GTAIV.exe,1234,0x0,DXGI,0,0,0,Hardware: Legacy Flip,0,82.115265,0.5,16.464,1.0,1.5,16.464
GTAIV.exe,1234,0x0,DXGI,0,0,0,Hardware: Legacy Flip,0,82.132589,0.5,17.324,1.0,1.5,17.324
GTAIV.exe,1234,0x0,DXGI,0,0,0,Hardware: Legacy Flip,0,82.148938,0.5,16.349,1.0,1.5,16.349
GTAIV.exe,1234,0x0,DXGI,0,0,0,Hardware: Legacy Flip,0,82.165417,0.5,16.480,1.0,1.5,16.480
GTAIV.exe,1234,0x0,DXGI,0,0,0,Hardware: Legacy Flip,0,82.180983,0.5,15.566,1.0,1.5,15.566
GTAIV.exe,1234,0x0,DXGI,0,0,0,Hardware: Legacy Flip,0,82.198116,0.5,17.133,1.0,1.5,17.133
GTAIV.exe,1234,0x0,DXGI,0,0,0,Hardware: Legacy Flip,0,82.215227,0.5,17.110,1.0,1.5,17.110
GTAIV.exe,1234,0x0,DXGI,0,0,0,Hardware: Legacy Flip,0,82.232194,0.5,16.968,1.0,1.5,16.968
GTAIV.exe,1234,0x0,DXGI,0,0,0,Hardware: Legacy Flip,0,82.247276,0.5,15.082,1.0,1.5,15.082
GTAIV.exe,1234,0x0,DXGI,0,0,0,Hardware: Legacy Flip,0,82.262054,0.5,14.778,1.0,1.5,14.778
GTAIV.exe,1234,0x0,DXGI,0,0,0,Hardware: Legacy Flip,0,82.278009,0.5,15.955,1.0,1.5,15.955
GTAIV.exe,1234,0x0,DXGI,0,0,0,Hardware: Legacy Flip,0,82.294385,0.5,16.376,1.0,1.5,16.376
GTAIV.exe,1234,0x0,DXGI,0,0,0,Hardware: Legacy Flip,0,82.310998,0.5,16.613,1.0,1.5,16.613
GTAIV.exe,1234,0x0,DXGI,0,0,0,Hardware: Legacy Flip,0,82.327284,0.5,16.286,1.0,1.5,16.286
GTAIV.exe,1234,0x0,DXGI,0,0,0,Hardware: Legacy Flip,0,82.342988,0.5,15.704,1.0,1.5,15.704
GTAIV.exe,1234,0x0,DXGI,0,0,0,Hardware: Legacy Flip,0,82.357940,0.5,14.952,1.0,1.5,14.952
GTAIV.exe,1234,0x0,DXGI,0,0,0,Hardware: Legacy Flip,0,82.374431,0.5,16.491,1.0,1.5,16.491
GTAIV.exe,1234,0x0,DXGI,0,0,0,Hardware: Legacy Flip,0,82.390831,0.5,16.400,1.0,1.5,16.400
GTAIV.exe,1234,0x0,DXGI,0,0,0,Hardware: Legacy Flip,0,82.406731,0.5,15.899,1.0,1.5,15.899
GTAIV.exe,1234,0x0,DXGI,0,0,0,Hardware: Legacy Flip,0,82.423699,0.5,16.969,1.0,1.5,16.969
GTAIV.exe,1234,0x0,DXGI,0,0,0,Hardware: Legacy Flip,0,82.441701,0.5,18.001,1.0,1.5,18.001
GTAIV.exe,1234,0x0,DXGI,0,0,0,Hardware: Legacy Flip,0,82.458488,0.5,16.787,1.0,1.5,16.787
GTAIV.exe,1234,0x0,DXGI,0,0,0,Hardware: Legacy Flip,0,82.476122,0.5,17.634,1.0,1.5,17.634
GTAIV.exe,1234,0x0,DXGI,0,0,0,Hardware: Legacy Flip,0,82.492460,0.5,16.338,1.0,1.5,16.338
GTAIV.exe,1234,0x0,DXGI,0,0,0,Hardware: Legacy Flip,0,82.510242,0.5,17.783,1.0,1.5,17.783
GTAIV.exe,1234,0x0,DXGI,0,0,0,Hardware: Legacy Flip,0,82.527188,0.5,16.946,1.0,1.5,16.946
GTAIV.exe,1234,0x0,DXGI,0,0,0,Hardware: Legacy Flip,0,82.545583,0.5,18.395,1.0,1.5,18.395
GTAIV.exe,1234,0x0,DXGI,0,0,0,Hardware: Legacy Flip,0,82.562542,0.5,16.959,1.0,1.5,16.959
GTAIV.exe,1234,0x0,DXGI,0,0,0,Hardware: Legacy Flip,0,82.580303,0.5,17.761,1.0,1.5,17.761
GTAIV.exe,1234,0x0,DXGI,0,0,0,Hardware: Legacy Flip,0,82.597112,0.5,16.809,1.0,1.5,16.809
GTAIV.exe,1234,0x0,DXGI,0,0,0,Hardware: Legacy Flip,0,82.615093,0.5,17.981,1.0,1.5,17.981
GTAIV.exe,1234,0x0,DXGI,0,0,0,Hardware: Legacy Flip,0,82.630604,0.5,15.511,1.0,1.5,15.511
GTAIV.exe,1234,0x0,DXGI,0,0,0,Hardware: Legacy Flip,0,82.646726,0.5,16.122,1.0,1.5,16.122
GTAIV.exe,1234,0x0,DXGI,0,0,0,Hardware: Legacy Flip,0,82.662828,0.5,16.102,1.0,1.5,16.102
GTAIV.exe,1234,0x0,DXGI,0,0,0,Hardware: Legacy Flip,0,82.678295,0.5,15.467,1.0,1.5,15.467
GTAIV.exe,1234,0x0,DXGI,0,0,0,Hardware: Legacy Flip,0,82.695428,0.5,17.133,1.0,1.5,17.133
GTAIV.exe,1234,0x0,DXGI,0,0,0,Hardware: Legacy Flip,0,82.710346,0.5,14.918,1.0,1.5,14.918
GTAIV.exe,1234,0x0,DXGI,0,0,0,Hardware: Legacy Flip,0,82.726031,0.5,15.685,1.0,1.5,15.685
GTAIV.exe,1234,0x0,DXGI,0,0,0,Hardware: Legacy Flip,0,82.741913,0.5,15.882,1.0,1.5,15.882
GTAIV.exe,1234,0x0,DXGI,0,0,0,Hardware: Legacy Flip,0,82.759081,0.5,17.168,1.0,1.5,17.168
GTAIV.exe,1234,0x0,DXGI,0,0,0,Hardware: Legacy Flip,0,82.773685,0.5,14.604,1.0,1.5,14.604
GTAIV.exe,1234,0x0,DXGI,0,0,0,Hardware: Legacy Flip,0,82.791420,0.5,17.735,1.0,1.5,17.735
GTAIV.exe,1234,0x0,DXGI,0,0,0,Hardware: Legacy Flip,0,82.810290,0.5,18.870,1.0,1.5,18.870
GTAIV.exe,1234,0x0,DXGI,0,0,0,Hardware: Legacy Flip,0,82.826028,0.5,15.738,1.0,1.5,15.738
GTAIV.exe,1234,0x0,DXGI,0,0,0,Hardware: Legacy Flip,0,82.845350,0.5,19.322,1.0,1.5,19.322
GTAIV.exe,1234,0x0,DXGI,0,0,0,Hardware: Legacy Flip,0,82.862250,0.5,16.900,1.0,1.5,16.900
GTAIV.exe,1234,0x0,DXGI,0,0,0,Hardware: Legacy Flip,0,82.878690,0.5,16.440,1.0,1.5,16.440
GTAIV.exe,1234,0x0,DXGI,0,0,0,Hardware: Legacy Flip,0,82.895945,0.5,17.255,1.0,1.5,17.255
GTAIV.exe,1234,0x0,DXGI,0,0,0,Hardware: Legacy Flip,0,82.912044,0.5,16.099,1.0,1.5,16.099
GTAIV.exe,1234,0x0,DXGI,0,0,0,Hardware: Legacy Flip,0,82.929960,0.5,17.916,1.0,1.5,17.916
GTAIV.exe,1234,0x0,DXGI,0,0,0,Hardware: Legacy Flip,0,82.946495,0.5,16.535,1.0,1.5,16.535
GTAIV.exe,1234,0x0,DXGI,0,0,0,Hardware: Legacy Flip,0,82.964256,0.5,17.761,1.0,1.5,17.761
GTAIV.exe,1234,0x0,DXGI,0,0,0,Hardware: Legacy Flip,0,82.979700,0.5,15.443,1.0,1.5,15.443
GTAIV.exe,1234,0x0,DXGI,0,0,0,Hardware: Legacy Flip,0,82.994267,0.5,14.568,1.0,1.5,14.568
GTAIV.exe,1234,0x0,DXGI,0,0,0,Hardware: Legacy Flip,0,83.011496,0.5,17.229,1.0,1.5,17.229
GTAIV.exe,1234,0x0,DXGI,0,0,0,Hardware: Legacy Flip,0,83.029383,0.5,17.887,1.0,1.5,17.887
GTAIV.exe,1234,0x0,DXGI,0,0,0,Hardware: Legacy Flip,0,83.045879,0.5,16.496,1.0,1.5,16.496
GTAIV.exe,1234,0x0,DXGI,0,0,0,Hardware: Legacy Flip,0,83.061862,0.5,15.983,1.0,1.5,15.983
GTAIV.exe,1234,0x0,DXGI,0,0,0,Hardware: Legacy Flip,0,83.079066,0.5,17.204,1.0,1.5,17.204
GTAIV.exe,1234,0x0,DXGI,0,0,0,Hardware: Legacy Flip,0,83.094692,0.5,15.626,1.0,1.5,15.626
GTAIV.exe,1234,0x0,DXGI,0,0,0,Hardware: Legacy Flip,0,83.110647,0.5,15.955,1.0,1.5,15.955
GTAIV.exe,1234,0x0,DXGI,0,0,0,Hardware: Legacy Flip,0,83.124911,0.5,14.264,1.0,1.5,14.264
GTAIV.exe,1234,0x0,DXGI,0,0,0,Hardware: Legacy Flip,0,83.142488,0.5,17.577,1.0,1.5,17.577
GTAIV.exe,1234,0x0,DXGI,0,0,0,Hardware: Legacy Flip,0,83.159402,0.5,16.914,1.0,1.5,16.914
GTAIV.exe,1234,0x0,DXGI,0,0,0,Hardware: Legacy Flip,0,83.175353,0.5,15.950,1.0,1.5,15.950
GTAIV.exe,1234,0x0,DXGI,0,0,0,Hardware: Legacy Flip,0,83.192311,0.5,16.958,1.0,1.5,16.958
GTAIV.exe,1234,0x0,DXGI,0,0,0,Hardware: Legacy Flip,0,83.207524,0.5,15.213,1.0,1.5,15.213
GTAIV.exe,1234,0x0,DXGI,0,0,0,Hardware: Legacy Flip,0,83.224330,0.5,16.807,1.0,1.5,16.807
GTAIV.exe,1234,0x0,DXGI,0,0,0,Hardware: Legacy Flip,0,83.241643,0.5,17.313,1.0,1.5,17.313
GTAIV.exe,1234,0x0,DXGI,0,0,0,Hardware: Legacy Flip,0,83.258014,0.5,16.371,1.0,1.5,16.371
GTAIV.exe,1234,0x0,DXGI,0,0,0,Hardware: Legacy Flip,0,83.274460,0.5,16.446,1.0,1.5,16.446
GTAIV.exe,1234,0x0,DXGI,0,0,0,Hardware: Legacy Flip,0,83.292667,0.5,18.207,1.0,1.5,18.207
GTAIV.exe,1234,0x0,DXGI,0,0,0,Hardware: Legacy Flip,0,83.309811,0.5,17.144,1.0,1.5,17.144
GTAIV.exe,1234,0x0,DXGI,0,0,0,Hardware: Legacy Flip,0,83.324879,0.5,15.068,1.0,1.5,15.068
GTAIV.exe,1234,0x0,DXGI,0,0,0,Hardware: Legacy Flip,0,83.341266,0.5,16.386,1.0,1.5,16.386
GTAIV.exe,1234,0x0,DXGI,0,0,0,Hardware: Legacy Flip,0,83.356685,0.5,15.419,1.0,1.5,15.419
GTAIV.exe,1234,0x0,DXGI,0,0,0,Hardware: Legacy Flip,0,83.372140,0.5,15.455,1.0,1.5,15.455
GTAIV.exe,1234,0x0,DXGI,0,0,0,Hardware: Legacy Flip,0,83.389017,0.5,16.877,1.0,1.5,16.877
GTAIV.exe,1234,0x0,DXGI,0,0,0,Hardware: Legacy Flip,0,83.404603,0.5,15.586,1.0,1.5,15.586
GTAIV.exe,1234,0x0,DXGI,0,0,0,Hardware: Legacy Flip,0,83.419516,0.5,14.914,1.0,1.5,14.914
GTAIV.exe,1234,0x0,DXGI,0,0,0,Hardware: Legacy Flip,0,83.435699,0.5,16.183,1.0,1.5,16.183
GTAIV.exe,1234,0x0,DXGI,0,0,0,Hardware: Legacy Flip,0,83.453195,0.5,17.496,1.0,1.5,17.496
GTAIV.exe,1234,0x0,DXGI,0,0,0,Hardware: Legacy Flip,0,83.468248,0.5,15.052,1.0,1.5,15.052
GTAIV.exe,1234,0x0,DXGI,0,0,0,Hardware: Legacy Flip,0,83.484452,0.5,16.204,1.0,1.5,16.204
GTAIV.exe,1234,0x0,DXGI,0,0,0,Hardware: Legacy Flip,0,83.501021,0.5,16.569,1.0,1.5,16.569
GTAIV.exe,1234,0x0,DXGI,0,0,0,Hardware: Legacy Flip,0,83.518659,0.5,17.638,1.0,1.5,17.638
GTAIV.exe,1234,0x0,DXGI,0,0,0,Hardware: Legacy Flip,0,83.535075,0.5,16.416,1.0,1.5,16.416
GTAIV.exe,1234,0x0,DXGI,0,0,0,Hardware: Legacy Flip,0,83.551655,0.5,16.579,1.0,1.5,16.579
GTAIV.exe,1234,0x0,DXGI,0,0,0,Hardware: Legacy Flip,0,83.570280,0.5,18.626,1.0,1.5,18.626
GTAIV.exe,1234,0x0,DXGI,0,0,0,Hardware: Legacy Flip,0,83.587797,0.5,17.516,1.0,1.5,17.516
GTAIV.exe,1234,0x0,DXGI,0,0,0,Hardware: Legacy Flip,0,83.605497,0.5,17.700,1.0,1.5,17.700
GTAIV.exe,1234,0x0,DXGI,0,0,0,Hardware: Legacy Flip,0,83.623773,0.5,18.276,1.0,1.5,18.276
GTAIV.exe,1234,0x0,DXGI,0,0,0,Hardware: Legacy Flip,0,83.641877,0.5,18.104,1.0,1.5,18.104
GTAIV.exe,1234,0x0,DXGI,0,0,0,Hardware: Legacy Flip,0,83.657963,0.5,16.085,1.0,1.5,16.085
GTAIV.exe,1234,0x0,DXGI,0,0,0,Hardware: Legacy Flip,0,83.676637,0.5,18.675,1.0,1.5,18.675
GTAIV.exe,1234,0x0,DXGI,0,0,0,Hardware: Legacy Flip,0,83.691870,0.5,15.233,1.0,1.5,15.233
GTAIV.exe,1234,0x0,DXGI,0,0,0,Hardware: Legacy Flip,0,83.710214,0.5,18.344,1.0,1.5,18.344
GTAIV.exe,1234,0x0,DXGI,0,0,0,Hardware: Legacy Flip,0,83.725767,0.5,15.552,1.0,1.5,15.552
GTAIV.exe,1234,0x0,DXGI,0,0,0,Hardware: Legacy Flip,0,83.741929,0.5,16.162,1.0,1.5,16.162
GTAIV.exe,1234,0x0,DXGI,0,0,0,Hardware: Legacy Flip,0,83.761183,0.5,19.254,1.0,1.5,19.254
GTAIV.exe,1234,0x0,DXGI,0,0,0,Hardware: Legacy Flip,0,83.776100,0.5,14.918,1.0,1.5,14.918
GTAIV.exe,1234,0x0,DXGI,0,0,0,Hardware: Legacy Flip,0,83.792568,0.5,16.468,1.0,1.5,16.468
GTAIV.exe,1234,0x0,DXGI,0,0,0,Hardware: Legacy Flip,0,83.810428,0.5,17.859,1.0,1.5,17.859
GTAIV.exe,1234,0x0,DXGI,0,0,0,Hardware: Legacy Flip,0,83.829168,0.5,18.740,1.0,1.5,18.740
GTAIV.exe,1234,0x0,DXGI,0,0,0,Hardware: Legacy Flip,0,83.845578,0.5,16.410,1.0,1.5,16.410
GTAIV.exe,1234,0x0,DXGI,0,0,0,Hardware: Legacy Flip,0,83.863171,0.5,17.593,1.0,1.5,17.593
GTAIV.exe,1234,0x0,DXGI,0,0,0,Hardware: Legacy Flip,0,83.880479,0.5,17.308,1.0,1.5,17.308
GTAIV.exe,1234,0x0,DXGI,0,0,0,Hardware: Legacy Flip,0,83.899568,0.5,19.088,1.0,1.5,19.088
GTAIV.exe,1234,0x0,DXGI,0,0,0,Hardware: Legacy Flip,0,83.915833,0.5,16.265,1.0,1.5,16.265
GTAIV.exe,1234,0x0,DXGI,0,0,0,Hardware: Legacy Flip,0,83.932734,0.5,16.901,1.0,1.5,16.901
GTAIV.exe,1234,0x0,DXGI,0,0,0,Hardware: Legacy Flip,0,83.949997,0.5,17.263,1.0,1.5,17.263
GTAIV.exe,1234,0x0,DXGI,0,0,0,Hardware: Legacy Flip,0,83.965943,0.5,15.945,1.0,1.5,15.945
GTAIV.exe,1234,0x0,DXGI,0,0,0,Hardware: Legacy Flip,0,83.983809,0.5,17.866,1.0,1.5,17.866
GTAIV.exe,1234,0x0,DXGI,0,0,0,Hardware: Legacy Flip,0,84.000458,0.5,16.649,1.0,1.5,16.649
GTAIV.exe,1234,0x0,DXGI,0,0,0,Hardware: Legacy Flip,0,84.017981,0.5,17.523,1.0,1.5,17.523
GTAIV.exe,1234,0x0,DXGI,0,0,0,Hardware: Legacy Flip,0,84.034155,0.5,16.174,1.0,1.5,16.174
GTAIV.exe,1234,0x0,DXGI,0,0,0,Hardware: Legacy Flip,0,84.050277,0.5,16.122,1.0,1.5,16.122
GTAIV.exe,1234,0x0,DXGI,0,0,0,Hardware: Legacy Flip,0,84.069050,0.5,18.772,1.0,1.5,18.772
GTAIV.exe,1234,0x0,DXGI,0,0,0,Hardware: Legacy Flip,0,84.084999,0.5,15.949,1.0,1.5,15.949
GTAIV.exe,1234,0x0,DXGI,0,0,0,Hardware: Legacy Flip,0,84.103150,0.5,18.152,1.0,1.5,18.152
GTAIV.exe,1234,0x0,DXGI,0,0,0,Hardware: Legacy Flip,0,84.119932,0.5,16.781,1.0,1.5,16.781
GTAIV.exe,1234,0x0,DXGI,0,0,0,Hardware: Legacy Flip,0,84.137355,0.5,17.423,1.0,1.5,17.423
GTAIV.exe,1234,0x0,DXGI,0,0,0,Hardware: Legacy Flip,0,84.151218,0.5,13.864,1.0,1.5,13.864
GTAIV.exe,1234,0x0,DXGI,0,0,0,Hardware: Legacy Flip,0,84.168623,0.5,17.405,1.0,1.5,17.405
GTAIV.exe,1234,0x0,DXGI,0,0,0,Hardware: Legacy Flip,0,84.184523,0.5,15.900,1.0,1.5,15.900
GTAIV.exe,1234,0x0,DXGI,0,0,0,Hardware: Legacy Flip,0,84.201889,0.5,17.366,1.0,1.5,17.366
GTAIV.exe,1234,0x0,DXGI,0,0,0,Hardware: Legacy Flip,0,84.218264,0.5,16.374,1.0,1.5,16.374
GTAIV.exe,1234,0x0,DXGI,0,0,0,Hardware: Legacy Flip,0,84.235595,0.5,17.332,1.0,1.5,17.332
GTAIV.exe,1234,0x0,DXGI,0,0,0,Hardware: Legacy Flip,0,84.253215,0.5,17.619,1.0,1.5,17.619
GTAIV.exe,1234,0x0,DXGI,0,0,0,Hardware: Legacy Flip,0,84.268812,0.5,15.597,1.0,1.5,15.597
GTAIV.exe,1234,0x0,DXGI,0,0,0,Hardware: Legacy Flip,0,84.286593,0.5,17.781,1.0,1.5,17.781
GTAIV.exe,1234,0x0,DXGI,0,0,0,Hardware: Legacy Flip,0,84.304563,0.5,17.970,1.0,1.5,17.970
GTAIV.exe,1234,0x0,DXGI,0,0,0,Hardware: Legacy Flip,0,84.320032,0.5,15.469,1.0,1.5,15.469
GTAIV.exe,1234,0x0,DXGI,0,0,0,Hardware: Legacy Flip,0,84.337243,0.5,17.211,1.0,1.5,17.211
GTAIV.exe,1234,0x0,DXGI,0,0,0,Hardware: Legacy Flip,0,84.354598,0.5,17.356,1.0,1.5,17.356
GTAIV.exe,1234,0x0,DXGI,0,0,0,Hardware: Legacy Flip,0,84.370774,0.5,16.176,1.0,1.5,16.176
GTAIV.exe,1234,0x0,DXGI,0,0,0,Hardware: Legacy Flip,0,84.387144,0.5,16.370,1.0,1.5,16.370
GTAIV.exe,1234,0x0,DXGI,0,0,0,Hardware: Legacy Flip,0,84.403092,0.5,15.948,1.0,1.5,15.948
GTAIV.exe,1234,0x0,DXGI,0,0,0,Hardware: Legacy Flip,0,84.420349,0.5,17.257,1.0,1.5,17.257
GTAIV.exe,1234,0x0,DXGI,0,0,0,Hardware: Legacy Flip,0,84.434951,0.5,14.602,1.0,1.5,14.602
GTAIV.exe,1234,0x0,DXGI,0,0,0,Hardware: Legacy Flip,0,84.450091,0.5,15.140,1.0,1.5,15.140
GTAIV.exe,1234,0x0,DXGI,0,0,0,Hardware: Legacy Flip,0,84.467823,0.5,17.732,1.0,1.5,17.732
GTAIV.exe,1234,0x0,DXGI,0,0,0,Hardware: Legacy Flip,0,84.484229,0.5,16.406,1.0,1.5,16.406
GTAIV.exe,1234,0x0,DXGI,0,0,0,Hardware: Legacy Flip,0,84.502024,0.5,17.795,1.0,1.5,17.795
GTAIV.exe,1234,0x0,DXGI,0,0,0,Hardware: Legacy Flip,0,84.519451,0.5,17.427,1.0,1.5,17.427
GTAIV.exe,1234,0x0,DXGI,0,0,0,Hardware: Legacy Flip,0,84.536868,0.5,17.417,1.0,1.5,17.417
GTAIV.exe,1234,0x0,DXGI,0,0,0,Hardware: Legacy Flip,0,84.554982,0.5,18.114,1.0,1.5,18.114
GTAIV.exe,1234,0x0,DXGI,0,0,0,Hardware: Legacy Flip,0,84.571860,0.5,16.878,1.0,1.5,16.878
GTAIV.exe,1234,0x0,DXGI,0,0,0,Hardware: Legacy Flip,0,84.587810,0.5,15.950,1.0,1.5,15.950
GTAIV.exe,1234,0x0,DXGI,0,0,0,Hardware: Legacy Flip,0,84.605865,0.5,18.055,1.0,1.5,18.055
GTAIV.exe,1234,0x0,DXGI,0,0,0,Hardware: Legacy Flip,0,84.623105,0.5,17.240,1.0,1.5,17.240
GTAIV.exe,1234,0x0,DXGI,0,0,0,Hardware: Legacy Flip,0,84.640436,0.5,17.331,1.0,1.5,17.331
GTAIV.exe,1234,0x0,DXGI,0,0,0,Hardware: Legacy Flip,0,84.656879,0.5,16.443,1.0,1.5,16.443
GTAIV.exe,1234,0x0,DXGI,0,0,0,Hardware: Legacy Flip,0,84.674843,0.5,17.964,1.0,1.5,17.964
GTAIV.exe,1234,0x0,DXGI,0,0,0,Hardware: Legacy Flip,0,84.690257,0.5,15.414,1.0,1.5,15.414
GTAIV.exe,1234,0x0,DXGI,0,0,0,Hardware: Legacy Flip,0,84.707003,0.5,16.746,1.0,1.5,16.746
GTAIV.exe,1234,0x0,DXGI,0,0,0,Hardware: Legacy Flip,0,84.723334,0.5,16.331,1.0,1.5,16.331
GTAIV.exe,1234,0x0,DXGI,0,0,0,Hardware: Legacy Flip,0,84.739284,0.5,15.950,1.0,1.5,15.950
GTAIV.exe,1234,0x0,DXGI,0,0,0,Hardware: Legacy Flip,0,84.756655,0.5,17.371,1.0,1.5,17.371
GTAIV.exe,1234,0x0,DXGI,0,0,0,Hardware: Legacy Flip,0,84.773571,0.5,16.915,1.0,1.5,16.915
GTAIV.exe,1234,0x0,DXGI,0,0,0,Hardware: Legacy Flip,0,84.790244,0.5,16.673,1.0,1.5,16.673
GTAIV.exe,1234,0x0,DXGI,0,0,0,Hardware: Legacy Flip,0,84.808706,0.5,18.462,1.0,1.5,18.462
GTAIV.exe,1234,0x0,DXGI,0,0,0,Hardware: Legacy Flip,0,84.823232,0.5,14.526,1.0,1.5,14.526
GTAIV.exe,1234,0x0,DXGI,0,0,0,Hardware: Legacy Flip,0,84.837971,0.5,14.739,1.0,1.5,14.739
GTAIV.exe,1234,0x0,DXGI,0,0,0,Hardware: Legacy Flip,0,84.855023,0.5,17.052,1.0,1.5,17.052
GTAIV.exe,1234,0x0,DXGI,0,0,0,Hardware: Legacy Flip,0,84.870815,0.5,15.792,1.0,1.5,15.792
GTAIV.exe,1234,0x0,DXGI,0,0,0,Hardware: Legacy Flip,0,84.886688,0.5,15.873,1.0,1.5,15.873
GTAIV.exe,1234,0x0,DXGI,0,0,0,Hardware: Legacy Flip,0,84.902196,0.5,15.508,1.0,1.5,15.508
GTAIV.exe,1234,0x0,DXGI,0,0,0,Hardware: Legacy Flip,0,84.917999,0.5,15.803,1.0,1.5,15.803
GTAIV.exe,1234,0x0,DXGI,0,0,0,Hardware: Legacy Flip,0,84.935734,0.5,17.735,1.0,1.5,17.735
GTAIV.exe,1234,0x0,DXGI,0,0,0,Hardware: Legacy Flip,0,84.952610,0.5,16.876,1.0,1.5,16.876
GTAIV.exe,1234,0x0,DXGI,0,0,0,Hardware: Legacy Flip,0,84.970129,0.5,17.519,1.0,1.5,17.519
GTAIV.exe,1234,0x0,DXGI,0,0,0,Hardware: Legacy Flip,0,84.985657,0.5,15.528,1.0,1.5,15.528
GTAIV.exe,1234,0x0,DXGI,0,0,0,Hardware: Legacy Flip,0,85.003784,0.5,18.127,1.0,1.5,18.127
GTAIV.exe,1234,0x0,DXGI,0,0,0,Hardware: Legacy Flip,0,85.020653,0.5,16.868,1.0,1.5,16.868
GTAIV.exe,1234,0x0,DXGI,0,0,0,Hardware: Legacy Flip,0,85.036013,0.5,15.361,1.0,1.5,15.361
GTAIV.exe,1234,0x0,DXGI,0,0,0,Hardware: Legacy Flip,0,85.051077,0.5,15.064,1.0,1.5,15.064
GTAIV.exe,1234,0x0,DXGI,0,0,0,Hardware: Legacy Flip,0,85.070409,0.5,19.332,1.0,1.5,19.332
GTAIV.exe,1234,0x0,DXGI,0,0,0,Hardware: Legacy Flip,0,85.087909,0.5,17.501,1.0,1.5,17.501
GTAIV.exe,1234,0x0,DXGI,0,0,0,Hardware: Legacy Flip,0,85.105952,0.5,18.042,1.0,1.5,18.042
GTAIV.exe,1234,0x0,DXGI,0,0,0,Hardware: Legacy Flip,0,85.121545,0.5,15.593,1.0,1.5,15.593
GTAIV.exe,1234,0x0,DXGI,0,0,0,Hardware: Legacy Flip,0,85.138645,0.5,17.100,1.0,1.5,17.100
GTAIV.exe,1234,0x0,DXGI,0,0,0,Hardware: Legacy Flip,0,85.155942,0.5,17.297,1.0,1.5,17.297
GTAIV.exe,1234,0x0,DXGI,0,0,0,Hardware: Legacy Flip,0,85.172610,0.5,16.668,1.0,1.5,16.668
GTAIV.exe,1234,0x0,DXGI,0,0,0,Hardware: Legacy Flip,0,85.189681,0.5,17.071,1.0,1.5,17.071
GTAIV.exe,1234,0x0,DXGI,0,0,0,Hardware: Legacy Flip,0,85.204254,0.5,14.573,1.0,1.5,14.573
GTAIV.exe,1234,0x0,DXGI,0,0,0,Hardware: Legacy Flip,0,85.220969,0.5,16.715,1.0,1.5,16.715
GTAIV.exe,1234,0x0,DXGI,0,0,0,Hardware: Legacy Flip,0,85.238283,0.5,17.315,1.0,1.5,17.315
GTAIV.exe,1234,0x0,DXGI,0,0,0,Hardware: Legacy Flip,0,85.254461,0.5,16.178,1.0,1.5,16.178
GTAIV.exe,1234,0x0,DXGI,0,0,0,Hardware: Legacy Flip,0,85.272211,0.5,17.749,1.0,1.5,17.749
GTAIV.exe,1234,0x0,DXGI,0,0,0,Hardware: Legacy Flip,0,85.289407,0.5,17.197,1.0,1.5,17.197
GTAIV.exe,1234,0x0,DXGI,0,0,0,Hardware: Legacy Flip,0,85.302961,0.5,13.554,1.0,1.5,13.554
GTAIV.exe,1234,0x0,DXGI,0,0,0,Hardware: Legacy Flip,0,85.319076,0.5,16.116,1.0,1.5,16.116
GTAIV.exe,1234,0x0,DXGI,0,0,0,Hardware: Legacy Flip,0,85.336256,0.5,17.179,1.0,1.5,17.179
GTAIV.exe,1234,0x0,DXGI,0,0,0,Hardware: Legacy Flip,0,85.352404,0.5,16.148,1.0,1.5,16.148
GTAIV.exe,1234,0x0,DXGI,0,0,0,Hardware: Legacy Flip,0,85.368964,0.5,16.560,1.0,1.5,16.560
GTAIV.exe,1234,0x0,DXGI,0,0,0,Hardware: Legacy Flip,0,85.385643,0.5,16.680,1.0,1.5,16.680
GTAIV.exe,1234,0x0,DXGI,0,0,0,Hardware: Legacy Flip,0,85.401883,0.5,16.240,1.0,1.5,16.240
GTAIV.exe,1234,0x0,DXGI,0,0,0,Hardware: Legacy Flip,0,85.420081,0.5,18.198,1.0,1.5,18.198
GTAIV.exe,1234,0x0,DXGI,0,0,0,Hardware: Legacy Flip,0,85.437232,0.5,17.151,1.0,1.5,17.151
GTAIV.exe,1234,0x0,DXGI,0,0,0,Hardware: Legacy Flip,0,85.452421,0.5,15.188,1.0,1.5,15.188
GTAIV.exe,1234,0x0,DXGI,0,0,0,Hardware: Legacy Flip,0,85.470147,0.5,17.727,1.0,1.5,17.727
GTAIV.exe,1234,0x0,DXGI,0,0,0,Hardware: Legacy Flip,0,85.487373,0.5,17.225,1.0,1.5,17.225
GTAIV.exe,1234,0x0,DXGI,0,0,0,Hardware: Legacy Flip,0,85.503589,0.5,16.216,1.0,1.5,16.216
GTAIV.exe,1234,0x0,DXGI,0,0,0,Hardware: Legacy Flip,0,85.520880,0.5,17.291,1.0,1.5,17.291
GTAIV.exe,1234,0x0,DXGI,0,0,0,Hardware: Legacy Flip,0,85.538052,0.5,17.172,1.0,1.5,17.172
GTAIV.exe,1234,0x0,DXGI,0,0,0,Hardware: Legacy Flip,0,85.555855,0.5,17.803,1.0,1.5,17.803
GTAIV.exe,1234,0x0,DXGI,0,0,0,Hardware: Legacy Flip,0,85.575318,0.5,19.463,1.0,1.5,19.463
GTAIV.exe,1234,0x0,DXGI,0,0,0,Hardware: Legacy Flip,0,85.590682,0.5,15.364,1.0,1.5,15.364
GTAIV.exe,1234,0x0,DXGI,0,0,0,Hardware: Legacy Flip,0,85.608495,0.5,17.813,1.0,1.5,17.813
GTAIV.exe,1234,0x0,DXGI,0,0,0,Hardware: Legacy Flip,0,85.624659,0.5,16.164,1.0,1.5,16.164
GTAIV.exe,1234,0x0,DXGI,0,0,0,Hardware: Legacy Flip,0,85.642194,0.5,17.535,1.0,1.5,17.535
GTAIV.exe,1234,0x0,DXGI,0,0,0,Hardware: Legacy Flip,0,85.657677,0.5,15.483,1.0,1.5,15.483
GTAIV.exe,1234,0x0,DXGI,0,0,0,Hardware: Legacy Flip,0,85.673844,0.5,16.167,1.0,1.5,16.167
GTAIV.exe,1234,0x0,DXGI,0,0,0,Hardware: Legacy Flip,0,85.689176,0.5,15.332,1.0,1.5,15.332
GTAIV.exe,1234,0x0,DXGI,0,0,0,Hardware: Legacy Flip,0,85.707008,0.5,17.832,1.0,1.5,17.832
GTAIV.exe,1234,0x0,DXGI,0,0,0,Hardware: Legacy Flip,0,85.723959,0.5,16.952,1.0,1.5,16.952
GTAIV.exe,1234,0x0,DXGI,0,0,0,Hardware: Legacy Flip,0,85.741225,0.5,17.265,1.0,1.5,17.265
GTAIV.exe,1234,0x0,DXGI,0,0,0,Hardware: Legacy Flip,0,85.757901,0.5,16.676,1.0,1.5,16.676
GTAIV.exe,1234,0x0,DXGI,0,0,0,Hardware: Legacy Flip,0,85.773404,0.5,15.503,1.0,1.5,15.503
GTAIV.exe,1234,0x0,DXGI,0,0,0,Hardware: Legacy Flip,0,85.790057,0.5,16.653,1.0,1.5,16.653
GTAIV.exe,1234,0x0,DXGI,0,0,0,Hardware: Legacy Flip,0,85.806835,0.5,16.778,1.0,1.5,16.778
GTAIV.exe,1234,0x0,DXGI,0,0,0,Hardware: Legacy Flip,0,85.822759,0.5,15.924,1.0,1.5,15.924
GTAIV.exe,1234,0x0,DXGI,0,0,0,Hardware: Legacy Flip,0,85.839099,0.5,16.340,1.0,1.5,16.340
GTAIV.exe,1234,0x0,DXGI,0,0,0,Hardware: Legacy Flip,0,85.856352,0.5,17.253,1.0,1.5,17.253
GTAIV.exe,1234,0x0,DXGI,0,0,0,Hardware: Legacy Flip,0,85.874233,0.5,17.881,1.0,1.5,17.881
GTAIV.exe,1234,0x0,DXGI,0,0,0,Hardware: Legacy Flip,0,85.888427,0.5,14.194,1.0,1.5,14.194
GTAIV.exe,1234,0x0,DXGI,0,0,0,Hardware: Legacy Flip,0,85.903552,0.5,15.125,1.0,1.5,15.125
GTAIV.exe,1234,0x0,DXGI,0,0,0,Hardware: Legacy Flip,0,85.920874,0.5,17.322,1.0,1.5,17.322
GTAIV.exe,1234,0x0,DXGI,0,0,0,Hardware: Legacy Flip,0,85.936694,0.5,15.820,1.0,1.5,15.820
GTAIV.exe,1234,0x0,DXGI,0,0,0,Hardware: Legacy Flip,0,85.951793,0.5,15.099,1.0,1.5,15.099
GTAIV.exe,1234,0x0,DXGI,0,0,0,Hardware: Legacy Flip,0,85.966179,0.5,14.386,1.0,1.5,14.386
GTAIV.exe,1234,0x0,DXGI,0,0,0,Hardware: Legacy Flip,0,85.983797,0.5,17.617,1.0,1.5,17.617
GTAIV.exe,1234,0x0,DXGI,0,0,0,Hardware: Legacy Flip,0,86.000957,0.5,17.160,1.0,1.5,17.160
GTAIV.exe,1234,0x0,DXGI,0,0,0,Hardware: Legacy Flip,0,86.017367,0.5,16.411,1.0,1.5,16.411
GTAIV.exe,1234,0x0,DXGI,0,0,0,Hardware: Legacy Flip,0,86.034075,0.5,16.708,1.0,1.5,16.708
GTAIV.exe,1234,0x0,DXGI,0,0,0,Hardware: Legacy Flip,0,86.049645,0.5,15.570,1.0,1.5,15.570
GTAIV.exe,1234,0x0,DXGI,0,0,0,Hardware: Legacy Flip,0,86.066151,0.5,16.506,1.0,1.5,16.506
GTAIV.exe,1234,0x0,DXGI,0,0,0,Hardware: Legacy Flip,0,86.082747,0.5,16.596,1.0,1.5,16.596
GTAIV.exe,1234,0x0,DXGI,0,0,0,Hardware: Legacy Flip,0,86.098616,0.5,15.869,1.0,1.5,15.869
GTAIV.exe,1234,0x0,DXGI,0,0,0,Hardware: Legacy Flip,0,86.115562,0.5,16.945,1.0,1.5,16.945
GTAIV.exe,1234,0x0,DXGI,0,0,0,Hardware: Legacy Flip,0,86.131993,0.5,16.432,1.0,1.5,16.432
GTAIV.exe,1234,0x0,DXGI,0,0,0,Hardware: Legacy Flip,0,86.149158,0.5,17.165,1.0,1.5,17.165
GTAIV.exe,1234,0x0,DXGI,0,0,0,Hardware: Legacy Flip,0,86.165423,0.5,16.265,1.0,1.5,16.265
GTAIV.exe,1234,0x0,DXGI,0,0,0,Hardware: Legacy Flip,0,86.183341,0.5,17.919,1.0,1.5,17.919
GTAIV.exe,1234,0x0,DXGI,0,0,0,Hardware: Legacy Flip,0,86.201514,0.5,18.173,1.0,1.5,18.173
GTAIV.exe,1234,0x0,DXGI,0,0,0,Hardware: Legacy Flip,0,86.217929,0.5,16.415,1.0,1.5,16.415
GTAIV.exe,1234,0x0,DXGI,0,0,0,Hardware: Legacy Flip,0,86.234135,0.5,16.207,1.0,1.5,16.207
GTAIV.exe,1234,0x0,DXGI,0,0,0,Hardware: Legacy Flip,0,86.250720,0.5,16.585,1.0,1.5,16.585
GTAIV.exe,1234,0x0,DXGI,0,0,0,Hardware: Legacy Flip,0,86.265345,0.5,14.624,1.0,1.5,14.624
GTAIV.exe,1234,0x0,DXGI,0,0,0,Hardware: Legacy Flip,0,86.283811,0.5,18.466,1.0,1.5,18.466
GTAIV.exe,1234,0x0,DXGI,0,0,0,Hardware: Legacy Flip,0,86.298590,0.5,14.779,1.0,1.5,14.779
GTAIV.exe,1234,0x0,DXGI,0,0,0,Hardware: Legacy Flip,0,86.313300,0.5,14.710,1.0,1.5,14.710
GTAIV.exe,1234,0x0,DXGI,0,0,0,Hardware: Legacy Flip,0,86.329460,0.5,16.160,1.0,1.5,16.160
GTAIV.exe,1234,0x0,DXGI,0,0,0,Hardware: Legacy Flip,0,86.346701,0.5,17.241,1.0,1.5,17.241
GTAIV.exe,1234,0x0,DXGI,0,0,0,Hardware: Legacy Flip,0,86.362999,0.5,16.298,1.0,1.5,16.298
GTAIV.exe,1234,0x0,DXGI,0,0,0,Hardware: Legacy Flip,0,86.377514,0.5,14.515,1.0,1.5,14.515
GTAIV.exe,1234,0x0,DXGI,0,0,0,Hardware: Legacy Flip,0,86.394189,0.5,16.675,1.0,1.5,16.675
GTAIV.exe,1234,0x0,DXGI,0,0,0,Hardware: Legacy Flip,0,86.411352,0.5,17.163,1.0,1.5,17.163
GTAIV.exe,1234,0x0,DXGI,0,0,0,Hardware: Legacy Flip,0,86.427381,0.5,16.029,1.0,1.5,16.029
GTAIV.exe,1234,0x0,DXGI,0,0,0,Hardware: Legacy Flip,0,86.444321,0.5,16.940,1.0,1.5,16.940
GTAIV.exe,1234,0x0,DXGI,0,0,0,Hardware: Legacy Flip,0,86.461983,0.5,17.662,1.0,1.5,17.662
GTAIV.exe,1234,0x0,DXGI,0,0,0,Hardware: Legacy Flip,0,86.477920,0.5,15.937,1.0,1.5,15.937
GTAIV.exe,1234,0x0,DXGI,0,0,0,Hardware: Legacy Flip,0,86.494528,0.5,16.608,1.0,1.5,16.608
GTAIV.exe,1234,0x0,DXGI,0,0,0,Hardware: Legacy Flip,0,86.511943,0.5,17.415,1.0,1.5,17.415
GTAIV.exe,1234,0x0,DXGI,0,0,0,Hardware: Legacy Flip,0,86.528156,0.5,16.214,1.0,1.5,16.214
GTAIV.exe,1234,0x0,DXGI,0,0,0,Hardware: Legacy Flip,0,86.542810,0.5,14.654,1.0,1.5,14.654
GTAIV.exe,1234,0x0,DXGI,0,0,0,Hardware: Legacy Flip,0,86.557873,0.5,15.063,1.0,1.5,15.063
GTAIV.exe,1234,0x0,DXGI,0,0,0,Hardware: Legacy Flip,0,86.575116,0.5,17.243,1.0,1.5,17.243
GTAIV.exe,1234,0x0,DXGI,0,0,0,Hardware: Legacy Flip,0,86.591732,0.5,16.616,1.0,1.5,16.616
GTAIV.exe,1234,0x0,DXGI,0,0,0,Hardware: Legacy Flip,0,86.606305,0.5,14.573,1.0,1.5,14.573
GTAIV.exe,1234,0x0,DXGI,0,0,0,Hardware: Legacy Flip,0,86.621782,0.5,15.476,1.0,1.5,15.476
GTAIV.exe,1234,0x0,DXGI,0,0,0,Hardware: Legacy Flip,0,86.638774,0.5,16.993,1.0,1.5,16.993
GTAIV.exe,1234,0x0,DXGI,0,0,0,Hardware: Legacy Flip,0,86.654421,0.5,15.647,1.0,1.5,15.647
GTAIV.exe,1234,0x0,DXGI,0,0,0,Hardware: Legacy Flip,0,86.670865,0.5,16.444,1.0,1.5,16.444
GTAIV.exe,1234,0x0,DXGI,0,0,0,Hardware: Legacy Flip,0,86.687285,0.5,16.420,1.0,1.5,16.420
GTAIV.exe,1234,0x0,DXGI,0,0,0,Hardware: Legacy Flip,0,86.705816,0.5,18.531,1.0,1.5,18.531
GTAIV.exe,1234,0x0,DXGI,0,0,0,Hardware: Legacy Flip,0,86.723298,0.5,17.482,1.0,1.5,17.482
GTAIV.exe,1234,0x0,DXGI,0,0,0,Hardware: Legacy Flip,0,86.739888,0.5,16.590,1.0,1.5,16.590
GTAIV.exe,1234,0x0,DXGI,0,0,0,Hardware: Legacy Flip,0,86.755015,0.5,15.127,1.0,1.5,15.127
GTAIV.exe,1234,0x0,DXGI,0,0,0,Hardware: Legacy Flip,0,86.771446,0.5,16.431,1.0,1.5,16.431
GTAIV.exe,1234,0x0,DXGI,0,0,0,Hardware: Legacy Flip,0,86.787648,0.5,16.202,1.0,1.5,16.202
GTAIV.exe,1234,0x0,DXGI,0,0,0,Hardware: Legacy Flip,0,86.804648,0.5,17.000,1.0,1.5,17.000
GTAIV.exe,1234,0x0,DXGI,0,0,0,Hardware: Legacy Flip,0,86.822044,0.5,17.396,1.0,1.5,17.396
GTAIV.exe,1234,0x0,DXGI,0,0,0,Hardware: Legacy Flip,0,86.838695,0.5,16.651,1.0,1.5,16.651
GTAIV.exe,1234,0x0,DXGI,0,0,0,Hardware: Legacy Flip,0,86.855210,0.5,16.515,1.0,1.5,16.515
GTAIV.exe,1234,0x0,DXGI,0,0,0,Hardware: Legacy Flip,0,86.872338,0.5,17.128,1.0,1.5,17.128
GTAIV.exe,1234,0x0,DXGI,0,0,0,Hardware: Legacy Flip,0,86.890356,0.5,18.017,1.0,1.5,18.017
GTAIV.exe,1234,0x0,DXGI,0,0,0,Hardware: Legacy Flip,0,86.907722,0.5,17.367,1.0,1.5,17.367
GTAIV.exe,1234,0x0,DXGI,0,0,0,Hardware: Legacy Flip,0,86.923847,0.5,16.125,1.0,1.5,16.125
GTAIV.exe,1234,0x0,DXGI,0,0,0,Hardware: Legacy Flip,0,86.939327,0.5,15.480,1.0,1.5,15.480
GTAIV.exe,1234,0x0,DXGI,0,0,0,Hardware: Legacy Flip,0,86.956186,0.5,16.859,1.0,1.5,16.859
GTAIV.exe,1234,0x0,DXGI,0,0,0,Hardware: Legacy Flip,0,86.972576,0.5,16.391,1.0,1.5,16.391
GTAIV.exe,1234,0x0,DXGI,0,0,0,Hardware: Legacy Flip,0,86.989992,0.5,17.416,1.0,1.5,17.416
GTAIV.exe,1234,0x0,DXGI,0,0,0,Hardware: Legacy Flip,0,87.005329,0.5,15.337,1.0,1.5,15.337
GTAIV.exe,1234,0x0,DXGI,0,0,0,Hardware: Legacy Flip,0,87.023791,0.5,18.462,1.0,1.5,18.462
GTAIV.exe,1234,0x0,DXGI,0,0,0,Hardware: Legacy Flip,0,87.041312,0.5,17.521,1.0,1.5,17.521
GTAIV.exe,1234,0x0,DXGI,0,0,0,Hardware: Legacy Flip,0,87.058315,0.5,17.002,1.0,1.5,17.002
GTAIV.exe,1234,0x0,DXGI,0,0,0,Hardware: Legacy Flip,0,87.075062,0.5,16.747,1.0,1.5,16.747
GTAIV.exe,1234,0x0,DXGI,0,0,0,Hardware: Legacy Flip,0,87.092634,0.5,17.572,1.0,1.5,17.572
GTAIV.exe,1234,0x0,DXGI,0,0,0,Hardware: Legacy Flip,0,87.108473,0.5,15.839,1.0,1.5,15.839
GTAIV.exe,1234,0x0,DXGI,0,0,0,Hardware: Legacy Flip,0,87.126735,0.5,18.261,1.0,1.5,18.261
GTAIV.exe,1234,0x0,DXGI,0,0,0,Hardware: Legacy Flip,0,87.142993,0.5,16.258,1.0,1.5,16.258
GTAIV.exe,1234,0x0,DXGI,0,0,0,Hardware: Legacy Flip,0,87.160166,0.5,17.173,1.0,1.5,17.173
GTAIV.exe,1234,0x0,DXGI,0,0,0,Hardware: Legacy Flip,0,87.176370,0.5,16.204,1.0,1.5,16.204
GTAIV.exe,1234,0x0,DXGI,0,0,0,Hardware: Legacy Flip,0,87.193080,0.5,16.710,1.0,1.5,16.710
GTAIV.exe,1234,0x0,DXGI,0,0,0,Hardware: Legacy Flip,0,87.209098,0.5,16.018,1.0,1.5,16.018
GTAIV.exe,1234,0x0,DXGI,0,0,0,Hardware: Legacy Flip,0,87.226268,0.5,17.170,1.0,1.5,17.170
GTAIV.exe,1234,0x0,DXGI,0,0,0,Hardware: Legacy Flip,0,87.244631,0.5,18.363,1.0,1.5,18.363
GTAIV.exe,1234,0x0,DXGI,0,0,0,Hardware: Legacy Flip,0,87.262304,0.5,17.673,1.0,1.5,17.673
GTAIV.exe,1234,0x0,DXGI,0,0,0,Hardware: Legacy Flip,0,87.278283,0.5,15.979,1.0,1.5,15.979
GTAIV.exe,1234,0x0,DXGI,0,0,0,Hardware: Legacy Flip,0,87.294359,0.5,16.076,1.0,1.5,16.076
GTAIV.exe,1234,0x0,DXGI,0,0,0,Hardware: Legacy Flip,0,87.311411,0.5,17.052,1.0,1.5,17.052
GTAIV.exe,1234,0x0,DXGI,0,0,0,Hardware: Legacy Flip,0,87.327388,0.5,15.977,1.0,1.5,15.977
GTAIV.exe,1234,0x0,DXGI,0,0,0,Hardware: Legacy Flip,0,87.342646,0.5,15.258,1.0,1.5,15.258
GTAIV.exe,1234,0x0,DXGI,0,0,0,Hardware: Legacy Flip,0,87.359281,0.5,16.635,1.0,1.5,16.635
GTAIV.exe,1234,0x0,DXGI,0,0,0,Hardware: Legacy Flip,0,87.376825,0.5,17.544,1.0,1.5,17.544
GTAIV.exe,1234,0x0,DXGI,0,0,0,Hardware: Legacy Flip,0,87.395029,0.5,18.204,1.0,1.5,18.204
GTAIV.exe,1234,0x0,DXGI,0,0,0,Hardware: Legacy Flip,0,87.410958,0.5,15.929,1.0,1.5,15.929
GTAIV.exe,1234,0x0,DXGI,0,0,0,Hardware: Legacy Flip,0,87.427905,0.5,16.947,1.0,1.5,16.947
GTAIV.exe,1234,0x0,DXGI,0,0,0,Hardware: Legacy Flip,0,87.446776,0.5,18.870,1.0,1.5,18.870
GTAIV.exe,1234,0x0,DXGI,0,0,0,Hardware: Legacy Flip,0,87.463821,0.5,17.045,1.0,1.5,17.045
GTAIV.exe,1234,0x0,DXGI,0,0,0,Hardware: Legacy Flip,0,87.478445,0.5,14.624,1.0,1.5,14.624
GTAIV.exe,1234,0x0,DXGI,0,0,0,Hardware: Legacy Flip,0,87.494988,0.5,16.543,1.0,1.5,16.543
GTAIV.exe,1234,0x0,DXGI,0,0,0,Hardware: Legacy Flip,0,87.512077,0.5,17.089,1.0,1.5,17.089
GTAIV.exe,1234,0x0,DXGI,0,0,0,Hardware: Legacy Flip,0,87.528185,0.5,16.108,1.0,1.5,16.108
GTAIV.exe,1234,0x0,DXGI,0,0,0,Hardware: Legacy Flip,0,87.546072,0.5,17.887,1.0,1.5,17.887
GTAIV.exe,1234,0x0,DXGI,0,0,0,Hardware: Legacy Flip,0,87.563119,0.5,17.046,1.0,1.5,17.046
GTAIV.exe,1234,0x0,DXGI,0,0,0,Hardware: Legacy Flip,0,87.580130,0.5,17.011,1.0,1.5,17.011
GTAIV.exe,1234,0x0,DXGI,0,0,0,Hardware: Legacy Flip,0,87.595583,0.5,15.453,1.0,1.5,15.453
GTAIV.exe,1234,0x0,DXGI,0,0,0,Hardware: Legacy Flip,0,87.612048,0.5,16.466,1.0,1.5,16.466
GTAIV.exe,1234,0x0,DXGI,0,0,0,Hardware: Legacy Flip,0,87.629354,0.5,17.306,1.0,1.5,17.306
GTAIV.exe,1234,0x0,DXGI,0,0,0,Hardware: Legacy Flip,0,87.646899,0.5,17.545,1.0,1.5,17.545
GTAIV.exe,1234,0x0,DXGI,0,0,0,Hardware: Legacy Flip,0,87.664158,0.5,17.258,1.0,1.5,17.258
GTAIV.exe,1234,0x0,DXGI,0,0,0,Hardware: Legacy Flip,0,87.681405,0.5,17.247,1.0,1.5,17.247
GTAIV.exe,1234,0x0,DXGI,0,0,0,Hardware: Legacy Flip,0,87.697772,0.5,16.367,1.0,1.5,16.367
GTAIV.exe,1234,0x0,DXGI,0,0,0,Hardware: Legacy Flip,0,87.713086,0.5,15.314,1.0,1.5,15.314
GTAIV.exe,1234,0x0,DXGI,0,0,0,Hardware: Legacy Flip,0,87.727631,0.5,14.545,1.0,1.5,14.545
GTAIV.exe,1234,0x0,DXGI,0,0,0,Hardware: Legacy Flip,0,87.746238,0.5,18.606,1.0,1.5,18.606
GTAIV.exe,1234,0x0,DXGI,0,0,0,Hardware: Legacy Flip,0,87.763347,0.5,17.109,1.0,1.5,17.109
GTAIV.exe,1234,0x0,DXGI,0,0,0,Hardware: Legacy Flip,0,87.780950,0.5,17.603,1.0,1.5,17.603
GTAIV.exe,1234,0x0,DXGI,0,0,0,Hardware: Legacy Flip,0,87.797452,0.5,16.502,1.0,1.5,16.502
GTAIV.exe,1234,0x0,DXGI,0,0,0,Hardware: Legacy Flip,0,87.816415,0.5,18.963,1.0,1.5,18.963
GTAIV.exe,1234,0x0,DXGI,0,0,0,Hardware: Legacy Flip,0,87.832527,0.5,16.112,1.0,1.5,16.112
GTAIV.exe,1234,0x0,DXGI,0,0,0,Hardware: Legacy Flip,0,87.848992,0.5,16.465,1.0,1.5,16.465
GTAIV.exe,1234,0x0,DXGI,0,0,0,Hardware: Legacy Flip,0,87.866021,0.5,17.029,1.0,1.5,17.029
GTAIV.exe,1234,0x0,DXGI,0,0,0,Hardware: Legacy Flip,0,87.882201,0.5,16.179,1.0,1.5,16.179
GTAIV.exe,1234,0x0,DXGI,0,0,0,Hardware: Legacy Flip,0,87.897299,0.5,15.098,1.0,1.5,15.098
GTAIV.exe,1234,0x0,DXGI,0,0,0,Hardware: Legacy Flip,0,87.914605,0.5,17.306,1.0,1.5,17.306
GTAIV.exe,1234,0x0,DXGI,0,0,0,Hardware: Legacy Flip,0,87.930863,0.5,16.259,1.0,1.5,16.259
GTAIV.exe,1234,0x0,DXGI,0,0,0,Hardware: Legacy Flip,0,87.947122,0.5,16.259,1.0,1.5,16.259
GTAIV.exe,1234,0x0,DXGI,0,0,0,Hardware: Legacy Flip,0,87.963431,0.5,16.309,1.0,1.5,16.309
GTAIV.exe,1234,0x0,DXGI,0,0,0,Hardware: Legacy Flip,0,87.982270,0.5,18.839,1.0,1.5,18.839
GTAIV.exe,1234,0x0,DXGI,0,0,0,Hardware: Legacy Flip,0,87.997563,0.5,15.293,1.0,1.5,15.293
GTAIV.exe,1234,0x0,DXGI,0,0,0,Hardware: Legacy Flip,0,88.014794,0.5,17.232,1.0,1.5,17.232
GTAIV.exe,1234,0x0,DXGI,0,0,0,Hardware: Legacy Flip,0,88.030162,0.5,15.367,1.0,1.5,15.367
GTAIV.exe,1234,0x0,DXGI,0,0,0,Hardware: Legacy Flip,0,88.044840,0.5,14.678,1.0,1.5,14.678
GTAIV.exe,1234,0x0,DXGI,0,0,0,Hardware: Legacy Flip,0,88.062244,0.5,17.404,1.0,1.5,17.404
GTAIV.exe,1234,0x0,DXGI,0,0,0,Hardware: Legacy Flip,0,88.079360,0.5,17.116,1.0,1.5,17.116
GTAIV.exe,1234,0x0,DXGI,0,0,0,Hardware: Legacy Flip,0,88.094385,0.5,15.025,1.0,1.5,15.025
GTAIV.exe,1234,0x0,DXGI,0,0,0,Hardware: Legacy Flip,0,88.110168,0.5,15.783,1.0,1.5,15.783
GTAIV.exe,1234,0x0,DXGI,0,0,0,Hardware: Legacy Flip,0,88.126316,0.5,16.148,1.0,1.5,16.148
GTAIV.exe,1234,0x0,DXGI,0,0,0,Hardware: Legacy Flip,0,88.142265,0.5,15.949,1.0,1.5,15.949
GTAIV.exe,1234,0x0,DXGI,0,0,0,Hardware: Legacy Flip,0,88.157898,0.5,15.633,1.0,1.5,15.633
GTAIV.exe,1234,0x0,DXGI,0,0,0,Hardware: Legacy Flip,0,88.174940,0.5,17.042,1.0,1.5,17.042
GTAIV.exe,1234,0x0,DXGI,0,0,0,Hardware: Legacy Flip,0,88.191983,0.5,17.043,1.0,1.5,17.043
GTAIV.exe,1234,0x0,DXGI,0,0,0,Hardware: Legacy Flip,0,88.207484,0.5,15.501,1.0,1.5,15.501
GTAIV.exe,1234,0x0,DXGI,0,0,0,Hardware: Legacy Flip,0,88.225947,0.5,18.463,1.0,1.5,18.463
GTAIV.exe,1234,0x0,DXGI,0,0,0,Hardware: Legacy Flip,0,88.243548,0.5,17.601,1.0,1.5,17.601
GTAIV.exe,1234,0x0,DXGI,0,0,0,Hardware: Legacy Flip,0,88.259944,0.5,16.396,1.0,1.5,16.396
GTAIV.exe,1234,0x0,DXGI,0,0,0,Hardware: Legacy Flip,0,88.277605,0.5,17.661,1.0,1.5,17.661
GTAIV.exe,1234,0x0,DXGI,0,0,0,Hardware: Legacy Flip,0,88.292585,0.5,14.980,1.0,1.5,14.980
GTAIV.exe,1234,0x0,DXGI,0,0,0,Hardware: Legacy Flip,0,88.307917,0.5,15.331,1.0,1.5,15.331
GTAIV.exe,1234,0x0,DXGI,0,0,0,Hardware: Legacy Flip,0,88.323914,0.5,15.998,1.0,1.5,15.998
GTAIV.exe,1234,0x0,DXGI,0,0,0,Hardware: Legacy Flip,0,88.339538,0.5,15.624,1.0,1.5,15.624
GTAIV.exe,1234,0x0,DXGI,0,0,0,Hardware: Legacy Flip,0,88.356912,0.5,17.374,1.0,1.5,17.374
GTAIV.exe,1234,0x0,DXGI,0,0,0,Hardware: Legacy Flip,0,88.374087,0.5,17.175,1.0,1.5,17.175
GTAIV.exe,1234,0x0,DXGI,0,0,0,Hardware: Legacy Flip,0,88.388972,0.5,14.885,1.0,1.5,14.885
GTAIV.exe,1234,0x0,DXGI,0,0,0,Hardware: Legacy Flip,0,88.404939,0.5,15.967,1.0,1.5,15.967
GTAIV.exe,1234,0x0,DXGI,0,0,0,Hardware: Legacy Flip,0,88.420450,0.5,15.511,1.0,1.5,15.511
GTAIV.exe,1234,0x0,DXGI,0,0,0,Hardware: Legacy Flip,0,88.437964,0.5,17.514,1.0,1.5,17.514
GTAIV.exe,1234,0x0,DXGI,0,0,0,Hardware: Legacy Flip,0,88.456357,0.5,18.393,1.0,1.5,18.393
GTAIV.exe,1234,0x0,DXGI,0,0,0,Hardware: Legacy Flip,0,88.474015,0.5,17.658,1.0,1.5,17.658
GTAIV.exe,1234,0x0,DXGI,0,0,0,Hardware: Legacy Flip,0,88.491646,0.5,17.630,1.0,1.5,17.630
GTAIV.exe,1234,0x0,DXGI,0,0,0,Hardware: Legacy Flip,0,88.508378,0.5,16.733,1.0,1.5,16.733
GTAIV.exe,1234,0x0,DXGI,0,0,0,Hardware: Legacy Flip,0,88.524646,0.5,16.268,1.0,1.5,16.268
GTAIV.exe,1234,0x0,DXGI,0,0,0,Hardware: Legacy Flip,0,88.543107,0.5,18.461,1.0,1.5,18.461
GTAIV.exe,1234,0x0,DXGI,0,0,0,Hardware: Legacy Flip,0,88.558936,0.5,15.828,1.0,1.5,15.828
GTAIV.exe,1234,0x0,DXGI,0,0,0,Hardware: Legacy Flip,0,88.574760,0.5,15.824,1.0,1.5,15.824
GTAIV.exe,1234,0x0,DXGI,0,0,0,Hardware: Legacy Flip,0,88.592785,0.5,18.025,1.0,1.5,18.025
GTAIV.exe,1234,0x0,DXGI,0,0,0,Hardware: Legacy Flip,0,88.608545,0.5,15.761,1.0,1.5,15.761
GTAIV.exe,1234,0x0,DXGI,0,0,0,Hardware: Legacy Flip,0,88.624465,0.5,15.919,1.0,1.5,15.919
GTAIV.exe,1234,0x0,DXGI,0,0,0,Hardware: Legacy Flip,0,88.641589,0.5,17.124,1.0,1.5,17.124
GTAIV.exe,1234,0x0,DXGI,0,0,0,Hardware: Legacy Flip,0,88.659435,0.5,17.846,1.0,1.5,17.846
GTAIV.exe,1234,0x0,DXGI,0,0,0,Hardware: Legacy Flip,0,88.675102,0.5,15.666,1.0,1.5,15.666
GTAIV.exe,1234,0x0,DXGI,0,0,0,Hardware: Legacy Flip,0,88.691446,0.5,16.345,1.0,1.5,16.345
GTAIV.exe,1234,0x0,DXGI,0,0,0,Hardware: Legacy Flip,0,88.708001,0.5,16.554,1.0,1.5,16.554
GTAIV.exe,1234,0x0,DXGI,0,0,0,Hardware: Legacy Flip,0,88.724297,0.5,16.296,1.0,1.5,16.296
GTAIV.exe,1234,0x0,DXGI,0,0,0,Hardware: Legacy Flip,0,88.740152,0.5,15.855,1.0,1.5,15.855
GTAIV.exe,1234,0x0,DXGI,0,0,0,Hardware: Legacy Flip,0,88.756698,0.5,16.546,1.0,1.5,16.546
GTAIV.exe,1234,0x0,DXGI,0,0,0,Hardware: Legacy Flip,0,88.773392,0.5,16.694,1.0,1.5,16.694
GTAIV.exe,1234,0x0,DXGI,0,0,0,Hardware: Legacy Flip,0,88.789216,0.5,15.824,1.0,1.5,15.824
GTAIV.exe,1234,0x0,DXGI,0,0,0,Hardware: Legacy Flip,0,88.805403,0.5,16.187,1.0,1.5,16.187
GTAIV.exe,1234,0x0,DXGI,0,0,0,Hardware: Legacy Flip,0,88.820320,0.5,14.918,1.0,1.5,14.918
GTAIV.exe,1234,0x0,DXGI,0,0,0,Hardware: Legacy Flip,0,88.837427,0.5,17.107,1.0,1.5,17.107
GTAIV.exe,1234,0x0,DXGI,0,0,0,Hardware: Legacy Flip,0,88.855807,0.5,18.379,1.0,1.5,18.379
GTAIV.exe,1234,0x0,DXGI,0,0,0,Hardware: Legacy Flip,0,88.874476,0.5,18.669,1.0,1.5,18.669
GTAIV.exe,1234,0x0,DXGI,0,0,0,Hardware: Legacy Flip,0,88.892515,0.5,18.039,1.0,1.5,18.039
GTAIV.exe,1234,0x0,DXGI,0,0,0,Hardware: Legacy Flip,0,88.909466,0.5,16.951,1.0,1.5,16.951
GTAIV.exe,1234,0x0,DXGI,0,0,0,Hardware: Legacy Flip,0,88.926155,0.5,16.689,1.0,1.5,16.689
GTAIV.exe,1234,0x0,DXGI,0,0,0,Hardware: Legacy Flip,0,88.943005,0.5,16.850,1.0,1.5,16.850
GTAIV.exe,1234,0x0,DXGI,0,0,0,Hardware: Legacy Flip,0,88.958626,0.5,15.621,1.0,1.5,15.621
GTAIV.exe,1234,0x0,DXGI,0,0,0,Hardware: Legacy Flip,0,88.976266,0.5,17.640,1.0,1.5,17.640
GTAIV.exe,1234,0x0,DXGI,0,0,0,Hardware: Legacy Flip,0,88.993648,0.5,17.383,1.0,1.5,17.383
GTAIV.exe,1234,0x0,DXGI,0,0,0,Hardware: Legacy Flip,0,89.012431,0.5,18.783,1.0,1.5,18.783
GTAIV.exe,1234,0x0,DXGI,0,0,0,Hardware: Legacy Flip,0,89.027502,0.5,15.071,1.0,1.5,15.071
GTAIV.exe,1234,0x0,DXGI,0,0,0,Hardware: Legacy Flip,0,89.044057,0.5,16.555,1.0,1.5,16.555
GTAIV.exe,1234,0x0,DXGI,0,0,0,Hardware: Legacy Flip,0,89.060234,0.5,16.177,1.0,1.5,16.177
GTAIV.exe,1234,0x0,DXGI,0,0,0,Hardware: Legacy Flip,0,89.078278,0.5,18.044,1.0,1.5,18.044
GTAIV.exe,1234,0x0,DXGI,0,0,0,Hardware: Legacy Flip,0,89.096530,0.5,18.252,1.0,1.5,18.252
GTAIV.exe,1234,0x0,DXGI,0,0,0,Hardware: Legacy Flip,0,89.113671,0.5,17.140,1.0,1.5,17.140
GTAIV.exe,1234,0x0,DXGI,0,0,0,Hardware: Legacy Flip,0,89.129846,0.5,16.176,1.0,1.5,16.176
GTAIV.exe,1234,0x0,DXGI,0,0,0,Hardware: Legacy Flip,0,89.147500,0.5,17.654,1.0,1.5,17.654
GTAIV.exe,1234,0x0,DXGI,0,0,0,Hardware: Legacy Flip,0,89.165510,0.5,18.010,1.0,1.5,18.010
GTAIV.exe,1234,0x0,DXGI,0,0,0,Hardware: Legacy Flip,0,89.182792,0.5,17.282,1.0,1.5,17.282
GTAIV.exe,1234,0x0,DXGI,0,0,0,Hardware: Legacy Flip,0,89.199792,0.5,17.000,1.0,1.5,17.000
GTAIV.exe,1234,0x0,DXGI,0,0,0,Hardware: Legacy Flip,0,89.216490,0.5,16.697,1.0,1.5,16.697
GTAIV.exe,1234,0x0,DXGI,0,0,0,Hardware: Legacy Flip,0,89.232884,0.5,16.394,1.0,1.5,16.394
GTAIV.exe,1234,0x0,DXGI,0,0,0,Hardware: Legacy Flip,0,89.248959,0.5,16.075,1.0,1.5,16.075
GTAIV.exe,1234,0x0,DXGI,0,0,0,Hardware: Legacy Flip,0,89.264193,0.5,15.234,1.0,1.5,15.234
GTAIV.exe,1234,0x0,DXGI,0,0,0,Hardware: Legacy Flip,0,89.279349,0.5,15.156,1.0,1.5,15.156
GTAIV.exe,1234,0x0,DXGI,0,0,0,Hardware: Legacy Flip,0,89.294688,0.5,15.338,1.0,1.5,15.338
GTAIV.exe,1234,0x0,DXGI,0,0,0,Hardware: Legacy Flip,0,89.313053,0.5,18.365,1.0,1.5,18.365
GTAIV.exe,1234,0x0,DXGI,0,0,0,Hardware: Legacy Flip,0,89.328499,0.5,15.447,1.0,1.5,15.447
GTAIV.exe,1234,0x0,DXGI,0,0,0,Hardware: Legacy Flip,0,89.346368,0.5,17.869,1.0,1.5,17.869
GTAIV.exe,1234,0x0,DXGI,0,0,0,Hardware: Legacy Flip,0,89.361928,0.5,15.560,1.0,1.5,15.560
GTAIV.exe,1234,0x0,DXGI,0,0,0,Hardware: Legacy Flip,0,89.378484,0.5,16.556,1.0,1.5,16.556
GTAIV.exe,1234,0x0,DXGI,0,0,0,Hardware: Legacy Flip,0,89.394774,0.5,16.290,1.0,1.5,16.290
GTAIV.exe,1234,0x0,DXGI,0,0,0,Hardware: Legacy Flip,0,89.411229,0.5,16.456,1.0,1.5,16.456
GTAIV.exe,1234,0x0,DXGI,0,0,0,Hardware: Legacy Flip,0,89.425038,0.5,13.809,1.0,1.5,13.809
GTAIV.exe,1234,0x0,DXGI,0,0,0,Hardware: Legacy Flip,0,89.439781,0.5,14.743,1.0,1.5,14.743
GTAIV.exe,1234,0x0,DXGI,0,0,0,Hardware: Legacy Flip,0,89.457079,0.5,17.298,1.0,1.5,17.298
GTAIV.exe,1234,0x0,DXGI,0,0,0,Hardware: Legacy Flip,0,89.473409,0.5,16.330,1.0,1.5,16.330
GTAIV.exe,1234,0x0,DXGI,0,0,0,Hardware: Legacy Flip,0,89.491463,0.5,18.054,1.0,1.5,18.054
GTAIV.exe,1234,0x0,DXGI,0,0,0,Hardware: Legacy Flip,0,89.507510,0.5,16.047,1.0,1.5,16.047
GTAIV.exe,1234,0x0,DXGI,0,0,0,Hardware: Legacy Flip,0,89.521186,0.5,13.676,1.0,1.5,13.676
GTAIV.exe,1234,0x0,DXGI,0,0,0,Hardware: Legacy Flip,0,89.538840,0.5,17.653,1.0,1.5,17.653
GTAIV.exe,1234,0x0,DXGI,0,0,0,Hardware: Legacy Flip,0,89.555072,0.5,16.232,1.0,1.5,16.232
GTAIV.exe,1234,0x0,DXGI,0,0,0,Hardware: Legacy Flip,0,89.570381,0.5,15.309,1.0,1.5,15.309
GTAIV.exe,1234,0x0,DXGI,0,0,0,Hardware: Legacy Flip,0,89.586006,0.5,15.625,1.0,1.5,15.625
GTAIV.exe,1234,0x0,DXGI,0,0,0,Hardware: Legacy Flip,0,89.604999,0.5,18.994,1.0,1.5,18.994
GTAIV.exe,1234,0x0,DXGI,0,0,0,Hardware: Legacy Flip,0,89.621591,0.5,16.592,1.0,1.5,16.592
GTAIV.exe,1234,0x0,DXGI,0,0,0,Hardware: Legacy Flip,0,89.637485,0.5,15.893,1.0,1.5,15.893
GTAIV.exe,1234,0x0,DXGI,0,0,0,Hardware: Legacy Flip,0,89.653740,0.5,16.255,1.0,1.5,16.255
GTAIV.exe,1234,0x0,DXGI,0,0,0,Hardware: Legacy Flip,0,89.668210,0.5,14.470,1.0,1.5,14.470
GTAIV.exe,1234,0x0,DXGI,0,0,0,Hardware: Legacy Flip,0,89.684605,0.5,16.395,1.0,1.5,16.395
GTAIV.exe,1234,0x0,DXGI,0,0,0,Hardware: Legacy Flip,0,89.699676,0.5,15.071,1.0,1.5,15.071
GTAIV.exe,1234,0x0,DXGI,0,0,0,Hardware: Legacy Flip,0,89.716459,0.5,16.784,1.0,1.5,16.784
GTAIV.exe,1234,0x0,DXGI,0,0,0,Hardware: Legacy Flip,0,89.732464,0.5,16.005,1.0,1.5,16.005
GTAIV.exe,1234,0x0,DXGI,0,0,0,Hardware: Legacy Flip,0,89.748503,0.5,16.039,1.0,1.5,16.039
GTAIV.exe,1234,0x0,DXGI,0,0,0,Hardware: Legacy Flip,0,89.763908,0.5,15.405,1.0,1.5,15.405
GTAIV.exe,1234,0x0,DXGI,0,0,0,Hardware: Legacy Flip,0,89.779537,0.5,15.629,1.0,1.5,15.629
GTAIV.exe,1234,0x0,DXGI,0,0,0,Hardware: Legacy Flip,0,89.798214,0.5,18.677,1.0,1.5,18.677
GTAIV.exe,1234,0x0,DXGI,0,0,0,Hardware: Legacy Flip,0,89.813802,0.5,15.587,1.0,1.5,15.587
GTAIV.exe,1234,0x0,DXGI,0,0,0,Hardware: Legacy Flip,0,89.830205,0.5,16.404,1.0,1.5,16.404
GTAIV.exe,1234,0x0,DXGI,0,0,0,Hardware: Legacy Flip,0,89.846590,0.5,16.384,1.0,1.5,16.384
GTAIV.exe,1234,0x0,DXGI,0,0,0,Hardware: Legacy Flip,0,89.863021,0.5,16.431,1.0,1.5,16.431
GTAIV.exe,1234,0x0,DXGI,0,0,0,Hardware: Legacy Flip,0,89.881216,0.5,18.195,1.0,1.5,18.195
GTAIV.exe,1234,0x0,DXGI,0,0,0,Hardware: Legacy Flip,0,89.897585,0.5,16.368,1.0,1.5,16.368
GTAIV.exe,1234,0x0,DXGI,0,0,0,Hardware: Legacy Flip,0,89.914658,0.5,17.073,1.0,1.5,17.073
GTAIV.exe,1234,0x0,DXGI,0,0,0,Hardware: Legacy Flip,0,89.932148,0.5,17.490,1.0,1.5,17.490
GTAIV.exe,1234,0x0,DXGI,0,0,0,Hardware: Legacy Flip,0,89.949461,0.5,17.314,1.0,1.5,17.314
GTAIV.exe,1234,0x0,DXGI,0,0,0,Hardware: Legacy Flip,0,89.966218,0.5,16.757,1.0,1.5,16.757
GTAIV.exe,1234,0x0,DXGI,0,0,0,Hardware: Legacy Flip,0,89.982366,0.5,16.148,1.0,1.5,16.148
GTAIV.exe,1234,0x0,DXGI,0,0,0,Hardware: Legacy Flip,0,90.000068,0.5,17.702,1.0,1.5,17.702
GTAIV.exe,1234,0x0,DXGI,0,0,0,Hardware: Legacy Flip,0,90.018436,0.5,18.368,1.0,1.5,18.368
GTAIV.exe,1234,0x0,DXGI,0,0,0,Hardware: Legacy Flip,0,90.035254,0.5,16.818,1.0,1.5,16.818
GTAIV.exe,1234,0x0,DXGI,0,0,0,Hardware: Legacy Flip,0,90.052526,0.5,17.272,1.0,1.5,17.272
GTAIV.exe,1234,0x0,DXGI,0,0,0,Hardware: Legacy Flip,0,90.068866,0.5,16.340,1.0,1.5,16.340
GTAIV.exe,1234,0x0,DXGI,0,0,0,Hardware: Legacy Flip,0,90.085589,0.5,16.723,1.0,1.5,16.723
GTAIV.exe,1234,0x0,DXGI,0,0,0,Hardware: Legacy Flip,0,90.102284,0.5,16.696,1.0,1.5,16.696
GTAIV.exe,1234,0x0,DXGI,0,0,0,Hardware: Legacy Flip,0,90.118423,0.5,16.139,1.0,1.5,16.139
GTAIV.exe,1234,0x0,DXGI,0,0,0,Hardware: Legacy Flip,0,90.134324,0.5,15.901,1.0,1.5,15.901
GTAIV.exe,1234,0x0,DXGI,0,0,0,Hardware: Legacy Flip,0,90.152507,0.5,18.183,1.0,1.5,18.183
GTAIV.exe,1234,0x0,DXGI,0,0,0,Hardware: Legacy Flip,0,90.168244,0.5,15.737,1.0,1.5,15.737
GTAIV.exe,1234,0x0,DXGI,0,0,0,Hardware: Legacy Flip,0,90.184364,0.5,16.120,1.0,1.5,16.120
GTAIV.exe,1234,0x0,DXGI,0,0,0,Hardware: Legacy Flip,0,90.199964,0.5,15.600,1.0,1.5,15.600
GTAIV.exe,1234,0x0,DXGI,0,0,0,Hardware: Legacy Flip,0,90.217620,0.5,17.656,1.0,1.5,17.656
GTAIV.exe,1234,0x0,DXGI,0,0,0,Hardware: Legacy Flip,0,90.236148,0.5,18.527,1.0,1.5,18.527
GTAIV.exe,1234,0x0,DXGI,0,0,0,Hardware: Legacy Flip,0,90.253368,0.5,17.220,1.0,1.5,17.220
GTAIV.exe,1234,0x0,DXGI,0,0,0,Hardware: Legacy Flip,0,90.269063,0.5,15.694,1.0,1.5,15.694
GTAIV.exe,1234,0x0,DXGI,0,0,0,Hardware: Legacy Flip,0,90.286450,0.5,17.388,1.0,1.5,17.388
GTAIV.exe,1234,0x0,DXGI,0,0,0,Hardware: Legacy Flip,0,90.302484,0.5,16.034,1.0,1.5,16.034
GTAIV.exe,1234,0x0,DXGI,0,0,0,Hardware: Legacy Flip,0,90.320403,0.5,17.919,1.0,1.5,17.919
GTAIV.exe,1234,0x0,DXGI,0,0,0,Hardware: Legacy Flip,0,90.338603,0.5,18.200,1.0,1.5,18.200
GTAIV.exe,1234,0x0,DXGI,0,0,0,Hardware: Legacy Flip,0,90.355042,0.5,16.439,1.0,1.5,16.439
GTAIV.exe,1234,0x0,DXGI,0,0,0,Hardware: Legacy Flip,0,90.370359,0.5,15.317,1.0,1.5,15.317
GTAIV.exe,1234,0x0,DXGI,0,0,0,Hardware: Legacy Flip,0,90.389799,0.5,19.440,1.0,1.5,19.440
GTAIV.exe,1234,0x0,DXGI,0,0,0,Hardware: Legacy Flip,0,90.407330,0.5,17.531,1.0,1.5,17.531
GTAIV.exe,1234,0x0,DXGI,0,0,0,Hardware: Legacy Flip,0,90.423456,0.5,16.126,1.0,1.5,16.126
GTAIV.exe,1234,0x0,DXGI,0,0,0,Hardware: Legacy Flip,0,90.440477,0.5,17.021,1.0,1.5,17.021
GTAIV.exe,1234,0x0,DXGI,0,0,0,Hardware: Legacy Flip,0,90.457629,0.5,17.152,1.0,1.5,17.152
GTAIV.exe,1234,0x0,DXGI,0,0,0,Hardware: Legacy Flip,0,90.475187,0.5,17.558,1.0,1.5,17.558
GTAIV.exe,1234,0x0,DXGI,0,0,0,Hardware: Legacy Flip,0,90.491601,0.5,16.414,1.0,1.5,16.414
GTAIV.exe,1234,0x0,DXGI,0,0,0,Hardware: Legacy Flip,0,90.508024,0.5,16.423,1.0,1.5,16.423
GTAIV.exe,1234,0x0,DXGI,0,0,0,Hardware: Legacy Flip,0,90.524641,0.5,16.617,1.0,1.5,16.617
GTAIV.exe,1234,0x0,DXGI,0,0,0,Hardware: Legacy Flip,0,90.541773,0.5,17.132,1.0,1.5,17.132
GTAIV.exe,1234,0x0,DXGI,0,0,0,Hardware: Legacy Flip,0,90.559014,0.5,17.242,1.0,1.5,17.242
GTAIV.exe,1234,0x0,DXGI,0,0,0,Hardware: Legacy Flip,0,90.576862,0.5,17.847,1.0,1.5,17.847
GTAIV.exe,1234,0x0,DXGI,0,0,0,Hardware: Legacy Flip,0,90.591880,0.5,15.018,1.0,1.5,15.018
GTAIV.exe,1234,0x0,DXGI,0,0,0,Hardware: Legacy Flip,0,90.608331,0.5,16.452,1.0,1.5,16.452
GTAIV.exe,1234,0x0,DXGI,0,0,0,Hardware: Legacy Flip,0,90.624323,0.5,15.991,1.0,1.5,15.991
GTAIV.exe,1234,0x0,DXGI,0,0,0,Hardware: Legacy Flip,0,90.641127,0.5,16.804,1.0,1.5,16.804
GTAIV.exe,1234,0x0,DXGI,0,0,0,Hardware: Legacy Flip,0,90.657983,0.5,16.856,1.0,1.5,16.856
GTAIV.exe,1234,0x0,DXGI,0,0,0,Hardware: Legacy Flip,0,90.674480,0.5,16.498,1.0,1.5,16.498
GTAIV.exe,1234,0x0,DXGI,0,0,0,Hardware: Legacy Flip,0,90.691151,0.5,16.671,1.0,1.5,16.671
GTAIV.exe,1234,0x0,DXGI,0,0,0,Hardware: Legacy Flip,0,90.707624,0.5,16.473,1.0,1.5,16.473
GTAIV.exe,1234,0x0,DXGI,0,0,0,Hardware: Legacy Flip,0,90.723229,0.5,15.605,1.0,1.5,15.605
GTAIV.exe,1234,0x0,DXGI,0,0,0,Hardware: Legacy Flip,0,90.740117,0.5,16.888,1.0,1.5,16.888
GTAIV.exe,1234,0x0,DXGI,0,0,0,Hardware: Legacy Flip,0,90.757010,0.5,16.893,1.0,1.5,16.893
GTAIV.exe,1234,0x0,DXGI,0,0,0,Hardware: Legacy Flip,0,90.774784,0.5,17.774,1.0,1.5,17.774
GTAIV.exe,1234,0x0,DXGI,0,0,0,Hardware: Legacy Flip,0,90.791823,0.5,17.039,1.0,1.5,17.039
GTAIV.exe,1234,0x0,DXGI,0,0,0,Hardware: Legacy Flip,0,90.809007,0.5,17.184,1.0,1.5,17.184
GTAIV.exe,1234,0x0,DXGI,0,0,0,Hardware: Legacy Flip,0,90.825737,0.5,16.730,1.0,1.5,16.730
GTAIV.exe,1234,0x0,DXGI,0,0,0,Hardware: Legacy Flip,0,90.840977,0.5,15.240,1.0,1.5,15.240
GTAIV.exe,1234,0x0,DXGI,0,0,0,Hardware: Legacy Flip,0,90.856945,0.5,15.968,1.0,1.5,15.968
GTAIV.exe,1234,0x0,DXGI,0,0,0,Hardware: Legacy Flip,0,90.872875,0.5,15.930,1.0,1.5,15.930
GTAIV.exe,1234,0x0,DXGI,0,0,0,Hardware: Legacy Flip,0,90.891387,0.5,18.512,1.0,1.5,18.512
GTAIV.exe,1234,0x0,DXGI,0,0,0,Hardware: Legacy Flip,0,90.908599,0.5,17.212,1.0,1.5,17.212
GTAIV.exe,1234,0x0,DXGI,0,0,0,Hardware: Legacy Flip,0,90.925177,0.5,16.578,1.0,1.5,16.578
GTAIV.exe,1234,0x0,DXGI,0,0,0,Hardware: Legacy Flip,0,90.940651,0.5,15.474,1.0,1.5,15.474
GTAIV.exe,1234,0x0,DXGI,0,0,0,Hardware: Legacy Flip,0,90.957141,0.5,16.490,1.0,1.5,16.490
GTAIV.exe,1234,0x0,DXGI,0,0,0,Hardware: Legacy Flip,0,90.972591,0.5,15.451,1.0,1.5,15.451
GTAIV.exe,1234,0x0,DXGI,0,0,0,Hardware: Legacy Flip,0,90.987395,0.5,14.803,1.0,1.5,14.803
GTAIV.exe,1234,0x0,DXGI,0,0,0,Hardware: Legacy Flip,0,91.003882,0.5,16.487,1.0,1.5,16.487
GTAIV.exe,1234,0x0,DXGI,0,0,0,Hardware: Legacy Flip,0,91.019464,0.5,15.583,1.0,1.5,15.583
GTAIV.exe,1234,0x0,DXGI,0,0,0,Hardware: Legacy Flip,0,91.037238,0.5,17.773,1.0,1.5,17.773
GTAIV.exe,1234,0x0,DXGI,0,0,0,Hardware: Legacy Flip,0,91.055065,0.5,17.827,1.0,1.5,17.827
GTAIV.exe,1234,0x0,DXGI,0,0,0,Hardware: Legacy Flip,0,91.073515,0.5,18.451,1.0,1.5,18.451
GTAIV.exe,1234,0x0,DXGI,0,0,0,Hardware: Legacy Flip,0,91.090810,0.5,17.295,1.0,1.5,17.295
GTAIV.exe,1234,0x0,DXGI,0,0,0,Hardware: Legacy Flip,0,91.106848,0.5,16.038,1.0,1.5,16.038
GTAIV.exe,1234,0x0,DXGI,0,0,0,Hardware: Legacy Flip,0,91.124664,0.5,17.816,1.0,1.5,17.816
GTAIV.exe,1234,0x0,DXGI,0,0,0,Hardware: Legacy Flip,0,91.141868,0.5,17.204,1.0,1.5,17.204
GTAIV.exe,1234,0x0,DXGI,0,0,0,Hardware: Legacy Flip,0,91.160148,0.5,18.280,1.0,1.5,18.280
GTAIV.exe,1234,0x0,DXGI,0,0,0,Hardware: Legacy Flip,0,91.176518,0.5,16.370,1.0,1.5,16.370
GTAIV.exe,1234,0x0,DXGI,0,0,0,Hardware: Legacy Flip,0,91.190748,0.5,14.230,1.0,1.5,14.230
GTAIV.exe,1234,0x0,DXGI,0,0,0,Hardware: Legacy Flip,0,91.208644,0.5,17.896,1.0,1.5,17.896
GTAIV.exe,1234,0x0,DXGI,0,0,0,Hardware: Legacy Flip,0,91.224781,0.5,16.137,1.0,1.5,16.137
GTAIV.exe,1234,0x0,DXGI,0,0,0,Hardware: Legacy Flip,0,91.241994,0.5,17.213,1.0,1.5,17.213
GTAIV.exe,1234,0x0,DXGI,0,0,0,Hardware: Legacy Flip,0,91.258489,0.5,16.495,1.0,1.5,16.495
GTAIV.exe,1234,0x0,DXGI,0,0,0,Hardware: Legacy Flip,0,91.276021,0.5,17.532,1.0,1.5,17.532
GTAIV.exe,1234,0x0,DXGI,0,0,0,Hardware: Legacy Flip,0,91.293433,0.5,17.412,1.0,1.5,17.412
GTAIV.exe,1234,0x0,DXGI,0,0,0,Hardware: Legacy Flip,0,91.308873,0.5,15.439,1.0,1.5,15.439
GTAIV.exe,1234,0x0,DXGI,0,0,0,Hardware: Legacy Flip,0,91.323866,0.5,14.994,1.0,1.5,14.994
GTAIV.exe,1234,0x0,DXGI,0,0,0,Hardware: Legacy Flip,0,91.340029,0.5,16.162,1.0,1.5,16.162
GTAIV.exe,1234,0x0,DXGI,0,0,0,Hardware: Legacy Flip,0,91.355165,0.5,15.136,1.0,1.5,15.136
GTAIV.exe,1234,0x0,DXGI,0,0,0,Hardware: Legacy Flip,0,91.371737,0.5,16.572,1.0,1.5,16.572
GTAIV.exe,1234,0x0,DXGI,0,0,0,Hardware: Legacy Flip,0,91.387437,0.5,15.700,1.0,1.5,15.700
GTAIV.exe,1234,0x0,DXGI,0,0,0,Hardware: Legacy Flip,0,91.406018,0.5,18.581,1.0,1.5,18.581
GTAIV.exe,1234,0x0,DXGI,0,0,0,Hardware: Legacy Flip,0,91.423810,0.5,17.792,1.0,1.5,17.792
GTAIV.exe,1234,0x0,DXGI,0,0,0,Hardware: Legacy Flip,0,91.441023,0.5,17.213,1.0,1.5,17.213
GTAIV.exe,1234,0x0,DXGI,0,0,0,Hardware: Legacy Flip,0,91.458495,0.5,17.472,1.0,1.5,17.472
GTAIV.exe,1234,0x0,DXGI,0,0,0,Hardware: Legacy Flip,0,91.476320,0.5,17.825,1.0,1.5,17.825
GTAIV.exe,1234,0x0,DXGI,0,0,0,Hardware: Legacy Flip,0,91.494702,0.5,18.382,1.0,1.5,18.382
GTAIV.exe,1234,0x0,DXGI,0,0,0,Hardware: Legacy Flip,0,91.511506,0.5,16.804,1.0,1.5,16.804
GTAIV.exe,1234,0x0,DXGI,0,0,0,Hardware: Legacy Flip,0,91.527118,0.5,15.612,1.0,1.5,15.612
GTAIV.exe,1234,0x0,DXGI,0,0,0,Hardware: Legacy Flip,0,91.544103,0.5,16.986,1.0,1.5,16.986
GTAIV.exe,1234,0x0,DXGI,0,0,0,Hardware: Legacy Flip,0,91.559682,0.5,15.579,1.0,1.5,15.579
GTAIV.exe,1234,0x0,DXGI,0,0,0,Hardware: Legacy Flip,0,91.576069,0.5,16.387,1.0,1.5,16.387
GTAIV.exe,1234,0x0,DXGI,0,0,0,Hardware: Legacy Flip,0,91.591638,0.5,15.568,1.0,1.5,15.568
GTAIV.exe,1234,0x0,DXGI,0,0,0,Hardware: Legacy Flip,0,91.606568,0.5,14.930,1.0,1.5,14.930
GTAIV.exe,1234,0x0,DXGI,0,0,0,Hardware: Legacy Flip,0,91.624103,0.5,17.535,1.0,1.5,17.535
GTAIV.exe,1234,0x0,DXGI,0,0,0,Hardware: Legacy Flip,0,91.639622,0.5,15.519,1.0,1.5,15.519
GTAIV.exe,1234,0x0,DXGI,0,0,0,Hardware: Legacy Flip,0,91.658014,0.5,18.392,1.0,1.5,18.392
GTAIV.exe,1234,0x0,DXGI,0,0,0,Hardware: Legacy Flip,0,91.675744,0.5,17.730,1.0,1.5,17.730
GTAIV.exe,1234,0x0,DXGI,0,0,0,Hardware: Legacy Flip,0,91.692438,0.5,16.693,1.0,1.5,16.693
GTAIV.exe,1234,0x0,DXGI,0,0,0,Hardware: Legacy Flip,0,91.707828,0.5,15.390,1.0,1.5,15.390
GTAIV.exe,1234,0x0,DXGI,0,0,0,Hardware: Legacy Flip,0,91.724347,0.5,16.520,1.0,1.5,16.520
GTAIV.exe,1234,0x0,DXGI,0,0,0,Hardware: Legacy Flip,0,91.741339,0.5,16.992,1.0,1.5,16.992
GTAIV.exe,1234,0x0,DXGI,0,0,0,Hardware: Legacy Flip,0,91.757625,0.5,16.286,1.0,1.5,16.286
GTAIV.exe,1234,0x0,DXGI,0,0,0,Hardware: Legacy Flip,0,91.774837,0.5,17.212,1.0,1.5,17.212
GTAIV.exe,1234,0x0,DXGI,0,0,0,Hardware: Legacy Flip,0,91.793756,0.5,18.919,1.0,1.5,18.919
GTAIV.exe,1234,0x0,DXGI,0,0,0,Hardware: Legacy Flip,0,91.811459,0.5,17.703,1.0,1.5,17.703
GTAIV.exe,1234,0x0,DXGI,0,0,0,Hardware: Legacy Flip,0,91.828844,0.5,17.384,1.0,1.5,17.384
GTAIV.exe,1234,0x0,DXGI,0,0,0,Hardware: Legacy Flip,0,91.844172,0.5,15.328,1.0,1.5,15.328
GTAIV.exe,1234,0x0,DXGI,0,0,0,Hardware: Legacy Flip,0,91.863743,0.5,19.571,1.0,1.5,19.571
GTAIV.exe,1234,0x0,DXGI,0,0,0,Hardware: Legacy Flip,0,91.880645,0.5,16.902,1.0,1.5,16.902
GTAIV.exe,1234,0x0,DXGI,0,0,0,Hardware: Legacy Flip,0,91.896049,0.5,15.404,1.0,1.5,15.404
GTAIV.exe,1234,0x0,DXGI,0,0,0,Hardware: Legacy Flip,0,91.914122,0.5,18.073,1.0,1.5,18.073
GTAIV.exe,1234,0x0,DXGI,0,0,0,Hardware: Legacy Flip,0,91.930572,0.5,16.450,1.0,1.5,16.450
GTAIV.exe,1234,0x0,DXGI,0,0,0,Hardware: Legacy Flip,0,91.947208,0.5,16.636,1.0,1.5,16.636
GTAIV.exe,1234,0x0,DXGI,0,0,0,Hardware: Legacy Flip,0,91.963552,0.5,16.344,1.0,1.5,16.344
GTAIV.exe,1234,0x0,DXGI,0,0,0,Hardware: Legacy Flip,0,91.980371,0.5,16.818,1.0,1.5,16.818
GTAIV.exe,1234,0x0,DXGI,0,0,0,Hardware: Legacy Flip,0,91.997441,0.5,17.070,1.0,1.5,17.070
GTAIV.exe,1234,0x0,DXGI,0,0,0,Hardware: Legacy Flip,0,92.013967,0.5,16.526,1.0,1.5,16.526
GTAIV.exe,1234,0x0,DXGI,0,0,0,Hardware: Legacy Flip,0,92.028676,0.5,14.709,1.0,1.5,14.709
GTAIV.exe,1234,0x0,DXGI,0,0,0,Hardware: Legacy Flip,0,92.045030,0.5,16.354,1.0,1.5,16.354
GTAIV.exe,1234,0x0,DXGI,0,0,0,Hardware: Legacy Flip,0,92.060272,0.5,15.242,1.0,1.5,15.242
GTAIV.exe,1234,0x0,DXGI,0,0,0,Hardware: Legacy Flip,0,92.077282,0.5,17.010,1.0,1.5,17.010
GTAIV.exe,1234,0x0,DXGI,0,0,0,Hardware: Legacy Flip,0,92.094550,0.5,17.267,1.0,1.5,17.267
GTAIV.exe,1234,0x0,DXGI,0,0,0,Hardware: Legacy Flip,0,92.110685,0.5,16.136,1.0,1.5,16.136
GTAIV.exe,1234,0x0,DXGI,0,0,0,Hardware: Legacy Flip,0,92.126858,0.5,16.173,1.0,1.5,16.173
GTAIV.exe,1234,0x0,DXGI,0,0,0,Hardware: Legacy Flip,0,92.143036,0.5,16.177,1.0,1.5,16.177
GTAIV.exe,1234,0x0,DXGI,0,0,0,Hardware: Legacy Flip,0,92.160853,0.5,17.817,1.0,1.5,17.817
GTAIV.exe,1234,0x0,DXGI,0,0,0,Hardware: Legacy Flip,0,92.176945,0.5,16.092,1.0,1.5,16.092
GTAIV.exe,1234,0x0,DXGI,0,0,0,Hardware: Legacy Flip,0,92.194005,0.5,17.060,1.0,1.5,17.060
GTAIV.exe,1234,0x0,DXGI,0,0,0,Hardware: Legacy Flip,0,92.210137,0.5,16.132,1.0,1.5,16.132
GTAIV.exe,1234,0x0,DXGI,0,0,0,Hardware: Legacy Flip,0,92.229324,0.5,19.187,1.0,1.5,19.187
GTAIV.exe,1234,0x0,DXGI,0,0,0,Hardware: Legacy Flip,0,92.244323,0.5,14.999,1.0,1.5,14.999
GTAIV.exe,1234,0x0,DXGI,0,0,0,Hardware: Legacy Flip,0,92.261172,0.5,16.849,1.0,1.5,16.849
GTAIV.exe,1234,0x0,DXGI,0,0,0,Hardware: Legacy Flip,0,92.277729,0.5,16.557,1.0,1.5,16.557
GTAIV.exe,1234,0x0,DXGI,0,0,0,Hardware: Legacy Flip,0,92.293092,0.5,15.364,1.0,1.5,15.364
GTAIV.exe,1234,0x0,DXGI,0,0,0,Hardware: Legacy Flip,0,92.310741,0.5,17.649,1.0,1.5,17.649
GTAIV.exe,1234,0x0,DXGI,0,0,0,Hardware: Legacy Flip,0,92.329578,0.5,18.838,1.0,1.5,18.838
GTAIV.exe,1234,0x0,DXGI,0,0,0,Hardware: Legacy Flip,0,92.344806,0.5,15.227,1.0,1.5,15.227
GTAIV.exe,1234,0x0,DXGI,0,0,0,Hardware: Legacy Flip,0,92.361572,0.5,16.766,1.0,1.5,16.766
GTAIV.exe,1234,0x0,DXGI,0,0,0,Hardware: Legacy Flip,0,92.379500,0.5,17.929,1.0,1.5,17.929
GTAIV.exe,1234,0x0,DXGI,0,0,0,Hardware: Legacy Flip,0,92.395322,0.5,15.822,1.0,1.5,15.822
GTAIV.exe,1234,0x0,DXGI,0,0,0,Hardware: Legacy Flip,0,92.409936,0.5,14.614,1.0,1.5,14.614
GTAIV.exe,1234,0x0,DXGI,0,0,0,Hardware: Legacy Flip,0,92.426150,0.5,16.214,1.0,1.5,16.214
GTAIV.exe,1234,0x0,DXGI,0,0,0,Hardware: Legacy Flip,0,92.441400,0.5,15.250,1.0,1.5,15.250
GTAIV.exe,1234,0x0,DXGI,0,0,0,Hardware: Legacy Flip,0,92.457036,0.5,15.636,1.0,1.5,15.636
GTAIV.exe,1234,0x0,DXGI,0,0,0,Hardware: Legacy Flip,0,92.472366,0.5,15.330,1.0,1.5,15.330
GTAIV.exe,1234,0x0,DXGI,0,0,0,Hardware: Legacy Flip,0,92.491649,0.5,19.283,1.0,1.5,19.283
GTAIV.exe,1234,0x0,DXGI,0,0,0,Hardware: Legacy Flip,0,92.507784,0.5,16.135,1.0,1.5,16.135
GTAIV.exe,1234,0x0,DXGI,0,0,0,Hardware: Legacy Flip,0,92.525419,0.5,17.635,1.0,1.5,17.635
GTAIV.exe,1234,0x0,DXGI,0,0,0,Hardware: Legacy Flip,0,92.542734,0.5,17.315,1.0,1.5,17.315
GTAIV.exe,1234,0x0,DXGI,0,0,0,Hardware: Legacy Flip,1,92.542734,0,0,0,0,0
